Folder,date,name,keycode,VUV,MFCC0,mean_f0,F1,F2,arousal,dominance,valence,angry,disgusted,fearful,happy,neutral,sad,surprised,std_f0,std_arousal,std_valence,falling_ratio,falling-rising_ratio,rising_ratio,rising-falling_ratio,Audio Length,sentence_counts,word_counts,speaking_rate_w,syll_counts,speaking_rate_s,text,win,gender
2024-09-01_14-04-30_UTC_Colin_Allred_C_YJAkbRWX8,2024/9/1,Colin Allred,C_YJAkbRWX8,0.8088582238857142,-0.19949558193420436,179.66849312196445,968.172183431662,1961.5999703415796,0.2637491405933441,0.7314847187272727,-0.15646647762334712,0.05522269804531918,0.005992677796880662,0.001019435348198919,0.07460110427909081,0.8498087667364194,0.004781084395609863,0.005707993768265569,41.55323691735449,0.22533810365859008,0.23412643617503026,0.1428571428571428,0.7142857142857143,0.0,0.1428571428571428,15.4,7,59,3.831168831168831,75,4.87012987012987," This is a close race.  then you should lose your job.  You helped elect the legislators who passed these laws at the state level  because you called for these laws to be passed.  You celebrated when they were passed.  You know what this margin is?  This is a margin that you can make happen, that we can make happen.",L,M
2024-09-01_15-16-33_UTC_Elissa_Slotkin_C_YRR3ZviLI,2024/9/1,Elissa Slotkin,C_YRR3ZviLI,0.489579027953642,-0.2950216256131222,264.5986047278049,786.9254289211945,2119.202196108926,0.30243337040502255,0.7464803219707192,0.03576281678218921,0.537005403963303,0.006345848325759743,0.0007361018293562535,0.07024141748743729,0.3815046768793706,0.0008432029040141349,7.81539009331881e-05,26.74874911608231,0.1054027035903097,0.2323096585462139,0.3636363636363636,0.4545454545454545,0.0909090909090909,0.0909090909090909,24.037981859410436,11,85,3.506600660066008,124,5.115511551155117," I wanna be a part of that different generation.  I keep telling people,  Gen X and the millennials are coming to the Senate.  and be a part of that generation that plays more offense.  So that instead of talking about their project 2025,  we have our project 2025, right?  Instead of waiting for their terrible state laws,  we show them our good state laws.  We have a plan and a strategy.  That comes from my prior life.  I wanna bring that into my future life.",W,F
2024-09-01_15-51-36_UTC_Dave_McCormick_C_YUfsLO9Zb,2024/9/1,Dave McCormick,C_YUfsLO9Zb,0.731735406072942,-0.22621568956405275,116.98909192727956,743.5384808389472,1824.4341654164086,-0.3258186620664391,0.5299978956437578,-0.14771166882470857,0.0001505417759945982,0.00010847869640074698,3.75713127082115e-05,0.0008895733847058106,0.8901964643288248,0.10772502361191433,5.415288923840772e-06,27.45995844952974,0.11801391627171001,0.2712265158694237,0.2666666666666666,0.3333333333333333,0.0666666666666666,0.3333333333333333,42.51698412698413,15,122,2.8692380056444025,181,4.256820319849482," at this horribly difficult time and praying.  of hersh goldberg poland and uh...  precious supporters and friends many times on the weekend vigils in Pittsburgh.  that we need to bring our hostages home.  and more vigilant than ever.  Dina and I were just heartbroken to learn this morning.  for them, praying for them.  and had a chance to pray with  and support Israel in doing so.  Dean and I had a chance to meet with Hersh's mom and dad in Israel early in the new year,  John and Rachel.  and five other hostages yesterday by Hamas.  The absolute murder, just a reminder of the viciousness, the brutality,  the absolute evil of Hamas and the need to eradicate Hamas.  We're just so heartbroken.",W,M
2024-09-01_20-01-34_UTC_Bob_Casey_C_Yx639B6jz,2024/9/1,Bob Casey,C_Yx639B6jz,0.862695370922023,-0.36176196368778213,163.12443704808436,601.0680274581154,1601.1983165038716,0.16149936186637207,0.7146197426343519,-0.20586172169533268,0.31619619883119665,0.007899065205661832,0.0003736161359855194,0.023878675422676462,0.6005623782340579,0.0011290944923057153,0.0004501103240999745,15.304623010995885,0.19220116738064888,0.3573307499952443,0.1428571428571428,0.4285714285714285,0.1428571428571428,0.2857142857142857,18.98,7,61,3.21390937829294,90,4.7418335089567965," When it comes to women's rights, I voted already.  We're going to win these battles.  We're going to lift up these families, and it's going to start when I beat David McCormick.  Thanks very much.  in the United States Senate to advance the Women's Health Protection Act.  My opponent is unalterably opposed to that.  We'll never ever vote for that bill.",L,M
2024-09-01_20-49-21_UTC_Mike_Rogers_C_Y3KIDPGiL,2024/9/1,Mike Rogers,C_Y3KIDPGiL,0.8614540232049219,-0.3163569413621271,129.33099913755953,795.372959675352,1856.2192241777338,-0.022641608619486567,0.6397594756020838,-0.12032894576012156,0.00017691588693158683,0.0003104184237447122,0.0001671310815262181,0.02454569976224204,0.9590020280409832,0.003342408647516097,9.155244418120812e-05,16.134300775268002,0.10453321039505088,0.18730762525130987,0.3333333333333333,0.2962962962962963,0.1296296296296296,0.2407407407407407,256.9999319727891,54,787,3.062256809338521,1131,4.400778210116732," And again, the buy-in, listen, this is caused by Iran.  I mean, think of this, Shia nations giving money and weapons and training to a Sunni terrorist organization for the sole purpose of chaos and killings.  And so we need to stop that.  And I think everybody understands that kind of proxy fighting that Iran is backing needs to come to an end.  And I think we're going to agree on a very tight noose around Iran that will allow this all to stop and allow us to start helping the Palestinian people rebuild their lives.  That's where I think we can make a difference.  And it's several hundred thousand voters here that are really upset with Democrats, including my opponent.  Yeah. And I've I've met with Arab Muslim leaders in and around Dearborn.  And listen, this is an important part of our population and and they're important to the fabric of Michigan.  And I will tell you that there there is a way forward here.  Listen, they they're not happy with the Democrats for sure.  And I'll tell you why. The Democrats told them one thing.  Hey, I will be with you 100 percent and then went off and did something else.  That's what they're mad about here. And so they know someone like me.  I'm very honest with them. I come in and tell you what my position is and then say, how do we get this thing put back together?  Once Hamas is eliminated or at least degraded to the point where it's manageable and we can get the Palestinian people back on their feet.  I think we're obligated to help them do that.  And I think that's where we're forging some relationships with the several hundred thousand Arab Muslims in Dearborn and around the suburbs around Dearborn.  And so I think that's the path that we were we're talking about.  That's the path we need to take. And getting them engaged in the solution after this is over is really, really important.  Well, the first thing they need to do is begin a very harsh containment policy.  Well, I think, you know, the Harris getting on the ticket by, you know, by appointment  certainly has gymed up certain aspects of intensity across the Democrat coalitions.  But at the end of the day, we still have these big problems in Michigan.  People can't afford groceries at the end of the month.  People are planning the last two and three and four days of the month going to food pantries  because they can't stretch their paychecks.  They are, you know, almost half, 40 some percent are living paycheck to paycheck in Michigan.  And gas prices are still up.  Food prices are still up.  They're mandating EVs.  And the government intervening in the U.S. car domestic production has caused 2,400 layoffs  with Stellantis, 1,000 layoffs now just announced with General Motors.  We have Ford announcing it's going to have to close some of its assembly lines.  This is having a tremendous negative impact.  And people see it.  And so that is where this election is going to go.  Yes. You know, does it gin up some some support in certain factions of the Democrat?  Yes. Does it get their intensity up? Yes.  But that's why this this poll, we just had the poll come out, had us tied 43-43.  And that's why. I mean, people are scratching their heads saying, I just don't know if I can afford another four years of the Biden-Harris agenda.  on Iran. Without containing Iran, you've got to stop that cash flow that's going into Hamas,  it's going into Hezbollah. It's a bit of a clue that the leader of Hamas was killed in Tehran.  They are up to this in their eyeballs and causing most of the problems. So they need to start there  and they can do two things at once. And then you've got to allow Israel to finish up eliminating and  degrading as many Hamas terrorists as possible. And we've got to make sure that that happens so  that they don't have the legs to kind of do another event. If they just do those couple of  things, they need to get the Saudis back into the game with the Houthis. The Houthis have been  causing us all kinds of problems since the Biden administration took them off the terrorist list.  Saudi has not been able to go after the Houthis, even though they were attacking Saudi Arabia,  because the Biden administration decided that  they shouldn't have weapons systems. So you have this cauldron across the Middle East by  happening because of really bad decisions coming out of the  Democrats in Washington and certainly the Biden-Harris administration.",L,M
2024-09-01_23-05-03_UTC_Colin_Allred_C_ZG5JXP2LS,2024/9/1,Colin Allred,C_ZG5JXP2LS,0.8185997379032387,-0.2295774619255397,157.6747805848701,666.2746122869005,1774.8899029955069,-0.2490223920865605,0.5576208086413902,-0.05443365856703309,0.004269607559057276,0.0005317122959464216,2.241527657162561e-05,0.11865841037245867,0.8695593164542429,7.975521180681174e-05,0.00014237246663744186,37.401524914802,0.20459808202489535,0.2832483804644556,0.2352941176470588,0.4705882352941176,0.0588235294117647,0.2352941176470588,50.64,17,190,3.751974723538705,253,4.996050552922592," You know, that's a fundamental freedom.  But you're also right that, of course, this is largely a conversation that's been held among women.  This is really going too far.  And so I do think there's, I've seen some change there.  For fathers, for folks who want to be fathers, for if you want to decide when to start a family,  if you want to have that freedom, which we've always had in this country,  to be able to decide this is a good time for us to start a family.  We had an issue with our pregnancy and  Not that it's not incredibly important for women.  This is also an incredibly important issue for men.  firmly that this is not just a women's issue.  You know, I have talked to a lot of men here in Texas who I think would not consider themselves to be pro-choice.  Thank God everything worked out okay.  But if it hadn't, you know...  And I think that you and I, as dads and as men, we can say...  about and considered to be a women's issue.  but who have said to me, you know,",L,M
2024-09-02_20-13-04_UTC_Elissa_Slotkin_C_bX9EcSUu2,2024/9/2,Elissa Slotkin,C_bX9EcSUu2,0.873566307477927,-0.2880489417809429,259.9387273227475,939.9665835181753,1903.013311673238,0.3832813680901916,0.7972569483544616,-0.3721300803371754,0.014592820965217761,0.004741748876262912,0.019057872934505043,0.02358415445803122,0.8790190978566969,0.002055107399692172,0.007524274538443246,12.944134185742188,0.13032963648640686,0.23314106223034198,0.375,0.125,0.0,0.5,33.56399092970521,8,108,3.1395348837209305,151,4.3895348837209305," Do not give a single centimeter to the people who wrap themselves in the flag and then spit on the freedoms it represents.  So my message  And do not give an inch to the people who wrap themselves in the flag of the union and then spit on working people and the policies that make their lives better.  right, when they push for a better deal for themselves.  And there's nothing more American like American apple pie than joining a union.  My message here today is twofold.  We believe that our country is stronger when people are together,  when they push and pull on ideas, when they bargain.",W,F
2024-09-02_22-33-22_UTC_Ruben_Gallego_C_boEzIyp5D,2024/9/2,Ruben Gallego,C_boEzIyp5D,0.7351868391895912,-0.3604966760568016,134.75768088745318,637.7417019588869,1669.3653626756964,0.030741602264907276,0.6388366001858737,0.28846164726671575,5.61773501099968e-09,3.7065455826476463e-09,6.980281387668966e-10,1.592426498876124e-08,0.9999999481506064,1.4610199566490439e-08,3.747418802932689e-10,10.844546014766145,0.13175050084112078,0.23033344396556985,0.2,0.0,0.2,0.6,26.9,5,80,2.9739776951672865,128,4.758364312267658," All my cousins, currently my brother-in-law, my brother-in-law, my sisters, my sister-in-law are all in unions,  and they have great middle-class wages, and I just want to make sure that we continue to have that opportunity for Arizonans,  for them to be able to have good middle-class wages with a secure retirement, with a workplace that is protected and the rights are protected.  And when unions do well, working class America does well.  We actually have a real middle class.",W,M
2024-09-03_02-06-36_UTC_Tammy_Baldwin_C_cAbw4uDFA,2024/9/3,Tammy Baldwin,C_cAbw4uDFA,0.8761906943629945,-0.3192436848530325,316.76419729078316,1107.358566428531,2174.902195404207,0.44298496351128325,0.8038917740819208,-0.03674127326462414,0.6946262186248529,0.020020064186208133,0.0005955738959378411,0.0007667721292385726,0.28032820520702595,0.0004483537996446292,1.5155371348867002e-05,18.525752119807773,0.14137917462655114,0.2747903937122921,0.5714285714285714,0.1428571428571428,0.0,0.2857142857142857,28.32,7,75,2.6483050847457625,106,3.7429378531073447," Our workers do so much to keep our made-in-Wisconsin economy going strong  and to keep our state moving forward.  That's why I promise I'm always going to have your backs.  Wisconsin is home to the best workers in the world.  We make just about everything from paper to engines, from tools to ships, and from beer to brats and cheese and more.  And I'm going to say it again.  I always like to say this.",W,F
2024-09-03_15-02-13_UTC_Elissa_Slotkin_C_dZIZWONcm,2024/9/3,Elissa Slotkin,C_dZIZWONcm,0.5007817038809373,-0.280089302501624,250.74235020864876,772.317743015905,2155.655298609235,0.33554055737633265,0.7633160273844206,-0.24024122285180943,0.36110879691371073,0.009942223181357545,0.007405843797155567,0.008297463437305825,0.5485621449295984,0.003935141071551182,9.1687045915731e-05,23.835654480788786,0.08599479051225901,0.2756858807509263,0.5555555555555556,0.1111111111111111,0.0,0.3333333333333333,31.58,9,109,3.451551614946168,165,5.224825839138695," for our working parents trying to buy a home,  for our seniors whose Medicare and Social Security checks aren't going as far, right?  My sun and my moon, I'm a national security person by training, right?  My sun and my moon is that America has to be a place where anyone from anywhere can get into the middle class and beyond.  That is absolutely imperative.  We are a multiracial, multiethnic democracy.  If we can't.  have a place where anyone can work hard and get in the middle class, we're in trouble.  Right? And it's become harder to get in and stay in. For our young people dealing with debt.",W,F
2024-09-03_16-53-55_UTC_Mike_Rogers_C_dlwzFvM9b,2024/9/3,Mike Rogers,C_dlwzFvM9b,0.8437458961170721,-0.33284148583439455,132.20513391026603,721.3789567165711,1833.9508260188074,0.029735376229946937,0.6632908305189581,-0.20520477418772112,0.00015479843404011775,4.7053000995189565e-05,1.0177431338869051e-05,0.0004838806476342814,0.9989657723727259,4.897736427193604e-05,5.216973691665749e-07,14.335676798442865,0.07362928790002718,0.16078831993595608,0.25,0.3333333333333333,0.0,0.4166666666666667,60.63997732426304,12,191,3.149736147757256,258,4.254617414248021," think of this, since they've started all of this, and by the way, you got to be careful of them.  They're saying, oh, well, we'll scale them back. My opponent said she would never vote for an EV  mandate and then got elected and voted for an EV mandate. I would not trust them on going forward  on this issue that is so critical to a state like Michigan and Harris included. 2,400 jobs at  Stellantis layoffs, 1,000 jobs at General Motors announced layoffs. Ford says they're pulling back  on plants, lost $100,000 plus per EV that they sold. Think of that. And this is all because of  government mandates, government intervention. They told the car companies you got to build them,  told buyers you're going to have to buy them eventually. And it's wrong for the state. It's  wrong for the country. Markets work, mandates don't. And it's really having a negative impact  here. And you hope that they wake up at least and see the damage that they're doing. Washington DC  couldn't make it.  Manage their way out of a paper bag, let alone one seventh of our economy.",L,M
2024-09-03_18-22-40_UTC_Ted_Cruz_C_dwJpVP1Z9,2024/9/3,Ted Cruz,C_dwJpVP1Z9,0.7797919062432699,-0.39077374253982167,125.5654535877679,574.5780143570883,1612.3658179243073,-0.3157650962373501,0.5569840307058438,-0.18416563644103945,6.951391908613709e-06,0.021646652387313114,1.460691740028975e-06,0.09635448676035015,0.881950396604263,7.921919385819641e-06,2.790701436785233e-08,20.784731129696326,0.1427526826879302,0.19637821706592778,0.1538461538461538,0.2307692307692307,0.1538461538461538,0.4615384615384615,60.92,13,177,2.9054497701904136,283,4.645436638214052," that particular bill was a terrible bill. It was a partisan bill that Chuck Schumer was responsible  for and it would have made the problem worse. So that bill codified, put into law, Joe Biden and  Kamala Harris' catch and release policies. It put into law that illegal immigrants would be given  work permits when they got here. It also put into law that illegal immigrants would be given  taxpayer-funded lawyers. It gave billions of dollars to sanctuary cities and to the non-governmental  organizations that are helping the human traffickers. And here was the worst part about it.  do that now. He doesn't need the bill to do that now. So understand the basic facts.  It normalized 5,000 illegal immigrants a day.  That's 1.8 million a year.  And it normalized that every year in perpetuity.  It was a terrible bill.  When Joe Biden and Kamala Harris came into office, they inherited the lowest rate of illegal immigration in 45 years.  I worked hand in hand with President Trump to secure the border, and we achieved incredible success.",W,M
2024-09-03_23-11-05_UTC_Bob_Casey_C_eRKK1vFyz,2024/9/3,Bob Casey,C_eRKK1vFyz,0.9185874237668269,-0.5167807464798292,220.6054375758469,1108.9727944916203,1812.4898734803712,0.24217725019441297,0.7259513163782053,-0.16773080723433423,0.3116610808253493,0.02578669093299656,0.0022055682799748725,0.005238050654156828,0.6234871429418816,0.0015344846616998345,5.216557479630042e-05,27.961476152263874,0.15676002572246756,0.23698594925887936,0.2857142857142857,0.0,0.0,0.7142857142857143,24.96,7,69,2.7644230769230766,106,4.246794871794871," People of Pittsburgh, southwestern Pennsylvania, you invented your own future by your hard work and your innovation.  Steelworkers in Pennsylvania built the tanks and the battleships during World War one and World War two  I don't think I have to tell this crowd much about the story of labor in western Pennsylvania.  You helped build Pennsylvania.  You helped build our nation.  You did it.  Just think about our history.",L,M
2024-09-04_02-27-09_UTC_Ted_Cruz_C_enm6LJlr5,2024/9/4,Ted Cruz,C_enm6LJlr5,0.8254299293574031,-0.239552320159785,153.02946855130193,743.9787188031993,1821.57840058188,0.23816496808160306,0.7516194599521641,-0.3187751405790888,0.09109629929826468,0.006040069712227427,0.0006386272494790098,0.001953199220056167,0.8807581899976166,0.00013380313938828888,5.4510593306962076e-06,18.63111833481737,0.15278448953227525,0.23550237300437163,0.2222222222222222,0.1111111111111111,0.1666666666666666,0.5,87.8,18,258,2.9384965831435075,417,4.749430523917995," Well, listen, Sean, I think you just went through a very compelling indictment of the disaster, the train wreck that is Kamala Harris's record.  The one thing is I thought you were a little bit unfair when you criticized her phrase, her catchphrase, unburdened by what has been.  I mean, that that phrase is the central motto.  of her entire campaign. It ought to be the bumper sticker, Kamala Harris,  unburdened by what has been, because Kamala's presidential campaign is unburdened by her record,  is unburdened by truth. It is unburdened by reality. It is unburdened by the victims of  her policies. Her campaign is unburdened by the 13 servicemen and women that her failures  killed in Afghanistan. It is unburdened by the millions of Americans hurting from inflation.  It is unburdened by the families that can't afford to pay their bills anymore. It is unburdened  by the deaths that her open borders have caused. It is unburdened by the tragic murder of Lakin  Riley. It is unburdened by the tragic murder of Rachel Moran. It is unburdened by the tragic  murder of Jocelyn Nungary. It is unburdened from any acknowledgement that she is the sitting vice  president and Joe Biden is at least ostensibly still the president when he's not comatose  on a Delaware beach.  Unburdened.  It's her catchphrase for lying to the American people because she cannot defend the catastrophic  failures of her agenda. And that's the entire Democrat strategy is lie and pretend that they  don't support the policies that are hurting millions of Americans.",W,M
2024-09-04_15-57-51_UTC_Bob_Casey_C_gEWicpiOO,2024/9/4,Bob Casey,C_gEWicpiOO,0.8061442913030474,-0.418931230342299,134.88642225671748,725.1383646750206,1818.768038819781,-0.09490526401282862,0.5789610941701048,0.13603953118589374,0.012248153187424515,0.005939123972421268,0.0013848889132536673,0.05049837824561948,0.8932405983552737,0.0031329206927669414,0.03293443377857212,20.867985361360553,0.2215114690865509,0.1997732144727899,0.375,0.125,0.1875,0.3125,27.28795918367347,16,106,3.1793641271745656,162,4.859028194361128," I got about a thousand different cookies and I got coffee.  setting up this little tour we got.  during small businesses.  Yuri is on the move.  Gary County, a lot of them here in the city.  to lift up this community because  I have 45 examples of investing in...  And I'm here with the former county executive.  I'll hear you, Terry.  i got uh...  Remember, the United States has a representative.  And, you know, one thing we've emphasized...  The woman I met when she was a  It's Bob Casey.  We're here in Erie, Pennsylvania.  in this campaign is how I've delivered for counties across the state.",L,M
2024-09-04_17-21-24_UTC_Bob_Casey_C_gNX14xg-o,2024/9/4,Bob Casey,C_gNX14xg-o,0.8873736710376136,-0.3401824900007624,118.63193565980299,529.9570024207118,1599.7594628838067,-0.3181463086856178,0.5368454435946153,-0.02748221836929554,0.004521168393015272,0.0016122711868140228,0.00013330048068198877,0.016530575992230317,0.9705402437453731,0.0011791752846551824,0.005397425687955219,23.791175435118692,0.17961894441524878,0.15578195037910694,0.2954545454545454,0.3636363636363636,0.0227272727272727,0.3181818181818182,109.56297052154194,44,412,3.759810184340208,604,5.511954736265741," and support all these bans that are going around the country because of the Dobbs decision,  and I guess you'd vote for him.  But I think in the end, we're going to vote in big numbers,  we're going to protect our Senate majority, and pass the Women's Health Protection Act.  I do. I do.  Look, he lied about where he lives.  The Associated Press a year ago, August of 2023, caught him in the lie.  Associated Press said, I'm quoting,  a review of public records, real estate holdings, and footage from recent interviews  indicates he still lives on Connecticut's Gold Coast,  one of the densest concentrations of wealth.  Fentanyl producer? I think it's very clear.  That's what he said.  Look, the remedy here is to pass the Women's Health Protection Act,  which I've already voted to advance in the Senate.  He will not vote for that bill.  That's the remedy.  So he said it right there. He said he's responsible for the investments of the hedge fund that he was the CEO of.  What were those investments?  He increased investments in China by 108,000%.  He also made investments that helped build China's military.  And he invested in the largest producer of fentanyl in China.  Why would you make investments like that?  Look, I understand everybody wants to make some money, but by investing in China, their military, and their largest...  very happy.  He was responsible for those investments.  How about you?  Exceptions in your view?  in America. Look, this is about telling the truth to the people you seek to represent.  He was not living in Pennsylvania when he said that, and that's the problem here. How  do you seek to represent people when you're lying to them about living in the state that  you seek to represent?  Look, this is in a Republican debate.  He was asked a very specific question about exceptions.  He did not mention an exception for rape.  He did not mention an exception for incest.  Those are his words.  He also said around the overturning of Roe in the Dobbs case  that the decision in that case made him very...  Alright, whenever you're ready.  to protect women's rights. So it's a very clear choice for voters in this Senate race.  And if you want to vote for a senator who's going to advance those protections for women,  then you should vote for me. If you want to vote for a senator who's going to do something  else,",L,M
2024-09-04_21-58-53_UTC_Kari_Lake_C_gttqxBbwn,2024/9/4,Kari Lake,C_gttqxBbwn,0.7946028282609148,-0.3940451028379234,183.02812141124588,723.73458350351,2040.2721759750627,-0.027983354630761195,0.6397002044386694,-0.1586195459075625,0.0008925788312550179,0.029115820373659715,0.001878940001514896,0.022350251336133123,0.8264141651393221,0.0004985665541194565,4.630648176279724e-06,23.47906935204961,0.12241683815219034,0.21619280679709799,0.3333333333333333,0.1111111111111111,0.2222222222222222,0.3333333333333333,19.24,9,70,3.638253638253639,99,5.145530145530146," We want safe borders, safe streets.  We want to have an economy that's thriving.  I'm going to take that same fighting spirit I have here and take it back to D.C. and fight  for the people.  I'm Carrie Lake and I approve this message.  Diego's one of the most far-left people in Congress.  He is against the border wall.  He actually threatened ICE agents.  He attends defund the police rallies.",L,F
2024-09-05_00-23-03_UTC_Kari_Lake_C_g-NFSNB_9,2024/9/5,Kari Lake,C_g-NFSNB_9,0.83395937779729,-0.256703398457395,210.74627287240045,940.6427457073888,2369.9241086769684,0.03531537059694929,0.6600515478982741,-0.11904111493307475,0.083911714747758,0.0009400295298996508,0.008650265129772542,0.05887145959081442,0.7848521189480565,0.05266330233365073,0.00024227803826920824,35.65873521572039,0.1410544113268586,0.2956601227694962,0.6764705882352942,0.2352941176470588,0.0294117647058823,0.0588235294117647,89.77299319727891,34,348,3.870106761565837,478,5.315836298932385," We're losing too many of them, and we don't have to live this way.  We can dream bigger, and we can think of better ways.  Do you want to make sure that our police departments are fully funded?  Vote for President Trump.  You want your dollar to go further?  Vote for President Trump.  Vote for Carrie Lake for Senate.  what we want to do is welcome people into our movement. We want to welcome people if they're  not sure where they stand, if they're looking at what's happening in this country and saying,  this isn't working out for me. It's not working out for my family.  I don't want to have to hear.  I don't want to see any more fentanyl pouring across the border.  So Carrie Lake for U.S. Senate?  that more young people are dying from fentanyl poisoning.  That's great.  Vote for President Trump.  Bigger opportunities for us than letting our kids get their hands on this stuff.  If you want to see the end of the fentanyl scourge, vote for President Trump and vote for Carrie Lake.  We're losing.  That miracle of that person, that child that's growing up and they're dying at 19,  what would they have accomplished at 40?  And if you want to see an end to endless, needless, stupid wars, vote for President Trump and vote for Carrie Lake.  You want to make sure we see job growth with American citizens, not just job growth with people here illegally?  Vote for President Trump and Carrie Lake.  Heck yes. We've got to vote President Trump, J.D. Vance, and Carrie Lake for U.S. Senate.  It's pretty obvious.  What would they have done at 50?  Vote Carrie Lake for U.S. Senate.  And you want to make sure we have a secure border.  Give them a reason to vote America first.  Give them a reason to vote Donald J. Trump.  Give them a reason to vote Carrie Lake for Senate.  How about this one?  Do you want to make sure that our kids are getting a great quality education at the school of our choice?",L,F
2024-09-05_00-28-14_UTC_Kari_Lake_C_g-zAXqLyB,2024/9/5,Kari Lake,C_g-zAXqLyB,0.816318477734378,-0.31670803851413937,205.87819762379885,922.4345311859231,2340.995588637834,0.01180094504557096,0.6561305041721043,0.11236922887470516,0.06768954539376412,0.010436411304085265,0.005007775369072737,0.13388242996864105,0.7131046859805784,0.03448689324898617,0.00016309976707090264,42.15060811616372,0.18672669309602252,0.27119501128373413,0.4444444444444444,0.1851851851851851,0.1481481481481481,0.2222222222222222,63.57798185941043,27,235,3.688010043942248,307,4.817953546767106," Let's win in November!  were required to do at this moment.  I just want to remind you, sometimes it feels like God has been diminished.  We got God with us, and that's for sure.  And just as he was with Moses, and just as he was with David when he took down Goliath,  And just as if, as he was with those 56 incredible, brave men who signed those founding documents  that started this whole ball roll in America.  And we look into our children's faces, and that's our motivation, to get out, chase ballots, get involved.  Vote President Donald J. Trump and vote Carrie Lake for U.S. Senate.  Thank you so much.  I love you all.  He is with each and every one of us today.  to encourage us to get out.  This is what...  Because he's been pushed out of culture.  He's been pushed out of some families.  He's been pushed out of a lot of lives.  But that same God who chose Moses, that same God who parted the Red Sea,  is the same God that we have with us today.  We've got to remember that.  He's almighty.  He's absolutely almighty.  You know, we can change this.  We can turn this thing around.  The pastor spoke earlier, and it was so good to hear those words that he had.  can change all of this.  So guys, we've got God on our side.",L,F
2024-09-05_02-02-06_UTC_Colin_Allred_C_hJjiqM5pM,2024/9/5,Colin Allred,C_hJjiqM5pM,0.7941245414784156,-0.2793246030594894,120.95479754419986,605.7160363904119,1629.9886181705642,-0.07373957232971277,0.5977670933056438,0.11437869754371803,5.515522072344226e-05,0.0005280136724534474,1.4298976778203237e-05,0.02591227132294833,0.9726330597502553,3.998461538615019e-05,0.0007156427526211701,21.37776536922201,0.12852496642477612,0.15820045908519184,0.3636363636363636,0.1818181818181818,0.2727272727272727,0.1818181818181818,23.000997732426303,11,84,3.626943005181347,105,4.533678756476684," Hey everybody, I'm here at the check stop.  You know, when I was going to Baylor,  this was a normal stop for me on my way from Dallas  down to Waco.  I got the apricot and the strawberry cream cheese  and they got my name almost right.  They put two L's in it, so pretty close.  And for me, I've been coming here for 20 plus years.  You gotta come here if you're passing through.  Go to the check stop.  Great food, Texas classic.",L,M
2024-09-05_15-05-12_UTC_Colin_Allred_C_ijKf9qZA3,2024/9/5,Colin Allred,C_ijKf9qZA3,0.7504093999679634,-0.18147407066358304,133.60600802899356,677.6255026507431,1787.6625236063044,0.01970296251243371,0.6612532956064072,-0.07823646504699446,0.00011695024457337168,2.1136563676614027e-06,6.081027265190604e-07,0.09488449778356876,0.9048806293920807,7.033639892458313e-05,3.964051284496603e-05,21.789610897458413,0.08082631251534883,0.22217500173525467,0.25,0.5,0.25,0.0,8.74,4,46,5.263157894736843,63,7.208237986270024," I just want folks to vote.  That's something we have to make sure we do here in Texas.  And if I have the chance to serve us in the Senate, I will bring us together  around our shared values instead of pitting us against each other.",L,M
2024-09-05_18-16-07_UTC_Sherrod_Brown_C_i4_x3pEF-,2024/9/5,Sherrod Brown,C_i4_x3pEF-,0.8050826274694468,-0.2889170205955183,163.19233545524284,692.0834763343815,1624.0863047813039,-0.09394061036485606,0.5961066341538686,-0.03865280525971178,0.06242582835977391,0.011325995508957036,0.0010086233207513247,0.037270631247156495,0.8407590220523783,0.005679399317964091,0.00027643646324678443,25.54102246774315,0.14348143950066086,0.26013385695099206,0.2,0.4,0.1333333333333333,0.2666666666666666,45.938979591836734,15,152,3.2928942807625656,210,4.54939341421144," When I started this garden, I dug this over time, dug this area.  I got some stones that were just around construction sites and lined it with stones that you can  barely see because I haven't done a good job weeding or anything else this summer.  But with the help of the groundhogs and with my failure to water regularly because of the  campaign.  And my failure to weed regularly, we didn't do so well this year.  I planted tomatoes, squash, green beans, wax beans, some sunflowers.  The groundhogs got all the sunflowers for some reason.  These were planted later and they let them go.  Maybe the groundhogs went on vacation.  I don't know where they went.  We have pictures of my really good, really bountiful harvest of two years ago.  But the last two years, because of the campaign, have been pretty pathetic.  I don't weed enough.  I don't water enough.",L,M
2024-09-05_18-21-08_UTC_Kari_Lake_C_i5lC5q4Mx,2024/9/5,Kari Lake,C_i5lC5q4Mx,0.8480358759440806,-0.2675663481018405,194.700227861502,854.967330237615,2182.5285188720745,-0.010132169306597024,0.6441827101108313,-0.10317734666631909,0.010257862277245003,0.014339590512327666,0.0066261071083547896,0.022612807678943025,0.7647250909205779,0.038934109357638406,1.4269811703806025e-05,29.507972388021237,0.10241237740503194,0.28638465943839914,0.5263157894736842,0.2105263157894736,0.0,0.2631578947368421,79.4,19,264,3.3249370277078083,361,4.546599496221663," they would have probably skipped the debate altogether.  Well, I agree and I disagree.  I agree in that I wish he could have done the debate on Joe Rogan.  That would have been massive.  But these cowardly Democrats won't do it.  And you're right, Greg, the mainstream legacy media is dying.  We're watching a slow, painful death in front of our very eyes.  But where they have power is maybe no one's watching their show, but it becomes a.  They'll take the story, they'll turn it into a tweet, and then that tweet gets shared around the Internet,  or MSN News or Yahoo News or Apple News picks it up, and it's in everybody's morning mailbox.  But the podcasts are a great way to reach people.  You know, I'm facing the same situation here in Arizona.  I'm going to be debating Ruben Gallego.  And, you know, they want to do it with these NPR, you know, person running the show and doing all the moderating.  So if you balk and say, hey, let's do it in a more fair and level playing field, then they will just accuse you of not wanting to do the debate.  So, you know, we're forced to go into whatever hostile territory they want, which we're okay doing because we have the better ideas and we are not afraid.  So I think in that way, when it came to the last debate, I don't think President Trump really had a choice because.  ratings are reflective of.  that's where they end up having a little bit more power than their...",L,F
2024-09-05_18-49-22_UTC_Bob_Casey_C_i811jhCdD,2024/9/5,Bob Casey,C_i811jhCdD,0.9254386449725085,-0.24068087037281477,185.98911193032328,598.7516543050426,1648.3958669167034,0.0918480636610629,0.6386255501718213,-0.0825621623526413,0.05288187573943728,0.26970551372545726,0.0019320283274932477,0.022631840365622772,0.6103498347334025,0.02163641844816898,0.014064331266626887,18.506405095809704,0.16708515557808507,0.07146715846225413,0.0,0.3333333333333333,0.3333333333333333,0.3333333333333333,5.819999999999999,3,24,4.123711340206185,36,6.185567010309278," We're here at Lavery Brewing in Erie, Pennsylvania.  And you know, Erie is a city, a county, and a lake.  So here's to Erie.",L,M
2024-09-05_22-21-50_UTC_Mike_Rogers_C_jVCiMPRXc,2024/9/5,Mike Rogers,C_jVCiMPRXc,0.79521886294585,-0.3450913283489462,126.79551338581113,737.736451301603,1815.5951095368619,-0.06280472410438907,0.6151645093519752,-0.11857073736576569,5.301840656351623e-07,6.711747356666656e-07,2.974755265897155e-07,0.00014556806737792342,0.9952020366298745,6.287200001583705e-06,0.004644191802536018,7.861678704493039,0.11986748993798962,0.19352535539652993,0.4615384615384615,0.1538461538461538,0.0769230769230769,0.3076923076923077,45.06,13,135,2.996005326231691,215,4.771415889924545," It's dangerous and it's irresponsible.  There is a better way to do this.  banning gas engines, signing secret deals with Communist Party of China.  to the way we get our food.  The way we drive and commute.  I will tell you that my opponent, Congresswoman Slotkin, voted to ban gas engines.  She voted to support our taxpayer money going to a company that is a Chinese Communist Party-run operation near Big Rapids in Michigan.  giving our money to a Chinese company taking away from American jobs.  40% less labor to make these vehicles.  means a lot less employment here in the state of Michigan.  Hey, Mike Rogers here.  This EV mandate scheme that the Democrats, Biden, Harris, and Slotkin have put on us  is causing real harm and concern to the future of everything from",L,M
2024-09-06_02-29-24_UTC_Kari_Lake_C_jxdV_Md3-,2024/9/6,Kari Lake,C_jxdV_Md3-,0.8243079641481031,-0.2531088238113726,194.2542739416707,919.7288831036743,2348.4832039483167,0.01929371187561999,0.6429808147763567,-0.007180571682874402,0.02734971681831457,0.010502813301427022,0.0016857671673817015,0.07258570135524392,0.8042723167723652,0.0310804453387013,0.006227361068448087,23.556835506304445,0.15683159309595152,0.2126335722261972,0.3962264150943396,0.2830188679245283,0.0377358490566037,0.2830188679245283,146.1439909297052,53,556,3.8040503557744936,728,4.980842911877395," It's a miracle.  almost like a bird. I think of it almost like a bird.  She fed her every...  Just take her home and...  I'm sure that's what they said, actually, when they found out they were pregnant.  I don't need to tell you that my grandparents treated her like a miracle child.  They doted on her.  They loved her more than you could possibly love any other human being in the planet.  She was the only child.  They were never able to conceive another child.  Our goal is to save this country.  I think God put us here for this moment.  And my mom, who was only about five foot, maybe five foot one,  I'd love her, and, you know, she's going to pass away.  And she was born to a mother and father, my grandparents, who struggled to have a baby.  I mean, it's just a miracle.  Little dropper. An eyedropper.  And my mother, through sheer love, survived.  Without a NICU unit, she survived.  Your daughter's not going to make it.  And she fed her with a...  In a little shoebox, that's how little she was.  And they said,  So early that this is before they had NICU units and they had all those amazing doctors and nurses who could help save a baby.  time she could get a chance to.  thinking about my mom on the way over here, and my mom and dad, they passed away many years ago,  but I was thinking about, sometimes we feel like, how did we end up in the middle of this?  How did you, how many of you moms out there are thinking, how did I end up in politics? But I am,  right? I'm sure there's more than, I'm not the only mom who's wondering how I ended up in the  middle of politics, other than I'm fighting for my kids. But I think of the story of my own mom.  My mom was born in 1933, way back when.  But they struggled and struggled, and finally a miracle.  They were pregnant with my mom.  And my mom, yes, that's a whoo.  I heard that mom, whoo.  that she was delivered at the hospital and they sent her home in a shoebox.  And she was so tiny.  And so my grandmother just couldn't accept that.  She couldn't accept that.  She took that shoebox home.  And we just need to realize what our miracle is, what our goal on earth is.  And I really believe that if we're all here together.  And they finally conceived and had a baby, my mother, when they were in their 40s.  Now, let me tell you, in 1933, if you had your first baby in your 40s, that was really, really, really late.  She went on to deliver nine babies, and we all had our own kids,  and now if she were still with us today, she'd find out she has too many great grandkids  and grandkids to even count.  A little tiny mom in it.  An amazing thing happened.  You know, they cherished that baby inside the womb.  But it just goes to show you that we all have, we're all little miracles that God put here on earth.  And then my mom came early, really, really early.  went on to marry my father and deliver nine babies.",L,F
2024-09-06_07-01-46_UTC_Kari_Lake_C_kO5zixc_7,2024/9/6,Kari Lake,C_kO5zixc_7,0.7982480938977652,-0.2895977547714829,180.19616347534622,980.1725899366628,2380.978624987705,0.06736261550675722,0.6655564111843574,-0.0272120549172848,0.04325884918003103,0.0003545758057692254,0.0002088577991361708,0.17245401207710595,0.779829832076409,0.00025480479847550205,1.8104026231880114e-05,25.898908613137056,0.14862154274957465,0.27211493986843033,0.6428571428571429,0.0714285714285714,0.0,0.2857142857142857,35.8,14,140,3.910614525139665,205,5.726256983240223," It's so great to be here in what an incredible community, a great church.  And as I was driving up, there were so many.  We saw the Sheriff's Department.  We saw the Mesa Police Department.  We saw all kinds of different agencies.  And I, of course, just like all of you, thought about.  what happened to a couple of our Phoenix police officers last night.  But we need some extra prayers going out to the Phoenix Police Department tonight  and to all of our men and women in law enforcement.  I know that we're already doing that every day.  an absolute career criminal.  going after them, gunning for our officers in the war on our cops.  And I just, I know I don't need to tell you to keep our police officers in your prayer.  I know you already are.",L,F
2024-09-06_07-30-21_UTC_Kari_Lake_C_kTyA5xQh6,2024/9/6,Kari Lake,C_kTyA5xQh6,0.8264958080705621,-0.3344946053634998,183.5644252502051,928.2340897356956,2379.5253509634085,0.02677784166833241,0.6560871914005952,-0.02372992757915059,0.005464774106105377,0.0016689363316584793,0.021599731272430003,0.06302451199282333,0.8853563163233917,0.00938747707102713,1.5089234576370238e-05,26.631775448950897,0.1522168021702564,0.2269273307227812,0.5135135135135135,0.2162162162162162,0.054054054054054,0.2162162162162162,105.20598639455784,37,391,3.7160235696635615,541,5.141608059304314," And we're going to bring back great jobs that are high-paying jobs.  And we're going to bring back manufacturing to Arizona.  I know some of you who are paying these exorbitant rent prices are like,  I was single.  I was on my own.  And my house payment was, I think it was something like $675.  It's getting expensive.  Our kids, this young generation, they don't believe that they're going to achieve the American dream and achieve that.  Are you kidding me?  I tell my daughter this story and she can't even believe it.  She's like, tell the story again about how you bought that house and how much it was.  It's the only way to get it back.  The only way we get this back is to elect President Donald J. Trump and J.D. Van St. Perry Lake.  In three and a half short years, the price of a home, the average price of a home in Arizona has gone up 35 percent from $321,000 to $433,000.  home ownership and be able to start that family.  So we've got to turn this around so we can return that American dream to our kids.  I tell my daughter the story about...  Now, I'm not going to promise that we can deliver $88,000 median price homes.  It's getting harder to live that American dream.  The monthly mortgage payment has gone up 105% because when the mortgage rates go up,  the monthly mortgage payment goes up.  It was a hot August day, and about this time...  30 years ago, I drove into Arizona.  If you're not from here, if you came here from another state,  we all remember the day we drove into town, right?  But I am going to promise that we're going to turn this around and we're going to bring back the Trump economy.  Who misses the Trump economy?  I was starting to look for a home 30 years ago.  Seems like yesterday.  I finally found a great home.  It was a starter home, three bedrooms, two-car garage, nice backyard on a cul-de-sac.  Three and a half years ago, the monthly mortgage payment was $1,300.  Now it's $2,700.  Those were times when we could easily attain the American dream, and now it seems out of reach.  I'm ready for that.  And it was a little expensive for me.  It was $88,000.",L,F
2024-09-06_15-05-39_UTC_Elissa_Slotkin_C_lICZnAihC,2024/9/6,Elissa Slotkin,C_lICZnAihC,0.83737171442517,-0.1832821707910691,208.63295575608484,824.2083658532966,2216.158220056536,0.07879312103502951,0.6499529325056689,0.1430510884417462,0.0005565171459197126,0.000735374561085155,0.0007144368789353797,0.20797799415354157,0.7810134821478488,0.00013790010252875794,0.000158439258137534,17.488476619231623,0.1765058139608787,0.26348054960146283,0.3333333333333333,0.4444444444444444,0.0,0.2222222222222222,17.64,9,68,3.8548752834467126,94,5.328798185941044," Hey everyone, I just wanted to quickly say happy 906 day  and shout out all the youpers.  I wish I could be up in the UP today and most days,  but nevertheless sending good energy  from the trolls down under the bridge.  Hope you get a jump on something youper today.  You know, the pasty, the whitefish, all the things,  but have a great one.  We appreciate you.",W,F
2024-09-06_17-07-01_UTC_Ruben_Gallego_C_lVzwYPueK,2024/9/6,Ruben Gallego,C_lVzwYPueK,0.7867806251447261,-0.23576678893698694,139.62886999937044,640.890714685758,1751.8328259563518,0.03036258318657039,0.6652367173507766,-0.11235919485314344,0.1355570290107626,0.0032703140498292265,0.0006824475582005227,0.057078225723143895,0.7193229496475465,0.0003735008796597718,2.2339205423990925e-05,14.622913197703825,0.08632711903251418,0.23248765421499093,0.5555555555555556,0.1111111111111111,0.1111111111111111,0.2222222222222222,24.46,9,85,3.4750613246116107,133,5.437448896156991," I'm John, Republican, veteran, small business owner.  When I hire someone, I look at resumes for the most qualified person, and that's not Carrie Lake.  She'll say whatever it takes to win, doesn't offer any real solutions, and that's dangerous.  But Ruben Gallego is a man of principles.  That's why he has a plan for the border,  fighting to lower costs for families,  and served our country in the Marines.  That's the kind of person I'd hire.  I'm Ruben Gallego, and I approve this message.",W,M
2024-09-06_17-08-31_UTC_Colin_Allred_C_lVE4Pvlow,2024/9/6,Colin Allred,C_lVE4Pvlow,0.817268321321101,-0.30167522370268446,123.03220477964867,708.9648508866647,1771.7241695160747,-0.16941828265338973,0.5656694293577983,0.019444857185664174,0.00013428896722505527,0.00016044220786805904,2.2315728969798268e-05,0.14511467672175218,0.8523293135157965,0.0021242738471265697,4.623425900104869e-05,16.28801648206085,0.06573847330136448,0.0538399452137357,0.3333333333333333,0.6666666666666666,0.0,0.0,4.359999999999999,3,18,4.128440366972478,29,6.651376146788992," We should gradually increase the retirement age.  So we call it already, you pray, bro.  It's the Messiah.",L,M
2024-09-06_18-21-07_UTC_Kari_Lake_C_leX70C5-E,2024/9/6,Kari Lake,C_leX70C5-E,0.8681761629192309,-0.16141265493172866,141.6072842245153,1125.8116043914008,2503.1263654939808,0.001953568973090337,0.6589830880128206,-0.22717513416721533,0.0002805928872283177,0.00043525469902896117,0.0001888284158769658,0.0029470921088908357,0.9933527524654683,0.0002076889350358443,1.8360909045307497e-06,11.037001765000474,0.16874574975323361,0.20040219414570648,0.6,0.2,0.0,0.2,15.6,5,49,3.141025641025641,89,5.705128205128205," Border security is life and death.  And in Congress, Ruben Gallego chose radical open border policies.  Gallego voted against funding border security while voting to grant voting rights to the criminals who illegally cross.  Ruben Gallego, radically wrong on the border.  I'm Carrie Lake and I approve this message.",L,F
2024-09-06_20-14-52_UTC_Mike_Rogers_C_lrZuHKbvD,2024/9/6,Mike Rogers,C_lrZuHKbvD,0.8656726566364922,-0.3131344273918251,134.56121976931968,683.4694379386402,1735.1124998528435,-0.10683697542441793,0.6223270379915133,-0.10403855251285826,0.109878857620351,0.0030465340033561795,0.0001643970401530182,0.0020217709311437524,0.8726041734935202,0.0002458170028159769,0.008809137817389227,46.10955141860042,0.11901333776790192,0.27767971645385314,0.2857142857142857,0.1428571428571428,0.1428571428571428,0.4285714285714285,14.14,7,53,3.7482319660537486,90,6.364922206506366," Mike Rogers.  Mike Rogers.  Mike Rogers, who wants to become a senator.  We're going to get after those crime problems.  We're going to close the border.  We're going to unleash an American economy that actually gets us out of trouble  and gets more prosperity to individual families working across the state of Michigan.",L,M
2024-09-06_20-36-38_UTC_Bob_Casey_C_lt6VGBNZ7,2024/9/6,Bob Casey,C_lt6VGBNZ7,0.9220821934402235,-0.21871431569813346,157.17638587834378,637.0885115098542,1652.3887660958023,0.08110019205324633,0.6398619922234637,0.181778884461251,0.06649369464555925,0.006447692916551839,0.0004760016140438045,0.2626426000525994,0.5215780201746202,0.004062779451992473,0.11572433423753868,31.37076677155412,0.23358440030739164,0.29913193594441345,0.3333333333333333,0.25,0.0833333333333333,0.3333333333333333,17.900000000000002,12,71,3.9664804469273744,93,5.195530726256984," We don't know what orange means or yellow.  We'll figure that out some other time.  Just so happens that Monroe County, Monroe County is blue.  Thank you.  We're working on it every day.  I've been around a long time.  So you were in high school then?  I got good music in the back.  Oh, okay. I'm Teresa's husband.  There you go.  So you have like a Friday date. That's good.  Yeah.",L,M
2024-09-06_20-45-49_UTC_Bob_Casey_C_lu2PAp4iv,2024/9/6,Bob Casey,C_lu2PAp4iv,0.8918738048318553,-0.28163057570312533,118.27781323063488,594.4674104833501,1709.2045650495788,-0.37478504249199646,0.5135732631888437,0.0797521707317711,0.00012957404746715505,0.0003457149116831605,6.504349370059936e-05,0.013213078232128663,0.9832682374167884,0.0011747627385226723,0.0017563194058553984,37.7302985652897,0.3001121373644313,0.212494910262451,0.5789473684210527,0.1052631578947368,0.0526315789473684,0.2631578947368421,59.715986394557824,20,200,3.3300033300033296,297,4.945054945054944," This is a letter from Markeisha Morris.  She was one of my students when I taught at the Jay-Z School in North Philadelphia as  a volunteer teacher back in 1982.  Here's a football given to me by the Pittsburgh Steelers in 2006 when they won yet another  Super Bowl.  You know, our commonwealth has such a rich history, and I keep...  Hamilton in the back.  My wife, Teresa, and our daughters.  Pennsylvania, William McLean, but the Gallatin statue on Pennsylvania Avenue, on the back.  Welcome to my office. This is our complimentary coffee and candy bar.  You can see all the Pennsylvania candy here. Hershey's, Reese's, all those.  This office was the office of Senator John F. Kennedy. You can see that mantle behind him.  This mantle. Here we have a replica of a SEPTA trolley car. Justice Jackson,  Katonji Brown Jackson, sat in this chair for a meeting prior to her confirmation.  We got a piece of the old Senate carpet.  Sounds like I stole something.  2013, I never knew I had that.  trying to read as much as I can.  History of the State, 1969.  And then this is a book on the first United States senator from...",L,M
2024-09-06_21-36-41_UTC_Elissa_Slotkin_C_l0wX8sZb3,2024/9/6,Elissa Slotkin,C_l0wX8sZb3,0.7933525405988622,-0.2683007147743356,242.09605806729147,875.6431576020043,2053.860388542911,0.22243046010447431,0.718871400166732,-0.15534531142619057,0.12193463888213509,0.004432712719520503,0.014622168350830776,0.0015356033903508968,0.8405707075114933,0.002250106781655372,6.825760465506845e-05,17.88485290923841,0.10163028263183095,0.19785245837372087,0.4137931034482758,0.3448275862068966,0.0344827586206896,0.2068965517241379,101.96,29,340,3.3346410357002743,508,4.982346018046292," We had a good, healthy debate.  And in November of 2021, we passed that legislation.  And I just want to say it was bipartisan.  We had actually a Republican member of the Michigan delegation at the time.  Fred Upton was our one Republican who voted on that with us.  He's part he was part of the Problem Solvers Caucus.  But I just I highlight that because real stuff happens when people act like adults in Washington.  and stop all the angry rhetoric and all the pot shots and all the nastiness,  we actually get stuffed up.  So that bill was passed and signed into law by President Biden.  And we are now seeing the fruits of that in this project here.  When we work together.  We dropped that piece of legislation so that everyone could look at it and read it.  when they're the train that I'm going to say that they're cheering for bipartisan  cooperation in Washington, the trains.  The framework of the bipartisan infrastructure deal came from a group that I'm a part of.  It's something called the Problem Solvers Caucus in the U.S. Congress.  It's the only truly bipartisan caucus left in the U.S. Congress.  It's equal numbers of Democrats and Republicans.  You literally can't get into the club without finding someone on the other side of the aisle and walking in two by two.  We keep equal numbers. We're about 31 Dems. Not about. We are 31 Dems, 31 Republicans.  You sign a civility pledge. You don't campaign against each other.  And this is important because the framework for the bill came out of that group.  We sat together. No Twitter, no media, no offense.  And hammered out a framework in the spring of 2021.  We brought in the U.S. senators who wanted to also work on that same bipartisan framework.  We adjusted it based on the additional needs of the senators, Democrats and Republicans.  And we started turning that into a piece of legislation, a big piece of legislation.  In the summer, August of 2021.",W,F
2024-09-06_21-40-30_UTC_Sherrod_Brown_C_l1GkFtjNB,2024/9/6,Sherrod Brown,C_l1GkFtjNB,0.7333475470212538,-0.23050119042625025,182.31802397178512,673.4821495819601,1794.6652421100225,-0.16656681659161662,0.5647666301381707,-0.01888591254738629,0.02192549112762233,0.004746823273858308,0.0025122676612895543,0.1488498933391423,0.7588971066401984,0.03469871615092717,0.00010798740408998796,48.173398462208404,0.21512865014398697,0.3076857184808388,0.1951219512195122,0.3658536585365853,0.1463414634146341,0.2926829268292683,110.0859410430839,42,392,3.549438609199565,500,4.527345164795364," Stan is basically a fan, like I'm a fan of Jose Ramirez for the Guardians.  One of the great things about this job is I work with people.  Slay is, I guess it's a term of encouragement.  I'm in my office now, my campaign office.  Usually I'm out around the state.  And if I walk through this door,  I don't really have to do that much encouragement because our staff is so damn good.  They're running the best Senate race in the country.  We need to to win in a state as tough as Ohio.  and his special interest friends.  I wish he'd just get up to men, get up to mediocre,  but I don't see that in this race.  It's lie, lie, lie.  It kind of means mediocre.  My opponent's not even mediocre.  If it's mid, sort of in the middle,  what is somebody that always looks out for himself?  So the campaign is slaying?  Um, but, and I may not be the best dressed in the Senate, but I don't think people vote for me for that reason.  What does it mean when something is mid?  You're a union stan.  Just drip me.  Hey, this is Sherrod Brown. Challenge me. Quiz me on this. I'm ready.  of all ages and I'd say I'm a stan of a number of them.  I don't get into sort of hero worship, but I get into being fans of people that treat  other people well and that are committed to a cause and I see this whole campaign that  way.  Okay, what about slay?  Okay, what does it mean to be a Stan?  Awesome. My staff is pretty Ohio. I'll leave it at that.  Well, RIS means charisma, but it's something I got to work on.  I'm not sure if you can create RIS or you're born with it, and we will see.  That was great.  So I hear tea, I think of Devil's Radio, or I think of gossip, and I think of George Harrison.  My name is Ohio.  What about tea? Spilling the tea.  Tea, when I hear tea, I think of George Harrison.  George Harrison sang a song.  Well, drip means to me, like the way I dress, fancy, expensive, really cool hips.  I may look rumpled.  I may not have the most obedient hair.  He called gossip the devil's radio.",L,M
2024-09-06_23-43-06_UTC_Kari_Lake_C_mB9V4yZfr,2024/9/6,Kari Lake,C_mB9V4yZfr,0.8010650722569562,-0.33662572925644,181.60317105064442,819.2602281183457,2146.9843695448726,-0.03187210078020824,0.6668709066900558,-0.10510048037845557,2.163346713394825e-05,0.0012547396463444406,0.0004669014738083514,0.010570346754133366,0.9420735094369093,0.000701770804417252,1.37240743382096e-06,12.42504990745026,0.0983814584789784,0.22828304305601094,0.4166666666666667,0.375,0.0416666666666666,0.1666666666666666,82.66,24,246,2.976046455359304,372,4.500362932494556," Our police are under attack nationwide.  258 officers have been shot in the line of duty this year.  And this war on the cops has come to Arizona.  66 officers involved shootings statewide.  And it is a direct consequence of radical politicians like my opponent  putting a target on the backs of law enforcement.  Remember, during the Summer of Love,  Tim Walz watched as cities like Minneapolis burned down.  Harris bailed out the ones who lit the matches.  And Ruben Gallego marched with the arsonists.  He voted to defund the police and says that our police are systemically racist.  This is a war on our police.  While Ruben Gallego has marched to defund the police  and called our police the bad guys,  I am committed to fully funding our police departments  and providing them with the resources they need  and the support they need to keep Arizonans safe.  I back the blue.  and Ruben Gallego does not. Our men and women in blue know that I have their backs, and when I'm  elected to the United States Senate, I will work hard for them. It's time to rally around our law  enforcement officers. That's why I'm pleased to cordially invite you to our Back the Blue rally  on September 13th. We deserve to have our peace of mind back. I know that's achievable with the  right kind of leadership. We will make America safe again, and I need your support and your vote  to do it.",L,F
2024-09-07_16-48-04_UTC_Bob_Casey_C_n4g2GhzPH,2024/9/7,Bob Casey,C_n4g2GhzPH,0.8042696843846938,-0.28050525145871297,99.44939329525809,576.8846285083083,1893.0101165507863,-0.537690424246081,0.46614535300000004,0.08703832143549023,0.0007934869381047033,0.005049022897450191,0.004484173371826903,0.002498296743695848,0.8337402723609938,0.1066501543674687,0.04645076958271241,38.803357966184805,0.33661968000182435,0.1435545956827075,0.0,0.2857142857142857,0.4285714285714285,0.2857142857142857,19.6,7,83,4.23469387755102,104,5.306122448979592," It's fun to be able to push the players in a certain direction.  But even with just kind of playing once a week, it was a lot of fun to coach.  I stress defense because I was someone who didn't have a lot of talent,  so I had to lean into defense.  Try to shoot. See the way she said that.  I did a little bit of coaching and coaching is fun.  I mean, it's fun to get into the strategy of it.",L,M
2024-09-07_21-07-05_UTC_Kari_Lake_C_oWKWivrSz,2024/9/7,Kari Lake,C_oWKWivrSz,0.8126889177000676,-0.2384459838796911,177.93860772905123,872.7610754063232,2171.5931018479887,-0.033201294346935445,0.6500632980861623,-0.14374506984737287,0.001356606379062712,0.007585938238418978,0.005239929031980752,0.041167239671172244,0.8829402629038864,0.0012033354771382957,0.00010860067770897948,16.752017623336545,0.10688824758060897,0.26673889785872945,0.25,0.3125,0.0625,0.375,57.81997732426304,16,194,3.355240401245244,276,4.773434797647873," I'm so pleased that Speaker Johnson is going to do that.  I know that Senator Mike Lee in the U.S. Senate is pushing really hard to make sure that happens.  And it will be right there.  We're putting the ball in the Democrats' court, and the Democrats will have to decide.  Do they want to shut down the government in order to protect their illegal voting,  or do they want to have secure, honest elections that have integrity and keep the government running?  It will be a real test of character to see where these Democrats stand.  Are they on the side of we the people, or do they want to continue elections where illegals are voting  and the American people's voice is tamped down?  I'm looking forward to seeing what happens.  I think this is a very smart move.  And we're going to separate the boys from the men here real soon when it comes to the SAVE Act.  The SAVE Act would prevent people here illegally from voting.  And more importantly, and just as importantly,  it will find people felonies.  Felons if they sign up people who are here illegally to vote.",L,F
2024-09-07_21-44-22_UTC_Mike_Rogers_C_oaYY9vfHV,2024/9/7,Mike Rogers,C_oaYY9vfHV,0.7822224617117713,-0.3266854777325629,136.59977193912152,588.5313077328273,1668.702599992703,0.07927960447682096,0.6615393683168317,-0.1891991038138242,5.160957717553797e-06,1.0590897492482392e-06,1.2031629905796075e-07,0.00010212955762526782,0.9998879611688875,1.4834719971989554e-06,6.10419323165442e-08,10.259039886419469,0.03713700810852799,0.07890483314033957,0.3333333333333333,0.3333333333333333,0.0,0.3333333333333333,18.18,3,62,3.4103410341034106,88,4.84048404840484," If you're sitting at the kitchen table right now going, I can't afford groceries, something's wrong, we can help you.  If you're sitting at the kitchen table and saying, we can't afford gasoline, we're going to help you.  If you're sitting at the table going, this criminal enterprise in my neighborhood worries me, as a former FBI agent, we can help you.",L,M
2024-09-07_23-41-58_UTC_Ted_Cruz_C_on53ygk9q,2024/9/7,Ted Cruz,C_on53ygk9q,0.8929689779236479,-0.2870784447244976,167.69621762555826,581.1020477544686,1599.8523005194027,0.13570251476151596,0.71457786621421,-0.11891946383556987,0.0009175215921011211,0.005320087220427962,0.00018507223128341507,0.001192886372512457,0.9900203824738557,0.0013422032001957028,1.960678458288996e-05,9.941759493977829,0.11452093771912118,0.2817812943379721,0.4444444444444444,0.2222222222222222,0.1111111111111111,0.2222222222222222,37.72,9,113,2.995758218451749,148,3.923647932131495," You know, my race in Texas, Chuck Schumer has made clear I'm his number one target in the country.  And they are spending over $100 million trying to beat me.  So I would ask folks at home, come to TedCruz.org, TedCruz.org, TedCruz.org,  because George Soros and Chuck Schumer are flooding the state with cash.  We've had two polls in the last two weeks that show this as a two-point race in Texas.  So I need your help.  Come to TedCruz.org.  Give $25 or $50 or $100 because I've been leading the fight to secure the border,  to defend jobs, to defend our freedom, and I need your help to continue leading that fight.",W,M
2024-09-08_00-01-31_UTC_Colin_Allred_C_oqIImqMUs,2024/9/8,Colin Allred,C_oqIImqMUs,0.7577094502915718,-0.15917953991401165,146.92475123875036,663.5066228786146,1692.7361478002674,-0.28741586037820616,0.5341025951594534,-0.07207015223074634,0.006571123018052418,0.004267988513481479,0.0034569707160017997,0.028956324992094502,0.8367336959257756,0.021626729573510788,0.026141236033982593,43.853750817753124,0.07837905918579523,0.2070888352528099,0.0,0.3333333333333333,0.5,0.1666666666666666,17.560000000000002,6,67,3.8154897494305233,82,4.669703872437357," But then you have to solve it.  My family's from the valley.  And so to me, I want to make sure that we have a secure border,  that we have a legal immigration system that works.  It's not enough to come down to South Texas and point out the problems  and to say, you know, we have a crisis, which I will say we have a crisis.",L,M
2024-09-08_00-14-39_UTC_Mike_Rogers_C_oreN1P6xb,2024/9/8,Mike Rogers,C_oreN1P6xb,0.9749028976448011,-0.6497741904749543,251.755327347331,694.1577011758428,1705.1234474191097,0.6599019815126212,0.8539708262725842,-0.24114360646187002,0.44998050562081254,0.025618887483503928,0.004919750065858351,0.157106701938539,0.24555295019757775,0.07236156931930857,0.0007271263623115629,15.43336130905446,0.0920110262416491,0.3752420960334809,0.3333333333333333,0.1666666666666666,0.3333333333333333,0.1666666666666666,10.888979591836735,6,42,3.853211009174312,65,5.963302752293578," We've got your back come November.  We're going to tell the military.  We're going to give you a military worthy of your service.  We've got your back.  We're going to tell police officers, no more will you be disrespected.  Republicans will be.",L,M
2024-09-08_22-33-33_UTC_Bob_Casey_C_rE3J9PWjR,2024/9/8,Bob Casey,C_rE3J9PWjR,0.9270920659457573,-0.2879521790762474,102.55075635934901,546.5600724717965,1850.009171735883,-0.5774204579987705,0.4633695603606775,-0.05113326300586264,3.3907418147523435e-05,0.000170637371751298,5.005350988094033e-05,0.0007126552987684079,0.9905654166871375,0.006569247315534734,3.108015781712887e-05,15.114600710683225,0.14101455983162037,0.14967015527835817,0.1111111111111111,0.6666666666666666,0.1111111111111111,0.1111111111111111,26.21798185941043,9,89,3.3943554538520213,130,4.9580472921434025," That's about as good as it gets.  Whatever you've heard about being a grandparent, multiply it by 10.  that somehow you're connected to, in my case, my daughter.  I'm connected to Elise, so I'm okay.  And when you walk into the room after they know who you are,  The best thing about being a grandparent is you get a whole new identity.  It doesn't matter what you've done with your life until you meet that grandchild.  They accept you unconditionally.  They have a sense even when they're very young.",L,M
2024-09-09_00-37-25_UTC_Dave_McCormick_C_rTDGlt2Gg,2024/9/9,Dave McCormick,C_rTDGlt2Gg,0.8014417292837404,-0.2943451491424755,146.86273600740287,627.5045067586549,1718.0095385401628,-0.010882899345164935,0.6237663675362348,-0.04068845709291873,0.040699398606324544,0.0003015439024240728,9.223472242687952e-05,0.05424093420660563,0.8591224388297978,0.045423309114209595,0.00010383835288492184,24.87711865332452,0.17187647621027052,0.2667114570494901,0.1818181818181818,0.2727272727272727,0.1818181818181818,0.3636363636363636,21.14897959183673,11,82,3.875236294896031,121,5.718336483931948," And I think that's something many of us feel right now.  America is not perfect and having lots of challenges.  from Lieutenant Colonel William Poliman, who was a pilot in the 332.  but I'll hold her hand.  fighter group of the Tuskegee Airmen, and he says,  America is not perfect.  inscription here  There's an incredible...  But we'll all do our part.  We helped African-American people raise their heads and say, I can do it.  to hold her hand until she gets well.",W,M
2024-09-09_01-47-03_UTC_Kari_Lake_C_rbA2vJWOI,2024/9/9,Kari Lake,C_rbA2vJWOI,0.8682406258988477,-0.16675542245372152,142.9177408263748,1118.4222926920868,2488.166144022109,-0.006316714510550408,0.6543766804609474,-0.23745316770249256,6.0274992911632673e-05,2.1898657618820457e-06,2.5049104509710203e-06,2.3785445064146456e-05,0.9996715035389694,0.00023609129885580795,5.769009305673894e-07,10.957724881418915,0.155827563117231,0.20515072766069534,0.6,0.2,0.0,0.2,15.62,5,49,3.1370038412291934,89,5.697823303457106," Border security is life and death.  And in Congress, Ruben Gallego chose radical open border policies.  Gallego voted against funding border security while voting to grant voting rights to the criminals who illegally cross.  Ruben Gallego, radically wrong on the border.  I'm Carrie Lake and I approve this message.",L,F
2024-09-09_12-14-59_UTC_Ted_Cruz_C_si3ZCReE3,2024/9/9,Ted Cruz,C_si3ZCReE3,0.8328231564705882,-0.32248111941757046,198.93236659357456,729.3327628175109,1983.1875649954418,0.3395315417457908,0.7980860847807487,0.004152148214847876,0.3122683377391393,0.01976418183418114,0.008410330110149746,0.2887479367906656,0.3370921534184693,0.00852577371212318,4.653082786228941e-05,22.33722772659908,0.19341672805722798,0.2634695718743504,0.5,0.3,0.0,0.2,37.4,10,106,2.834224598930482,156,4.171122994652407," God bless El Paso.  He is worth defending.  I am thrilled to be with so many extraordinary patriots.  I am thrilled to have the privilege to fight for 30 million Texans to go and battle.  And to battle at the time when the stakes are not small, they're not little.  We are fighting to determine whether the greatest nation in the history of the world survives or whether we are torn down.  Believing is stepping forward with everything you've got.  Believing is committing with who you are.  And we are here tonight because freedom.  who are standing up and fighting for Texas and fighting for America.",W,M
2024-09-09_12-36-20_UTC_Dave_McCormick_C_sk9tsOVVk,2024/9/9,Dave McCormick,C_sk9tsOVVk,0.6791841516142991,-0.2005578350426448,186.22612145633116,711.0003007667736,1931.8337871821207,0.1792729400883985,0.7122946483913452,-0.31518534535883874,0.00033395921979779514,0.00010404453039908717,7.414226478392531e-06,1.2065012162826116e-05,0.9992750225937378,0.0002627333031081824,3.890534328400553e-06,31.17005277660521,0.16376369291253118,0.20934218659391488,0.2,0.0,0.6,0.2,21.26,5,59,2.77516462841016,87,4.092191909689558," CNN SSRS poll finds the Casey McCormick race at a 46-46 tie. And since 2016, the GOP has cut into  Democrat voter registration advantage in the state. So I'm the underdog, there's no doubt  about that. But the reason the race is closing...  is that Senator Casey is just out of touch with Pennsylvania.  He's been a weak senator.",W,M
2024-09-09_16-49-20_UTC_Elissa_Slotkin_C_tCNpXvDCQ,2024/9/9,Elissa Slotkin,C_tCNpXvDCQ,0.8283236301916002,-0.2645684925003116,199.56147688193178,658.1802178784501,2028.3956690174252,-0.07983087279843007,0.5833251993529537,0.01422295487197559,0.054586949653903594,0.008438152591663207,0.0028168401282649565,0.011830104613657572,0.5751595815815326,0.21341753810935332,0.00033046298706157327,16.151029162700333,0.2706403481896391,0.19638499684774377,0.125,0.125,0.25,0.5,22.95798185941043,8,81,3.52787456445993,106,4.616724738675958," a turn of events. What a turn of events. I mean, you can't, you can't, and it's so hard to envision  something different.  Now, like you said, you know, it used to be like, can a woman win?  Oh, yeah.  And now it's like, can a man win?  When he's running against a woman.  know 20 years later or whatever it is but it's it's just unbelievable that's a great story  I mean, isn't that an amazing turn of events that...",W,F
2024-09-09_18-03-29_UTC_Ted_Cruz_C_tKvv6vMCX,2024/9/9,Ted Cruz,C_tKvv6vMCX,0.7985493598108615,-0.15550289089592653,143.42272720875096,622.496818069331,1800.6577584246372,0.15364201892480434,0.7168079112265918,-0.20789277402369735,0.11689783936318977,0.018164404986216007,0.0008244926039640928,0.02604893842901761,0.8148635598492533,0.0019524632916721825,0.00036734691806915596,23.542757487558713,0.23096914964103651,0.17753512264997837,0.2222222222222222,0.1111111111111111,0.3333333333333333,0.3333333333333333,42.72,9,135,3.1601123595505616,211,4.939138576779025," I will say just this. Policies have consequences. It's not just an accident that when Barack  Obama was there, we had economic stagnation. When Barack Obama was in office, we had high  taxes and job-killing regulations. When Joe Biden and Kamala Harris are in office, we  have high taxes and job-killing regulations. We've had four years of their waging a war  on energy combined with spending trillions of dollars we don't have that has produced  the inflation we have. On the other hand, when you have Republicans, hopefully, not  always, but hopefully, you cut taxes.  Well, she is pretending, but Bernie said don't worry about what she's saying because everyone knows she's not telling the truth,  that she's going to be the same hard left vote that she's been since she arrived in the Senate.",W,M
2024-09-09_18-03-40_UTC_Sherrod_Brown_C_tKvvVuZfx,2024/9/9,Sherrod Brown,C_tKvvVuZfx,0.8912891419022223,-0.15213381785485477,267.93335450213976,972.8936286960483,2040.915609502831,0.542480547704098,0.7843795588148148,0.09039411097609412,0.3772974594051656,0.000844524362915681,0.023862265399720497,0.5085803454101067,0.07777707768114848,0.003114398949003706,0.007543724256788388,78.31671805169083,0.1407113329690466,0.4232726226393906,0.2,0.3,0.2,0.3,13.5,10,53,3.925925925925926,63,4.666666666666667," Can I lean on you for a second?  How you doing? Good to see you.  Good job.  The Beatles. Check this out.  Abbey Road socks.  Oh, nice!  Just like, look at that.  Abbey Road and Abbey Road.  How cool is that?  Are she and I the two coolest people in the whole place?",L,M
2024-09-09_18-25-29_UTC_Eric_Hovde_C_tNSPWKfAN,2024/9/9,Eric Hovde,C_tNSPWKfAN,0.7895326159273424,-0.4386312049274006,221.21840499524444,769.571552862528,1918.3385191175425,0.4581980251572815,0.8114629299426387,-0.3264575258515323,0.000410662523846554,2.602039284128179e-05,9.649880121781951e-06,0.47842271731601704,0.5203449285749756,8.820230451116755e-06,7.566341562963023e-07,17.675300961000236,0.20317634331702505,0.28705281722229914,0.3333333333333333,0.3333333333333333,0.0,0.3333333333333333,10.46,3,36,3.441682600382409,46,4.397705544933078," As President Trump said, this is the time.  You have to grab every neighbor you know who's in the middle.  You got to get them to come over to our side to bring this country back.",L,M
2024-09-09_20-00-08_UTC_Ted_Cruz_C_tYFOBS_8k,2024/9/9,Ted Cruz,C_tYFOBS_8k,0.8620246369612105,-0.30988413590312197,125.51181435840475,615.8780654154101,1715.2731013429548,-0.19465522832565263,0.579872192533583,-0.13228843637506535,1.1242870478832992e-07,6.24244920739148e-08,3.554146479779062e-08,1.0243140892699598e-05,0.9999891367452773,2.7911586624664394e-07,2.0305027709855076e-08,12.992239899431638,0.11481506680728548,0.15548267476629246,0.4285714285714285,0.2142857142857142,0.0714285714285714,0.2857142857142857,36.29099773242631,14,107,2.947658402203857,165,4.545454545454546," and Kamala Harris.  in the debate. We break down the strategies.  and where their vulnerabilities are.  Tomorrow night's presidential debate is a big deal.  that both Kamala and Trump  are likely to follow. We break down the risks, the downsides, what they're hoping to accomplish.  you know, in the entire presidential election tomorrow night.  on today's podcast, Verdict with Ted Cruz.  We break down what to expect.  The stakes are incredibly high for both Donald Trump.  is likely to be the single most consequential day.  between now and Election Day.  Download it wherever you get your podcasts.  We break it all down on Verdict with Ted Cruz.",W,M
2024-09-09_20-28-47_UTC_Mike_Rogers_C_tbWmLP6U-,2024/9/9,Mike Rogers,C_tbWmLP6U-,0.8260390640984936,-0.22193814733800574,118.33386092114932,800.767985105909,1947.613728284295,-0.08234292425177656,0.6260331629895713,-0.07133522053393439,6.342714244828941e-10,4.680728379552533e-10,7.64608353541022e-11,1.4831665085432695e-09,1.0,9.753855830329204e-10,6.383718796558837e-11,7.244664970484463,0.11925225811973011,0.19892635989463528,0.4285714285714285,0.0,0.1428571428571428,0.4285714285714285,34.52,7,109,3.157589803012746,161,4.66396292004635," Be with us. This is the time we take our country back.  Rogers here. Just finished up a press conference on EV mandates. My opponent signing a non-disclosure  agreement with a Chinese Communist Party, taking money from foreign agents in relation to that  deal. I mean, this is about as bad as it gets. And the end result for us average Michigan folks,  a guy who worked at a car factory, 200,000 less manufacturing jobs in the automobile industry.  Don't have to do it this way. We've got solutions. Hey, listen, I just wanted to talk to you to  directly. We'll get more out on this in a bit.",L,M
2024-09-09_21-33-39_UTC_Elissa_Slotkin_C_ti0jqskcm,2024/9/9,Elissa Slotkin,C_ti0jqskcm,0.748924254371747,-0.08819096496667998,237.37850836077084,1332.526117018718,2626.8747456827177,0.26858070388937555,0.7353065216728624,-0.34064164278845316,1.2630201959200935e-06,2.2529914695388194e-06,5.106043739699548e-08,3.787773816171282e-07,0.9999956114141471,1.3115120872864283e-07,1.5396406583322274e-08,14.794722538797918,0.14502884673063435,0.29949859981416904,0.6,0.4,0.0,0.0,21.52,5,68,3.159851301115242,106,4.925650557620818, The framework of the bipartisan infrastructure deal came from a group that I'm a part of.  It's something called the Problem Solvers Caucus in the US Congress.  It's the only truly bipartisan caucus left in the US Congress.  It's equal numbers of Democrats and Republicans. You literally can't get into the club  without finding someone on the other side of the aisle and walking in two by two.,W,F
2024-09-09_21-48-40_UTC_Sherrod_Brown_C_tkhQ_yp_I,2024/9/9,Sherrod Brown,C_tkhQ_yp_I,0.8683186171240876,-0.2528290509307471,158.5705882674184,533.720861686215,1651.40804438243,-0.39701484611270765,0.43507387635036493,-0.033257728778835004,0.010996132190936215,0.006328147045764882,0.0007103635567531914,0.07236357752096084,0.733410195277555,0.0007255867900696861,0.16773653500857863,31.209736793364,0.008112365881231187,0.01995186366127308,0.0,0.5,0.0,0.5,5.48,2,14,2.554744525547445,19,3.4671532846715327, and my always there canary pen.  green or some olive or some colored pants.,L,M
2024-09-10_00-50-07_UTC_Mike_Rogers_C_t30UFPoV_,2024/9/10,Mike Rogers,C_t30UFPoV_,0.8039579744540136,-0.1989137124756476,126.66661625291084,808.1249625398262,1833.9511386969798,0.08012485423028086,0.6786494217742777,-0.05218331216478535,4.8129215335542975e-05,0.0005383502710140471,4.8471462327566695e-06,0.01641816257867748,0.9822444832277142,1.5223075366892404e-05,2.0361234947270285e-05,12.366788953892167,0.11215861667094464,0.22008029081619368,0.38,0.18,0.16,0.28,260.17997732426306,50,804,3.090168344991929,1231,4.731339841648091," That's unheard of. That's unprecedented. That's more than we had during the Soviet Union, you know, spy versus spy activity when they were spying on our Western allies in the United States. It is overwhelming.  Yeah, this is the fatal flaw of the Democrat policy to force people to buy a car, forcing our companies in America to build a car that people don't want.  This is the first time in America because of these EV mandates that foreign cars outproduced domestic cars in the country and why China ramped up its production.  They control 85 percent of all the processed materials that go in critical minerals that go into those EVs.  And so what the state of Michigan did is give them cash and prizes to bring a Chinese company to Michigan to build a product that was actually the technology was developed in America, leaked to China.  China is bringing Chinese engineers here about 80 miles, 60 miles or so from a very important camp, Camp Grayling, where we used to train foreign troops how to defend themselves, including Taiwan, where the former Obama.  The CIA director said it's absolutely going to be used as espionage activity there, in addition to stealing intellectual property.  In addition, you know, the case keeps going.  We should not use taxpayer dollars to subsidize Chinese companies coming to America.  We don't have to do this. This is ridiculous.  The mandates caused all of these problems.  There was a report today out of the Trump team that said 200,000 automotive jobs will go away if they're successful.  And think about Senator Dianne Feinstein, who was my counterpart Senate intelligence chairman at the time.  Her driver, they found out, was a Chinese spy for years.  So imagine all the time she was in her car on her phone talking, what kind of information was valuable to his Chinese handlers back in Beijing.  And they're just getting more aggressive and more aggressive.  And you're right, they're targeting people who have a soft spot for China.  And you see what happened when the Biden administration kind of changed the rules of pushing back on China.  They're going to take advantage of it.  Thank you so much. And if your listeners are interested, rogersforsenate.com. Come on in. We need you.  And they are very, very aggressive.  They recruited two folks recently on a destroyer, a Navy destroyer, who were Navy personnel,  to give them plans on the destroyer.  I mean, it just keeps happening.  Story.  Think of this.  The FBI opens up a Chinese espionage case every 12 hours.  Well, and you think about it, those Chinese military age males coming up through the border  always pose a problem. What we know about how China has been operating in their intelligence  and defense services is recruiting either Chinese nationals or Americans to place them near access  to information that they would want. And now they're getting clever. They want to steal  credentials. They don't want to actually steal the blueprints like they used to do.  They want people to help them break the firewalls in your computer networks to get in and steal it.  That's why when you have a company like my opponent supported here in Michigan, a communist  party company of which she signed a nondisclosure so she wouldn't have to talk about it with the  state of Michigan, which is just nuts, is because they want to get people close enough to steal  other intellectual property. So the Chinese networks are very good. They're very aggressive.  And so what we've got to start doing is recognizing them for who they are. They are a strategic threat  to the United States. So we need to start saying, hey, listen, if you want, if you don't want to be  transparent, like U.S. companies have to be transparent to be on our stock exchange, don't  be on our stock exchange. Get them off farmland land close to military installations. They shouldn't  be able to buy it. They have been in the past. Don't let Chinese telecommunications spy gear  into our networks. That's exactly what they want to do with it. And don't give taxpayer money  to a company that we know is controlled by the Communist Party of China in its own incorporation  papers right here in Michigan. And don't tell people to sign a nondisclosure agreement so you  don't have to tell voters about what you just did. You know, we have CFIUS, which is a way to keep  these companies out that pose a national security risk. They purposely went around it. They didn't  use it for this company. That's how insidious they are. That's how aggressive they will be.  And you've seen stories about how Chinese spies are all over the United States.  United States doing bad things.",L,M
2024-09-10_07-09-40_UTC_Kari_Lake_C_ukjHSxzQP,2024/9/10,Kari Lake,C_ukjHSxzQP,0.8347252279675326,-0.3097262395224456,180.88364438764702,807.5795321759138,2064.8243419009787,0.05253505335895603,0.6768575714038344,-0.049779604088133166,0.001002032656781198,0.002082690686240665,0.006108248592444602,0.11166235754099281,0.7822612481470477,0.0006945201805101243,9.995002248677354e-06,20.19910526762757,0.11864910077053689,0.37423466882090595,0.1538461538461538,0.2307692307692307,0.2307692307692307,0.3846153846153846,64.68,13,193,2.9839208410636986,302,4.6691403834260985," Oh, absolutely. I'm so excited about this. And you know who's shaking in their boots right now?  All of these federal workers, part of the bureaucracy, are scared to death after hearing  this speech because we're going to go in and cut the waste. The bureaucracy has gotten out of  control. The bureaucracy is making our lives miserable, controlling every aspect of our life  in the government rather than the people that we elect to go represent us. So I'm very excited. I  know that Elon Musk, who is absolutely brilliant, he's a genius, will go in and do some great things  to make our government run more efficiently. And, you know, we got to take a little bit of blame  as Americans, especially as Republicans. We've been so busy working, you know, building our  businesses, building our families, you know, not getting involved overly in the government.  And because of that, we've watched our government grow to out-of-control bloat,  where it's just a big,  wet, heavy blanket trying to destroy business, destroy freedoms. And now we're all getting  back involved. And I think it's going to be really great for our country.",L,F
2024-09-10_15-55-22_UTC_Dave_McCormick_C_vg4v0OBBW,2024/9/10,Dave McCormick,C_vg4v0OBBW,0.7787600374070729,-0.2597772971165637,150.245251131167,782.0081624861587,1930.506473860356,0.14063691557140207,0.6851339472686229,-0.1359529482400542,0.000109236994047438,0.0002788597293377357,2.3933810312781917e-05,0.0006452022258724019,0.9950611945648136,1.650769965425289e-05,5.1376637720687026e-05,17.152398858260472,0.04867574507350201,0.14362987480164113,0.1666666666666666,0.1666666666666666,0.1666666666666666,0.5,26.58,6,80,3.0097817908201656,130,4.890895410082769," last six or seven years. And people across Pennsylvania are looking for change. And so  it's really a race between an outsider, someone who's been a leader versus a career politician  who has endorsed a set of and voted for a set of radical liberal policies that are just  increasingly out of touch for Pennsylvanians. And that's the message I hear over and over again.  Pennsylvania is increasingly a red state.  We've closed the voter registration by about 600,000 votes.",W,M
2024-09-10_21-33-31_UTC_Colin_Allred_C_wHlG9N7uQ,2024/9/10,Colin Allred,C_wHlG9N7uQ,0.7314396966106019,-0.13142225163220025,121.96456333386321,891.0467248369181,1969.4842863900426,0.04740728785911946,0.6766254556317258,-0.21958221745645068,0.07198319507574436,0.04736940642246789,0.08173488050276652,0.053699560171768516,0.7214572466835646,0.001161140165088644,0.0011847217984512022,15.85428011634361,0.11679706705983262,0.20495706555392815,0.3636363636363636,0.4545454545454545,0.0,0.1818181818181818,50.18,11,231,4.60342766042248,299,5.958549222797928," You know what you do on safari?  You put on your outdoor clothing and you go see the sights.  You know, you look through your binoculars and then you leave and you do nothing about it because it's not your responsibility.  Talk to us about the state of play just at the border in terms of crossings and how people feel about it.  Yeah. Well, listen, my family's from Brownsville, Texas. That's the very tip of Texas.  My grandfather was a customs officer there. That's where my mom and I were born and raised.  It's been a lot of my childhood there. And I was just in the valley.  And I can tell you that folks are tired of Ted Cruz coming down and treating the valley like he's on a safari.  That's how he comes down to South Texas. He comes down, he points out problems, puts on his outdoor clothing, he wants to look tough, and then he goes back to D.C. and he stops legislation that would have brought $20 billion for border security.  And you know, no state would have gotten more of that than Texas. No state would have benefited more than that from Texas.  And so for a Texas senator, that should have been a top priority. We have to have one who will do that. And that's what I'll do. We know he won't.",L,M
2024-09-11_04-11-31_UTC_Ted_Cruz_C_w1GQ5gtRF,2024/9/11,Ted Cruz,C_w1GQ5gtRF,0.8231444425985917,-0.29395607406475927,164.4541730972568,600.8669209983043,1630.8638026081776,0.11260471212022037,0.6879120496983789,-0.26211524119680274,0.10851150485818503,0.0005346438213686994,0.00033083905723132757,0.01873515949617049,0.781770562797108,0.024578727615366065,2.7498192667261794e-05,32.70475057895224,0.17694664615410707,0.22783131282119262,0.35,0.275,0.225,0.15,150.52,42,518,3.440945927992561,765,5.081705858907933," is now saying they want a second debate.  What does that tell us?  Joining us with more reaction to tonight's debate,  Texas Senator Ted Cruz is with us.  Senator, how do you interpret that  and your overall thoughts on the debate tonight?  well listen i'm skeptical that that com was seen will have her do a second  debate i think they're gonna back out of that i think they're gonna send her back  to joe biden's basement i think we probably will not see com a lot of  merging and from the basement sort of like the groundhog in her shadow  she's not gonna come out again from the basement until election night  other than to go to for rallies and read from from teleprompters and listen i  gotta say tonight what what com a demonstrated is number one she cannot  defend  her disastrous record her record is an absolute train wreck so instead what she  did  what we saw tonight in this quote debate  was her repeating memorize set pieces  from her stump speech in from her convention speech the very opening  question the most important question in any election are you better off now  then you were four years ago she refused to answer that because she couldn't  answer that because nobody unless you are a mexican drug lord  nobody else is better off than they were four years ago should show she had  mentioned  answer that. Instead, she's like, I'm from a middle-class family. I want things better for you.  And no aspect on inflation. She didn't address that she cast the tie-breaking vote on trillions  of dollars of spending that caused inflation hurting Americans across this country. On energy,  she didn't address that she and Joe Biden have waged war on American energy over and over and  over again, driving up the cost of gasoline and everything else for Americans. On the border,  she didn't address her own personal responsibility, the invasion, the crime,  the murders, the women sexually assaulted, the children brutalized. She didn't take responsibility  for any of that. And then on foreign policy, I actually thought on foreign policy, she was the  weakest. It was absurd when she turned to Donald Trump and says, well, everyone knows you were  weak and ineffective. Listen, if Donald Trump were still in the White House, the two wars that broke  out under her leadership and Joe Biden's would not have been the same. And so, I think, I think,  I think, I think that's what's happening. And I think that's what's happening. And I think that's  what's happening. And I think that's what's happening. And I think that's what's happening.  Russia would not have invaded Ukraine and we would not have the war in, in, in Israel. And she,  she took no responsibility for that weakness, nor did she have a word to say about the over  $100 billion that she and Joe Biden have flowed to Iran. All of her records she ran away from.  And I got to say, the ABC moderators were complicit in her running a completely fact-free  debate performance.",W,M
2024-09-11_04-16-10_UTC_Kari_Lake_C_w1ppEBBbD,2024/9/11,Kari Lake,C_w1ppEBBbD,0.8242706766362847,-0.24640645441185258,191.72488840767772,850.8471899090126,2146.590076673162,0.05422492914288263,0.6731744733550347,-0.11530761271333399,0.12970548803700624,0.015098000127209242,0.008193519825141873,0.026280858418728716,0.787422404647562,0.0011837896595904736,3.701809607004073e-05,33.383660866757516,0.1538722105393455,0.3380262800806451,0.4444444444444444,0.2962962962962963,0.074074074074074,0.1851851851851851,92.16,28,334,3.624131944444444,458,4.969618055555555," None of that was answered for. And the people at home were asking those questions.  I'm sure there were people at home ready to throw things at the TV set tonight.  Nobody was fooled by this tonight. And President Trump did hold his own.  And it was a back alley knife fight. And I think he did a good job.  He came out still standing, still swinging. And we know who cares about us.  And it's President Trump.  pouring across. She says she cares about women. What about the women pouring across  who've been raped along the way? The 320,000 children.  Carrie Lake joins us, Senate candidate in Arizona.  Carrie, great to see you.  What'd you think of the night?  many of them likely dead or in the middle of a sex trade.  And you guys mentioned, I think, in your last segment with some of your guests, you know, we wish we would have had a live audience.  That live audience was sitting at home watching, saying, are you kidding me?  This woman is trying to say things are great.  She's trying to blame Trump.  Our lives were better under President Trump.  They've gotten worse under her.  She hasn't had to account for the fact that inflation has gone through the roof, that we can't afford to heat our homes, to cool our homes, to put gas in the car.  We can't afford groceries.  Our mortgage payments, if we're lucky enough to have a home, have gone up more than 100 percent.  Oh, boy. I mean, I was thinking about it from a different perspective because I've been on the moderator side of a debate.  Yes.  And I've been on the candidate side of a debate. And it was so it was so fascinating to watch.  First of all, anybody who thinks that, you know, President Trump didn't do well isn't realizing that the American people were sitting at home.  And what about that open border?  What about the women?  who are missing.",L,F
2024-09-11_13-01-16_UTC_Colin_Allred_C_xxvmvswzi,2024/9/11,Colin Allred,C_xxvmvswzi,0.8030933602710625,-0.16634348465817192,121.82011045713064,726.8971711216334,1839.4214683607925,-0.2628492930925613,0.5771516966523931,-0.1358453373596886,3.9332086305179785e-06,2.03912833572083e-05,2.7822118015216738e-06,5.790935331856257e-06,0.9995512056235261,2.2477321499326105e-06,0.0004107326895609766,31.20680746828272,0.1684815116355243,0.25204902398997414,0.5,0.3636363636363636,0.0,0.1363636363636363,55.988956916099774,22,201,3.589285714285714,324,5.785714285714285," to make sure that 9-11 first responders have access to benefits.  I was in the Baylor Student Center.  who stepped up after 9-11 can access the care and resources that they've earned.  gathered around a TV with my classmates,  And I wasn't sure how we as a nation  But on that date, in the coming days, we saw first responders and ordinary citizens step up and become heroes.  That's why in Congress, I've supported legislation.  And their bravery and resolve was a testament to our values as Americans to step up for each other.  in times of crisis and heartache.  and have continually worked to protect our national security.  and to ensure that our service members  And 23 years later, I am as dedicated as ever.  Remember our football game that week?  Let's reaffirm our commitment.  to ensuring that something like this never happens again.  I'll never stop fighting to protect our democracy from those who threaten it.  and that we care for the folks who risked their lives that day.  at the University of Minnesota was canceled.  and the days that followed.  Everyone remembers where they were on September 11th.  And may God bless America.  from these devastating terrorist attacks.",L,M
2024-09-11_13-55-30_UTC_Mike_Rogers_C_x3958K5NP,2024/9/11,Mike Rogers,C_x3958K5NP,0.7998955170942408,-0.32460945723724616,134.67333221672973,682.0230779698514,1753.7864689951612,0.16977729506763314,0.7286898638350785,-0.19042569007827753,0.006293403357509021,6.061728363269592e-06,2.223604360659136e-07,1.374549936216598e-05,0.9936811766387279,2.9037333096645535e-06,5.625772448019931e-07,15.107954742271906,0.13926085955541584,0.34155807473248095,0.2,0.4,0.0,0.4,15.28,5,54,3.534031413612565,73,4.777486910994764," I'll fight their EV mandates, take on China, and save our jobs.  I'm Mike Rogers, and I approve this message because I work for Michigan, not China.  I'm Mike Rogers.  Growing up, I had a job working in a car factory.  We've lost too many of these jobs, and we could lose even more.",L,M
2024-09-11_16-17-05_UTC_Ruben_Gallego_C_yIJpCvdZ1,2024/9/11,Ruben Gallego,C_yIJpCvdZ1,0.8260629249463088,-0.2569233165174656,121.41676302231662,589.4026242674768,1708.4370386472788,-0.10667734513558157,0.614384842706935,0.1102457357574688,0.011253696952862088,0.012187599260680767,2.2138130027401163e-05,0.0006540089406269071,0.9754697125763435,0.00036567158530236645,3.0757069122073513e-05,40.19686466296469,0.07469647453325294,0.21273220447138333,0.4,0.1,0.0,0.5,35.76,10,121,3.383668903803132,173,4.837807606263981," One of the first bills I jumped in on to help out when I first got to Congress was with  Martha McSally, another veteran, to help veterans move from leaving the military and go become  border patrol.  Just a couple weeks ago, I joined in with a Republican, Dan Crenshaw, who has a really  good bill to help government officials, law enforcement, be able to transfer over their  clearances so that way it doesn't take as long with bureaucracy.  So these are the things that we consistently point out.  And I think that's the difference is that when Carrie Lake sees a border problem, she  runs to the camera, I run to solutions.  And that's how we're going to win this.",W,M
2024-09-11_19-15-30_UTC_Kari_Lake_C_ycknQOqBM,2024/9/11,Kari Lake,C_ycknQOqBM,0.8237817408137426,-0.2547884278524346,188.25254126926185,863.6182362413072,2206.4230019092233,-0.019641082894233733,0.6436009713358912,-0.15515865192354297,0.06647895029075819,0.046589160989743694,0.0011259363550976192,0.0631566355724896,0.7207393168733411,0.001216002644042952,0.0004561079621152103,34.29823541257001,0.1494367053678199,0.34999617205304917,0.375,0.25,0.0,0.375,57.34,16,177,3.0868503662364843,268,4.673875130798745," I hope they do another debate.  But the moderators didn't even make her do any follow-ups.  I mean, it was absurd.  It was, you cannot hate the mainstream media enough.  And if tonight didn't prove it, it was absolutely, you know, Kamala Harris is a terrible vice president.  She's a terrible border czar, a terrible AG.  She helped turn, you know, California into a complete nightmare landscape.  She turned San Francisco into a city that's almost one of the most beautiful cities that's now almost unlivable.  But you know what she's amazingly good at?  She's a great liar.  Oh, yes.  And they let her get away with it.  And I hope this time when President Trump prepares for it, when he's doing his prep, if he does prep, he's got two people acting as moderators attacking him.  And he's got somebody standing in the opposite, you know, debate, ready to debate him, attacking him.  And he knows he's going to have to debate three people at once.  God bless that man for fighting for us every day.",L,F
2024-09-11_21-53-42_UTC_Colin_Allred_C_yur_dNUhd,2024/9/11,Colin Allred,C_yur_dNUhd,0.7732317687379587,-0.2197323561243565,159.54401990077,613.3116446177961,1438.780011716589,-0.396833018350983,0.4932947823355564,-0.20445302218232125,0.11044658787698627,0.008299907018590466,0.0008930208391380941,0.07630500759107216,0.6530603631466608,0.14613969284479741,0.002727399100445016,55.334716660738344,0.19587032135468763,0.2065324368561034,0.0833333333333333,0.25,0.0833333333333333,0.5833333333333334,21.09496598639456,12,89,4.052823315118397,110,5.009107468123862," And I refuse to accept that this is how we have to live.  And my older one.  was holding his teacher's hand as he walked in.  And I was just thinking,  And I watched my little one waddle in.  Like my heart is outside of my chest right now, right?  And every parent had the same look on their face that day.  If anything happens to them,  preschool in Dallas.  I don't know what I'll do.  I drop my kids off at their...  I don't know what I'll become.",L,M
2024-09-12_01-00-55_UTC_Colin_Allred_C_zEHQlpY3U,2024/9/12,Colin Allred,C_zEHQlpY3U,0.8036606779929496,-0.22430031600415914,162.69113288996385,593.7346298711002,1473.5618094459423,-0.024960373704353108,0.603019534958872,0.08202331364136418,0.004770341776545947,0.010897744770483605,0.0009735956269674978,0.07877849521274513,0.8785494382719736,0.00878750886447991,0.009586617422475066,68.52018603016263,0.11980297481803726,0.22239011541642256,0.1,0.4,0.3,0.2,17.02,10,72,4.230317273795535,91,5.346650998824912," Don't sell it short.  Okay.  Don't sell it short.  I haven't met the king.  Okay, don't sell it short.  It's a kingdom.  I'm a Texan. I know exactly who we are.  I went to Camp Grady Spruce at Possum Kingdom Lake.  If you all want to know how country Texas I can get.  And when I was seven years old, we had a rifle rearrange where I was learning how to shoot.",L,M
2024-09-12_12-19-21_UTC_Dave_McCormick_C_0Ru77uR_f,2024/9/12,Dave McCormick,C_0Ru77uR_f,0.7463590966833156,-0.23239023603427672,161.13726298983764,727.4465060151089,1845.18272196676,0.18006977482914152,0.7235673548034007,0.0011769462688753737,0.035100310569521224,0.0204941561299999,0.0025669923943253685,0.14395435039144167,0.7522258954904537,0.003784393641345116,0.00018532528573275353,16.247144197595155,0.14181592653379638,0.2548623124136434,0.4285714285714285,0.0,0.1428571428571428,0.4285714285714285,18.82,7,72,3.8257173219978746,101,5.366631243358129," not just argue. That's how we shake things up.  When we call a family meeting, the first vote's always the same.  I want one thing and our six daughters want something else.  Six to one.  True. So I've learned to come prepared, to make a really detailed case, and then when necessary, to listen.  to listen. In Washington, we need more people who know how to listen.  and I approve this message.",W,M
2024-09-12_16-17-30_UTC_Eric_Hovde_C_0tBuYtBjD,2024/9/12,Eric Hovde,C_0tBuYtBjD,0.8004652084148197,-0.23675220563773516,171.40528981520833,694.5758721664627,1765.4789312951068,0.05718449668192257,0.6577498801159223,-0.14258204179742148,0.010047811071395536,0.00017132346548837533,0.00010490229535140584,0.00535958659458992,0.983151496404253,3.8417912592525774e-05,3.001992154015612e-05,20.048966256254378,0.12294849151333609,0.2633752529777388,0.5,0.25,0.0625,0.1875,56.52002267573696,16,161,2.848549186128804,236,4.175513092710545," I don't think she is well known in our state for this reason.  She runs back in our state like a chameleon, that she's moderate.  She tries to work with President Trump when he was in office.  And she is the farthest thing from a moderate.  You know, she has voted to mandate public schools and public places to require men to go into women's bathrooms.  She supports boys playing in girls sports.  She supports gave our taxpayer money to a transgender clinic that doesn't even notify parents.  I mean, it's crazy.  She's voted for every Green New Deal, every spending bill opening our borders.  So she's very radical.  But then she also runs against Wall Street.  And yet she lives with the Wall Street executive in New York most of her time.  She runs against Big Pharma, yet she takes money from Big Pharma.  So she's really a hypocrite.  And she's extremely liberal.  And she's not centered with the values.",L,M
2024-09-12_18-11-50_UTC_Sherrod_Brown_C_06FBFM523,2024/9/12,Sherrod Brown,C_06FBFM523,0.7872585665779869,-0.21878870393216793,164.6559961447237,684.191986148324,1766.333577098714,-0.1647231148022752,0.5659113989789232,0.07967087068144388,9.873845910010707e-05,0.0008769732837939332,0.000167169110259157,0.040679013685193464,0.9249688418257862,0.003526062636012714,0.000572404954239168,31.946684583354468,0.16247768213082042,0.28651635055437247,0.125,0.34375,0.1875,0.34375,97.02399092970522,32,334,3.432682425488181,451,4.635149023638232," And I don't know who the player is that was diving into the stands.  He missed the ball and I missed the ball, if I recall.  John Tester, Senator from Montana, came to the Senate the same year I did.  He and I are the top two targets.  So this is John Tester and I were together in the Lawrence O'Donnell show.  It was really fun and it might have even been funny.  Tester's a good man in every way.  He matters to this Senate and we're a good team.  This was a good summer.  This is a picture walking in the house showing to Connie just a little bit of the produce  I had that year.  I had armsful of zucchini and green beans and wax beans and peppers.  Some years are really good in the garden and some years really suck.  with her, not at her, and we each got honorary degrees.  We were the co-speakers, if you will.  I'm carrying her purse.  was at the Ohio State Fair. This is the backup singer for the rock group America,  and they invited me on stage to play. And I wasn't exactly Eric Clapton, but nonetheless.  Anyway, I went on stage, played Horse With No Name, played backup.  I'm a man that doesn't mind carrying his wife's purse.  It was a glorious day.  I met January 1st, 2003.  As I was walking off, this guy to the right turned to me and he said,  Hey, buddy, you ought to stick to your day job.  It wasn't the kickoff of my rock and roll career, pretty sure.  This was about the best scene I've ever had at a Cleveland Guardians game.  This was um...  And I was laughing.  This is Connie and I at the graduation Hiram University and you can see  I had no idea when that picture was.  uh she's funnier than i am because she was standing at the podium talking  and got married pretty quickly for all the right reasons.",L,M
2024-09-12_23-05-29_UTC_Colin_Allred_C_1btUdO0l4,2024/9/12,Colin Allred,C_1btUdO0l4,0.8633824067770492,-0.26805275512523336,187.09804800761307,536.2071676193797,1543.1601181667525,0.02040863711940538,0.6076969972786885,0.18956732399717605,0.000435890809116681,0.040464344780573515,1.9144067484772726e-05,0.2826659978741797,0.6729015546231569,0.0007801780362580854,0.001007236178001466,73.41297583465449,0.21527773850021173,0.3027255539038764,0.2,0.2,0.0,0.6,6.1,5,24,3.934426229508197,28,4.59016393442623," Can we say, hell no?  We'll start with an easy one for you.  Sure.  You're running against Ted Cruz.  Ted Cruz, yay or nay?",L,M
2024-09-12_23-43-12_UTC_Eric_Hovde_C_1gCAbJ6Us,2024/9/12,Eric Hovde,C_1gCAbJ6Us,0.8221248472600471,-0.3714321919366822,156.54002507497876,641.1124298551094,1720.4626304682542,-0.08014323116053855,0.6076499975886525,-0.04092669461042586,0.0013444800814204486,0.00032488380358382436,0.00026195492484262794,0.025847663793091023,0.8776012528280398,0.0011086687698886426,0.0377011242696579,19.08370121320874,0.21338860964226095,0.2679544412124829,0.6,0.2,0.2,0.0,8.46,5,24,2.8368794326241136,32,3.782505910165485," Thanks, Senator Scott.  Get out, vote, support me,  because I'm going to back his bill to support school choice.  Thank you.  You got it.",L,M
2024-09-13_00-05-58_UTC_Dave_McCormick_C_1ibCjNbg4,2024/9/13,Dave McCormick,C_1ibCjNbg4,0.7878198634285712,-0.21914107589529433,118.86009319133578,681.290508481177,1807.6521572604897,-0.15446382132097736,0.5938460069851008,0.0892886952594905,4.329814278766999e-08,6.00122779341168e-08,1.602140030095777e-08,1.162248095316463e-07,0.9999986638320736,4.832869451658422e-07,3.879789665476566e-10,5.015738905958646,0.14382293739244761,0.2618194721049602,0.4,0.0,0.2,0.4,22.82,5,70,3.067484662576688,115,5.039439088518844," about your parents. Yeah, my mom and dad are both teachers. They grew up in Western Pennsylvania.  So my dad grew up in a little town called Marion Center. His dad owned a pharmacy, a little drug  store. My dad's father, my grandfather was a Democratic County Commissioner in Indiana County.  And my mom was born in the famous Punxsutawney. We're like the seventh generation of Pennsylvanians  in Western Pennsylvania.",W,M
2024-09-13_00-29-04_UTC_Bob_Casey_C_1lRPtsPRd,2024/9/13,Bob Casey,C_1lRPtsPRd,0.9068154984664806,-0.2580918656563251,149.37802748291128,614.908209725685,1662.089864374608,-0.13459024242062634,0.5570928866061452,-0.02470651599260994,0.20497236090681017,0.014089348981906705,0.001454095923104769,0.12513053167425114,0.6167768778669277,0.005180468473675624,0.02325929696621368,41.49038172071698,0.312291312941214,0.20940240535564109,0.2307692307692307,0.1538461538461538,0.1538461538461538,0.4615384615384615,14.32,13,65,4.539106145251397,97,6.773743016759776," Just push him out of the way.  Have you ever pushed a United States senator?  Just push him.  Go birds.  Go birds.  Go birds.  Lately, I've been listening to this song called Higher by Creed.  We're pro-band.  The pro-band caucus.  Amy Klobuchar.  Hey, we're here on the floor of the Democratic National Convention.  We're here in Chicago at the Democratic National Convention.  We're the keys.",L,M
2024-09-13_03-42-20_UTC_Sherrod_Brown_C_17XNKyoqs,2024/9/13,Sherrod Brown,C_17XNKyoqs,0.7887010980670166,-0.19416720967997664,154.09592977537827,637.4385762350577,1814.5502727096377,-0.08178871823151955,0.620565394115256,-0.20258712830453598,0.009040306046420756,0.001510252978425384,0.0003538349913202786,0.04908111201201283,0.9171276377509693,0.0014156350511950286,0.013329946623360022,41.28695591540773,0.13745773186747737,0.16585266437214624,0.2857142857142857,0.2857142857142857,0.2142857142857142,0.2142857142857142,34.61997732426304,14,144,4.159445407279029,211,6.094742923165799," Bernie Marino thinks he knows better.  Fifty seven percent in Ohio emphatically said that these decisions should be made by women.  They're doctors, not by politicians.  Bernie Marino put one hundred thousand dollars of his own money.  He's spending millions against me, but one hundred thousand of his own money in passing that he's not willing to accept it.  There's been a lot of money to get that message.  A lot of money being spent against us.  We're going to win in part because we'll make that contrast.  I'm for abortion rights.  Bernie Marino doesn't respect.  He thinks he knows better.  You know, I've said on the show before, I don't see politics as left or right.  I see whose side are you on?  And clearly I'm on the side that women should be making these decisions, not a bunch of politicians like Marino.",L,M
2024-09-13_13-29-51_UTC_Eric_Hovde_C_2-o0sMvTa,2024/9/13,Eric Hovde,C_2-o0sMvTa,0.8205743709898109,-0.2457443400555469,140.00616770834623,758.8685176188912,1841.7525299853762,0.054933693383548754,0.6828033477825056,-0.3979327231562858,0.00034851582876000694,0.0008587931817681865,0.00047322871224809526,0.09988014722108048,0.8939934154053379,0.0007508708463759362,5.987712686200064e-06,28.01357701611357,0.17127499889135855,0.14033923103733587,0.2,0.3,0.1,0.4,53.14,10,153,2.879187053067369,229,4.309371471584494," Laura, every state is a border state and we've had multiple cases of crime all over our state.  You're just citing that case. We had a father of several young children who was killed in a drunk  driving accident. We had a 12 year old girl that was kidnapped. Fortunately, she got away with  illegal immigrant kill his own two children here about a month ago. So this crime issue is touching  every state. And you look, they put a thousand people into a small town called Whitewater,  turned the city budget upside down, access to housing, health care. There's so many problematic  layers to this open border. And they're killing our young people with fentanyl.  It's a poison created in China, sent to the drug cartels and brought up. We lost one hundred and  eight thousand young Americans last year. And, you know, Wisconsin has had their fair share of losses,  sadly.",L,M
2024-09-13_17-07-33_UTC_Colin_Allred_C_3Xg6FP5FS,2024/9/13,Colin Allred,C_3Xg6FP5FS,0.791417322838693,-0.21853927505121437,143.5549214484138,607.6953602271183,1486.501863157781,-0.1568301468548155,0.5805580695228216,-0.12833433541985223,0.007523146139104111,0.016252594127175363,0.005007476820925405,0.032384536496794965,0.8157760798221039,0.10653747630857095,0.014368248661305243,52.54736046969547,0.1934297886469474,0.2267839335918224,0.2,0.3333333333333333,0.2666666666666666,0.2,38.56,15,172,4.460580912863071,231,5.990663900414938," And it's because she got that procedure that she was able to have that baby.  So you want to talk about being pro-life.  In Texas, that wouldn't have happened.  And there are other Texas women who don't have $3,000 to go out of state.  And so as sick as she was, she went to Love Field, and she flew out of the state,  and she got a procedure done.  About 15 minutes cost her $3,000, and it saved the other twin.  And at the hospital where I was born in Dallas, Presbyterian Hospital,  her doctor threw up his hands and said, you have to leave the state right now.  One of the babies wasn't going to make it, and it was killing the other one and her.  Oh, my God.  And I've met that kid.  Lauren Miller. She's an eighth generation Texan. I always laugh because I didn't know we had eight  generations of Texans. She was already a mom and she got pregnant with twins. To your point about  being pro-life.",L,M
2024-09-13_17-24-12_UTC_Eric_Hovde_C_3Zd7mvFFy,2024/9/13,Eric Hovde,C_3Zd7mvFFy,0.8118582932315498,-0.26222729922110743,181.76172134805947,803.2268437760981,1833.8890163516846,0.33414249203877233,0.7933837729797047,-0.3451947983628229,0.14353110694207366,0.0003590374733876285,8.750132968499424e-05,0.00017022980389198668,0.8546213603877492,0.00015202678327066064,2.457019896918643e-06,5.939166863889523,0.13787778010459997,0.16807418573585917,0.0,0.5,0.5,0.0,21.68,4,65,2.998154981549816,98,4.520295202952029," senator I'm running against, Senator Baldwin, to tell you how radical she is. She said we spend  too much money on the southern border, but she gave all of our money to a transgender clinic  here in Madison that does this without notifying parents. So that's who I'm running against.  Look, we got to fight and take our wonderful country back. We're losing our country.",L,M
2024-09-13_19-12-28_UTC_Tammy_Baldwin_C_3ld2ASpce,2024/9/13,Tammy Baldwin,C_3ld2ASpce,0.8664726893124856,-0.2702597221422048,219.67841160117513,936.0660465579836,2249.600612888663,0.15103058220266524,0.6959929072480974,-0.14658293450382248,1.2472627437053792e-05,4.084128172798411e-07,3.455616774604423e-07,6.26889168825698e-07,0.999982046709866,2.025052233064328e-06,3.052834228684523e-08,14.579696347984394,0.09641578383816451,0.1719100456090132,0.3,0.3,0.1,0.3,74.11099773242631,10,218,2.941176470588235,328,4.425256341068537," that would preempt any state laws or state constitutional provisions.  Trump and my opponent, Eric Hovey, is like, well, the state should decide.  Well, the federal government should decide. Well, you know what? Women should decide,  period. What are they going to be after next? If you care about your future,  if you care about winning your rights and freedoms back again, you need to vote.  Yeah, it has been for years. I mean, Lindsey Graham introduces a ban every session of Congress. Not only do we need to restore Roe by codifying Roe versus Wade at the federal level, but we also need to protect these other things that might be next.  Clarence Thomas's concurring opinion, he said, you know, perhaps we should revisit contraception access, same-sex marriage, all of those cases that were decided based on a constitutional right to privacy that the Dobbs court says doesn't exist.  So that's why we had a vote on protecting access to contraception. Save two Republicans, all the rest voted no. We brought a bill to protect IVF access. That too.  standing up for this. It's frightening. And that's why we must make sure that that party does not  wrest control of the Senate away. I believe they'd go further and try to pass a national ban on abortion.",W,F
2024-09-14_06-12-08_UTC_Kari_Lake_C_4xR2TKuJ9,2024/9/14,Kari Lake,C_4xR2TKuJ9,0.8370010010293756,-0.2666104752864312,191.70833248690317,753.1269296624884,2015.842948931454,-0.05647594972327502,0.6404147443084184,-0.2658260255631128,0.004910815618021937,0.0008713025913239034,0.014701524592020215,0.0003386222930848611,0.975636223652557,0.0023555134573010933,4.658147525065092e-06,31.501804121909313,0.11995870586226667,0.2454145710511141,0.5,0.2916666666666667,0.0416666666666666,0.1666666666666666,83.09798185941042,24,270,3.2483156881616937,414,4.98075072184793," Homes burglarized by Chilean gang members who they call they call them the dinnertime bandits because actually they were they were smart enough to know not to break into Arizonans homes while they're there because they may not make it out of that home.  That's exactly what's happening here.  Venezuela.  But they waited until mom left to go to the grocery store to pick up groceries,  and they break into our homes.  And they're breaking into some real fancy homes in Paradise Valley and Mesa,  all over the state, all over Maricopa County.  He has emptied out his prisons and sent the most dangerous human beings in the whole world.  and they're robbing us blind.  It's evil until our amazing men and women in law enforcement put an end to it.  Hundreds of men.  criminals that have been let out of prisons in other countries. Imagine the most hardcore  criminals we have in our prisons. We got some pretty hardcore prisons here. Imagine if we  took all of the most hardcore criminals we had and deposited them into another country.  As much as I despise Maduro and I despise the communism that's taken over,  into our country to walk our streets.  And Ruben Gallego and Kamala Harris and Joe Biden,  if he even knows what's going on,  has given it the thumbs up and welcomed these people in.  We have...  President Trump would have never let that happen.  And it's being allowed to happen by people like Ruben Gallego and Kamala Harris,  who opened up our borders and allowed these people in.  President Trump would have never let that happen.",L,F
2024-09-14_06-12-58_UTC_Kari_Lake_C_4xZsRKiYY,2024/9/14,Kari Lake,C_4xZsRKiYY,0.8124939189471019,-0.25772160769230074,184.40445305113542,740.3883236500513,2062.331441713438,-0.051630476499570144,0.6443974098339899,-0.1901201168014268,0.007354370199098509,0.0015234047976561812,0.0002761171954911425,0.07937599814129218,0.9012091382927866,0.001814863627327754,3.1530571450694125e-06,19.039332234399307,0.09164343384525482,0.27857971626284944,0.4545454545454545,0.1363636363636363,0.1363636363636363,0.2727272727272727,71.08,22,267,3.75633089476646,380,5.346088913899831," They're so afraid of what could happen.  Ruben Gallego wants to take qualified immunity away.  you put that vest on, you step out and you protect us.  And you don't know what's coming up, what person you're going to pull over,  what's going to happen.  And we appreciate your bravery and courage every day.  I want you to know that I will fight to protect qualified immunity.  I think you heard one of our previous speakers mention that Ruben Gallego  wants to get rid of qualified immunity.  Basically what that means is when an officer goes out there and is trying to protect us,  and it's in a moment where it's life or death.  And what's happening right now with law enforcement is that many of our men and women in law enforcement  are afraid to take their gun out of their holster when they should be actually shooting.  He's going to have to think and triple think and double think and wonder if he can even take his gun out of his holster to try to protect his life.  Because if he makes a mistake.  I want to make sure we strengthen it and make sure that no city or municipality can ever take that protection away from police, ever.  That is absolutely shocking,  that he would want to take that protection away from you.  I think you guys all know what that means, but for people who are not involved in the world of law enforcement,  His life is ruined.  His family's life is ruined.  They take every single penny he's got and he's destroyed.",L,F
2024-09-14_06-15-49_UTC_Kari_Lake_C_4xuuCNZbC,2024/9/14,Kari Lake,C_4xuuCNZbC,0.8069287162367365,-0.2455153345145643,185.80031119373004,784.4666597886662,2084.357287235084,-0.08577993897790342,0.6265847574260447,-0.2725453314520773,0.023488247755628064,0.018007570979844813,0.013479973419700439,0.04448953937721545,0.7983367799661314,0.09496250026703847,2.519489653434754e-06,23.079488725492425,0.12905457862002961,0.2991950769606038,0.6060606060606061,0.2424242424242424,0.0303030303030303,0.1212121212121212,97.63897959183672,33,365,3.736691236691237,497,5.088042588042589," and leave wives without a husband to raise those children.  scum of the earth who shouldn't even be walking the streets he should be locked up already  I actually want to look at you guys because I know the, I can't even imagine the worry.  I want to take a moment to thank the folks who know and love somebody in law enforcement.  Whether it's your husband, your wife, your child, your mom, maybe it's your dad or your brother or sister,  you worry every single day and every single time your loved one goes out to work,  you have to worry and wonder what...  took a hero from us and nearly took two heroes from us.  and we're sick to death of it.  to shoot at our officers and leave children without a father.  Thank God every night they come home, every shift they come home from.  So I want to let you know that we are praying for you as well.  You're in our hearts as well.  And when they do come home, do you breathe a little sigh of relief?  Zane Coolidge was shot in the line of duty.  His partner survived a career criminal.  We've just simply lost too many heroes.  We never forget them.  We never forget their sacrifice.  We're sick to death of these criminals walking the street,  running around, being free out there.  kind of sacrifice they'll make and you  When your husband comes home, when your brother comes home, you just say, especially in the  world we're living in now, which is so dangerous, you just breathe a sigh of relief and then  you can finally sleep again.  Unfortunately, though, not everybody gets that sigh of relief too often.  Our communities are struck with immense pain and heartache like we have been when our heroes are fallen in the line of duty.  And we lost a member of law enforcement this week.  and throw away the key.  took a hero from us literally, I hate to say this, but I don't hate to say it.  We're sick and tired of it.  We're ready for a big change.  How many of you want to lock these criminals up?",L,F
2024-09-14_06-18-23_UTC_Kari_Lake_C_4yBhWtlxX,2024/9/14,Kari Lake,C_4yBhWtlxX,0.8160543530521402,-0.23952647567708013,186.3123358235355,801.437330071305,2046.0091563335684,-0.048296923832742145,0.6419370752481784,-0.17654405598705972,0.014807403502133597,0.01462391952912905,0.009250193915377108,0.005566964060923098,0.9174570341387558,0.0060711579677417415,2.79893767560472e-05,26.356691619974615,0.1412161050446311,0.2180833432693526,0.7333333333333333,0.0333333333333333,0.0666666666666666,0.1666666666666666,87.84,30,304,3.460837887067396,460,5.236794171220401," And I know President Trump won't stand for it either.  In the last couple weeks wrote a strongly worded letter feigning concern over the issue of the DOJ trying to take over our local police department.  Simply because an election, as many of you know, is just a couple of months away.  I know that as many of you know, our Phoenix Police Department is under attack by a weaponized DOJ.  The lies.  We understand what's going on.  No one's falling for it.  We understand what's happening.  We've all seen your commercials.  You're not that good of an actor, frankly.  He's got to work on his acting skills, frankly.  Sheriff Joe, you know what I'm talking about.  They came after you.  They came after your department.  They're attempting to impose a consent decree,  which is nothing short of a federal takeover of our local law enforcement.  After sitting by for years, by the way, let me remind you, Ruben Gallego has been in Congress  for 10 years.  He's done zero to support our police, but he's done a whole lot of things to undermine  our police.  He's done nothing to help.  My opponent, Ruben Gallego, finally...  We don't want our Maricopa County Sheriff's Office, our Phoenix PD, being run by the federal government.  We want the federal government out of our lives and out of our law enforcement.  So in the U.S. Senate, not only will I do everything in my power to stop this DOJ takeover of Phoenix,  but I will end the consent decree that is currently having a debilitating impact on the Maricopa County Sheriff's Office.  I will not stand for that.  Ruben, I don't know if you're out there and if you're listening,  but if you truly cared about our police, you would have done this years ago.  Save us.",L,F
2024-09-15_13-01-11_UTC_Colin_Allred_C_8E6e6IDVY,2024/9/15,Colin Allred,C_8E6e6IDVY,0.7775604986071937,-0.16286482196874208,116.07283145648388,823.6845746453623,1961.8817347119202,-0.0077634221286777315,0.6480847992901089,0.0723944210163264,3.896585835458232e-06,0.01355946623322088,2.712390088230952e-06,0.00013431139962131423,0.9862786263784581,1.996004668484451e-05,3.4937399806452565e-07,35.50108540502572,0.16893685537995412,0.15950812971813771,0.1,0.3,0.2,0.4,42.26,10,151,3.5731187884524376,264,6.247042120208235," Texas, Colin Allred here. This month is National Hispanic Heritage Month. We know that in Texas,  diversity is our strength, and the cultural fabric of our state is as colorful as it is wide. Our  Hispanic and Latino communities make up an incredibly large and important part of who we  are as Texans. From the immigrant families who are just joining our community, to the folks whose  lineage goes back to before our state was a state, Texas' diverse Hispanic and Latino communities  enrich every corner of our great state. That's why I'm so dedicated to supporting them and ensuring  that every Texan has the opportunity to chase their version of the American dream. So as we  begin Hispanic Heritage Month, let's take a minute to honor the countless contributions Latinos have  made to Texas and to our country. Hispanic heritage is Texas heritage. We should celebrate it every  single day.",L,M
2024-09-15_16-14-19_UTC_Eric_Hovde_C_8a_rbuQPu,2024/9/15,Eric Hovde,C_8a_rbuQPu,0.8981730216450429,-0.39477381613584306,241.4915386644061,694.904690614413,1688.7707685049297,0.23142648481418723,0.6821545554222765,-0.030241541588978238,0.4368689572976233,0.0001162159495741611,0.00015585356671874375,0.102634737994653,0.4591607321734609,0.00043979406831941027,1.4397481514163448e-05,31.75122815410176,0.19179376692820924,0.25845405715718034,0.2,0.2,0.3,0.3,16.34,10,54,3.304773561811506,75,4.589963280293759," Big game today.  Packers playing Indianapolis.  We were just at the Badger game yesterday.  Unfortunately, that didn't work out too well.  But let's hope the Packers bring us a victory.  I don't think Love is playing.  But DS, step up.  And we're going to have to run the ball.  All right.  Go, Pack, go.",L,M
2024-09-16_05-49-03_UTC_Kari_Lake_C_94PuUxtI7,2024/9/16,Kari Lake,C_94PuUxtI7,0.8135512752231864,-0.29667950373728713,176.94668994882866,894.5457438862718,2149.598743366974,-0.05884901869890075,0.6444570896876084,-0.26615278348014243,0.04276055192799275,0.011950337293738763,0.0018783966744576135,0.0024306440945581183,0.8877782518232942,0.0020999941091514626,1.527888175265276e-06,17.961824074990876,0.11029183900466466,0.27081786738617125,0.6428571428571429,0.2142857142857142,0.0714285714285714,0.0714285714285714,57.62,14,170,2.9503644567858385,261,4.529677195418258," Four indictments, now two assassination attempts.  And Trump is stronger than ever.  positivity that has now been perverted by  I walked away from a 30-year career as a fair and honest journalist because I was unwilling to push this kind of dangerous garbage propaganda that is leading to people being hurt, people like President Trump.  And I'm calling on more reporters out there and honest journalists to do the same and just walk away.  It's the sick mainstream media that's pushing this hatred.  It's a character assassination of President Trump.  It's a smear campaign that is causing people like the guy they caught today trying to kill President Trump to respond and behave in the way that he did.  But it's really important that we remember this did not start with President Trump.  Remember Steve Scalise and Rand Paul?  This is not just about President Trump.  It's about a movement, his movement, a movement of peace and common sense.  I just think, you know, two impeachments.  Frankly, the propaganda press.",L,F
2024-09-16_05-55-14_UTC_Kari_Lake_C_944HqRaRK,2024/9/16,Kari Lake,C_944HqRaRK,0.8144310135092422,-0.2838151551937588,238.93879091509274,1026.4515030418695,2443.605804126809,0.05644478158788811,0.6699076949422367,-0.08180310771223433,0.03920858876230317,0.018877218428342654,0.00275282668130558,0.12982555575906313,0.7367804903467473,0.014521919673698154,0.00010737207155027867,58.6230072748425,0.15962187932508112,0.2990745023667297,0.52,0.08,0.12,0.28,86.56,25,251,2.8997227356746764,345,3.9856746765249538," I don't know if you heard the stats, by the way, that came out just today.  If the top ten cities in America with the fastest growing rent prices...  That's unattainable right now.  Three of them are here in Arizona, and Tucson has had it the worst in all of Arizona.  Tucson, Phoenix, and Mesa, we can't afford to rent an apartment.  We can't afford to live anymore with these Democrats like Ruben Gallego.  I'm sure they love it when I call them my babies, but they are.  And let's vote for Donald J. Trump for president and Carrie Lake for US Senate, Tucson.  We love you.  God bless you.  God bless State 48.  Hasta la vista to Kamala.  Let's say adios to Ruben.  So I told my kids this story the other day.  I said, I moved here 30 years ago,  and 30 years ago I bought a house for $88,000 in Phoenix,  a three-bedroom, two-bath house, backyard, two-car garage on a cul-de-sac.  My house payment was $675.  And the only way we're going to say that is to vote these inept, unqualified fools out of office.  Let's say...  Their Inflation Reduction Act has created inflation that's the worst I've ever seen it in my 56 years.  How about you guys?  and Joe Biden and Kamala Harris.  I tell them that when I moved here 30 years ago to Phoenix.  tell my kiddos, I call my kids babies still, but they're 19 and 21. Anybody else do that with their",L,F
2024-09-16_05-57-41_UTC_Kari_Lake_C_95IUhx0di,2024/9/16,Kari Lake,C_95IUhx0di,0.8299687124277261,-0.18598420377638408,237.0500625023767,1034.5199819408776,2524.682626947073,0.09884166224479485,0.6917537692510813,-0.06642646211077,0.06874027301812029,0.009080005389272172,0.038600053598816735,0.10366098563970429,0.6935862010656103,0.0221159370808164,8.528562070377802e-05,26.51008742700876,0.16509331570082758,0.3609907249572879,0.7083333333333334,0.0,0.0833333333333333,0.2083333333333333,87.86,24,289,3.289323924425222,402,4.575460960619167," And sadly, it's one of those cases where you can see what bad leadership brings you.  A town that is surrounded by beauty, full of hardworking, incredible people, with horrible city leadership.  And the hardworking people of Tucson are sick and tired of it.  Hey, listen, I'm not giving up on a single blue state or blue city  because I think every American wants peace and prosperity.  This town is so ripe for success that I can feel it in the air every time I come down here.  I can feel it.  Tucson is tired of the crime and tired of the homeless crisis.  The hardworking people of Tucson who pay their taxes are sick of the quality of life going down.  Tucson is tired of being put on the back burner.  They've got boarded up buildings.  That's right.  It's bad.  They've got boarded up buildings, boarded up businesses, and every block for miles looks  like a scene out of The Walking Dead.  You know, I love Tucson so much, I see the potential here, that we moved our headquarters down here.  They want to be able to enjoy this beauty.  They want to be able to enjoy their beautiful parks,  be able to walk and take bicycle rides through the streets of this great city,  the old Pueblo, and not be worried about what could happen to them.  And we're going to get that change that we need on November 5th  when we vote for President Donald J. Trump and Carrie Lake for U.S. Senate.  been saying for the longest time, Tucson is ready for a change and that change is Donald J. Trump.  The hardworking people of Tucson who pay their taxes are sick of the crime.",L,F
2024-09-16_16-17-10_UTC_Colin_Allred_C__AJnnt87J,2024/9/16,Colin Allred,C__AJnnt87J,0.7361047619679144,-0.1801761557233524,146.5942757680326,739.9958867165892,1887.174445699814,0.11602190027371312,0.6934184510267379,-0.3249231729759489,0.04527508926129431,0.031426361628716856,0.0009697484544831537,0.0035586521388368455,0.9064431558318317,0.0018555386225094863,0.0010663518083050406,20.31184696207316,0.10904081921067707,0.20958229963264094,0.7,0.1,0.0,0.2,18.7,10,81,4.331550802139037,108,5.775401069518716," I get it. No pain, no gain.  I'm fighting for Texas.  I approve this message.  He wants to raise the retirement age for hardworking Texans who depend on Social Security and Medicare.  Because Ted Cruz only cares about Ted Cruz.  What's Ted Cruz fought for?  How was Captain at Baylor?  This is the guy who fled to Cancun while Texans were stuck at home freezing.  Now that hurts.  I've got a plate and two screws in my neck to prove it.",L,M
2024-09-17_12-36-19_UTC_Dave_McCormick_DABLhEDOrf2,2024/9/17,Dave McCormick,DABLhEDOrf2,0.8814244191494254,-0.18016685613955571,149.2988965329772,653.3377089628881,1851.7044372683063,0.13327508179505643,0.6857608897126437,0.10884117546909568,0.5276893211684046,0.013499829977226657,0.0005482192472391085,0.001992423394862021,0.44627985468326453,0.001221615171876478,0.0021657304412221303,11.016113214737526,0.040490434520992255,0.28191561596326675,0.25,0.0,0.25,0.5,3.48,4,15,4.310344827586206,19,5.459770114942528, And Bob Casey stands with her.  He's weak.  I'm Dave McCormick.  I stand with police.,W,M
2024-09-17_12-50-31_UTC_Sherrod_Brown_DABNSrUp15M,2024/9/17,Sherrod Brown,DABNSrUp15M,0.755741537791806,-0.20102671943453437,150.48089370672335,745.1457595080975,1839.90626037432,-0.2148261533355942,0.5498585303207979,-0.034572392612960835,0.006624894280743321,0.009062608365205222,0.00030056318722107713,0.033292021786354965,0.9454600085979564,0.002179464442322041,0.0005307056061369665,25.100184528855426,0.09064465982540075,0.17693269904709924,0.1666666666666666,0.1111111111111111,0.3333333333333333,0.3888888888888889,38.57798185941043,18,142,3.6654620547238,207,5.343314403717088," When I was still House Secretary of State, I was always interested in  in making sure elections were fair and honest, of course,  but also encouraging more people to vote,  especially young people.  And when I was Secretary of State,  I called the McDonald's Corporation.  I asked them to print voter registration forms  on their tray liners.  So if you go to McDonald's in those days,  and you could put the piece of paper on your plastic tray  when you were getting food,  could fill out the voter registration form  and send it in to the Secretary of State  or to your local board of elections.  And in those days, you could, five or 10 years later,  you could see your voter registration form.  It might have ketchup stains or might have mustard stains,  but it counted and thousands of people registered.",L,M
2024-09-17_16-06-47_UTC_Ted_Cruz_DABjsWsxoaN,2024/9/17,Ted Cruz,DABjsWsxoaN,0.8291901541797733,-0.18945283300471655,142.91585763600506,725.6117888303485,2047.5633683969647,0.0566355026837975,0.6933397831346437,-0.1875449596853302,0.04925786874388576,0.001226882150609054,5.835670868864921e-05,0.008919331691240599,0.9366885006324204,0.00023557346315978804,1.2100986329262303e-05,16.818582047436692,0.11518017357766902,0.227102378047222,0.358974358974359,0.3846153846153846,0.0,0.2564102564102564,131.88795918367347,39,384,2.8920018075011296,586,4.4133152583220365," Does this keep happening?  And, you know, one of the things the sheriff said there.  If Kamala Harris had said she'd stand up and say, I want to win at the ballot box.  I don't want my opponent murdered.  We need to make sure he has the protection he needs.  I don't think she'll do that.  But the question to ask is how on earth...  he will instantly get full presidential Secret Service protection on Election Day.  Given that fact and given the threats and the failures we have seen,  the only reasonable and rational thing to do is assign President Trump right now a full presidential detail.  That includes the perimeter coverage so that you can't get a sniper that close.  And if Joe Biden doesn't do it, and by the way,  Two attempted assassinations in 64 days.  Two failures by Secret Service for having woefully insufficient personnel.  And they demonstrated great heroism in the moment.  In this instance, the early reports are that a Secret Service agent spotted the sniper rifle in the bushes, in the shrubbery.  And there may have been gunfire exchange.  We don't know the exact details right now.  But their intervention prevented.  The reason that there was not...  Order the Secret Service to give Donald Trump full presidential protection right now.  but it would be unquestionably the right thing for her to do.  He said that...  to today  In Butler, Pennsylvania, the ones immediately surrounding him, when the shots were fired,  they leapt up, they put their bodies in harm's way.  They got President Trump out of harm's way after he had been shot.  As with Butler, Pennsylvania, I want to praise the individual Secret Service agents who are protecting Donald Trump.  that sniper presumably from getting a clean shot and possibly murdering President Trump.  If Kamala Harris had any sense at all, she would join in the call to do this.  was because Trump is no longer the sitting president.  And as a result, the Secret Service has given him dramatically scaled down protection  to what they would have given him if he is the president.  Ben, I am right now calling.  that is important.  complete perimeter protection.  who is theoretically still the commander-in-chief.  President Trump wins in November, less than two months away.  On Joe Biden.",W,M
2024-09-17_17-58-27_UTC_Ted_Cruz_DABwaEePjUG,2024/9/17,Ted Cruz,DABwaEePjUG,0.8138898807302323,-0.2670468307198393,164.38793440207863,675.8219326868779,1837.3919587977473,0.1858365653662095,0.7408730831068845,-0.3379712705050823,0.08853400341868652,0.0023411660999819216,0.0012640581734104153,0.020226727828930053,0.8756202520185844,0.005158390063037791,2.11598159987587e-05,27.703157882922525,0.20529138680455472,0.24896129199683625,0.5384615384615384,0.1318681318681318,0.0659340659340659,0.2637362637362637,305.69891156462586,91,877,2.816494315627208,1466,4.708073736270794," and over millennia it has manifested in violence, mass murder.  across the United States and across the world, but especially on college campuses.  Every Republican member of this committee asked the chairman to hold a hearing on anti-Semitism in February.  And yet we don't get a hearing on anti-Semitism.  We get a hearing generically on hate because this administration, and this is the kind of anger and hate that is encouraged.  You're now seeing the hate manifesting right here.  Interestingly enough, what...  A direct reference to and a glorification of Hamas terrorists that used gliders to descend upon a music festival and murder 260 innocent people.  the granddaughter of Holocaust survivors, was told  in the united states  explode.  That's what happened when you enforced the law.  But when it comes to anti-Semitism, the Democrats have a problem.  I would note, this is occurring in blue states with blue governors  because the Democrat Party is terrified of the pro-Hamas wing of their party.  In states like Texas and Florida, we don't allow this.  At the University of Texas, when violent protesters threatened Jewish students,  police officers arrived and arrested them.  women and girls were raped.  since the Holocaust.  In the aftermath of October 7th, one student made vile threats, including statements such as,  if I see a pig male Jew, I will stab you and slit your throat. If I see another pig  female Jew, I will drag you away and rape you and throw you off a cliff.  circulated a flyer calling for a quote day of resistance in celebration of October 7th.  You will note.  on the flyer is an image of a person parachuting with a fan attached.  we have seen anti-Semitism.  have become vile.  of hatred of Jews.  October 7th was one of the darkest days in human history when terrorists murdered over  1,200 Israelis.  a student organization at California State University, Long Beach.  held up a handwritten sign saying Al-Qassam's next target.  Al-Qassam is the military arm of Hamas.  that the Orthodox rabbi on campus, Rabbi L.A. Buechler,  As the ADL has illustrated, from 2022 to 2023, the number of anti-Semitic incidents  And the MIT president has said that she would not discipline the students making those threats  because if she did, they risk losing their visas and being deported.  but she has been taught lies and hatred, and she feels perfectly comfortable  advocating the murder of her fellow students at Columbia.  in the wake of October 7th.  It was the single largest mass murder of Jews.  Anti-Semitism is a unique, historic form of evil.  and took 251 hostages.  They have not indicted anyone.  at Columbia University the situation got so bad.  They have not indicted anyone.  Has any university had their funding cut off for allowing this sort of violent intimidation?  Not a single university.  I can tell you this, next year, if there is a Republican majority on this committee, you  will see real leadership, and next year, if there's a Republican administration, you will  see people prosecuted for this sort of violence.  This is being tolerated with the looking away, the blind eye being turned from this administration  and this Department of Justice, and it is utterly disgraceful, and under Title VI, any  university that allows this should have their funding cut off.  Columbia University's public safety cannot guarantee Jewish students' safety in the face  of extreme anti-Semitism and anarchy.  but college campuses in particular.  throughout all of this.  At MIT, students have reported they feel unsafe to go to class.  According to social media,  at Cornell University.  at the University of Washington.  The rabbi had every reason to be concerned.  At Columbia's campus, individuals yelled,  We love Hamas. We're all Hamas. Long live Hamas.  when Jewish students were engaged  Another student wearing a mask because these protesters are oh so brave they almost always cover their face.  and take many more hostages.  had to make this public statement.  Rabbi Goldfeder, let me ask you, has the Biden administration cut off the funding of any of the colleges that have allowed this hate?  Have they indicted anyone for funding these violent protested protests?  Have they indicted the people paying for the matching tents?  Or have they sat there silently and at the university sat there silently while their students are terrified to go to class?  It deeply pains me to say that I would strongly recommend you return home.  This was directed to Jewish students as soon as possible and remain home.  incubators.  if the clan were on college campuses terrorizing african-american students  threatening african-american students that we would see the fbi there  that we would see prosecutors there that we would see federal funding cut off to  universities of course we would and we should  This particular student is a wealthy student from Georgia.  She's not Palestinian.  in displaying the American flag and the Israeli flag.  The Biden-Harris administration has been utterly absent.  Does anyone doubt?  that she was called names, she was spit at, she was laughed at, she said she no longer  felt safe on campus, and she was told to go back to the gas chambers.  So we now have a demonstration of anti-Semitism.  We have a demonstration of the hate.  this is sick and horrific",W,M
2024-09-17_21-25-36_UTC_Bob_Casey_DACIPYDiSh9,2024/9/17,Bob Casey,DACIPYDiSh9,0.9540993311022304,-0.19791208429185872,168.9522906738972,637.6896800002819,1637.3573230851002,0.2663954937766758,0.6796732532899628,0.30275184497018887,0.02174497041994272,0.007608207464821452,0.00014073407114846654,0.30152987319473346,0.5976575712285319,0.006090160798867174,0.06034260417430524,36.21176229635097,0.24173227343230225,0.2759043306774265,0.25,0.375,0.0,0.375,10.76,8,37,3.4386617100371746,47,4.368029739776952," Oh my God.  Four and two.  Thank you.  That's not what I was going to say.  They keep us...  Yeah, you were 1980.  How are you?  Sure. Yeah. Sharon Steele. Mercer County. I can hear Western Pennsylvania.",L,M
2024-09-18_16-42-15_UTC_Dave_McCormick_DAEMgCZOAE8,2024/9/18,Dave McCormick,DAEMgCZOAE8,0.7711063918656145,-0.18868554927611786,139.70475312417608,655.2256515390065,1813.4968329927697,0.16938597446673553,0.7041710564801528,-0.015828816994764683,0.0016790955392763543,0.0029345148519696047,0.0008438374591981428,0.08163580599559227,0.769578182301072,0.0005454156123518532,2.6279964352598485e-05,7.496309655623102,0.11798747309851662,0.25692614334115743,0.4,0.2,0.0,0.4,41.82,5,153,3.6585365853658542,212,5.069344811095171," Listen, I'm a challenger. I'm an underdog. But the reason the race is closing and closing so dramatically is because Senator Casey has been such a weak leader and has really gotten out of step with Pennsylvania.  But Bob Casey went to the Senate to change Washington and Washington changed Bob Casey. He's out of step. And people are seeing that what I need to do is just get my message out there.  The more people get exposed to me and Bob Casey, the more they're going to see that that I can bring some real leadership, some independent leadership to Pennsylvania.  And God knows in this moment we need it. And Pennsylvanians feel the need for change.  And what I say on the campaign trail is if you like the status quo, vote for Bob Casey. If you want change, I'm your guy and be honored to get to get your vote.",W,M
2024-09-18_19-58-58_UTC_Elissa_Slotkin_DAEi7nKBNkI,2024/9/18,Elissa Slotkin,DAEi7nKBNkI,0.8813007517864078,-0.2825488296527307,231.9911599057612,902.9477077757114,2307.4354362355275,0.31396046807963013,0.7434726506019417,0.2933644543538133,0.19636891293321587,0.003496408923709358,0.00010397741360770269,0.166757533189189,0.617418852679276,3.6998360689555996e-05,7.519434077251475e-06,13.512752597020182,0.08823127114494922,0.37012254785273013,0.2727272727272727,0.0909090909090909,0.0909090909090909,0.5454545454545454,20.6,11,84,4.077669902912621,137,6.650485436893203," Yeah, we're at the 127-496 interchange.  We're redoing four miles of road.  It's going to be amazing, huge development in our community.  We're really excited to be here with all our union members.  Not only that, but the materials that are being used, our union materials.  So something that's going to have an impact now and long into the future.  It's really awesome.  Once in a generation investment.  We see it moving.  We see the dirt being shoveled.  We're really thrilled to be here.",W,F
2024-09-18_22-01-39_UTC_Colin_Allred_DAExJonpB7l,2024/9/18,Colin Allred,DAExJonpB7l,0.8449710133476483,-0.2611424451225374,108.2329337319196,563.6338204155436,1571.8344246161685,-0.31263591338989,0.5572085152760737,-0.12762911795218201,0.00045989318603611756,0.002104811352049256,0.0010096691906612346,0.0008836464547557771,0.9453914984603602,0.010917794276617297,0.00010000220216833533,9.442005811854125,0.025452062467929824,0.2064860096266947,0.2,0.8,0.0,0.0,19.56,5,73,3.732106339468303,99,5.061349693251534," There are folks in the Congress who are trying to work across the aisle, who are trying to  get things done, who are trying to advance causes for the people we represent.  And then there are folks like Ted Cruz, who no matter how reasonable the effort is, who  no matter how productive the policy discussion could be, will never be a part of it, because  that's not what he's there to do.",L,M
2024-09-19_02-33-49_UTC_Ted_Cruz_DAFQQy2APJ-,2024/9/19,Ted Cruz,DAFQQy2APJ-,0.7944269289770266,-0.27220651493514764,148.70035585996635,640.2614777497649,1752.2525440988834,0.2525932090444354,0.7439591828555153,-0.1388400985720525,0.054992564533372805,0.0015467243440862547,0.0001039495282993177,0.005118017077908063,0.9296479612508075,0.0001541980971788223,4.755999923444069e-06,18.36172215250786,0.14794645485731428,0.2878637512929094,0.25,0.2,0.15,0.4,105.34,20,312,2.961837858363394,483,4.585152838427947," Well, Sean, you're exactly right. The hard left is coming after me and they're coming after me  hard. My opponent, Colin Allred, is a radical left-wing congressman. He's voted with Nancy  Pelosi his first four years in the House. He voted with Pelosi 100 percent of the time.  He's voted for open borders repeatedly. He's voted to abolish the police and defund the police. He's  voted against ICE. He's voted against deporting illegal aliens who violently assault police  officers. He's voted for higher taxes, more spending. He's voted against oil and gas  and jobs in Texas. And yet money is flooding into the race. I am being outspent dramatically. He's  been on TV for three months straight. I just went on TV two weeks ago. And you could see why  if you look at the DNC convention, when he spoke at the DNC convention, at the end of his remarks,  the entire stadium spontaneously began chanting, beat Ted Cruz.  I was the white man.  only elected official who got that particular honor. I got to tell you, Sean, I feel pretty  proud of that because the people trying to destroy America, they're pissed off that I'm  standing in their way, but they're flooding cash in my race. Liz Cheney, who is out campaigning  for Kamala Harris, is campaigning for my opponent too. And the money is flowing in. So I need your  listeners to go to TedCruz.org, TedCruz.org, go and make a contribution of 25 or 50 or 100 bucks  or maybe even more, but go to TedCruz.org right now because Chuck Schumer is explicit. I'm his  number one target in the country and Schumer and Soros and Liz Cheney, they are coming after me  because they want to take out their opposition in the Senate and they want to have open borders.  They want to continue the destruction of our country.",W,M
2024-09-19_14-38-00_UTC_Elissa_Slotkin_DAGjLjBgOmG,2024/9/19,Elissa Slotkin,DAGjLjBgOmG,0.9070167473740363,-0.2393784801917972,212.8338900698368,795.4027325578512,2084.5709095781435,0.08245935179624267,0.6877457386138489,-0.100023398940591,0.03887626746077142,0.02263537507998056,0.02473151220266274,0.006329233915261126,0.7392758428737755,0.0016599966511414638,0.13696580283754733,30.1644983482434,0.16990371643445248,0.21679098885842354,0.5555555555555556,0.1666666666666666,0.0555555555555555,0.2222222222222222,47.48396825396826,18,147,3.079178885630499,210,4.398826979472141," So please have one or two uncomfortable conversations carefully.  Colleagues and friends are willing to have a conversation.  we have a window we haven't had a window in a in a bunch of years we have a window where those  uh... volunteering  talking to people, and the hardest thing,  have those conversations with people  who don't share your political views  for the first time in a few years.  If we work, we win.  And I know that people say that at events.  I am not kidding.  And it's hard, but there's nothing more effective than having a friend or a colleague actually  engage you on issues that are important to you.  but with purpose, because if we don't do that,  it's not gonna happen.  Our independent voter friends are still getting to know  Kamala Harris, and it's our job to help fill in  some of those gaps.",W,F
2024-09-19_15-45-54_UTC_Colin_Allred_DAGq8uKJ_Pi,2024/9/19,Colin Allred,DAGq8uKJ_Pi,0.786150598022607,-0.4419286314858561,123.43084811659988,615.1796694502054,1608.7014710286512,-0.22948556691630856,0.5787479711207311,-0.1470920546758768,4.029132001492037e-05,8.476970336950958e-05,3.739124419774014e-05,0.0627749879848847,0.9363668166376925,8.492069347768255e-05,2.847409432518264e-06,27.381119777633522,0.0893880365360927,0.23419537875269844,0.2142857142857142,0.5,0.2857142857142857,0.0,41.58,14,177,4.256854256854257,245,5.892255892255892," We are having a very close election in which I'm running against Senator Cruz, of course,  but we're going to see a close election here that we see these stunts coming up.  And what I want Texans to do is to recognize what's happening, to not be intimidated,  and to say, if they're trying to stop me, why are they trying to stop me?  It must be because my vote is powerful.  I'm going to get out and I'm going to use it.  And this is something that I really want Texans to think about.  We want to make it so that every eligible voter can make their voice heard in their democracy.  That should be our goal.  And what Attorney General Paxton is doing, it flies in the face of our great history as Texans,  but also in the fundamentals of what our nation was founded on.  And we can't let this work.  We have to recognize what it is and we have to call it out.  I think it's outrageous. I think it's deeply un-American.",L,M
2024-09-19_16-33-47_UTC_Dave_McCormick_DAGwUxwut40,2024/9/19,Dave McCormick,DAGwUxwut40,0.6832982485945178,-0.1615709973946354,131.2147743904841,694.2386317663133,1916.0238693857125,-0.3376526379848798,0.5373601772069942,-0.11407564264181846,0.00038930887533695477,0.0023899430013361355,0.011449431489848588,0.06303469093710225,0.8137928404126916,0.007297436379561918,1.8030358348773748e-06,21.324927741558803,0.1511758754593335,0.2864671342280997,0.1818181818181818,0.6363636363636364,0.0909090909090909,0.0909090909090909,42.32,11,149,3.5207939508506616,204,4.8204158790170135," You know, they drill into you these concepts of duty on a country.  People throw those off quickly, but I think that was it.  I think this notion that there's this whole institution, I mean the military, West Point being part of it,  that the entire purpose is to have people defend America, that the whole thing is about selflessness.  The idea that leadership, which isn't what you think about when you read the books, leadership isn't about you.  It's about service to others.  Those were the concepts, and it got drilled into your head both by what you were taught,  but also by the example that you'd see in others.  I think it was fundamental.  I'm so grateful I had a chance to do it.  I don't think I had that concept of service to others embedded in me the way it came through after four years there.",W,M
2024-09-19_16-54-05_UTC_Mike_Rogers_DAGyu5YvycR,2024/9/19,Mike Rogers,DAGyu5YvycR,0.7792985509484376,-0.3982946584932507,125.65425850489812,665.8094462318874,1668.1812444023135,-0.08769209268208145,0.6441503258125001,-0.15126533727580935,1.4466669270972334e-12,8.068350350817478e-14,1.7261336778092818e-14,3.864367364180224e-12,1.0,6.474438356978313e-12,5.936116603706592e-13,7.579868358325827,0.083336646020327,0.15874345603763157,0.0,0.6666666666666666,0.0,0.3333333333333333,12.8,3,46,3.59375,75,5.859375," I'm Mike Rogers. I know that a decision about a pregnancy is one of the most difficult and personal decisions a woman will make.  Michigan voters have already decided the issue, and I respect that decision.  In the Senate, I won't do anything to change it.",L,M
2024-09-19_18-38-46_UTC_Colin_Allred_DAG-vAAtIJi,2024/9/19,Colin Allred,DAG-vAAtIJi,0.8035157815853659,-0.15162415296773873,107.68032819129938,724.1882179835524,1846.4569372618619,-0.3594102632050795,0.524904225533101,-0.09809687528820317,0.00028851265733429083,0.0006394890196157228,6.267557499272052e-05,0.008819389155171699,0.9865454590279049,0.0006678215861340204,4.600019451612464e-05,30.89477950563532,0.12818754664623594,0.160295970076885,0.4,0.2,0.1,0.3,28.7,10,105,3.658536585365853,154,5.365853658536585," their country over their personal interests.  And I think that's what she's also motivating her to get involved in this Senate race,  that Ted Cruz was the architect in many ways of the effort in the Senate  to overturn the last American presidential election.  And there has to be consequences for that, and that makes you unfit for office,  and that's what Liz is saying.  and I respect her and I respect her because she did something that we see very rarely  in American politics.  It's my pudding.  Liz is a friend of mine and we serve together in the house and she's a patriot.",L,M
2024-09-19_19-10-38_UTC_Bob_Casey_DAHCZLItkZK,2024/9/19,Bob Casey,DAHCZLItkZK,0.8802677982846975,-0.1993565140855482,132.5029238632036,546.4544888574981,1712.9989286255275,-0.15119007234943266,0.5755608203914591,-0.012824395543059412,0.007008967369365909,0.02444674247998687,0.000489095458533416,0.022959041465132703,0.8944858985015083,0.007184218854375675,0.0317027059694768,15.39872312765321,0.1267529307761803,0.25824270498379204,0.375,0.25,0.125,0.25,11.24,8,44,3.9145907473309607,62,5.516014234875445, We're starting like this.  I think we can lean in and go.  Robert Fulton created the steamboat.  Pennsylvania guy.  I don't think this makes any sense.  It says he walks in and I imitate his voice.  I can't imitate his voice.  I can't ima-,L,M
2024-09-19_19-18-37_UTC_Mike_Rogers_DAHDBkGPufU,2024/9/19,Mike Rogers,DAHDBkGPufU,0.8344604872718702,-0.21593654278519786,113.2322788148785,581.083672072483,1636.7300946547068,-0.09911398610788953,0.6228774421878229,-0.10409284675936084,0.0007817367798581996,0.0026750157182311484,0.01941538599076728,0.016418591885478773,0.8840451984526785,0.005965297425174997,0.00033022560413113034,17.06145296028927,0.14533345563466812,0.21973028972744624,0.423728813559322,0.3389830508474576,0.1525423728813559,0.0847457627118644,181.78104308390024,59,648,3.5612222466476147,902,4.957133435919983," I don't know, but it's cost them.  I just got the Farm Bureau endorsement this week, which was pretty significant.  They haven't endorsed a Republican since 2006 for this seat.  Because we did talk to farmers, we are trying to understand exactly what's going on.  That regulatory environment that Washington, D.C. is putting on these farmers is going to put them out of business.  And now they're talking about increasing the estate tax.  What farmers care about is their kids and their grandkids.  And they want to be able to, A, produce enough food.  I hope they do make some money, by the way, so they can stay in business.  And they want to pass it on to their kids.  Democrats are saying you can't do that.  You're a terrible rich person.  140,000 farms have gone away, family farms.  We have 45,000 left in Michigan.  We're going to have to fight to keep those farms.  And we want to let them farm in the way that they can produce food.  I don't want to have my food come from out of the garden.  conference in 48 hours. What's up? I don't get it. And you know the scary part, he was  there for 12 hours. This has a bigger set of problems for the Secret Service. But the  conversation in America, they don't want to talk about the first one. They don't want  to talk about the second one. I just talked to a U.S. Senator last night who had their  house shot up, a Republican. Something's going on and I think they're afraid to talk about  it. They need to come out and set this record straight and their rhetoric must stop.  So you saw the autoworker for Trump just a little bit ago on your program.  That is completely different.  He's getting 65 and 70 percent of autoworkers saying they're going to vote for us.  We encounter that in the small manufacturing facilities that feed into the big UAW building  plants.  We have a million, over a million people building internal combustion engine parts and things  to build a car.  Those folks are starting to drift to a Republican because they see the problem and the damage  that the Democrats have done to the industry in the state.  It's 40 percent less labor.  If you just do a straight math problem, you have 1.1 million people building gas engine  cars.  You take 40 percent.  That's 400,000 manufacturing jobs out of the state of Michigan because of the EV mandates.  They're saying this is not for me.  So they're talking about.  Oh, absolutely.  This is a big issue.  Thank you.  We feel very, very good about it.  And that 80 percent, we're feeling it out in diners and other things that we do.  Matter of fact, we do a diner tour in Michigan.  I have found more common sense in the average Michigan diner than all the committee rooms back in Washington, D.C.  And they come up with some great ideas.  And here's the problems that they say, Dana, listen, this is broken.  And that's why I think you see that high number.  This is the first time in history, just within the last four years, because of the Democrats, we import more food than we export.  We have more foreign produced cars in America than domestic cars.  Your credit card debt has gone over a trillion dollars.  And the interest payment on our national debt is going to surpass Department of Defense.  And so I think people are ready for that change.  They want to get back to what works.  You know, EV mandates really disrupting American, not only American auto industry, but in Michigan, when the rest of the country gets a cold, we get pneumonia.  Do you have an answer for that?  I don't have an answer.  You mean you're talking about President Trump?",L,M
2024-09-19_22-14-41_UTC_Sherrod_Brown_DAHXaFLt3Dw,2024/9/19,Sherrod Brown,DAHXaFLt3Dw,0.8935252688798723,-0.16362316020985623,276.8697186707847,964.8587313738029,1901.9482072562962,0.6093220971637259,0.8044846181095363,0.057698058864564646,0.6961480141917005,0.00023968976012449632,0.00040725897169110407,0.2956475553093882,0.006842801308100834,0.0001708089873020439,0.0003846755724002397,66.5258096169036,0.21238334006513312,0.3177831766197565,0.3888888888888889,0.2222222222222222,0.1666666666666666,0.2222222222222222,27.67297052154195,19,110,3.9596832253419727,138,4.967602591792656," Yeah, you had those shirts.  Yeah.  UFCW.  Get this woman here.  You again? How'd you get over here so fast?  I followed the camera.  Why don't you all...  Yeah, but it doesn't show up.  They show up across the room.  Okay.  Tell them to wear your yellow shirt so those other shirts don't work.  So you need a yellow shirt.  Anybody else UFCW?  All the UFCW, get in here.  All right.  By selling the chocopie, like 10 people came.  There were about 10, except they had yellow shirts.  And now there are only two of you.  I was in Chillicothe and there were like 10 of you in these shirts.",L,M
2024-09-20_00-27-27_UTC_Eric_Hovde_DAHmo-COLGn,2024/9/20,Eric Hovde,DAHmo-COLGn,0.844625762542581,-0.32387374866305213,140.25213691279583,570.9665490396196,1640.0170090338063,-0.02493456414103767,0.6608016555608984,-0.009376829042821862,0.005679127412219095,0.00037609153231003915,6.94291437528315e-05,0.001755805549561895,0.9305969093164814,4.500627615580371e-06,0.016054236747548738,13.867163548107582,0.12646493197575592,0.33911436163637726,0.3076923076923077,0.1538461538461538,0.0769230769230769,0.4615384615384615,43.13598639455783,13,130,3.0134445989800653,179,4.14928140936486," And that this race, my race against her,  with somebody who cares deeply about our country.  talking about Senator Baldwin being one of the most vulnerable senators.  10, 15, 20, $100 or more.  is probably one of the most likely pickups based on three polls that have just come out,  all showing me within two to three points. So it's a jump ball race right now.  we can win this race and we can replace one of the most extreme liberal senators.  and restoring this great country we call home.  So if you wouldn't mind sending  Hey everyone, did you just see the recent article by Fox News that just got posted?  All right, appreciate your help.  Have a great night.  I can win if I can get your support.",L,M
2024-09-20_03-57-04_UTC_Colin_Allred_DAH-kcWMTTQ,2024/9/20,Colin Allred,DAH-kcWMTTQ,0.7721084512169313,-0.21345826831399178,148.12220261936267,681.3587977329855,1794.169313847332,-0.16334833068598237,0.6021711800680273,-0.030120951379609854,0.0015837290634287883,0.0009807781711835073,0.00013854981656010685,0.0032830125770817644,0.9887618214815563,0.00041918398492635293,8.99874117786781e-06,25.952666026596315,0.07899048992843516,0.15535091100074727,0.1666666666666666,0.5,0.1666666666666666,0.1666666666666666,26.46,6,119,4.497354497354497,156,5.895691609977323," was a poll today that actually showed me leading in the race, and we're going to beat Ted Cruz.  But polls only say so much. What we have to do in Texas is get folks out to vote. And so that's  why I hope folks will take Texas to 90678. Get involved in this campaign. Help us turn out  the vote in Texas, because that's been one of our challenges. And when we do, when we beat Ted Cruz,  it won't be a win for the Democratic Party or for just a candidate. It'll be a win for our state,  because we'll get a senator who cares about all of us instead of one who just cares about himself.",L,M
2024-09-20_16-09-58_UTC_Dave_McCormick_DAJSf1jO_np,2024/9/20,Dave McCormick,DAJSf1jO_np,0.7550396247175925,-0.21835904109671153,150.4081051990739,705.3291506394289,1857.1509077185733,0.05024962923703826,0.650176675949074,-0.11396128612383563,0.17125755931702757,4.084111760301475e-05,3.3991856769909385e-06,9.918337249712103e-05,0.7420642532801376,1.279897836818151e-05,0.08651428712625898,19.595725965431548,0.10697480625534192,0.12130064376095702,0.4,0.2,0.2,0.2,8.64,5,28,3.2407407407407405,49,5.671296296296296," Casey and Kamala, those two.  truck drivers, hardworking people like mechanics.  Even bartenders.  And what's Bob Casey say about Kamala?  I'm Dave McCormick and I approve this message.",W,M
2024-09-20_20-49-08_UTC_Kari_Lake_DAJydVuMpPC,2024/9/20,Kari Lake,DAJydVuMpPC,0.8190271800429577,-0.23309464626748794,174.94956007471686,1117.994376782796,2533.9794492899755,0.05808434555051011,0.7086481435281691,-0.2871936928148057,1.9245332590096883e-07,4.4544030129204534e-08,6.9133653380586e-09,4.507001622736188e-07,0.9999990177826142,6.550498521523467e-08,1.489415122005599e-09,9.968850283253268,0.07729630058964106,0.23429608466138677,0.5,0.3333333333333333,0.0,0.1666666666666666,28.4,6,98,3.4507042253521134,138,4.859154929577466," The lies about my stance on abortion are outrageous, so I want you to hear it from me.  I will not support a federal ban on abortion or support using your tax dollars to fund abortions.  This is a decision that's been handed back to the states, and I trust you to decide what the law is.  I vow as your senator to support the law, identify issues that drive a woman to seek an abortion,  and work to put forth policies to protect women who choose to have babies.  I'm Carrie Lake, and I approve this message.",L,F
2024-09-20_20-49-39_UTC_Ted_Cruz_DAJyftfywjb,2024/9/20,Ted Cruz,DAJyftfywjb,0.8484473975182218,-0.22570887911838197,142.78785476269832,675.0762191523679,1874.838956288357,0.15021352696269658,0.721454061492209,-0.13776773051428515,0.0008715126098834986,4.357252462232405e-05,0.005890130311045843,0.05804904139101646,0.935079580805008,8.154713297484297e-06,2.078527223250307e-06,11.755033112466279,0.12083312862255183,0.28842691749134564,0.3181818181818182,0.3181818181818182,0.0909090909090909,0.2727272727272727,77.53498866213152,22,233,3.0010303967027303,367,4.726944873776404," And the Democrats stood up and objected.  And they objected.  they wouldn't be able to launch those false attack ads.  So the Democrats objected and they're just playing games.  and making parents fear that IVF is in jeopardy.  I drafted legislation along with Katie Britt,  Senator from Alabama, the two of us did it together.  And Senator Britt and I went to the Senate floor.  We tried to pass our legislation.  That was a clear, unshakable federal protection in federal statutory law protecting IVF as your right that no state or local government could ban IVF.  that republicans want to take away idea that's a lot all one hundred senator  support idea and and if our legislation passed  because they don't want to protect IVF as a matter of federal law,  because their plan is, and they're doing it right now,  to spend millions and millions of dollars of TV ads falsely claiming.  Yeah, no, it's deeply cynical.  Listen, I strongly support IVF.  I think IVF, in vitro fertilization, is an incredible medical miracle.  It has enabled millions of men and women who want to become dads and moms to bring babies into the world, to hold a son, to hold a daughter.  Over 8 million babies in America have been born through IVF.  Two percent of all births in America come from IVF.  And yet Democrats and the corporate media are scaremongering.",W,M
2024-09-20_21-41-49_UTC_Dave_McCormick_DAJ4dOQuN9K,2024/9/20,Dave McCormick,DAJ4dOQuN9K,0.8503616056708859,-0.10765949042537544,174.5479017940121,760.6054448781804,2031.6559985626998,0.12202849895733271,0.7109515425316455,-0.15921976992707887,5.8177477280096915e-09,1.2426125596138954e-09,1.6027164085161806e-10,1.762566457062077e-09,0.9999999456767794,6.663436738812767e-08,3.4835080249346827e-10,1.2183017880492464,0.1222302640164565,0.12498559239821544,1.0,0.0,0.0,0.0,6.32,2,23,3.6392405063291138,38,6.012658227848101," our manufacturing communities, just like this one in Charleroi.  What I'm here to tell you is that because of weak leadership in Washington,",W,M
2024-09-20_23-01-38_UTC_Colin_Allred_DAKBmvKKsoz,2024/9/20,Colin Allred,DAKBmvKKsoz,0.9902526242996845,-0.19361292629587912,219.34806032809632,677.1953779682909,1601.9411444525936,0.4228195624796884,0.7500308575709779,-0.04532561020783103,0.0005982502092827924,0.0005962966921282335,0.00037652496316533827,0.5391643361505398,0.4372700170293591,0.0009115699481772257,0.021031518021198545,3.739118018484356,0.17324279649836835,0.17650138883657693,0.0,0.5,0.0,0.5,6.34,2,27,4.2586750788643535,30,4.73186119873817," When we beat Ted Cruz, we're going to call up our Roe v. Wade.  We'll go back to the things we've had for the last 50 years.",L,M
2024-09-21_00-01-24_UTC_Eric_Hovde_DAKIaqWJYHc,2024/9/21,Eric Hovde,DAKIaqWJYHc,0.8027158002560411,-0.3388746793578912,144.60346651891422,654.7013275567441,1833.311631682608,0.005145541637287665,0.6774627427440857,-0.16474239861529957,0.049261124325353976,0.006523466483730587,1.9409359577747213e-05,0.0007595805730596581,0.9343866343686371,1.7049996262789146e-05,9.581490019812785e-07,21.886122258475957,0.11018362095984954,0.2091092877024278,0.6060606060606061,0.2727272727272727,0.0,0.1212121212121212,132.0259410430839,33,331,2.495852812547127,554,4.17734881616649," even though they were provided with all the evidence  that there was no link between my bank and any cartel.  Senator Baldwin and her allies are out with their latest lie about me because she can't defend her own record of failure.  Unfortunately, the Milwaukee General Sentinel is nothing but a propaganda tool for the Democratic Party today.  Folks, if you still subscribe to the Milwaukee Journal Sentinel, I suggest you cancel the paper.  The most important line to this whole story is,  quote, neither Hovde nor SunWest  have been accused of wrongdoing,  nor is there any evidence that the funds  from Banco Azteca were connected to cartel activity.  These types of lies and games may work in the political world,  These lies can have a real economic impact and affect hundreds of hardworking employees.  Further, all transactions are reviewed  through an annual examination process by the FDIC  and due diligence by other government entities.  To be clear, the largest facilitator  of US dollar wholesale banknote shipments  from Mexico and Latin America is Bank of America.  SunWest is a bank.  They chose to proceed with the story anyways.  Surprise, surprise.  So this business line is not unique to SunWest.  Banking is one of the most regulated industries.  The transactions they're referencing in the article  is processed through the Federal Reserve.  Further, it's an important function in maintaining the U.S. dollar as the world's reserve currency,  which has enormous benefits to every American and is why the government wants banks to process these transactions.  My team and I provided the Milwaukee General Sentinel  with explicit details on how their story was inaccurate.  You are simply giving money to a tool of the Democratic Party to lie and print Democratic talking points.  but not in the real world.  This manufactured hit is attacking my bank and through some convoluted route of old articles and democratic talking points,  they're trying to suggest my bank enabled another bank in Mexico to process drug cartel money.",L,M
2024-09-21_03-39-53_UTC_Kari_Lake_DAKheWbJ1qz,2024/9/21,Kari Lake,DAKheWbJ1qz,0.8528904896909317,-0.2818515102926557,184.75679286746924,824.5190168256469,2167.8238237452624,0.009516642207462882,0.6527775188155461,-0.22171094685860931,0.0627106836689615,0.0083251781859283,0.002456361311271236,0.17670258312516562,0.5902992447434333,0.032123750062809084,2.1756980815350446e-05,23.348632997571503,0.11983791344014547,0.23196080678718772,0.4615384615384615,0.1538461538461538,0.0769230769230769,0.3076923076923077,32.42,13,116,3.5780382479950648,158,4.87353485502776," Say, whoa, we got a problem here, guys.  We have somebody who can't do the job.  He's incompetent.  He's mentally unfit.  His wife is taking over.  We need someone to step in and help the American people can't handle much more.  I know when I'm out on the campaign trail, people say, we know who we're going to vote for.  Trump, we're voting for you.  We just can't wait until Election Day because we can't take much more.  And now we've got Dr. Jill running the show.  America is in a bad spot right now, in a very, very bad spot.  Where's Congress? Where are the other branches of our government to?  And my question is,",L,F
2024-09-21_16-49-43_UTC_Mike_Rogers_DAL7nngP7gy,2024/9/21,Mike Rogers,DAL7nngP7gy,0.7443056062161018,-0.25464699824608983,105.00569845920718,710.0290197908312,1720.888274117548,-0.06950110219597755,0.6092296298516949,0.126756186581128,4.0008070386838864e-07,9.896357740536555e-07,2.4536997576653585e-07,0.38760909744081623,0.61238072246127,1.1409516592292705e-06,2.6815931187243444e-08,8.665334365281428,0.2056295064403004,0.16972138672814563,0.6666666666666666,0.0,0.0,0.3333333333333333,9.44,3,31,3.283898305084746,42,4.4491525423728815," at Detroit Catholic Central.  Hey, we took a little bit of playing hooky time to watch our nephew.  Go Shamrocks. Hey, we're getting back on the campaign trail. See you soon.",L,M
2024-09-21_20-21-36_UTC_Bob_Casey_DAMUFr4pYg5,2024/9/21,Bob Casey,DAMUFr4pYg5,0.9541347298206279,-0.23266699596103524,217.76233001411697,754.9651909939194,1715.7959083927228,0.3720010200920222,0.7564465459641255,0.045408343175914335,0.233547545205217,0.00887024859969846,3.822129413080115e-05,0.010869012923968356,0.7453584746750017,0.00027169914722540686,0.00012047018201878397,34.325839349336306,0.08312189261785922,0.31393384593407114,0.3333333333333333,0.0,0.0,0.6666666666666666,4.46,3,18,4.035874439461884,30,6.726457399103139," Elizabeth Warren, a great fighter for workers.  Hi everybody, it's Bob Casey.  Guess who I'm here with today?",L,M
2024-09-21_20-57-31_UTC_Mike_Rogers_DAMX9GPvc3Q,2024/9/21,Mike Rogers,DAMX9GPvc3Q,0.8432510027006689,-0.2790173150125554,130.95874435191277,763.0860645886503,1838.432014436989,0.027251751112681428,0.6539545569899664,0.008685852568862095,1.766973674202e-06,1.0394061193445366e-06,3.2183731470370044e-07,0.00011967582083685086,0.9998467745988264,2.9396951224552628e-05,9.556921123716785e-07,5.354755879809204,0.11959635651542057,0.21426458104289411,0.5,0.25,0.0,0.25,11.96,4,46,3.846153846153846,66,5.518394648829431," We'll see you on the campaign trip.  Hey, Mike Rogers and Christy here.  We are in the city of Pontiac meeting with locals, entrepreneurs, people who are fighting and struggling to bring this city back.  We're going to be a part of bringing this city back.",L,M
2024-09-22_00-00-53_UTC_Colin_Allred_DAMtMRSNjw7,2024/9/22,Colin Allred,DAMtMRSNjw7,0.811719192781382,-0.21191751384222282,155.30419824781953,612.4343125321534,1464.673583615324,-0.11760077181845287,0.5914144293723553,-0.07453710266577088,0.0963345213503284,0.0023174972265538733,8.437621407525425e-05,0.031418337321296216,0.859867619442174,0.004686264511743311,0.0038568072132805064,29.544510038185102,0.13445273096109817,0.17491576536440018,0.0714285714285714,0.5,0.2142857142857142,0.2142857142857142,28.36,14,116,4.090267983074753,167,5.888575458392101," that can help us detect fentanyl.  And so when Ted Cruz voted against that, he was voting for fentanyl in our state.  The other part of it is at the border, but it's through ports of entry.  And we have technology.  was funding for this, right?  And so if you want to talk about being tough on fentanyl,  which I want to be,  and we've got to stop this.  This is unbelievable what it's doing to our communities.  Then you have to then make the investments  in the technology that will help us detect it.  It's incredibly expensive.  And that's what was in the bipartisan Senate border bill.  And we don't have enough of these scanners.",L,M
2024-09-22_05-56-50_UTC_Kari_Lake_DANV6_cCq6V,2024/9/22,Kari Lake,DANV6_cCq6V,0.8736872787266738,-0.2613730402469111,174.84705497872756,818.4287517157136,2052.171453252758,0.049682383503530714,0.6644193126454445,0.02113112416324666,7.734774811260026e-05,0.0008285223929843052,0.00040239383422187704,0.1718977291459708,0.8129267780239051,0.00027028730117720543,9.182394927430449e-06,27.00247981074447,0.20494455949916596,0.40638344759615025,0.4,0.2,0.0,0.4,18.22,5,62,3.4028540065861685,90,4.939626783754116," We just we just got to get people out and let them know that we're talking about a radical, radical left Democrat.  He's voted with Kamala and Joe and that sideshow you just saw 100 percent of the time.  That's not where Arizona is.  Early voting starts October 9th.  We'll be doing a debate October 9th, and our polls look really good.",L,F
2024-09-22_22-31-06_UTC_Colin_Allred_DAPHtQhKJcQ,2024/9/22,Colin Allred,DAPHtQhKJcQ,0.8281423277250726,-0.31487876401866155,142.63494293952442,579.0330438985267,1544.9660269530727,-0.019803047451447276,0.6311845999031944,0.2053873660233435,0.00014570827784203105,0.00036646476275213234,6.518644048403485e-05,0.34558284409412326,0.6468175865226538,6.890308056623675e-05,0.0007188734221839249,8.165422430678378,0.15073775998819572,0.2828890509218861,0.4285714285714285,0.2857142857142857,0.0,0.2857142857142857,20.66,7,68,3.2913843175217816,90,4.356243949661182," Hey everybody, I'm here at Big Dash in Richardson.  This is a place that's owned by two fantastic folks, Asma and Kareem.  So I came here in 2019 when it was only about half the size it is now.  They now have four locations.  If you want excellent ice cream, pastries, anything like that,  come to Big Dash and tell them that Colin sent you.  Okay, take care.",L,M
2024-09-23_01-08-33_UTC_Dave_McCormick_DAPYtsDtT7C,2024/9/23,Dave McCormick,DAPYtsDtT7C,0.8695489739748712,-0.2453181913948243,197.4174543916251,748.0450175143576,1813.824142437181,0.2526626801911534,0.7239710678414949,0.3163927829406818,0.0034331644884981853,0.001446346744182408,0.000986040298379323,0.23285660740656694,0.7304699989259466,0.0027982047784183162,1.7172754997748034e-05,30.07705737642439,0.09144684916320701,0.2157673652623668,0.0,0.4285714285714285,0.1428571428571428,0.4285714285714285,31.04,7,104,3.350515463917526,124,3.9948453608247423," You need the hat.  So I'm happy to be here at the Bloomsburg Fair, and it's great to see CORE still thriving.  in the Coors stand with Wesley, and I used to have this job for years, from like 1977 to 1982,  and I'd come in here, we worked every day during the fair, 10 or 12 hour shifts,  and you'd squeeze these oranges, and you'd get your fingers nicked up,  and you'd smell like orange juice for weeks to come. It was a great job, great organization.  Here we are 45 years later, and Coors is still a mainstay, and you need that.",W,M
2024-09-23_01-52-12_UTC_Kari_Lake_DAPet0_iQq0,2024/9/23,Kari Lake,DAPet0_iQq0,0.879868261023856,-0.18270035754221553,181.51846823999475,1020.4221807744935,2463.859690923077,-0.10441791107253263,0.58501929951818,-0.04943232108441909,0.018172236413557395,0.01583754592667037,0.03753970612166615,0.023890309255667607,0.8590342483561404,0.03579698528608203,0.0077474740325414095,27.6057897843729,0.16262118854632682,0.2703834849860167,0.4864864864864865,0.1351351351351351,0.081081081081081,0.2972972972972973,83.94095238095238,37,344,4.094263270649846,471,5.60580814091883," You know, we need to help our allies, but we need to be more thoughtful in how we're jumping into these.  And so this is why we're sending our young men and women over there.  Wars, it's really easy to jump into a war.  You know what's harder?  And we have a strong man in Donald Trump.  We need a strong, brash New Yorker who's going to tell the truth and not take any BS.  We got to get a true leader.  You know who's really good at negotiating peace?  I don't know about that. I might disagree with you on that, but that's okay.  Kamala is...  Because I know it's not Joe.  He didn't know where he was today.  I saw a video today, and he did not know.  Was it to feed the war machine?  Donald J. Trump is really good at negotiating peace.  I think you're right. I think a lot of veterans would agree with you looking back at our past military.  Who's in charge of our country? We chuckle at it, but it's really scary.  out there, you know, mixing up word salads.  Donald J. Trump is.  And here's what's happening right now.  We've got two wars going on.  And the alternate event.  You start to wonder why were we there and so many  is negotiating peace.  I want a strong mask.  And we need somebody who can go in there and work on a peace deal.  Is the war machine in charge?  I heard somebody saying, oh, the reason we need to spend $260 billion in...  And that's exactly what we're going to get when we launch an empty vote.  Jill Biden is running cabinet meetings.  I think there's people who live in these Arab nations who want peace and don't want Iran  leading the charge.  where he was.  And it's going to get really odd.  Nobody's negotiating with Kamala. Who's in charge? Is it Dr. Jill or Kamala?  Ukraine is to get rid of old military equipment so we can build new military equipment.  Donald J. Trump.",L,F
2024-09-23_18-03-47_UTC_Sherrod_Brown_DARN6q4PuJM,2024/9/23,Sherrod Brown,DARN6q4PuJM,0.9609108811121951,-0.3502663248599706,214.01572661469314,468.3710338779091,1673.0464236539224,0.09192634214852405,0.6779494803902439,-0.08838742405601395,0.003256107622762591,0.0009166144223510706,0.03449944693511654,0.0032777479448350792,0.6446295826500134,0.07500431664425536,0.22099803368414742,22.359563338395063,0.12942550452403642,0.2615109416095601,0.3636363636363636,0.2727272727272727,0.1818181818181818,0.1818181818181818,36.9,11,104,2.818428184281842,166,4.498644986449864," I really appreciate the UAW endorsement.  I really appreciate the endorsement in this hall, the plumbers and pipe fitters,  and the steel workers, and SEIU, and the millwrights, and the carpenters,  and the electricians, and the roofers, and the painters, and the teachers.  Not just the teachers, but AFT, which represents a lot of people beyond teachers.  But I appreciate those endorsements.  I appreciate Local 12.  I appreciate Local 14 UAW.  I appreciate IVW, all this.  But what really matters is what you do one-on-one.  If you're an electrician, you turn to the electrician on the job site and say how important this is.",L,M
2024-09-24_00-08-54_UTC_Dave_McCormick_DAR3povNRQ3,2024/9/24,Dave McCormick,DAR3povNRQ3,0.9289122082858209,-0.13627876743062659,236.55664231252567,703.6496282560166,1692.724642290436,0.40766033812602037,0.8023580425522386,-0.22648037990601352,0.2646634468958859,0.00022889185709438822,5.896448874029678e-05,0.0018353193971310754,0.3162215757542624,0.4151356006804863,0.0010787695076619646,46.30638879672826,0.19409167048969178,0.13740938348683124,0.3,0.2,0.1,0.4,26.8,10,92,3.4328358208955216,135,5.03731343283582," And I want to tell you, as a former wrestler, I wasn't the best wrestler, but I always knew that if I could get into the third period within a point or two, I was going to win.  And the reason I was going to win is the reason we're going to win.  Because in the third period, it's not about wrestling.  It's about up here.  It's about mental toughness.  It's about perseverance.  It's about resilience.  It's about fighting every minute, every day, every hour.  We're counting on you.  Let's go win.",W,M
2024-09-24_01-09-53_UTC_Ted_Cruz_DAR-rb8vX_k,2024/9/24,Ted Cruz,DAR-rb8vX_k,0.7918376797754784,-0.31882850741313457,171.37282426756022,640.6473106506085,1732.8326663054647,0.24928671702947722,0.7363016463206181,-0.3901871750053345,0.08480484984851147,0.024511928026444335,0.0005952805880228298,0.0007243518040420813,0.8652522476268522,0.0023099164395101054,5.540117449141226e-06,14.758583553939888,0.11097719826639159,0.252945404584879,0.2,0.4,0.2,0.2,54.81997732426304,10,167,3.046333454943451,253,4.615103976650857," Look, it is terrifying. You look at that press conference where he was introducing the prime  minister of India and he stood up there and he says, who's next? Who's next? He doesn't know  where he is. And watching that, the reaction that our allies have, the reaction that our enemies  have is who the hell's running America? That is frightening. And I don't think it's Jill Biden,  but I got to say that is bizarre. I've never seen a first lady presiding over a cabinet meeting  and it's the president's not able to do it. And the answer is it's Kamala Harris.  And it's the radical extreme who have been in favor of this open borders, this out of control  spending, this extreme agenda for four years. And this agenda is hurting the American people.  Everything Kamala Harris has supported for four years, she's running away from now. And she's  trying to pretend she's Donald Trump because the Biden Harris agenda has hurt the American people.",W,M
2024-09-24_18-38-39_UTC_Elissa_Slotkin_DAT2uPdMp9v,2024/9/24,Elissa Slotkin,DAT2uPdMp9v,0.7794507415709091,-0.2298606839956659,214.48551666170573,959.5643164077856,2387.1151672732913,0.20186906174203545,0.7279180669030304,-0.10767400259310221,0.0003200886781944331,0.00012120159169279892,0.00018364843941755886,3.341645451573561e-05,0.9983861396529458,1.0746222888033485e-05,4.460704311477339e-07,8.012724229435282,0.07151213354050386,0.2315370642899426,0.7777777777777778,0.0,0.0,0.2222222222222222,33.0,9,120,3.636363636363636,165,5.0," It means you're not getting work done.  It means you're doing things for political posturing.  It means that you care more about making a statement that makes the news  or goes viral on Twitter than you are about actually moving the ball down the field for your constituents.  These bills are evidence that we do not need to be at each other's throats.  In fact, being at each other's throats is principally against the mission of what it means to be a representative.  I hope that when Congress returns in November and when a new Congress is sworn in next year,  we can learn that basic lesson.  We do our best work and we work together, even when it's hard.",W,F
2024-09-24_19-10-06_UTC_Bob_Casey_DAT6UCqs-IA,2024/9/24,Bob Casey,DAT6UCqs-IA,0.964343342294273,-0.2340505024278741,154.08253095597019,547.5371730269184,1530.2055700296225,-0.055842998170298315,0.6344721862378855,-0.10730028753264265,0.1414586707146019,0.0009763458593920643,0.00013462297173508957,0.0011323918509607408,0.8278133323145332,0.0283284094846232,0.00013343374436030557,25.68482768450834,0.13192464407087653,0.18296680556499595,0.125,0.25,0.0,0.625,22.7,8,77,3.392070484581497,113,4.9779735682819375," I got more, but I'll stop there.  Greed governs the decisions of major corporations.  We're not going to take it anymore.  We're going to fight back and hold them accountable.  You see with all kinds of food and grocery stores, people paying more.  And these big corporations are laughing all the way to the banks.  And that's why I've been working with Senator Warren, who's been leading on this for years,  to pass that price gouging legislation.",L,M
2024-09-24_20-33-19_UTC_Bob_Casey_DAUDjQVJU8s,2024/9/24,Bob Casey,DAUDjQVJU8s,0.8464847134159816,-0.3191897424259439,109.14552871067292,666.099697938051,1697.1408178299714,-0.35832502863050236,0.5419237190192633,-0.1007967275899101,0.026312599994049463,0.00019385070299203735,4.369340032181435e-05,0.037596864731579735,0.891657627809412,0.04280028910191813,0.00012963143857452165,13.2410514799977,0.12543600173497074,0.2103896946206078,0.5384615384615384,0.0769230769230769,0.0384615384615384,0.3461538461538461,49.38394557823129,26,139,2.7777777777777777,206,4.116706634692246," or a scammer. That may explain why recent FBI data  on their targets.  Cloning the voice of a loved one  of financial health.  government imposter scams.  In some cases, scammers go as far as...  Grandparent scams, where a scammer  investment scams.  if they lost money  billion dollars  to tell whether the person on the other end of the line  and how they contact and pray.  Among older adults,  shows that fraud losses  in 2023.  sophisticated.  It's important for older adults across the nation to know that they are not alone.  reaching 3.4.  lottery scams.  tech support scams.  to convince the target of their veracity.  are just a few of the scams highlighted in our fraud book.  It has become nearly impossible.  past few years, scammers have gotten increasingly  pretends to be a grandchild  have gone up in recent years.",L,M
2024-09-24_21-11-31_UTC_Ted_Cruz_DAUIL-6y9lj,2024/9/24,Ted Cruz,DAUIL-6y9lj,0.7785849636520548,-0.3232665250212712,184.42436406155912,672.3747709804278,1655.732100551958,0.35473562892337657,0.7834900791311156,-0.20495777454144024,0.08681564522965514,0.0029879958155328433,0.00010733624081028831,0.00018364991412627313,0.9075314716146183,0.00016762856075786176,2.9139892432367923e-06,6.271530451366719,0.09981719547739518,0.24595595266271603,0.3333333333333333,0.5555555555555556,0.1111111111111111,0.0,51.1,9,164,3.209393346379648,220,4.305283757338552," What we know is the extreme agenda, whether it is Kamala, unlike Joe Biden, Joe Biden's a puppet.  Kamala Harris is a true believer. She believes in this stuff. And look, in my race, I'm running for  reelection in Texas. Colin Allred is a radical leftist, just like Kamala Harris. He's voted 100  percent with Nancy Pelosi his first four years in office. But I got to tell you, Jesse,  Chuck Schumer and George Soros are flooding cash into the race. They're spending over $100  million. We just had a poll come out last week that had me losing the race by one point. So I  want to urge your viewers, go to Ted Cruz dot org, Ted Cruz dot org. I need your help because  $100 million on the left is trying to flip Texas. So I need you to go to Ted Cruz dot org, give 25  or 50 or 100 bucks so we can defend Texas and defend the whole country.",W,M
2024-09-24_22-05-36_UTC_Sherrod_Brown_DAUOaf4sW1g,2024/9/24,Sherrod Brown,DAUOaf4sW1g,0.9773694391791047,-0.269692855762012,233.55820009683913,532.2515268117214,1694.7244952064007,0.0790462253121506,0.6095638566915423,-0.11486123505511318,0.20152110864456957,0.00799758208728658,0.0008048321221362874,0.010696008978653308,0.7664632665903299,0.007070104065254116,0.004445460093313969,14.789594922999058,0.14602040909013655,0.20038062559304665,0.25,0.0,0.25,0.5,8.040000000000001,4,33,4.104477611940299,37,4.601990049751245," I can't forget Green asked me, I know, but I can't.  So it rolls in because you make it roll in.  And we're going to win.  We're all going to win this year.",L,M
2024-09-24_23-01-35_UTC_Kari_Lake_DAUUxrYCcqh,2024/9/24,Kari Lake,DAUUxrYCcqh,0.8436351697352399,-0.26638442204706675,161.0193392774751,692.6106623546574,1955.9606769215252,-0.14264151185007848,0.6012958533496088,-0.07536005450619891,0.0004023566317981726,0.0006023416365401838,1.338081033387462e-05,6.015757547034057e-05,0.9987093272603045,9.515159648225788e-05,4.6897727295545405e-05,21.27635357982753,0.10408724094926868,0.19799983660392823,0.3636363636363636,0.3181818181818182,0.1363636363636363,0.1818181818181818,94.12004535147392,22,337,3.5805354866128347,496,5.269868253293668," Lay out for me the biggest issues in your mind that voters are concerned about and the  difference in how you'd handle them.  Well, let's start with the border and the economy, because I think the two actually go hand in hand.  We obviously have a wide open border here in Arizona. Everyone knows that.  We've seen it. We've seen the thousands and thousands of people coming across our border, taking jobs, driving wages down.  They're also causing crime in many cases.  We know now that Venezuela has indeed emptied out prisons and insane asylums and are sending really dangerous people here.  So that's a huge issue. It plays into the economy as well, because now we have 18 million people.  By some estimations, who we have to compete with for housing and services.  And they're driving down wages because they're willing to work for less.  And of course they can, because the government's providing them housing.  They're providing them debit cards with cash on them for groceries and things that they need at our expense.  So those two go hand in hand. We've got to turn around the economy and the border.  We're going to do that starting on day one with President Trump in the office and in the Oval Office and me in the Senate.  And we can't.  We can't count on Ruben Gallagher to do that.  He's the reason why we have these problems.  Remember, he called it the dumb, stupid border wall and said he would never, ever, ever put any money into it.  Now he's going out and running 62 million in ads so far, him and his friends, trying to act like he cares about the border,  when he's done nothing except encourage an open border, support sanctuary cities and vote for people here illegally,  to not only become permanent citizens, but have voting rights and be able to vote in this upcoming election.  The American people don't want that. It'll be the end of America if we allow that.",L,F
2024-09-24_23-59-53_UTC_Colin_Allred_DAUbc0ICx0U,2024/9/24,Colin Allred,DAUbc0ICx0U,0.6930674350238095,-0.235997478876795,113.60363873235316,871.7054145498689,1921.2525139316886,-0.0019826565600957508,0.6537220404761905,0.21640502253398333,6.291600107533312e-08,2.0049776613367024e-07,6.274409692205321e-08,0.5475773334227461,0.4524201531984588,4.925361783399074e-07,4.951007694759244e-09,5.597632183526061,0.19147255759494913,0.2937063592928089,0.0,0.0,0.0,1.0,15.12,2,46,3.0423280423280423,62,4.1005291005291005," I want to just acknowledge the trailblazers that we've lost and the trailblazers who came before,  who have paved the way for me to be in this position with y'all's help and God's grace for me to be Ted Cruz and become Texas's first black senator.",L,M
2024-09-25_00-52-55_UTC_Dave_McCormick_DAUfcJ_tk_c,2024/9/25,Dave McCormick,DAUfcJ_tk_c,0.8445763186196451,-0.25490939614687896,165.4328396641748,618.8941450678687,1719.34561310737,0.05197112345833489,0.6387531037138499,0.21441494761801624,0.0006911203166854387,0.00045240177927501746,8.34562700827742e-05,0.18231342657862318,0.7868395914320112,0.027949413563277722,0.0006089898678389362,48.224962900346775,0.15590656641896816,0.24374366836902273,0.2727272727272727,0.2424242424242424,0.0909090909090909,0.3939393939393939,85.73698412698413,33,337,3.930487520410543,467,5.446699323536272," uh... senate getting things moving in the right direction  Hey, where are you headed?  We are headed to find a Coors orangeade stand.  You know, for years, I lived in Bloomsburg,  and the school would shut down for the annual fair for the entire week,  and all the kids would work.  And I worked at the Coors orangeade stand for years and years,  and I'm trying to find one so I can buy my wife, Dina, a Coors orangeade.  This is the fair week.  You know, we all worked hard, but we'd have the nights,  and it was like this incredible thing that's unique to Pennsylvania.  It's the biggest fair in our Commonwealth.  It's a great fair, great stands, great food,  and it's one of the many things that made Bloomsburg special.  Well, whenever we can have a visit with our kids, that's sort of the high point.  And then Dean and I have two new kids, which are our dogs,  and we take them every weekend for huge walks, take them to the dog park.  So what made you want to run for the U.S. Senate?  Obviously you're really busy campaigning right now, but what is one thing you enjoy doing in your free time?  And what's one of your favorite memories from growing up here in Bloomsburg?  Well, you know, Dina and I have both been blessed.  I grew up in this town, have had this incredible life,  going to West Point, serving in our great military in Iraq,  and then having a successful business career.  I've lived the American dream, and I think that's slipping away.  Not available for our kids, for their kids.  And so Dina and I made the decision.  She's lived the American dream as well.  An immigrant from Egypt, has had an incredible life,  incredible career working in government and the private sector.  So we feel blessed.  And that opportunity that we had is not going to be available for future generations  unless we get good people in the government.",W,M
2024-09-25_02-55-25_UTC_Kari_Lake_DAUvjctJU8c,2024/9/25,Kari Lake,DAUvjctJU8c,0.8110326999640222,-0.1759657196948009,166.2976101179218,903.0707524089735,2336.1696663281905,-0.15213999712526427,0.5919390860885609,-0.04968752526816806,0.00015634752728694182,0.001041943597720891,0.0007390608463203098,0.004751367563875831,0.7505853634337958,0.14273640111195648,4.3295847274962954e-06,17.64341112389489,0.045533757234568616,0.21551207896991031,0.2857142857142857,0.1428571428571428,0.2857142857142857,0.2857142857142857,21.68,7,88,4.059040590405904,114,5.258302583025831," thought, wow, I mean, is that what it's come to? People are thinking, how many more?  buy a house and have that dream. This young generation deserves it.  Hours of working can I squeeze out of the day just to get by?  And my kids and their generation, they don't believe they will ever be able to live the American dream  because they're being priced out.  And so we've got to get this under control.  I want to make sure my kids are able to start a family.",L,F
2024-09-25_14-46-57_UTC_Dave_McCormick_DAWA3wLO9UV,2024/9/25,Dave McCormick,DAWA3wLO9UV,0.9111785682080965,-0.2577030821597542,169.36597812118953,609.9131178957376,1823.1531621719553,0.061384699874402836,0.6666935875426134,-0.18346144290119357,0.1307009506446816,0.011205317397348346,0.000774205015841749,0.13214438221520583,0.688409788883715,0.03075172542502949,0.00012301139295774115,13.636944022304025,0.13273126314647996,0.3352144821978897,0.3846153846153846,0.4615384615384615,0.0769230769230769,0.0769230769230769,28.16,13,109,3.870738636363636,147,5.220170454545454," You have a right to be frustrated and you have a right to fight for your future in this community.  These just aren't numbers on a balance sheet.  These aren't even just jobs.  This is all about communities and families and lives.  You have a right to be angry.  Bob Casey has failed you every step of the way.  18 years in office.  He hasn't done a doggone thing.  He talks a lot about manufacturing jobs,  but he hasn't done a thing that actually makes your jobs easier.  I feel honored to be with you all today.  God bless you, and I'm with you on the fight.  Thank you.",W,M
2024-09-25_14-47-05_UTC_Elissa_Slotkin_DAWA3ewA7sc,2024/9/25,Elissa Slotkin,DAWA3ewA7sc,0.739410850305712,-0.30106045893153943,224.74903443931487,806.4363052254243,2109.122623626206,0.16418357901541733,0.7099300101936749,-0.27866721983929127,0.03364390541768539,0.0040086617540774205,0.000581724580032518,0.0003102730804472877,0.9452466319369263,3.0032667170399147e-05,2.350278442638563e-06,18.986910151523475,0.11518583966059509,0.1881870816818615,0.5454545454545454,0.3181818181818182,0.0,0.1363636363636363,81.58,22,289,3.542534935033096,402,4.927678352537386," I made a decision back in 2018 when I ran for the first time, a controversial decision not to accept corporate PAC money.  Every single political consultant and insider in Washington told me not to do it.  They said, Alyssa, you have to raise a lot of money in your district.  You're trying to overturn a red district and turn it blue.  You have a Republican incumbent.  And then for the rest of your life, you're going to want to make it easy on yourself  and just take those corporate checks, $10,000 at a time,  instead of having to ask people for $25 here and $35 there.  Make it easy on yourself.  And it just felt gross to me to take that money because it, to me, it put into question,  who are you voting for when you then go to Washington?  Are you voting for the people who voted for you who are quiet and not screaming bloody  murder?  Or are you voting for the people who are giving you those checks?  So I took the pledge not to accept corporate PAC money against the advice of lots and lots  of people.  And then the minute I got to Washington.  People were like, we know you made that pledge for the campaign, but you're ready to overturn it now, right?  The corporate PAC dollars that you see that are just a normal part of Washington, they deeply affect people's decision making.  Who they take meetings with, who they vote for.  And I never want you or anyone else to question why I vote for something.  So it's just a little explanation of it's a small thing, but makes a big difference for people once they're elected in Washington.",W,F
2024-09-25_22-12-43_UTC_Eric_Hovde_DAW0AmWq0PX,2024/9/25,Eric Hovde,DAW0AmWq0PX,0.862023649,-0.314194917678833,129.457481088947,673.1788176383874,1757.9886141584825,-0.023685788092003612,0.645166,0.13700175404693649,2.747350307322205e-12,1.1791750301887174e-13,2.5721956235422686e-14,3.0834839889748444e-12,1.0,5.9885416937854866e-12,6.825768249230091e-13,0.0,0.0,0.0,0.0,0.0,0.0,1.0,2.02,1,8,3.96039603960396,13,6.435643564356436," I'm Eric Hovde, and I approve this message.",L,M
2024-09-26_02-40-38_UTC_Kari_Lake_DAXSpEfP1SH,2024/9/26,Kari Lake,DAXSpEfP1SH,0.8340086925983607,-0.3824955149263632,178.9474355922988,692.5485719787835,1923.8489015919497,-0.08159938720746343,0.6244181960245901,-0.28670990734530166,8.779490388689717e-06,1.3176526307162688e-05,2.536210545692794e-06,0.002223615546390391,0.9975748306193046,6.937016214754628e-06,1.550367424502244e-07,24.51941338855705,0.11972620362893376,0.2577426716927651,0.3684210526315789,0.2105263157894736,0.0526315789473684,0.3684210526315789,53.68,19,207,3.85618479880775,294,5.476900149031297," I don't think so. The things they have pushed from the open border to all these children being trafficked across our border and going missing to the drugs.  There is no shame with this group. But think about what they also want to do if they get rid of the filibuster.  They want to make.  And they want to just rule with an iron fist and turn us into a socialist and then a communist nation.  And we're not going to stand for that.  Puerto Rico and Washington, D.C. estate.  My opponent, Ruben Gallegos, already voted once to make Washington, D.C. estate.  far left senators. They would then stack the court.  that the senators, Sinema and Manchin, have stood up and spoken out.  They worked hard. They took a lot of heat for protecting the filibuster.  I think that was a courageous move.  And I'm going to go to Washington, D.C., and in the U.S. Senate,  work to continue to protect the filibuster.  We need to work together to solve our problems.  They don't want to work, discuss, talk, debate any issue.  They don't even want to do debates.  And it would be the end of our country.  I'm glad that.  That would give us four permanent.",L,F
2024-09-26_02-41-45_UTC_Kari_Lake_DAXSxXtt_hT,2024/9/26,Kari Lake,DAXSxXtt_hT,0.8321701826258575,-0.3900086532493764,182.76443558215075,672.8241849073694,1882.9047448812069,-0.0463794190319059,0.6430006811498533,-0.23624046031579277,0.026444679706672098,0.0006466997965984189,0.0008512286370658813,0.00029982404578264105,0.9643081998147881,0.0011976415687383294,6.795427844918409e-06,17.72136164470788,0.11055397902491089,0.2126511923087098,0.3478260869565217,0.217391304347826,0.1739130434782608,0.2608695652173913,102.1,23,337,3.300685602350637,496,4.85798237022527," has tens of millions, nearly $100 million he will spend at the end of the day running ads,  trying to paint himself as a cross between Mr. Rogers and G.I. Joe, when in fact he has been...  He's absolutely for starting up more wars overseas.  This is a this will be the end of America.  And we need help because we're outspent in every single way, not only here in Arizona, but in all of these Senate races.  It is critical that we are able to beat these radical Democrats and save our country.  We know what's at stake. You just laid it out and we need help.  And I know we're living in Kamala Harris's economy and it's not easy.  But if you can help with five or ten dollars so we can continue to run ads and tell people.  that we save the Senate.  across the country. It's really important.  Carrie Lake dot com and go and support these Republicans who are running for Senate.  You know, borders are a borders are who tears open the border, who invites anywhere from 12 to 18 million people in illegally invading our nation,  who empowers Venezuela's violent gang street gangs to take over entire cities.  Borders are who allows the cartels to funnel in a record amount of fentanyl, a weapon of mass destruction into our country.  This is demonic what she has pushed in our country. And we need to get out and vote.  November 5th is going to be the day we save our country. And, you know, what's most horrifying about it, John, is that they've just been lying in their ads.  They have no shame. As you said, they have no shame. Their ads are just abject lies to cover their failures.  My opponent, who has been open borders, voted with Kamala Harris 100 percent of the time.  for open borders, for sanctuary cities, for men playing in sports against our women and our girls.  Radical Ruben Gallego is.  It would help.  CarrieLake.com.",L,F
2024-09-26_02-44-00_UTC_Tammy_Baldwin_DAXSlgZu5GP,2024/9/26,Tammy Baldwin,DAXSlgZu5GP,0.8721959514292772,-0.3473159031023291,210.33189161504748,852.6962406860401,2025.0240922743071,0.0432844751908345,0.653433537063314,-0.09874179909163652,0.0005031243537076174,0.0004165505668839837,0.00026117342093096306,0.0001345766193525302,0.9923437492270397,0.0001988891215297291,8.935551108636118e-07,10.112810364407453,0.10351761536368494,0.21689341471282214,0.7,0.1,0.1,0.1,44.54,10,129,2.896273013022003,183,4.108666367310283," The three recent polls I've seen have had us within the margin of error.  In fact, real clear politics just took us from a lean Democrat to a toss-up.  And the Republicans are spending millions and millions of dollars.  My opponent is a multimillionaire who is self-financing his campaign.  And so I will say, if anyone wants to help out, you can go to TammyBaldwin.com and give five or ten or whatever you can afford.  Yeah, well, let me just start by saying that Wisconsin has been the battleground state in many presidential elections.  It was the tipping point state that gave Trump the White House in 2016.  And you mentioned how close the victory for Biden was in 2020.  They are tied right now.  And in my race.",W,F
2024-09-26_03-29-58_UTC_Kari_Lake_DAXYSaRJuPH,2024/9/26,Kari Lake,DAXYSaRJuPH,0.8419089723624507,-0.39893152450393365,185.73801673483135,668.997906826728,1859.4720013343047,-0.027866980277247034,0.6349802597088284,-0.01867360315946453,0.0057112850922197405,0.00031120672680287083,4.449208436623404e-05,0.00860982487776183,0.9848385989906132,0.00016451523860315832,0.00028435630165193795,22.12370065913883,0.1369333649384457,0.19357844915539388,0.3703703703703703,0.1851851851851851,0.037037037037037,0.4074074074074074,85.86,27,325,3.785231772653156,466,5.427440018634988," But the polls are anywhere from up a couple to down a couple.  So that's why it's so important that we all get registered to vote, get out and talk to our neighbors, and make a plan to vote early.  If you get a mail-in ballot, get that filled out.  They drop here on October 9th.  That's the day that I will be debating my opponent, radical Ruben Gallego.  And hopefully people will tune in and fill out those ballots and we can vote to.  on Trump's outlet in the last year.  I think I heard one of the moderators  is an NPR reporter.  The other one worked for ABC.  So we'll see what happens.  But we, you know what,  we Republicans...  Turn this nightmare that Kamala Harris and Ruben Gallego have created for this beautiful country of ours.  We're going to turn it around.  We are working really hard. We're just out talking to all kinds of voters.  I was talking to business leaders today. We're working on some of our strategy right now.  And we're going to be out doing more fundraising, but also talking to voters every day.  I just had several people stop by the office. Two of them were not registered to vote.  They were adults who said we just never registered and we got them registered to vote.  And now they're ready to get out there and cast their first vote ever.  And so we're out making sure people are registered, educating them on what's at stake,  because, of course, they're getting millions of dollars of lies thrown at them in these TV ads.  And our poll numbers look good. It's a very tight race.  My internal polling shows were up a bit.  improve the economy, bring back that strong economy, that safe, secure border.  And make sure our streets are safe again so we can enjoy that quality of life that we appreciated so much under President Trump.",L,F
2024-09-26_13-23-30_UTC_Dave_McCormick_DAYa2JROhH9,2024/9/26,Dave McCormick,DAYa2JROhH9,0.7331517940253521,-0.26325945090240155,160.16935490681942,761.8420470983881,1780.1495948050438,0.214087933044107,0.7272457207323944,0.046603631793469893,0.0108113560995448,0.18256767331629775,0.000133810569225896,0.0006811859741392437,0.6601416935501487,0.0001180087682661594,2.635899733756816e-05,13.57196942182156,0.0709234737457449,0.2992905495276856,0.6666666666666666,0.0,0.0,0.3333333333333333,7.1,3,31,4.366197183098591,43,6.056338028169014," When I get out of the army, I couldn't wait to get home.  Now I'm running for Senate to help America bounce back.  I'm Dave McCormick, and I approve this message.",W,M
2024-09-26_14-30-40_UTC_Colin_Allred_DAYj6AuPMPH,2024/9/26,Colin Allred,DAYj6AuPMPH,0.7960565286042827,-0.10925750086677134,127.67300056659506,697.3394551737789,1860.8870075688712,0.08393111275613699,0.6903289020946696,-0.18142542295688105,0.000548333500387683,0.0006457912230788158,5.430215499359766e-05,0.06843986899756953,0.9291545956649784,0.001062732867214827,7.188859978533973e-05,23.87980516145763,0.16195538867067463,0.3118609884010364,0.7,0.1,0.0,0.2,15.05798185941043,10,69,4.569536423841059,104,6.887417218543047," I approve these values and this message.  Because when your neighbors need you during the freeze,  I wrote myself a message.  We'll hold Ted Cruz accountable.  Words that guide me in public service too.  Before every game at Baylor,  I worked with Republicans in law enforcement on a tough border bill.  Because he's been in Washington forever.  You don't fly to Cancun.  He's done nothing to secure the border.",L,M
2024-09-26_15-38-31_UTC_Tammy_Baldwin_DAYrdQvPh8z,2024/9/26,Tammy Baldwin,DAYrdQvPh8z,0.7872620132256213,-0.3141469607275712,201.34653578945623,913.5370310644242,2126.607807804455,-0.09915628462288056,0.6114724949521988,0.015855272034725445,1.202849837707665e-10,4.724498943919108e-11,1.7075891008252885e-11,2.758200146429767e-10,1.0,7.56502196022566e-10,2.4812935631647813e-10,15.448417833317707,0.1195980229761564,0.1347498495887568,0.5,0.0,0.0,0.5,20.92,4,51,2.437858508604206,76,3.632887189292543," let us not give him the chance to appoint one or two more,  or we will have a hostile and activist Supreme Court for generations to come.  Donald Trump appointed three justices who he knew would vote to overturn Roe v. Wade,  and he knows would also vote to overturn Obergefell.",W,F
2024-09-26_16-56-55_UTC_Sherrod_Brown_DAY0gzeuxzT,2024/9/26,Sherrod Brown,DAY0gzeuxzT,0.816096184953105,-0.4868987408699867,158.9272615448926,626.1365012885661,1620.5668817622602,-0.21341528973612806,0.5629294049055202,-0.1988374685920626,0.19562076131405237,0.0024388723236117176,0.0008655290623311462,0.00042943227075142404,0.7697964266281446,0.002175162681005847,0.02717654689030751,24.44832282522355,0.09110663979326408,0.1635118478711999,0.0,0.4285714285714285,0.1428571428571428,0.4285714285714285,21.992993197278917,7,78,3.5454545454545454,105,4.7727272727272725," What is the life?  I don't have to tell you how important this election is.  I may have to tell you how important you are to this election.  People know I'll continue to fight for this city.  I'll continue to fight for this community.  I am on your side and will always be on your side, and will always fight for workers, and  I'll fight for people that have not gotten a break too often in this country.",L,M
2024-09-26_18-16-04_UTC_Sherrod_Brown_DAY9sRDp2et,2024/9/26,Sherrod Brown,DAY9sRDp2et,0.8251453640160881,-0.2713562535164621,179.73809607244885,736.3522451942387,1714.478658017833,-0.022142143001523028,0.626515268784928,-0.38969333240797954,0.025419804274911043,0.00927740195307148,0.0001836942228590105,0.0009577840009001657,0.951601586831579,0.0019711815100386734,2.234443923619715e-05,23.456229012597273,0.0834308275558533,0.2673929430187026,0.0,0.4285714285714285,0.2142857142857142,0.3571428571428571,47.24,14,150,3.175275190516512,209,4.424216765453006," When you take on the drug companies and you take on the corporations that outsource jobs  and you take on Wall Street, they're going to keep coming.  These interest groups don't like people like me.  I'm fine with that.  There are more of us than there are of them, and we're ready.  Bernie Marino mocked all Ohioans.  He launched a special insult at women over 50.  And Bernie thinks he knows better.  Ohio passed it with 57 percent of the vote, and he thinks he knows better.  He doesn't understand why women of any age care about their health,  care about their daughter's health, care about their neighbor's health,  because that's who he is, and that's why this contrast is so important.  I'll always stand with women in making these decisions with their doctor.  Bernie Marino wants a national abortion ban and is simply unfit to be in the Senate.",L,M
2024-09-26_20-37-14_UTC_Kari_Lake_DAZNyzKgqZy,2024/9/26,Kari Lake,DAZNyzKgqZy,0.7582817667919712,-0.2508435226692504,172.67080342510675,942.5943370984784,2275.018994741535,-0.06846323475498528,0.6267461046568212,0.028580642296177614,3.4091159143688075e-06,6.533784447003661e-06,1.047633690922542e-06,0.013820810340089452,0.9861426349832519,4.447793325627347e-06,1.3453670744586549e-06,16.119174611575502,0.11626984768583667,0.20371616667866446,0.4166666666666667,0.3333333333333333,0.0833333333333333,0.1666666666666666,108.8780045351474,24,342,3.141072740631888,462,4.243203526818515," A lot of times things that are sensational get covered by the media.  And I can tell you that based on experience after spending about 30 years in the media,  27 years covering this great state.  So I'd like to go over some of the stats for Arizona.  I moved here in 1994 when it was considered an affordable place.  There was a big housing boom happening.  Everyone was wanting to move to beautiful, sunny Arizona.  And when you look at how the...  these numbers to go up in a way that it's really pricing people out of a home.  But this housing crisis did not get the coverage it should.  The economy has changed so much since then, but when you look at how it's changed in just the last three and a half years, it's really stark.  So I want to take a look at some of the numbers that are out, and these are actual facts, real numbers.  The average cost of a home in Arizona, and this is just in the last three years, went from $321,000 to $433,000, almost $434,000.  This is not a mansion, by the way.  This is a very average home in Arizona, an increase of $112,000.  Now, this is the biggie.  Mortgage rates, and you may not understand what this means, but under President Trump,  we had a mortgage rate of 2.77. That was a record low. Many people out there snapped up mortgages,  refinanced their homes when mortgage rates hit 2.77 to 3% because they said, oh my gosh,  this is historically low. We got to refinance our home and lock in at that. Now they're at 6.35.  In some cases, depending on your credit, we're looking at mortgage rates of 7% to 8%.  And that's a big deal. That's up 230% under Harris and Gallego. And I say that, Harris and Gallego,  because it's their votes, it's their policies that have caused a lot of this. When they voted  for these exorbitant spending packages in Washington, D.C., it has caused these...",L,F
2024-09-26_21-07-30_UTC_Kari_Lake_DAZROPTtn1y,2024/9/26,Kari Lake,DAZROPTtn1y,0.7838323705662384,-0.2494167553473408,161.61177363123028,893.1682743865227,2246.1059764884067,-0.10109714394651396,0.6197665748934286,-0.0017928204318263708,0.0006884585003809723,0.0016890608245145474,0.0001885912758426699,0.027102453961146973,0.9626354927259906,0.0022326529149722346,0.0007259365643468718,18.134758813679387,0.10468687105451625,0.23598686750964112,0.4579439252336448,0.2710280373831775,0.0654205607476635,0.205607476635514,355.9579591836735,107,1274,3.578852744536209,1777,4.99185347491432," We got this, okay?  You guys go out, and I want you to enjoy your childhood,  and we're going to turn this around,  and things are going to be really great for your future, okay?  It's an incredible career.  We need to get more people trained up to do that.  Young people who want the jobs with us are critical careers.  We want to make sure that we have the people we need in those critical careers.  This is a program that if we start now, we could have literally tens of thousands of newly trained young people  and, frankly, middle-aged people who maybe want to change in their career,  ready for these construction and trade jobs that we are going to so desperately need  as we start to build more housing in this country.  I'd also like to start a program that helps not just with down payments.  We always hear about down payment assistance, and that's kind of what the Democrats think.  Okay, give a down payment.  Give everybody, I think Kamala Harris said, $25,000 down payment.  are probably one bill, one unexpected bill away from possibly being on the street.  And we got to change it.  And I know that President Trump's going to come in and we're going to work to turn this economy around.  We're not going to raise your taxes.  We're going to keep the Trump tax cuts.  My opponent wants to raise taxes, get rid of the Trump tax cuts.  At least he has wanted to do that for the course of his entire life in D.C.  But now that he's running and doing an extreme makeover, he might in the next couple weeks change his stance on that.  But you can rest assured that the minute, if he were.  Their plan would just jack up the price of houses by $25,000 or possibly even more.  to get elected, he would go right back to being the hardcore, radical Ruben that he has been  the entire time he's been in politics. So these are our plans. We need to give  Arizonans assistance. We have to make sure that we can dig ourselves out of this hole that Ruben  Gallego, through his absolute horrible voting record and Kamala Harris through her incompetence,  has put us in until we can get relief on the way. November 5th, we need to get out and vote and save  our country. And then come January 2025, we turn this nightmare around.  adults talking about.  This amazing couple went from a rent of $900 to now their leasee, or the leaser asking you for $1,500.  And he's probably being nice.  He could probably charge even more.  And with that, I want to see these little ones here with a big backyard and a pool,  and you can ride your bikes down the street.  We want the dream of American homeownership, and we're going to bring it back.  And thank you to all you little ones here.  I know you're not all little. Some of you are getting big.  They're one unexpected bill away from being on the street.  What are the solutions?  Well, first of all, I'm going to go through a list of them.  I think these will help.  Once we get President Trump back in office, start.  And a crisis with the border with 21 million people pouring in.  everything going up every single month.  I don't want you to worry about the future.  I know you're probably hearing mom and dad and...  We need to work on federal eviction prevention assistance for seniors and families with children under the age of 18.  It pains me that Michelle and Bruce right now.  but it's literally going to turn a generation of people into homeless Americans.  Construction trade school assistant program.  I talked about this in my run for governor.  I would like to see this in the federal government as well.  We have a lot of people who want to work,  and it sounds like, Bruce, you are in the trades.  The trades is an incredible career, isn't it?  And the root of the problem is that, frankly, for 20 years, we haven't built enough housing.  And then we add to that.  And I'm assuming, and I can tell, that you guys have been really good citizens,  worked hard your whole life, raised a family, great grandkids, grandkids.  reinvigorating and charging up this economy, we'll see things change quite a  bit. I'd like to see a ban on local jurisdictions from seizing senior  citizens homes because of tiny tax bills. Those bills can wait until the house is  sold to be paid. It's really inexcusable for our government to be taking a senior  citizens home away from them over a small debt. It's gonna be a lot harder to  take that senior citizen once they're thrown out on the street and thrown into  homelessness to get them back into housing. It's gonna be a lot more  expensive to do that. So we need to prevent at all costs while we're dealing  with this Ruben Gallego and Harris economy. We've got to help bolster people  up until we can get this economy turned around. I'd like to see an expansion of  federal rental and mortgage assistance program for senior citizens and frankly  people who have children under 18 so that nobody is thrown out on the street  during this difficult time. As I just said, it's really hard once you're thrown  out on the street and homeless to get yourself  back into housing. It's a lot more expensive for the taxpayer as well. We saw with  Caleb and he told the story we're pricing young people out of a young generation out  of housing.  especially with the price of eggs and gas and  I'm not okay with that.  These rate buy-downs are incredibly effective at reducing mortgage payments,  and that's what it comes down to.  How much can you afford a month?  We are competing with them for housing.  It's making it much tougher.  It's one of the reasons that...  And so now we're competing with...  They've got to live somewhere.  Well, I mean, you don't have to be 10 years old to figure out that's kind of a bad idea.  If literally everybody gets $25,000 for a down payment, people selling their house, what do they do?  They jack up the house $25,000.  So a better option for that is a...  the way things are going right now.  who have come across illegally, come across our border under the Biden invasion and the Rubin invasion.  rate buy down for qualified first-time homebuyers. So if you're going to buy a home, if Caleb's going  to go out and buy a home, his first-time home, and we have some money set aside to help buy down  the mortgage rate, which is really what's causing these homes to cost so much, Caleb goes out,  he negotiates the deal for the house, and then that assistance comes in a form of helping him  buy down this price right here, the mortgage rate price. So instead of paying 6.35%, he can maybe  buy it down by a couple points. That's going to save him right here where it counts in his monthly  payments. We don't want to price people out of the American dream, and we need some relief for  the American people. Let me tell you how this compares and contrasts with my opponent Ruben  Gallego and Kamala Harris's plan. My plan does not increase inflation. It does not. Yet it saves  buyers more than $25,000 over the life of the loan.  21 million people.",L,F
2024-09-26_23-00-12_UTC_Mike_Rogers_DAZeL7BP-gD,2024/9/26,Mike Rogers,DAZeL7BP-gD,0.8034526107467361,-0.25871823656107673,123.75049639829678,798.0800711961346,1825.128771375162,0.024392093621404622,0.6922563944125325,-0.09398565350820867,0.0001207261013095789,1.1752665971629775e-06,5.974602057675799e-08,3.4665225461116983e-06,0.9998693923726094,2.662151279191549e-06,2.73538906673439e-07,9.30077494458885,0.07118005882148631,0.22769330437035412,1.0,0.0,0.0,0.0,15.32,5,43,2.8067885117493474,76,4.960835509138381," You deserve better.  I fought to expand Medicare, lowering drug prices for seniors.  I'll put Americans, Michiganders, first.  I'm Mike Rogers, and I approve this message.  I'm Mike Rogers. Congresswoman Slotkin is lying to cover up her 100% support for the Biden-Harris agenda.",L,M
2024-09-26_23-30-42_UTC_Kari_Lake_DAZhs2IJdEo,2024/9/26,Kari Lake,DAZhs2IJdEo,0.7927478957530809,-0.23328215989593096,165.08102069882995,874.0474227943655,2165.411723736648,-0.10923967056745913,0.6151710200368654,0.010715626791897102,0.00013013605015870704,4.9727264890067434e-05,3.544890234717432e-05,0.00028351256283253495,0.9990679673027256,8.983230287273564e-05,1.5070929992289973e-07,12.00907410206085,0.07996422744758953,0.17461747387410617,0.4482758620689655,0.2068965517241379,0.0344827586206896,0.3103448275862069,108.93303854875283,29,384,3.5248760785753626,523,4.80080778410134," So, this is not just affecting young people, but I have to admit I have a real soft spot  in my heart because I have a 19 and a 21-year-old.  And my daughter said to me the other day, even if I work every waking hour,  making you permanent renters. I don't want to see that. I want to see  Arizonans have the ability to buy a home and live the American dream here.  I don't think it's possible for me to save enough money right now to buy a house.  A half a million dollar house, which now is considered an average size house,  an average home in Arizona, you'd need to have a $50,000,  maybe even $75,000 or $100,000 down payment.  And with the cost of living being what it is, it's really impossible right now for young people  and frankly, middle-aged people and older people to save that kind of money.  So I wanted to bring up a few people.  Hedge funds are buying up homes, jacking up the average price of a home.  My home payment was $675,000.  That home is now worth a little more than that, about $470,000, $480,000.  We are pricing families and people of all different walks of life out of owning a home.  to talk about this because it's affecting so many different people.  But before I do that, I want to share with you a story that I tell my kids,  and it makes me feel a little bit old, but then I realize this wasn't all that long ago.  I drove into town like so many people for an opportunity in Arizona in August,  a hot August day, much like today.  Back in 1994, I was 24 years old.  I came here to start in your profession, in journalism, at one of the stations here in town,  and I was making between $50,000 and $60,000.  And I decided to buy a home a couple months into living here.  And I found a home in North Phoenix on a cul-de-sac, a corner lot, a big backyard,  a two-car garage, three bedrooms, two baths, a beautiful little starter home.  And it cost me, and I tell my daughter this, and she almost falls over and faints when I tell her this,  it cost me $88,000.",L,F
2024-09-27_03-59-26_UTC_Kari_Lake_DAaAZZ6p-78,2024/9/27,Kari Lake,DAaAZZ6p-78,0.8046051470353299,-0.20317711466823213,166.06024259879914,909.4760150987836,2212.329636310288,-0.07355703807642205,0.6247025401747311,-0.05892666584784547,0.03324302224647454,0.011362348743861744,0.0032097775431061725,0.04886582636648009,0.8160899347292425,0.048317084757213975,0.007394990479003091,35.73655433241688,0.2117500454584536,0.2646832934229725,0.4666666666666667,0.2333333333333333,0.0,0.3,104.16,30,371,3.561827956989247,549,5.27073732718894," Biden and Harris and frankly, Gallego, who's been a rubber stamp for every single policy.  He's voted 100 percent of the time.  You're in the right place. We can get you registered to vote.  Yeah, he is. I got him registered.  abject horrifying.  with Joe Biden and Kamala Harris.  Now, I can't even imagine agreeing with anybody 100% of the time.  I love my husband, but I don't agree with him 100% of the time.  And he won't do that.  And so I want to introduce to you Bruce and Michelle, senior citizens who are struggling under this economy and are ready for a change.  Come on up.  policies 100% of the time, but he's a rubber stamp for them.  We talked about the young people just starting out. We talked about the people who are starting up that family so that these precious little ones here can have a yard to run around in and a neighborhood to play in.  And now I want to talk about people who've already done everything right and they're in their retirement.  And they're really struggling as well because we're watching not all retirees, but many of them, because of their fixed income, some of them are on a fixed income because they saved a certain amount for retirement.  Others are on a fixed income because of Social Security. That's just not keeping up with the cost of everything.  And we're even seeing some falling behind on their property taxes and at risk of having the government take away their house because they can't afford their property taxes.  This is not necessarily the problem with the next couple I'm introducing you to, Bruce and Michelle.  They're senior citizens and they are struggling right now under the economy of...  Yes.  You think, you think.  Yes.  Wow, I am sorry that you have to go through this.  I'm sorry that...  Any American is going through this.  Yeah, and grandma.  Yeah.  And I can't believe that Ruben Gallego could agree with Joe Biden and Kamala Harris, and they're absolutely abject.  And that's not what we want in the U.S. Senate.  We want somebody who's objective to look at policies and say, does this work for our state?",L,F
2024-09-27_13-54-22_UTC_Mike_Rogers_DAbEe44vsE_,2024/9/27,Mike Rogers,DAbEe44vsE_,0.7870686599549592,-0.2936163127856215,117.90961680009812,825.6985061303379,1842.1682091654832,-0.01277617862830344,0.651251682388535,-0.1704357079725894,0.07311271459317958,0.0011865010059899255,9.65336265514528e-05,0.0005184390923177881,0.9209501089001103,0.0006637227847223331,0.0028459712713511365,4.417179970116397,0.10474242583444904,0.17798656774365873,0.3571428571428571,0.3571428571428571,0.0714285714285714,0.2142857142857142,43.96,14,155,3.525932666060054,207,4.708826205641492," I mean, it's so unacceptable.  And so what the school system is saying, oh, it's just too hard.  We don't want to fail anyone.  It might hurt their feelings, so let's pass them up.  You're sentencing those kids, sentencing those kids to a life of crime or being on welfare for the rest of their life, institutional poverty.  So no way to get out of it.  We've created such a mess, and it's not the teacher.  Everybody wants to point fingers.  It's not the teachers.  We need to settle back down.  We need to demand everything else out of school except, as my dad would call it as a shop teacher, the three R's, reading, writing, and arithmetic.  Get these kids focused on what's important.  you can't read in the fourth grade, by the fourth grade, at the fourth grade level,  you have about a 70% chance of going to prison or being on welfare.",L,M
2024-09-27_15-40-29_UTC_Dave_McCormick_DAbQoUYuzAW,2024/9/27,Dave McCormick,DAbQoUYuzAW,0.7232145475422344,-0.3119479518495399,155.11719838376723,672.9138366179131,1815.043422950997,0.1934983361306402,0.7042709397275205,-0.14713769860709833,0.04834875191379799,0.0405099614382331,0.0030998562254353577,0.025731014390657597,0.6799639791493844,0.0025165277357649066,4.746017319031321e-05,19.070031161783316,0.10574505451661943,0.08249105473162496,0.5,0.5,0.0,0.0,7.34,2,27,3.678474114441417,41,5.5858310626703," like Bob Casey. Instead of blaming you guys, Casey and Kamala should blame themselves.  He's our man. I'm Dave McCormick and I approve this message. Let's go.",W,M
2024-09-27_21-03-08_UTC_Dave_McCormick_DAb1kawy07m,2024/9/27,Dave McCormick,DAb1kawy07m,0.760777493312059,-0.1549957093604688,163.89563727748737,660.251254108416,1835.7349848083702,-0.028530932636147765,0.632362638680577,-0.05238216097569606,0.08818701023527512,0.009332005134891994,0.002168096882455309,0.07651985897445918,0.719147120306872,0.02302649972451929,0.00012682214542236557,20.0296670557203,0.13895341652809914,0.23312773627259217,0.32,0.28,0.04,0.36,65.18,25,218,3.3445842282908878,344,5.2776925437250695," We need a rediscovery of common sense.  It's common sense that we can't spend our way out of the challenges.  We have $5 trillion of new spending that's driven up inflation.  It's common sense that is the greatest energy commonwealth in the country  is one of the great natural gas reserves in the world.  We need to unlock our energy sector.  It's common sense that we need to close our border  and not have this horrible burden, economic and fentanyl,  coming across our open borders.  It's common sense that we need to get out of the way of small businesses  and let them prosper.  I promise you that is...  And that's why we need new leadership.  We need...  And he said, my election wasn't a revolution.  have adopted a set of liberal policies that are taking our country over the cliff,  making it harder for working families, harder for businesses.  leadership in the Senate. It's common sense. You know, Ronald Reagan,  working families across our commonwealth that are living paycheck to paycheck  Kamala Harris and Bob Casey.  and small businesses that are the economic driver.  had this great line when he won in 1980.  the next senator from Pennsylvania, I will wake up every morning thinking about how to support.  Unfortunately,  It was a rediscovery of common sense.",W,M
2024-09-27_21-45-28_UTC_Sherrod_Brown_DAb6RLIJkFL,2024/9/27,Sherrod Brown,DAb6RLIJkFL,0.7989143927812649,-0.23688594253038106,175.38031331453217,661.7593606951152,1815.6465571001465,-0.09571243272908735,0.5340711606083977,-0.16778209527546017,0.0037613280264233817,0.009549530630142354,0.0021686153177627138,0.22296760062475576,0.5998409201679525,0.15932462853934617,0.002057839206650737,54.46012790383755,0.32673290267276994,0.07613756041305336,0.25,0.25,0.0,0.5,5.703990929705215,4,24,4.195804195804196,33,5.769230769230769," Yeah, Sherrod Brown when he was a hippie.  I can't believe you asked me that question.  Hey everybody, how you doing?  What's the question?",L,M
2024-09-27_21-55-29_UTC_Kari_Lake_DAb7kUsBaWL,2024/9/27,Kari Lake,DAb7kUsBaWL,0.8258789392463578,-0.2658621762130982,169.80909501200517,862.2698254152838,2159.8439769444544,-0.1429575395017806,0.6040841361655309,-0.12249458710184825,0.04463406091327058,0.030406583715001944,0.00589292228448868,0.05090212641005084,0.7412183420198136,0.014339100384336036,0.0014038892714143276,21.175610930275933,0.10624158878715596,0.22971396871394034,0.5925925925925926,0.1851851851851851,0.0,0.2222222222222222,122.60099773242632,54,462,3.767737726308921,674,5.496656336649812," CBS.  Vice President Harris is visiting the U.S.-Mexico border in Douglas, Arizona on Friday,  or she's scheduled to at least.  Do you have any comment on that trip?  Michelle and Bruce worked hard their whole life.  They paid taxes their whole life.  corral them, get them in, put them in vehicles, put them in planes, and get them across the border.  somewhere deep in her soul, thanked President Trump for building that.  And I hope she feels shame for selling the border materials that we paid for,  the taxpayers, including you.  Ruben Gallego out of office.  out of office and kick her out of Washington, D.C. and get President Trump back in there.  And I can't wait to vote her best friend.  Because we need a change in this country.  I cannot wait to vote this incompetent woman.  I hope when she was down there today that she took a look at that big, beautiful wall.  Doesn't care that she created an invasion along with Joe Biden.  This wasn't by accident.  This wasn't, oh, we opened up the border.  I used to say they opened up the border and invited the world in.  It goes beyond that, guys.  She was named the border czar.  They opened up the border.  Venezuela emptied out their jails.  That is true.  I know many of you probably laughed when President Trump said that.  They emptied out their insane asylums.  and murdered American citizens and continue to do that to today.  selling them for pennies on the dollar so that we couldn't finish our wall here.  We're so compassionate in this country,  but we have shown very little compassion under this administration.  Because the boarders are able to find the border today.  And she never went to the border.  for the American people.  And I hope she feels great shame.  invited the world in.  When enough people didn't come in to cause enough trouble,  they ended up creating an app to tell people to come on over.  They ended up paying NGOs hundreds of millions of dollars  to go down to the Darien Gap, get people.  Their tax dollars went to bringing people across the border illegally,  many of whom, many of whom are criminals.  and the many, many others, the mother of five, who was killed by an illegal.  It is absolutely true. DHS has confirmed that.  Those people are walking amongst us.  We have the biggest border crisis we've ever faced in our entire existence of our country.  Because she hasn't been there before, last I heard.  For Lake and Riley.  Your name and your outlet?  Was she able to find the border?  an illegal alien who came across that border.  And that wasn't enough.  That still wasn't enough.  They ended up flying people in.",L,F
2024-09-27_22-58-29_UTC_Ted_Cruz_DAcC0guglMs,2024/9/27,Ted Cruz,DAcC0guglMs,0.7995089143382293,-0.33729988199323346,142.29060933091196,651.1953588901392,1718.6136609483997,-0.017930610824758986,0.6372445650932907,-0.10877909114661988,0.01308478266410584,0.0022806636208156316,5.976008466116242e-05,0.015658562287027056,0.9630146502450982,9.978301243895348e-05,0.0032512805573630095,11.857628304299473,0.10205544596889217,0.2078229856827861,0.4210526315789473,0.2105263157894736,0.0526315789473684,0.3157894736842105,50.38,19,163,3.2354108773322743,243,4.823342596268359," What does that mean?  This podcast explains exactly what the filibuster is  and what Chuck Schumer and the Democrats would do.  It would be, and this is not hyperbole, the end of the republic, the end of America as we know it.  if they end the filibuster, if they have power.  Democrats win the Senate and the House.  Download Verdict with Ted Cruz wherever you get your podcasts.  The podcast today, Verdict with Ted Cruz, breaks down exactly what Chuck Schumer would do.  He has 49 votes.  He needs one more for irreparable damage to America.  Look, we all know what happens if it's a good election.  If Trump wins, if we win Republican control of the Senate and the House.  But what if, God forbid, Kamala Harris becomes president?  What if?  Today's podcast breaks down the negative stakes of this election.  Kamala Harris.  is promising to end the filibuster.  We will turn this country around.  What are the stakes of this election?",W,M
2024-09-28_01-01-20_UTC_Colin_Allred_DAcQ3jIBPEk,2024/9/28,Colin Allred,DAcQ3jIBPEk,0.8064442256337675,-0.30487556362051177,109.47202258523392,561.3526194367497,1583.2232490429662,-0.2645367089367634,0.5630258857139302,-0.0663035356409627,0.0007019463556352138,0.0010795675266162743,0.003216037486605791,0.007388079261021447,0.9786244034257233,0.002407917759447657,0.000380408260983661,19.131119301453065,0.15028920475150204,0.12998886090144068,0.3333333333333333,0.2962962962962963,0.1481481481481481,0.2222222222222222,79.7889342403628,28,329,4.100199401794616,482,6.006979062811566," This is a common sense bill that was bipartisan and Ted Cruz said no to it.  Border security, as I've always said, is about more than physical barriers, although physical  barriers are an important part of it.  And I have voted to fund them and that is something we have to have.  But when we talk about border security, it's about resources, personnel, and technology.  And that's what we had in the Senate bill that Ted Cruz doesn't want to talk about that  he took down this year.  This was the Senate bill for $20 billion for border security, for 1,500 new border patrol  agents, 100 new immigration judges, over 1,000 administrative personnel to help us deal with  the backlog in terms of the asylum situation we're dealing with, money for technology to  stop fentanyl coming across our border, money actually for the communities along the border  that have been impacted by the surge of migrants.  So places like Brownsville, where my family's from, would have received funding from this.  This is a common sense bill that was bipartisan and Ted Cruz said no to it because he wants  to have the immigration system.  So this is a common sense bill that was bipartisan and Ted Cruz said no to it because he wants to have the immigration system.  He softened the issue to run on in November.  He wants to talk about a problem but never wants to solve it.  And so this is what I'm talking about that—there's a fundamental difference here.  I have been the most bipartisan Texas in Congress.  I've always focused on what we can get done.  I don't, you know, set unrealistic goals like I'm very direct to the folks who  I represent.  I want to make sure they know this is what we can do and this is what I'm working on  getting done.  And to do that, you have to work in a bipartisan way.  Ted Cruz never will.  I will.",L,M
2024-09-28_03-54-23_UTC_Colin_Allred_DAckcokM14F,2024/9/28,Colin Allred,DAckcokM14F,0.7953953232233071,-0.18556367957912775,160.90851740575764,656.5965158397336,1727.268484053198,-0.06610938848936337,0.6463226919015134,-0.1655160316011411,0.0002477058389740242,0.00048770528175582116,0.0006451134450853384,0.0062344881197907995,0.9592356691426214,0.0005231503730413899,4.260019970818447e-06,101.29960498115697,0.18039032771665336,0.27015142636916434,0.1333333333333333,0.1333333333333333,0.2666666666666666,0.4666666666666667,74.39997732426303,15,286,3.844086021505375,406,5.456989247311826," over what's best for our state.  We haven't had the political courage.  Because that's my main issue that I'm trying to run on.  And that has to be so outrageous to every Texan, that you'd put yourself and your re-election  When Barack Obama and the Gang of Eight was coming together and put together a comprehensive reform for immigration system with billions of dollars in that bill as well for border security, important changes.  You know, Ted Cruz was in the Senate at that time, and he helped take down that bill back then, just like he helped take down this bill earlier this year.  You know, you mentioned that Republicans and Democrats had issues with the bill that was being assessed in the Senate.  You know, not really, actually.  This was largely just the enforcement side of our border security, but none of the reforms to our legal immigration system that we know we also have to do.  And so, you know, honestly, to fix this, we have to get folks in there who actually want to solve it, as you said, instead of just having the problem to run on.  And I do think, you know, in the back of their minds, and I know this is true for Ted Cruz, he's thinking, well, if we had passed this bill, if we had actually put these billions of dollars into border security, what would I have talked about in the election?  or the political leadership in place to do it in the Congress.  And, you know, let's go back to 2013.  That has to be so outrageous to every Texan that you would put yourself and your reelection  over what's best for our state.",L,M
2024-09-28_16-27-21_UTC_Eric_Hovde_DAd63WKs1Te,2024/9/28,Eric Hovde,DAd63WKs1Te,0.8425465759889759,-0.325357277772497,132.16625436835852,695.7851119160281,1641.3094559019667,-0.031208682222503274,0.6485187853011358,-0.19496689028054762,3.626848142115736e-05,7.955133617500293e-05,0.00018088151421715587,0.0006923740565715476,0.9971336282376801,0.00036161866436004107,3.0777019300779484e-07,31.71262090508762,0.10242423628210323,0.23442307306430998,0.5333333333333333,0.2,0.1333333333333333,0.1333333333333333,54.35997732426304,15,167,3.072111846946283,243,4.470198675496687," Kamala Harris has failed at literally everything she has done, most importantly being the borders are.  As we all know, you know, President Trump pretty much had the borders secure.  And then Harris and Joe Biden came in.  Over three million came in the first year, over three million the second year, well over four million.  We don't know if that number is 16, 20 million.  And every state's a border state.  Look, Wisconsin, they just had an article about the thousand people that got dropped into Whitewater, a small town of about 13,000, 14,000 people.  It's caused a huge mess.  The budget, the access to housing, health care, all these issues.  Then the crime issue.  Why is President Trump going to Prairie du Chien?  Because two weeks ago, a woman was violently raped and brutalized, as well as her, I think it's her daughter, they would never say.  But we've had crime.  All over our state.  So I don't think people are buying this at all.",L,M
2024-09-28_17-42-04_UTC_Bob_Casey_DAeDW03PM-t,2024/9/28,Bob Casey,DAeDW03PM-t,0.7964736105598703,-0.28868627209488457,115.62835932714717,799.7070774549725,1851.545928293391,-0.09006490493861197,0.6391349014161375,-0.19215284255998252,0.003252402042692733,0.03227683389933919,0.0009182710496396515,0.01106758458600741,0.9417586925795707,0.0035704045152166485,5.747030270982234e-05,12.962731285952383,0.08698525620487697,0.19712487290867522,0.0,0.4444444444444444,0.1111111111111111,0.4444444444444444,35.55997732426304,9,109,3.065241844769404,160,4.499437570303712," on this reckless scheme to  jack up the debt by trillions of dollars by giving away the store again. But people are  feeling it at the grocery store, buying food and household items. And that's attributable to one  thing, greedflation. These big corporations ripping off families by jacking up the cost of  food, these big, huge food conglomerates jacking up the cost of food. And those prices have remained  entirely too high.  My opponent and Republicans generally are not going to be on the side of giving the middle class a tax break.  They've already told people they want to double down.  That's why the choice is so clear.",L,M
2024-09-28_17-43-50_UTC_Kari_Lake_DAeDmeAtcdQ,2024/9/28,Kari Lake,DAeDmeAtcdQ,0.8282252514235386,-0.24008241661357754,173.98659351428586,823.9145254954971,2226.00294096225,-0.16969846015307039,0.5903281407369491,-0.13750738189727815,0.00016204458045717811,0.0008229764258476408,0.0007659534797334744,0.03406637955824953,0.8662312336549737,0.021761352926740852,7.769961739434634e-07,18.322208969033145,0.10554414691893778,0.2444429358960854,0.6666666666666666,0.2222222222222222,0.0,0.1111111111111111,45.16199546485261,18,174,3.700552956188856,261,5.550829434283284," Young people starting a family, just wanting to grow their family.  I don't know if you realize it, but they've turned their back on you in the media as well.  It's so painful to watch this.  The Democrat Party doesn't care anymore about them.  I really don't want to get political,  but it's obvious that Washington, D.C. has turned their back,  this administration, on the American people.  They've turned their back on all of you in the media as well.  and continue living the dream.  that that you have to go through this. I'm sorry that uh  Any American is going through this.  And I'm just asking the media,  and I'm really happy you're here, by the way.  to look into the heart of these incredible people.  People who want to do the right thing, they're American citizens who are here.  and senior citizens who've done everything right.  working hard to get through college, doing everything right.  And unfortunately, they've got a lot of people in the media doing their bidding and brainwashing people.",L,F
2024-09-28_17-48-52_UTC_Kari_Lake_DAeEK7uslty,2024/9/28,Kari Lake,DAeEK7uslty,0.829947977209731,-0.2683375635673791,180.60042098781483,900.8300579422365,2267.387601067042,0.027385068973266296,0.6633690253943788,-0.12413892058102129,0.07435193390299895,0.016940212334676876,0.0013242815824743123,0.0007129486482022127,0.8862064834165208,0.0011746947185315997,5.35013245010962e-05,12.90865209401321,0.09555282510502057,0.22429964306895203,0.6923076923076923,0.0769230769230769,0.0,0.2307692307692307,66.18,13,222,3.354487760652765,317,4.789966757328497," And that is really, truly blood on her hands.  It's really despicable what they have done.  I'm surprised she could even find the border today.  because she hasn't been able to find it for three and a half years.  And to come to Arizona, she's been to Arizona, by the way, probably a dozen times,  and she's never bothered to go to the border,  even though this is the state with more fentanyl pouring in than any other state.  This is the state where we've watched as thousands of military-age Chinese men have poured across in the open gaps, where we've watched children being trafficked.  And that woman right there, Kamala Harris, has lost track of 320,000 little ones, babies, children who've been trafficked across the border who are missing now.  Well, she doesn't want to look up and look at the border wall because she wants that border wall gone.  You know, remember, Joe Biden and Kamala Harris, we had $325 million worth of materials to finish or at least partially finish that border wall.  And they gave it away for pennies on the dollar.  So she's probably standing next to the border wall in her head, wondering how quickly she can get rid of the wall that is there so that there's more space for people to pour in illegally.",L,F
2024-09-28_17-49-47_UTC_Kari_Lake_DAeERoeBaRI,2024/9/28,Kari Lake,DAeERoeBaRI,0.8323549793997008,-0.2580518120123101,181.72270733211866,830.6941745869769,2179.8106398730642,-0.046513130350154204,0.6332198285208573,-0.05513708138054268,0.004081095644561408,0.0015437697583075298,0.00333024769068229,0.04322612458659208,0.9327888934907091,0.0015750596170347824,7.213616450604442e-06,21.127291393393964,0.10298683884896338,0.21133596694240853,0.4736842105263157,0.1842105263157894,0.0789473684210526,0.2631578947368421,120.34,38,397,3.2989862057503743,591,4.911085258434436," He's pro open borders and he wants to give everybody who's come across this border.  And they don't want to have a wide open border anymore.  They don't want to have the cartels controlling our state.  So I feel comfortable going into this election.  We're debating.  I will be debating Ruben Gallego on October 9th.  And that's when ballots are going to be in mailboxes.  And we hope that people will get those ballots turned in.  And we're going to show up big and strong here in Arizona.  We are registering thousands of people more in the Republican Party than in the Democrat Party.  And the young people are coming over as well, realizing that Ruben Gallego would be a disaster for their future because he is a Marxist who wants open borders and communism here in America.  is to send these people who've invaded our country.  back to their homeland.  And he's a  I'll tell you what we need to do.  All of these people who poured in during this Biden invasion need to go back to their homeland.  We've got to save our homeland.  The only way to do that.  Well, let me tell you what you just saw with Kamala Harris.  My opponent is a male version of that.  He's a male version.  He's voted with her dead-end disastrous policies 100% of the time.  I think he's the only person in all of Congress that's voted 100% of the time with Joe Biden and Kamala Harris.  Amnesty immediately, asylum, and he wants them to vote.  He's actually voted for that already.  He wants federal dollars going to these sanctuary cities.  And he said he could never imagine a case that he'd want to deport anyone.  He's actually, you know, I want to confront the cartels.  He is controlled by the cartels.  His own father was a Colombian drug trafficker.  And so he's got links to the cartel.  And that is very concerning, and it should be concerning for everybody out there.  This is an important race.  My internal polling has showed us up over Ruben Gallego since June.  You know, these public polls are really meant to try to take the oxygen out of our movement  on the ground here in Arizona.  The people of Arizona don't like that guy that you see on your screen.  Well, they don't like either of those guys.",L,F
2024-09-28_22-23-23_UTC_Kari_Lake_DAejliep4zF,2024/9/28,Kari Lake,DAejliep4zF,0.8223768518774865,-0.25488240556467356,173.09827183680187,862.5488774790679,2206.098878251937,-0.09896992406464836,0.6058949094458478,-0.04848088758270112,0.0007723000131023819,0.017681941531478382,0.0037902951960196224,0.07130498707314897,0.8799269694586734,0.002028341586926691,0.005596106635248873,31.15927430058031,0.14309559454582083,0.2622174831936601,0.5952380952380952,0.1666666666666666,0.0238095238095238,0.2142857142857142,126.68,42,485,3.8285443637511833,716,5.652036627723397," It doesn't matter, frankly, what the media is saying anymore.  When you're trying to tout his plans or what he's doing as something good,  they know they can't afford anything anymore.  I don't believe a lot of the public polling.  I think it's to take the oxygen out of our incredible movement.  And so what we need to do is continue to work to get our message out.  The good thing is the American people and the people of Arizona are so smart.  And we're going to continue to work hard.  The people know that we have these solutions.  The irony of it is, and I know there's many people who are liberal in the media.  doing his dirty work in his bidding, covering him like he's the best thing since sliced bread.  that things are peachy keen because they're not.  And so that is working in our favor because the American people know that in order to change this up,  we've got to get President Trump back in the White House, Carrie Lake in the U.S. Senate,  and retire these lifelong politicians who've done nothing except destroy our country.  I feel confident in our internal polling.  It shows me up, and it has for almost the entirety.  the people that many of you in the media, I think, think you're rooting for.  Caleb probably has two roommates now and he's really hoping to get out and not have to have two roommates anymore.  But if you're rooting for...  There are four people pouring across illegally.  So just we got to get out and continue to do more of saying reach voters.  Can't afford gas. Michelle and Bruce stopped driving their truck.  They can't afford gas. Can't afford insurance.  is the Republican Party, the America First Republican Party,  much like what we used to think of the Democrat Party of yesteryear,  actually does care about working class people.  I take that back.  He's even more to the left than Nancy Pelosi, if you can believe that.  And so, you know, and then he's got all of the people in the media.  They are opposed to the working class people.  They're opposed to the American family.  Boston?  Oh, you're down here to cover Kamala Harris?  Okay.  I don't. I look at my internal polling, which has been very good, especially considering we've had $75 million in attack ads launched at us,  and then image ads for Ruben Gallego that couldn't be more false.  And he's painting himself, as I always say, a cross between Mr. Rogers and G.I. Joe when he's really Nancy Pelosi with the beard.  But with the way the economy is going, the American people and the people of Arizona aren't believing.  Ruben Gallego and the Democrat Party now.  I think we're looking really good here in Arizona.  I don't listen to what, no offense, I don't listen to what you guys say.",L,F
2024-09-28_22-24-35_UTC_Kari_Lake_DAejuUStLkb,2024/9/28,Kari Lake,DAejuUStLkb,0.813058103590062,-0.2551172300206872,163.00906667530344,884.4596009276884,2191.413538025903,-0.12387804142210722,0.6002540737144579,-0.09231719062654009,0.010774106742002682,0.014867520453271827,0.0049841598931634964,0.07817305564194678,0.8340083462572331,0.004069759571967129,2.3452953845361743e-05,24.395520543100204,0.11076222154181865,0.20953734511083982,0.5434782608695652,0.2391304347826087,0.0217391304347826,0.1956521739130435,119.38097505668934,46,429,3.591160220994475,576,4.821697639377197," while we're waiting to get things turned around.  And when it comes to, you talked about getting people  into these construction jobs.  Bruce did not overspend.  They weren't taking lavish vacations.  Were you guys taking lavish vacations?  Ask anybody who's a builder.  We need to build more housing.  They don't have enough trade skill workers.  And I would like to see some Americans getting those jobs and getting the skills they need.  When I was in high school, and maybe you, Ron, I don't want to date you on this, but maybe back when we were in high school, we used to teach some of that.  And thankfully, some of these schools are figuring it out, and they're starting to bring back trade skill training.  It should be taught right there in high school.  buy all kinds of things that we didn't need. So we got to cut a lot.  You know gender studies in Pakistan and all sorts of other ridiculous things  We can start cutting in all of those dei programs that don't make any sense  But for those who are getting out of 18, they don't feel they have the skill they want to get into.  The great news is this won't be a program that lasts forever.  But what we can't do is let Americans continue to fall into poverty while we're waiting.  this is it won't even be a program it'll be an opportunity but we have to  plumbing or construction or electrician work.  Let's get them a little bit of a start.  They haven't gone to Vegas and, you know, gambled away their fortune.  They've worked hard.  And because of this dreadful economy.  And by the way, there's a ton that we can cut.  There's so much waste in that budget that we can cut,  and we'll start cutting a lot of the waste.  We don't need to send $10 million to...  If we do that, within a very short period of time,  we can already have people that are on these housing sites  helping to build homes,  and they can be Americans who are in these jobs.  to  help right now because we're watching as Americans are falling into homelessness by no fault  of their own.  deeper and deeper into poverty.  And so we need to help people  till we can get Trump in office,  turn this economy around,  and start growing our way out of this nightmare.  The nightmare caused by the Democrats  and some politicians in DC.  They have overspent.  They've passed $1.9 trillion budgets,  or not budgets, spending packages.",L,F
2024-09-29_00-31-21_UTC_Kari_Lake_DAeyPA3t8wr,2024/9/29,Kari Lake,DAeyPA3t8wr,0.7849761430867785,-0.1640628861999257,161.3698549983155,1056.3989946828594,2694.3778407020054,-0.15788873444218512,0.6101240013788054,-0.1448985641804585,0.030093972130043677,0.0013771679540148089,0.00010391628092233258,0.023952312662525885,0.8988881817561772,0.035088154944442215,5.923669397590793e-06,16.471637383045568,0.09908848120511105,0.20728819583369307,0.6111111111111112,0.2037037037037037,0.0185185185185185,0.1666666666666666,203.82,54,664,3.2577764694338147,1026,5.033853400058876," to allow them to come in through ports of entry and stay forever.  President Trump wanted to make sure that they were.  I heard Kamala Harris criticizing President Trump.  We're going to send them back to their loved ones in their homeland in order to save our homeland.  Kamala Harris.  They thought it was a legitimate pill.  It turns out it was laced with fentanyl.  And now they're gone.  And Ruben Gallego do not care about the children who've gone missing after being trafficked across our border.  325,000 children, young kids, little toddlers up until teenagers, have come across this border being trafficked by these cartels.  We will not allow that.  We've had 21 million illegal immigrants pour into our country under the regime of Kamala Harris with the rubber stamp of Ruben Gallego.  little one to disappear into the hands of a trafficker into America.  He wanted to do DNA testing to make sure that they were indeed family members.  And Kamala Harris lied about that yesterday.  But she took no accountability for the 325,000 children who are gone.  And they've gone missing now.  Ruben Gallego voted against a motion that would have prevented illegal immigrants who have a violent record or pose criminal public safety issues or national security issues to remain in the United States.  It does not have to be this way, and this is why our vote is so critical come November 5th or here in Arizona when we start voting on October 9th when our ballots hit our mailboxes.  We must finish the Trump wall.  My first order of business, and I know President Trump will get busy, he'll probably do an executive order to get the ball moving again on building the wall.  I want to make sure we have legislation ready, a short, sweet piece of legislation that fully funds and expedites the construction of the southern border wall.  It works.  There's no doubt about it.  When you see it, it works.  It keeps people on the other side from getting over here.  Where there's openings and gaps, we've seen hundreds if not thousands of people pour in.  and sent into America.  and the CCP who's sending over the ingredients to make fentanyl.  And we need to do something about it, and we have a plan to do something about it.  I don't want any other mother or father to lose a son or daughter to fentanyl poisoning.  And I hope that the media who's here as well will start covering this story.  It's very important.  We're losing a young generation of Americans at the hands of the narco-terrorists in Mexico.  And in order to save our homeland, we must send these people back to their homeland.  And so starting in January, we will begin the largest repatriation operation to send everybody who's come in during the Biden invasion or Rubin invasion.  I don't know if we have a number on that.  It's 100,000 a year deaths that have been tied to fentanyl poisoning.  And I say poisonings because these aren't junkies.  Many of these are young people who've taken a single pill.  that they are family members.  missing, many of them potentially dead, Harris and Ruben Gallego,  and their efforts to defund police and make our communities less safe,  we too have endemic crime here in America.  That's why we need to get back to law and order,  fully funding our police and fully staffing our police.  And we need to require the automatic, immediate deportation  of anybody caught crossing the border outside of the ports of entry.  I know that Kamala Harris mentioned that yesterday.  It's really rich that she now doesn't want to let people  who just walk across our border have asylum.  But what she wants them to do is use the app she created.  for wanting to make sure that the children coming across were indeed with family members  as their traffickers tried to lie to Border Patrol and tell them,",L,F
2024-09-29_00-34-47_UTC_Kari_Lake_DAeyobNsLgd,2024/9/29,Kari Lake,DAeyobNsLgd,0.7965028161139934,-0.1721242302713296,161.48419261277485,1017.4139891974544,2679.1174023783697,-0.2007169867040487,0.5950512791569391,-0.13976630716671182,0.01647047513287355,0.002539580719935301,0.00038437328770840704,0.0010935149438927355,0.9565597322910491,0.00013289579668360115,2.057138723727697e-06,12.21780851686293,0.08219382377871846,0.2378936332015761,0.5681818181818182,0.2272727272727272,0.0454545454545454,0.1590909090909091,138.78,44,470,3.3866551376279004,679,4.892635826487966," We're asking somebody to be in the U.S. Senate, and I know that you probably support him, and that's fine.  You get your vote.  Remember, he ran her out of office saying she wasn't liberal enough, she wasn't radical enough.  We will come back and we will get through this when we vote to root out people like  Rubin and Kamala Harris and bring back President Trump and Republicans like me for the US Senate  and across this country.  We will secure the border and we will bring back safe streets and safe communities and  actually a really strong economy once again.  And you never talk about that.  So I implore the media that is with us today to start talking about Rubin's.  I want to thank the media for being here and let you know that this is a story worth covering  and the questions need to be asked of Ruben Gallego.  His record is clear.  It's a failure if you don't start covering him.  He raped her, bludgeoned her, and murdered her.  And he stuffed the body of this mother into a storm drain.  Police found her body there, and her children will never feel the affection and the warm touch of their mother again.  our young daughters and young sons could come into contact with them.  And I think about today in Prairie du Chien, Wisconsin,  when the mother of the young lady who was taken from us,  she had five children.  She went out for her afternoon walk that she did for the last 25 years.  seventy or eighty million dollars in commercials lying about his stand on the border.  so that our children  You're allowing him to be unvetted.  And I asked the media to start covering Ruben Gallegos' terrible policy.  but we need to be calling out what he is about.  I want to confront the cartels.  I want to bring down the cartels.  I want to end the cartels.  He will never confront the cartels.  He's controlled by them.  He has close family members who are drug traffickers.  terrible record when it comes to the border, his open border policy, and don't let him get away with running.  came back in four times, and the fourth time he came in as a gotaway.  It's a mile deep.  And Kyrsten Sinema, who was at least a more moderate Democrat, an independent,  And radical is exactly what we're getting with their border.  Radical means almost a half a million criminals, known criminals, being allowed to roam.  and it's absolutely hideous when it comes to the border.  He's done nothing to secure the border.  And she was taken from us by a criminal who came across the border, had been deported.  and her mother will never be able to see her daughter again.  This is unacceptable.",L,F
2024-09-29_20-24-45_UTC_Colin_Allred_DAg6xKGvukg,2024/9/29,Colin Allred,DAg6xKGvukg,0.7734328229518302,-0.26709255205758037,144.00631018724224,603.1833650405716,1777.8485676602193,-0.19169852815867713,0.596893696194605,0.029033139959478822,0.0004728688649003666,0.001561560923154715,0.00040040244630733967,0.0015748977163298023,0.9897344721075654,0.0012435112229020537,6.407375301730854e-06,45.73345606376715,0.15339641989574568,0.20606617057460264,0.0,0.5,0.1666666666666666,0.3333333333333333,20.76,6,89,4.28709055876686,119,5.732177263969172," It means a lot to me to have so many proud Tejano leaders in my corner.  We're going to have folks show up in a way that they never have before.  And we're going to send a strong message that what's been going on here is going to come to an end.  We're going to show up on November 5th.  We're going to send a strong message about who we are as Texans, that our diversity is our strength, that we're not afraid of that diversity.  We embrace it.",L,M
2024-09-29_21-42-39_UTC_Dave_McCormick_DAhDZ_FO2m7,2024/9/29,Dave McCormick,DAhDZ_FO2m7,0.8595676297772346,-0.13137242362071824,211.8573317283807,992.6973536891302,1981.0834694107084,0.4682635777408928,0.826918424242268,-0.05473158448550977,0.17778062864330849,0.022651646640282044,0.006260857976781209,0.1177182724537907,0.6341563459534908,0.00045270269201797675,0.010175573602702322,42.29323893651991,0.24393323848646806,0.3401536130100529,0.3392857142857143,0.2321428571428571,0.2142857142857142,0.2142857142857142,141.3519954648526,56,493,3.487549518958688,714,5.050933786078099," I've had people tell me.  We want to defund the police.  You know, I just wanted to say, Mr. President, thank you for coming back to the Keystone State.  This is the place.  We need to bring law and order to our cities and we need to secure that border and stop  these illegal immigrants coming in and bringing crime and fentanyl into Pennsylvania.  He's weak. He's a career politician. He's liberal. And we got to send him packing  and bring a Republican majority in the Senate to get the Trump agenda across the finish line.  And most important.  where we're going to retire Joe Biden and Kamala Harris and send you back to the White House right here in Pennsylvania.  The weakness of Kamala Harris.  It's a race between common sense policies.  That's great, David. So get out. Dave McCormick, great guy. You got to get a man.  He'll be a tremendous asset, tremendous help to you and to everybody.  Our adversaries around the world are testing us.  They're challenging us every day.  We need peace through strength that we only will get if we get President Trump back in  the White House and a majority in the Senate.  This is the most important election of your lifetime, but it depends on you.  You got to get out there.  You got to tell your friends.  You got to get them to vote.  This is the most important election of your lifetime.  Let's go do it.  Thank you.  So I want to tell you all.  This is the most important election of your lifetime.  How many times have we heard it?  Erie, the bellwether right here.  And a radical liberal agenda.  You don't have to listen to me.  This is a woman who said in her own words, we want to ban fracking.  We want to transition energy workers.  We want to give amnesty to 10 million illegal immigrants.  We want to make sure they have federal benefits.  It's a race between strength.  This, for our kids, for our grandkids, this is the most important election of our lifetimes right here.  We want to have mandatory buybacks of your guns.  And it's a race.  This day, right here in Erie.  A guy who says fight, fight, fight.  I want to tell you.  We need leadership to tame.  We got to tame this inflation and help working families with President Trump.  And you know, I'm new to politics, but ever since I can remember.  where we're going to have the chance to fire a guy named Bob Casey.  Bob Casey is weak.  We need common sense leadership.  It's common sense.  We need a leader who's going to open up our energy sector,  that pure, beautiful natural gas from Pennsylvania right here, President Trump.  my friends.  And how about this?  We want to reduce your red meat consumption, right?  All right. Thank you, Mr. President. And hello, Erie. How are you?  And this is also...",W,M
2024-09-29_22-44-28_UTC_Colin_Allred_DAhKzbVtAUO,2024/9/29,Colin Allred,DAhKzbVtAUO,0.7977964914630565,-0.15587656653668694,118.82510913304857,678.2725337454633,1739.0428713716074,-0.015792192052402367,0.6712572706929785,-0.14019730808351202,0.03332338050275348,0.0026036219762607363,0.0012144496617292988,0.2622573067578808,0.6770048727015437,0.000778353683828784,9.359479207874616e-05,28.473155981339783,0.0924600233099542,0.22372879801384746,0.1818181818181818,0.2727272727272727,0.2727272727272727,0.2727272727272727,43.58,11,167,3.832033042680128,239,5.484167049105094," are saying around the country what we know to be true here in Texas, which is that I'm going to  beat Ted Cruz. We've been laser-focused, of course, on the issues that matter to Texans with now less  than 40 days to go. Let's be very clear, Ted Cruz is also in this position because of what he has  been doing and what he's not been doing, that he has not allowed us to secure our border, for  example, that we are experiencing an extreme abortion ban here in Texas that's putting women's  lives in danger because of him, that he wants to cut Medicare and Social Security that so many  Texans rely on, and that I have a record of bringing folks together,  of being the most bipartisan Texan in Congress. I've won tough races before  I got here by beating a 22-year incumbent Republican that nobody thought could be beaten.  That's how I got into the Congress.  And we're going to beat Ted Cruz here.",L,M
2024-09-30_00-13-55_UTC_Kari_Lake_DAhVB9Fo0Ul,2024/9/30,Kari Lake,DAhVB9Fo0Ul,0.8382262050948168,-0.23094078068787469,182.71583278163018,866.5104127712804,2165.9265543981387,0.033530988326846846,0.6729113858508218,-0.21917680765374525,0.011922287541389784,0.002919569209143855,0.0009867630095573105,0.0005380457429339242,0.9027202666948629,0.0004078096373365986,0.002781440193266523,17.234900640641005,0.12498003457579264,0.22558712118589386,0.391304347826087,0.1304347826086956,0.0434782608695652,0.4347826086956521,79.1,28,313,2.9263275991024678,448,4.188481675392668," I found it despicable. She spent 20 minutes on the border.  She's been the border czar, Maria, for almost four years now.  And she came down, I think, to make her friends in the mainstream media happy so that they could finally say she visited the border.  Spent 20 minutes staring down at her feet, standing next to the wall.  I was surprised she didn't call Joe Biden and say, we did it, Joe.  We destroyed America because that's exactly what they're attempting to do.  And Art just mentioned it, you know, 30,000 convicted rapists and murderers are roaming around in our country.  What they didn't mention in that list was the number of terrorists that are in our country right now.  We're living in dangerous times.  They just discovered IEDs and other weapons right on the other side of the border in Arizona.  And, you know, you have to wonder, are those meant for some of the terrorists that are now roaming around?  And what about the three hundred and twenty five thousand children who've been trafficked?  Over.  Our border, who Kamala Harris and my opponent, Ruben Gallego, who's in lockstep with her, have lost track of.  My opponent has been 100 percent voting with Kamala Harris.  He's open borders.  He calls the border wall dumb and stupid.  And he said he would never, ever, ever put a penny into building it.  And he is for these sanctuary cities.  I was recently in New York.  That city is a wreck right now.  And you can blame it on illegal immigration, even though they're not on the southern border.  They're feeling the effects of it.  They're you know, stillénergiephool.  They've beenotionalizing, even something so bad after the Morrison bill for a period,  the  these.  You know, we have that all for what we've done and all that to of what that all is.",L,F
2024-09-30_13-59-24_UTC_Dave_McCormick_DAizGhUu96d,2024/9/30,Dave McCormick,DAizGhUu96d,0.8081442083243582,-0.16695489714816722,142.35757677829395,640.9260282014188,1793.5929264975505,0.019688179788300043,0.6302211307451471,0.022121781564118308,0.0010173570123316678,0.002893466989120643,0.005341865017426967,0.15198947264125628,0.6868707714139357,0.0008717828547278056,0.004031533094658384,43.45028901367424,0.3218879497030728,0.3272864263546929,0.0714285714285714,0.3571428571428571,0.1428571428571428,0.4285714285714285,31.94,14,129,4.038822792736381,187,5.8547276142767695," Good to see you. How's it going?  It's great.  You look fresh for a guy that's been on the trail for like, how many months?  Well, since about a year.  You know, October 1st was when I got in the race.  So, for the Working Women's event, what was the objective?  This is a hugely important part of Pennsylvania.  There's 40% of the voters are in these five counties, the four-collar counties in Philadelphia.  Right.  And suburban women are struggling with sky-high inflation.  crime, extreme crime coming out of Philadelphia, going into the suburbs, the fentanyl crisis,  the open borders.  And so it's an opportunity to get the message out of the kind of leadership I can bring.  And it was, you know, Governor Sanders is here with me.",W,M
2024-09-30_16-07-55_UTC_Ted_Cruz_DAjCNG0uIp0,2024/9/30,Ted Cruz,DAjCNG0uIp0,0.8086872129175533,-0.3518008898006208,144.6939224290909,607.633233093114,1810.357584488771,0.10684804510789637,0.7178496075525126,-0.3812394239723852,0.18185018168503042,0.001533071461569766,5.239688781797494e-05,0.013183303650217134,0.8001786925518966,0.00014427746776445155,2.3064498427831e-06,16.5965452348763,0.18861696443443207,0.21108906168373734,0.3529411764705882,0.1764705882352941,0.1176470588235294,0.3529411764705882,67.26598639455783,17,148,2.199108469539376,238,3.5364041604754832," Illegal aliens have pending criminal charges against them.  They're wandering free as well.  That includes over 13,000.  and Kamala Harris. In addition to that...  on this week's Verdict with Ted Cruz. We also get into Iran, their plot to murder Donald Trump,  to murder President Trump. Iran is putting real money trying to hire hitmen, assassins to murder  Donald Trump. And Joe Biden and Kamala Harris are not doing a damn thing about it. We break that  down. We give you the facts. Download Verdict with Ted Cruz wherever you get your podcasts.  222,141.  who've been convicted of homicide, who are murderers.  That includes over 15,000 who've been convicted of sexual assault, wandering free.  These are bombshell numbers.  The corporate media is ignoring them altogether.  We break them down.  are wandering free in the United States under Joe Biden.  Illegal aliens.  week, massive breaking news. 425,431 convicted criminal.",W,M
2024-09-30_17-55-12_UTC_Dave_McCormick_DAjOgq4uxyT,2024/9/30,Dave McCormick,DAjOgq4uxyT,0.7551474797039474,-0.14545556328406456,137.46054918505067,615.3129164146088,1859.1664592476886,0.007915276755028046,0.6291951049210527,0.0268003970381445,0.0143160977975509,0.0023812642082349663,0.0003358766564535223,0.1699624245130813,0.7864418094879703,0.0007672612649580566,0.00017860173039277149,9.315680159286186,0.16364503916260265,0.19555659915336482,0.2,0.6,0.0,0.2,15.2,5,48,3.1578947368421053,73,4.802631578947369," strength and weakness. This is a choice between somebody who's an outsider,  someone who's a West Point grad, served in the 82nd Airborne Division, someone who  who's been a career politician 30 years in public office.  This is a choice between...  created jobs in Pennsylvania versus a guy",W,M
2024-09-30_18-34-54_UTC_Kari_Lake_DAjTDB4P-FG,2024/9/30,Kari Lake,DAjTDB4P-FG,0.7888433187354537,-0.13921102669011995,167.50130888690293,974.3766633401823,2683.6305776498425,-0.1472258971268146,0.6130373556012413,-0.06711342119545928,9.118073360112306e-05,0.0007099774750506393,0.001415804068455371,0.013098634916514246,0.9195061325203249,0.0008613635714463762,1.3043778873928303e-06,17.867394490272982,0.1093640762229358,0.2269123416185357,0.7894736842105263,0.1578947368421052,0.0,0.0526315789473684,51.56,19,190,3.685027152831653,275,5.333591931730023," talking to numerous Border Patrol officers and their families about the difficulty they faced.  I would hope that she would spend hours here.  who almost single-handedly  to fentanyl poisoning.  But she didn't talk to any of them.  She spent 20 minutes walking along the border.  helped us secure that border, and it was secure for three years.  talking to the families, the angel mothers and angel fathers  who've lost loved ones, children, 16 years old, 17, 18, 19.  I know that she was thinking that though, because that was exactly what their plan was  when they tore open an incredible policy put forth by President Donald J. Trump.  I don't know that there's anything she could do to make things better,  but I would think at least a couple of days spent in Arizona, walking along the border.  We destroyed America.  We got rid of the border.  She's been at the borders our three and a half years.  She spent 20 minutes at the border.  Does anybody really think that was appropriate?  I thought for a moment she might try to call Joe Biden and say, we did it, Joe.",L,F
2024-09-30_18-35-58_UTC_Kari_Lake_DAjTK8fvuF-,2024/9/30,Kari Lake,DAjTK8fvuF-,0.766878375945604,-0.16075651822900333,166.5194104025995,1021.8628697057806,2665.8244597094003,-0.17174211901062117,0.606105666742568,-0.061358407598362356,0.0006576726937007338,0.0010157438228752744,0.0004739015381709577,0.021699572952496783,0.8540810833647988,0.0497774421611038,1.8599049056942003e-05,13.049801818536796,0.11284770151616827,0.21549571658866098,0.5454545454545454,0.2727272727272727,0.0909090909090909,0.0909090909090909,63.24,11,199,3.14674256799494,278,4.39595192915876," I really felt it was important to change up my day and respond to Kamala Harris's visit to the border yesterday.  I found it embarrassing for her.  and cause all kinds of absolute devastation across this country.  Almost four years in, three and a half, almost four years in, to the moment when Kamala Harris, along with Joe Biden, came into office and tore apart the greatest border policy I've ever seen.  And I live and have covered a border state for 30 years.  She came into town to stand beside the border that she has torn open, to stand there and look down at her feet, I hope in embarrassment.  I hope she had some shame for what she has done to not only Arizona, but this entire beautiful country.  Kamala Harris has been an abject failure when it comes to the border.  that she came to the border almost four years in to her tenure as the border czar.  That has been proven, and she's done nothing to help our border except tear it open.  I know she doesn't want to call herself the border czar anymore, but let's face the fact, she is the border czar.",L,F
2024-09-30_18-37-02_UTC_Kari_Lake_DAjTSPUsGxI,2024/9/30,Kari Lake,DAjTSPUsGxI,0.783928655145179,-0.16008694764860665,167.9518191573828,1025.4051130679059,2655.3616209202755,-0.1332322514605872,0.6205000653352818,-0.2068492439055631,0.0021229042328785295,0.035520497636257836,0.0013733291975043776,0.01706046842031417,0.8736241496437093,0.003573877572445079,4.089825219629801e-06,16.830104177314727,0.12053462040245781,0.2304992528089893,0.7674418604651163,0.1162790697674418,0.0,0.1162790697674418,123.99798185941044,43,398,3.209677419354839,591,4.766129032258065," He said, President Trump's wall, the wall that is keeping us safe in some areas, is a stupid, dumb border wall.  He said, the border is not my area of expertise.  And then he said, we should not build the border wall.  and 15,811 convicted rapists.  This is under their time here.  It doesn't have to be this way, America.  Let me just show you a couple of the quotes,  and I think this is important,  because these are actually quotes from Ruben Gallego,  who's running for U.S. Senate.  We shouldn't. Let's take it from his own words.  Let's take a look at some of the things that he has said.  By the way, these are the numbers of what has been allowed in  during this campaign of terror unleashed on us,  the people of Arizona, the people of America,  during the reign of Kamala Harris, the border czar,  and, as I said, her favorite congressman.  re-elected. Both of them are from border states or allegedly lived in border states. Both are  creatures of Washington, D.C. Neither one of them really had a primary.  here in Arizona and across this country. She didn't tell you that she's let in  more than four hundred and twenty five thousand convicted criminals.  This has all been on Kamala Harris  and her favorite buddy, her favorite congressman Ruben Gallego's watch.  Ruben Gallego is frankly  a male version of Kamala Harris.  Ruben, put down Hunter's crack pipe.  This tells you he hasn't been at the border.  Here's what she didn't tell you when she was here.  She didn't tell you that she's let in 30,000 convicted murderers and rapists who are roaming our streets right now.  It's really despicable though because he allegedly lives in a border state.  He should know better.  Both are anti-police and both are open borders.  Everything that they stand for makes our country, our neighborhoods, and our families less safe.  Why should we trust Ruben Gallego?  425,000 convicted criminals.  This is just outrageous.  14,000 murderers, convicted murderers.  He said there is no national emergency.  We've got a serious problem here in Arizona.  I know Arizona is not your priority,  but we need people who are going to stand up and protect this state,  and I plan to do it.  I don't think he really lives here, to be honest, and we have some evidence that he may not.",L,F
2024-09-30_18-52-34_UTC_Mike_Rogers_DAjTtZZvMFG,2024/9/30,Mike Rogers,DAjTtZZvMFG,0.8292519875053871,-0.22780792303728276,112.02063552411829,573.8959818287273,1607.990817217046,-0.13925969206944466,0.5999796030547138,-0.05418383908248202,0.026998691634454654,0.002669865569008032,0.0012519549254166593,0.03241674810815119,0.9241384148851782,0.002052511791427447,0.0004857837870325728,19.27036111576736,0.20346981987270582,0.210924588587581,0.3974358974358974,0.2051282051282051,0.0769230769230769,0.3205128205128205,237.6,78,845,3.5563973063973067,1229,5.172558922558923," It tells you that Michigan won the football game, and this will not be the first time  Waltz loses in Michigan.  Come November, he's going to chalk up another loss there.  Listen, things are happening in Michigan that I don't think the polls are exactly accurately  picking up.  People understand that four years ago, their lives were better, their finances were better.  People are having a hard time buying groceries.  First time in America that our collective credit card debt is over a trillion dollars,  which means people are buying food at 23% interest.  We have to change their economy, and you can't do it by having the government's heavy hand  in just about every business across the state.  We do a diner tour there, and I'll have to tell you, we found more common sense in the  average diner in Michigan than all the committee rooms in Washington, D.C., and most of them  are talking about the economy.  Listen, here's what you do.  Get out of our way.  Let us work.  Let our businesses thrive, and we're going to be just fine.  I mean, it's a good thing.  You know, the Biden-Harris agenda is they want the automobile industry to completely  change, no gas engines.  That just won't work in the near term, and it won't work for Michigan families, for sure.  Again, we're just going to talk about the economy.  What they've been doing, Kamala Harris and my opponent, Alyssa Slotkin, are running as fast as they can from their records.  Now they're for border security.  Now they're for lower gas prices.  Now they're for less spending.  The problem is the last four years they have a record.  My opponent voted with the Biden-Harris agenda 100 percent of the time.  So when people go to the store and buy those groceries and almost pass out, it's because of all of that spending, all of the bad policy, all of this big regulation.  I saw a report the other day, $1.6 trillion under the Biden-Harris administration in new cost of regulation.  It looks like they've been able to get away without having that forecheck.  There was a tool and dye shop that was talking about, or a plant that was talking about doing it.  I think they've worked that out, which is good for us.  We don't need another nosebleed in the state.  Well, absolutely.  Thanks for having me on.  Mike Rogers.  Just keep hammering home the economy.  You know, in Michigan, when the rest of the country catches a cold, we get pneumonia on the economy.  So tied to the automobile industry.  And what the Democrats are trying to do to the automobile industry in Michigan with these EV mandates that are absolutely disrupting in a bad way the automobile industry.  2,400 layoffs at Stellantis, 1,000 at General Motors.  Ford has announced they're closing a couple of lines of new EV vehicles because they're not selling.  And so the Biden administration came in and said, here's the cars you have to build.  And oh, by the way, America, you're going to have to buy them here pretty soon.  It just doesn't work.  And it's having really big negative effects for us.  If he keeps hammering that home, as he has every time he's come to the state, he's going to win.  that weighs the economy down. It's not helping. It's not making you more safe.  It's making you less rich, if you will.  I think he always overperforms his poll.  He has overperformed in Michigan in 16 and 20.  If he's tied going into October, he's going to win the state of Michigan.  And I think that's what our opponent was saying on her fundraising call is, hey, look, we're looking at these numbers in a little bit more depth.  And he's ahead of Kamala Harris.  I think that's going to hold till the election day.  Yep.  And.  We do. We try to take a little bit of time every day. It's mostly just being familiar with the issue sets.  That's really the most important thing we can do. You know, these aren't going to be, you know, huge, widely watched debates.  Or are they not? Some states they are.  You know, it'll be OK. The first debate is in Grand Rapids, which is a smaller media market.  I think that's why our opponent agreed to do it there. But we'll take advantage of it.  It allows us to set the record straight. Never seen so much money pouring into Democrat coffers from all over the country.  I think we're number one for outside money with Act Blue coming into the state.  And so debate gives us an opportunity to say, hey, wait a minute.  All those things you've been saying on TV.  Matter of fact, my wife was watching TV the other day and said, I wouldn't even marry that guy.  I don't know who that guy is.  Right.  I mean, really bad, really false.  Lies, cries.  Talking about you.  Yeah, yeah, exactly.  Wait, who?  Yeah, yeah.  No, she's talking about me.",L,M
2024-09-30_19-00-51_UTC_Kari_Lake_DAjWARqIsMR,2024/9/30,Kari Lake,DAjWARqIsMR,0.7632702077484244,-0.17711624953147953,163.92313433921333,1071.5698066778632,2729.6041637288,-0.16966074650008048,0.6036352927343437,-0.17845142014714965,0.005155008478140373,0.006401857226822732,0.0004838967209629917,0.0012025581536114062,0.9696565809669278,0.0012362167564297984,4.324801661868348e-06,11.828088947759602,0.0983974551338205,0.1926860622318139,0.5897435897435898,0.2564102564102564,0.0769230769230769,0.0769230769230769,149.14,39,457,3.064234947029637,728,4.881319565508918," We do, Ruben.  We need a border wall from the Gulf Coast all the way to the Pacific Ocean.  And we need to protect our southern border.  In 2019, he voted to block President Trump's declaration of a national emergency at the border.  things that Ruben Gallego has said. He voted against the SAVE Act, which as you know, many of you know, would have prevented illegal immigrants and non-citizens from voting in our upcoming election. And it would have penalized anybody who intentionally registers a non-citizen to vote. That's important.  Rubin refused to directly answer questions from his own donors about the border.  He said it's not his expertise.  He said it's not really a big problem in Arizona.  This is shocking. This is absolutely shocking.  When we see what the border has done, when it's increased crime,  it's caused problems right here in Arizona from the break-ins,  the hundreds of break-ins that have been happening with gangs that are pouring in.  And talk to police officers.  They're feeling the direct effects from criminals and cartels that are now controlling Arizona.  Rubin downplayed the border crisis, saying it wasn't important.  There's no national emergency, he said.  And then he said on ABC 15, I'm not sure if they're here today,  he said he does not support the border wall.  In an interview with 12 News, he said, I've dismissed the idea, he said.  that we need one massive border wall.  has not built anything back, and has actually hurt our communities.  If signed into law, it would have granted amnesty to six and a half illegal immigrants.  It was being called the largest mass legalization program for undocumented immigrants in history.  He has said he doesn't want to deport a single person who's poured across this border.  That's despicable.  We must take action, and we must take action quickly.  This is why it's so important for people to vote, realize what's happening on our border.  He does not believe in securing our border, neither does Kamala Harris.  The two of them combined would be the biggest disaster.  And he published an op-ed titled, We Should Not Build the Border Wall Ever.  That was his op-ed.  We need to build the border wall ASAP.  He co-sponsored HR 748, the Safeguarding Sanctuary Cities Act,  which is why we're seeing cities like New York City be infested with crime.  It's almost unlivable right now in many other of these sanctuary cities.  He wants our federal dollars to go to.  And then he voted for something called Build Back Better, which has not made anything better.  for our security, our national security, our safety, our family's safety,  and frankly the economy because the border problem spread right into our economy.",L,F
2024-09-30_22-02-13_UTC_Eric_Hovde_DAjqzCFNF5Z,2024/9/30,Eric Hovde,DAjqzCFNF5Z,0.8163120316589826,-0.37157883567347627,215.46668346692638,655.1078832434757,1731.4528849188466,0.4072240982382604,0.8153858400556439,-0.2944041314756994,0.01349380169657307,0.005848581354321747,0.0033879614872886345,0.3868742089104326,0.3463662514824991,0.00013259710050954866,3.4690751354240125e-05,46.16146383247832,0.13655099158585582,0.3501419814003796,0.8571428571428571,0.1428571428571428,0.0,0.0,25.16,7,67,2.662957074721781,101,4.014308426073132," We have $35 trillion of debt, another trillion dollars being added every four and a half months.  The interest cost on our debt today is bigger than our Defense Department budget.  That's how great countries fail.  financial security  their bankrupting our country  They've racked up more debt in the last three and a half years than our country's first 230-year history.  Think of that for a second.",L,M
2024-09-30_23-37-18_UTC_Bob_Casey_DAj1qyQtrLo,2024/9/30,Bob Casey,DAj1qyQtrLo,0.7812727489025486,-0.27413618698649134,121.85119395434741,697.8479535312426,1733.0120029946459,-0.257394369677055,0.5524201317466267,0.08909464054997984,3.683491235346651e-13,1.4211215952530505e-14,3.188861482444178e-15,5.404755858544259e-13,1.0,1.448072599827841e-12,1.3277071510797461e-13,13.315501806859514,0.29888933358528064,0.13399935399247162,1.0,0.0,0.0,0.0,26.68,2,76,2.848575712143928,111,4.160419790104948," Okay, hey everybody, today's September 30th, but on this date in 1788, Pennsylvania's legislature acted first and elected the first two U.S. Senators, including William McClay, whose Senate seat I've had the honor to serve in.  William McClay wrote a diary of the first two years of the U.S. Senate. It was the only record of the Senate for the first two years, because the first two years of the Senate were closed to the press.",L,M
2024-10-01_01-02-59_UTC_Dave_McCormick_DAj-oZvtm45,2024/10/1,Dave McCormick,DAj-oZvtm45,0.7862468192432722,-0.23640581116930398,140.70634106599175,723.3151542045099,1806.503057161278,-0.008792820974677302,0.6664208364370289,-0.21742527079255186,0.020626801006921932,0.0003701965786851691,0.06105554391631017,0.0013303894306230808,0.8686358023262445,0.0007642889408758848,0.046249929009838216,14.906813311669753,0.056698025825441783,0.16183900768621237,0.4,0.2,0.1,0.3,18.58,10,66,3.552206673842841,92,4.95156081808396," Pennsylvania wrestling taught me to do the hard thing.  There's no place to hide.  Hard work, hard choices.  The career politicians don't do the hard work.  That's why I approve this message.  the Pennsylvania way. That's not what we get from Washington.  They're selfish and soft.  I'm running for the Senate to make the hard calls.  Sometimes it's all you can take.  On the wrestling mat,",W,M
2024-10-01_01-33-29_UTC_Kari_Lake_DAkC7pMNJmk,2024/10/1,Kari Lake,DAkC7pMNJmk,0.7952376500101297,-0.24226679095525375,168.7968768187458,901.4454411641307,2181.6543181726133,-0.11653869496927355,0.6052343718221047,-0.11588243576484267,0.08921878070435503,0.01669819947223244,0.008521321624972333,0.06347494669854259,0.662610953837891,0.03427011659568948,4.184400747766524e-05,22.692095034910242,0.1464549551847567,0.26860112847793394,0.5,0.28125,0.09375,0.125,69.47299319727891,32,289,4.159470351180196,394,5.67069660333909," and a knee surgery.  forced out of their homes for small debt.  You know, they've worked hard their whole life.  They've fallen on hard times.  As we heard here, Bruce had suffered a health setback with a stroke.  and they can't keep up with the property tax.  is to have a bunch of Americans fall into homelessness.  that's what we have to do.  We need to give a little bit of a security blanket  for a short period of time to help them out.  I want to thank you all for being here.  I know you all have deadlines to meet.  We appreciate you.  If you want to talk to some of these people,  I'm sure they're willing to chat with you a little bit.  Thank you very much.  Please consider to do fair coverage  for the next several weeks,  40-plus days as we go into this election.  It would be greatly appreciated by the people of Arizona.  We'll have to look at that, and I haven't looked at that,  but we're talking about people who are being...  If they were in a home, if that were the same situation, they were in a home, they paid their home, they probably own their home by now.  Do we get everybody?  We have one more.  Did you already have a question?  this incredible couple to suffer the way they are.  And now, you know,  What we don't want to see happening between now and getting our country back on track,  which I think will happen quickly, between now and getting this country back on track.  We can't afford to let these amazing people fall into homelessness because they've done nothing wrong.  It has been absolute terrible policy that has caused...",L,F
2024-10-01_01-40-31_UTC_Sherrod_Brown_DAkDv_ztlm_,2024/10/1,Sherrod Brown,DAkDv_ztlm_,0.8028838297748114,-0.17738482436069,159.2830590501892,707.3235214717205,1737.447363474406,-0.048439536768289715,0.6200620649564712,-0.20712802308054448,0.07527029644216165,0.0011903988608111464,0.00037653287803206286,0.037396984713967255,0.8819134440583849,0.0011988213512409895,1.9293087482560804e-05,28.899630849786384,0.15984033476786502,0.26185065862287754,0.2941176470588235,0.1764705882352941,0.1764705882352941,0.3529411764705882,34.46,17,133,3.859547301218804,180,5.22344747533372," I don't see politics so much as left or right.  It's whose side you are.  I talk about the dignity of work.  If you work hard, you ought to be able to get ahead.  Bernie Marino stiffed his employees.  He then destroyed the evidence that the judge required of him.  So just like abortion rights, I support the voters of Ohio, 57 percent.  I joined them, of course, in abortion rights.  And Bernie Marino wants 100 percent.  He said I'm 100 percent pro-life.  No exceptions.  He wants a national abortion ban.  More money spent against me than any race in the country.  And there's a lot more of us than there are of them.  But they've got a whole lot of money.  I'm not complaining.  I just know we have to fight back.",L,M
2024-10-01_01-51-43_UTC_Kari_Lake_DAkFBK1oFeg,2024/10/1,Kari Lake,DAkFBK1oFeg,0.8021725303179706,-0.22199063890413512,160.54288816651848,882.598236183288,2189.7849999262703,-0.14639425810208073,0.5998898010112731,-0.12128123363930986,3.983007137131859e-05,0.00012946557707500122,0.0007966465083001417,0.0005385822074429095,0.9773818982258039,1.4542162695466565e-05,1.2662140270045038e-07,15.433001520616696,0.11432846942105628,0.2465354061663612,0.6818181818181818,0.1363636363636363,0.0,0.1818181818181818,60.32,22,235,3.895888594164456,321,5.321618037135279," churn out more, churn out more war, spend trillions of dollars more for war.  And it's not going to end until we get somebody who actually wants to negotiate peace.  The Uniparty in Washington, D.C. does not want peace.  There's a lot to cut. You know, one of the things I want to do is stop spending  $260 billion, sending money like that over to...  Anybody else who didn't ask a question?  Ma'am, who are you and who are you with?  You know, when our government is continuing to start wars, they just want to throw trillions of dollars.  Their whole plan is we can get the war machine going.  or face the fact of your job going away.  They want war.  And President Trump knows how to negotiate peace.  And that's going to save us a lot of money.  We're not going to continue to pour money into countries and start up wars.  So we're going to look at the budget.  There's a ton that we can cut.  And we need to cut back the size of Washington, D.C.  Basically, anybody in Washington, D.C. who has not come back to work since COVID,  and you'd be surprised a lot of people haven't come back to work since COVID,  you're pretty much telling us, coming into this administration, coming into D.C.,  that your job is not really needed.  So get your butt back to work.",L,F
2024-10-01_01-52-38_UTC_Kari_Lake_DAkFH3XNAPd,2024/10/1,Kari Lake,DAkFH3XNAPd,0.8167083359698277,-0.24893282144926934,159.6522525862429,886.0479545004023,2179.0495144035417,-0.09770895576963347,0.6127049612578596,-0.011014094083419844,0.003119072815555227,0.00026716443935037153,0.00019424508686554683,0.0046968035828822315,0.9799177962659077,0.0038244635972321884,7.743695275526293e-05,17.989330602749206,0.10127504539059695,0.13957110307336423,0.4594594594594595,0.1351351351351351,0.1081081081081081,0.2972972972972973,92.25297052154195,37,363,3.931124106562704,491,5.317305609703271," But again, we're hoping to get this election for President Trump to get elected.  We're hoping to get our economy turned around.  to help pay down the mortgage rate.  And that'll actually...  That doesn't really help if you think about it.  Because if everyone gets down payment assistance like Kamala Harris wants to get,  if he gives everybody here $25,000 for down payment assistance, like I said,  everybody selling a house just says, well.  Well, we do that.  We cut back and we keep President Trump's tax cuts,  which Ruben Gallego wants to raise.  That's going to put more money in your pocket.  And we're going to go beyond just keeping the current Trump tax cuts.  We want to go even further than that.  But if Ruben Gallego gets in there,  he's already said he's going to get rid of the Trump tax cuts.  On average.  How many of you can right now afford $2,700 more a year  on top of everything we're dealing with?  payment harder to pay for. And when your monthly payment is $2,600, you can't buy as much house.  So we want to work, once you make the deal with the house that you want to buy...  end up helping you to pay less each month and over the course of the loan to pay a lot less.  And that will give you more money in your pocket.  Everyone's got $25,000 more.  Let's raise the price $25,000.  So I think a better plan, and I think economists looking at this think a better plan,  is working on rate buy-downs because this is the real culprit right here.  This is what makes your monthly...  One more or no?  Anybody?  Okay, sir.  If you want to talk about homes, how we're going to help young people who want to get into a home.  If you work to save a little bit for down payment, a lot of times you'll hear, oh, we're going to do down payment assistance.  This is a nightmare scenario if these guys get elected again.  to take that money instead of giving it for a down payment.  $2,700 more for the average family.  We need to wrap.",L,F
2024-10-01_02-01-32_UTC_Colin_Allred_DAkGGdkIvKF,2024/10/1,Colin Allred,DAkGGdkIvKF,0.7909069815655737,-0.32126008893692515,122.73019074757428,725.313797605754,1787.2036274273225,0.002907051184547185,0.6673508703278689,0.16512854677853264,0.007064962272655941,0.00021206510668173237,8.938269175076379e-05,0.007983798979339393,0.982279021580828,0.00023792677623460552,1.3987080744753696e-05,11.674528264658315,0.14487328521341739,0.3058434719791387,0.8,0.0,0.0,0.2,17.08,5,71,4.156908665105387,98,5.737704918032788," I'm so glad to be with you at the launch of the AAPI Texans for All Red.  I'm a proud associate member of the Congressional Asian Pacific American Caucus in Congress.  I'll fight for the state that I know we are, the state that I know that we can be.  For every Texan, make sure that you have a chance to realize your version of the American dream.  Let's go win.",L,M
2024-10-01_02-14-55_UTC_Kari_Lake_DAkHrGnJT3v,2024/10/1,Kari Lake,DAkHrGnJT3v,0.7904054464703678,-0.17560121904864984,168.57934413920964,1019.064594865671,2688.445565144596,-0.1789565592336487,0.5970391182105348,-0.1477236912328217,0.03157986241997531,0.001979917456737919,0.003882273962651464,0.0009190015636506135,0.9004475386719532,0.00024119841301904058,3.2473563007057986e-05,18.623605623869178,0.1125143360155408,0.17663592116311996,0.5102040816326531,0.2244897959183673,0.0408163265306122,0.2244897959183673,155.4309750566893,49,528,3.3630573248407645,751,4.78343949044586," I know from living in a border state did more than anybody.  our economy at times when we have  and we have to rework the asylum laws.  You know, just because you've got crime in your country  doesn't mean you get to come into our country.  And then we can work on...  I think you all know what that means, cover your ass.  That's what she did.  And it was just absurd.  That legislation is not good legislation.  It was really, as I've said before, they called it a border bill,  but it was really a how can we get more money to our friend Zelensky bill.  And it was, I think, $115 billion to send overseas to kill people.  And when they finally separated it out, I remember Ruben Gallego voting for $60 billion more to Ukraine.  And then after that vote passed, waving around the Ukrainian flag on the floor of Congress.  Why would you ever wave the flag of another country around on the floor?  And it was an attack of President Trump who.  What world are we living in?  so many jobs we can't fill them, then we look to bringing more people who are qualified in  who are going to help us and not be a drain on our social services.  At times when jobs are scarce and Americans are out of work, no,  we don't bring people in and give them Americans jobs.  Under these two buffoons, we have watched as every job loss under these two buffoons has been  at the hands, has been a job loss for American born citizens.  And under these two buffoons, every job gained has gone to foreign-born citizens.  They are America last.  realizing not only is she a master in word salad, she's a master chef in word salad.  It just, I've never heard someone doing a CYA like that.  Listening to her.  Congress.  They are 100% America last, and we need to vote these people out for the sake of our children and our future,  and for the sake of all of you young people in the media.  I sat there.  on our immigration law, which I do think we need to revise.  And it should be based on...  And we're not allowing people in illegally.  because they don't like you. They're using you right now to tell their story.  And the minute they get in office, they could care less about you guys.  He voted for that.  This bill is not a good bill.  It codifies into law, allowing 5 million people here illegally.  We can't handle 5 million people coming in illegally.  They want to make them permanent citizens, permanent voters for the disastrous plans of the Democrats.  And so absolutely not.  We need to start over with a decent piece of legislation that includes fully funding the border wall.  Any piece of legislation that doesn't fund the border wall is a non-starter.  We must have a border wall.  But obviously her consultants wrote on her prompter what she was supposed to say on her teleprompter.  that I can ever remember in my entire time here since 1994 to secure our border.",L,F
2024-10-01_15-57-04_UTC_Bob_Casey_DAllv4PMhTV,2024/10/1,Bob Casey,DAllv4PMhTV,0.9133393863752141,-0.27784247431736,181.5956877773448,637.0168811455069,1654.3051548963676,0.12181013227736337,0.6430409567618504,0.12272352740987653,0.06361125173608817,0.030910232148423894,0.05940406853033281,0.11143414312618537,0.5424027058182134,0.008624878305596302,0.09233911366170754,53.8893660951131,0.2779263687969622,0.3096017082073566,0.3214285714285714,0.2857142857142857,0.1071428571428571,0.2857142857142857,35.02,28,124,3.540833809251856,164,4.6830382638492285," Alright, just the bald people in the picture please.  I was 22 years old then.  Well, I'm going to stand over here for good luck.  This is the epicenter right here.  Get magical powers.  Thank you.  Very good.  Very official.  Good to see you.  I need some work on my jump set.  I'll come to a tutorial.  We got some warmups.  How are you?  Good to see you.  And we're going.  Yes, sure.  Everybody get a picture.  We're going to face the camera over here.  Okay.  Is that a mic?  It's a mic, yeah.  와아아아아아아아아아아아아아아아아아아아아아아아아아아아아아아아아아아아아아아아아아아아아아아아아아아아아아아아아아아아아아아아아아아아아아아아아아아아아아아아아아아아아아아아아아아아아아아아아아아아아아아아아아아아아아아아아아아아아아아아아아아아아아아아아아아아아아아아아아아아아아아아아아아아아아아아아아아아아아아아아아아아아아아아아아아아아아아아아아아아아아아아아아아아아아아아아아아아아아아아아아아아아아아아아아아아아아아아아아아아아아아아아아아아아아아아아아아아아아아아아아아아아아아아아아아아아아아아아아아아아아아아아아아아아아아아아아아아아아아아아아아아아아아아아아아아아아아아아아아아아아아아아아아아아아아아아아아아아아아아아아아아아아아아아아아아아아아아아아아아아아아아아아아아아아아아아아아아아아아아아아아아아아아아아아아아아아아아아아아아아아아아아아아아아아아아아아아아아아아아아아아아아아아아아아아아아아아아아아아아아아아아아아아아아아아아아아아아아아아아아아아아아  Thank you.  Casey was in Obama's game, I wrote a Sousa book.  Oh my god, look at Casey!  I think I'm done.  How are you?  Now, what's your name?",L,M
2024-10-01_16-21-51_UTC_Mike_Rogers_DAloj-WPbwa,2024/10/1,Mike Rogers,DAloj-WPbwa,0.788302459074266,-0.2650921084823179,153.6417215976631,798.062658622726,1834.8400716604692,0.22605229309427669,0.7385231407599306,0.023840433986050964,0.00030331661359707867,4.714185342937086e-05,1.6186185490460523e-05,0.008893695701437537,0.9898393250911757,0.0002818831721521145,8.95397583627854e-07,16.23028945587276,0.0882212314238106,0.20710658322758532,0.5,0.1666666666666666,0.0,0.3333333333333333,11.58,6,42,3.626943005181347,61,5.267702936096718," I'm Mike Rogers, and I approve this message.  I'm Mike Rogers, Slotkins for EV mandates.  I'm for Michigan.  I worked in a car factory.  These jobs are important to our families.  That's why I stood up to China and my own party.",L,M
2024-10-01_17-36-45_UTC_Kari_Lake_DAlxK0VM5tn,2024/10/1,Kari Lake,DAlxK0VM5tn,0.7903668285676222,-0.16438578577782836,151.56663926603355,1097.923914091781,2768.883264941689,-0.21071275045010196,0.5823323287402259,0.03416981405189344,0.00013266866905259966,0.00633964595969605,0.00012021914704777846,0.043620721100757286,0.8784683025140068,0.0019555045654124077,4.733749956715228e-06,27.239689074603866,0.152714982393261,0.23301785737813843,0.5294117647058824,0.0588235294117647,0.1176470588235294,0.2941176470588235,69.06,18,252,3.642671292281005,352,5.088175773344896," Well, from what I've heard, but unfortunately, the buffoons behind me have sold it off.  Even though we paid for it with our hard-earned tax money, they sold it off for pennies on the dollar.  So I'm assuming that is included because I read that they sold all of it.  So they sold it to somebody.  But, you know, my plan as governor, and you probably know this, was the most bold, aggressive plan to have the state secure their own border.  We're under an evasion right now in Article I, Section 10, Clause 3 allows for the states to secure their own border.  We plan to start building and constructing a wall without Joe Biden, and the borders are Kamala Harris' help.  So that's something we could do.  The Constitution would approve of that and would allow that, and we should be securing our own border for the next few months until we can get President Trump in the White House and a majority in the Senate and actually help truly secure our border by building the wall.  So we're going to build.  We're going to make sure we have the money for it.  The cheapest way to secure our border is to build that wall, and it can be done, and it will be done starting in January 2025.  Thank you guys so much for being here.  Sorry I made you wait in the heat, and thank you for covering this story.  I appreciate it.  Cochise County?  Yeah, Cochise.  Okay.",L,F
2024-10-01_20-47-56_UTC_Ted_Cruz_DAmGqIJynBz,2024/10/1,Ted Cruz,DAmGqIJynBz,0.8067852654834042,-0.3221648698710435,153.36098767192183,610.6751883508659,1801.487756269879,0.0575290897601241,0.674139421280222,-0.2909958653108302,0.07620026030175299,0.021949743618924357,0.0005200364610778903,0.03738759990258821,0.8422665238010104,0.00010136906595311847,0.0005556201476253997,28.764101130045407,0.20216393720106235,0.24603217961093318,0.3604651162790697,0.2209302325581395,0.0813953488372093,0.3372093023255814,222.71997732426303,86,719,3.22826867816092,1085,4.87158764367816," have been released, are wandering around. Let me ask you something, Ben, why isn't that number zero?  You need to understand that under Joe Biden and under Kamala Harris, they are apprehending illegal immigrants.  They have illegal immigrants in their custody.  These are illegal immigrants that they look at and say, oh, this person's a murderer.  They've been convicted of murder already.  These murderers are released.  13,099.  of ICE, sent a letter to a congressman, Tony Gonzalez, Texas congressman, who'd asked him,  and said, let me just give you the number of criminal illegal aliens that are currently  You've got another 222,141 that have pending criminal cases against them right now.  So they're under indictment today.  So they're not convicted yet.  And there is some overlap, by the way.  That 425,000, that 222,000, they're some of the people that have pending charges who are  also convicted criminals.  So it's not exactly that you add those two numbers up.  taken back by these numbers? It is jaw dropping. Now, I don't think it's accidental that Kamala  Harris, the presidential candidate who's called for abolishing ICE, now has the head of ICE saying,  oh, by the way, these are the criminals you're letting go. I think that was very deliberate.  But but look, I want you to give a listen. Fox News reported on this. And for those of  y'all watching the video on YouTube or Rumble.  I want you to see the shock.  You know why they're not being detained?  Because Joe Biden and Kamala Harris don't want to detain him.  convicted of murder.  But anyway, you look at it, you're looking at well over a half million people.  who Joe Biden and Kamala Harris are responsible for them being released.  Now, some of them were released from custody prior to the Biden administration.  This is the entire non-detained docket.  So not all of them were released in the last four years.  But these are the people that they know of.  What should I do with them?  walking around America, and the numbers are staggering.  who are illegal aliens.  1,845 illegal immigrants who have pending homicide charges against them.  Why is any one of them released?  Every one of those 1,845 could be apprehended right now.  If they're illegal immigrants, they can be detained.  who are also illegal aliens, who are also released.  And they fall into two categories.  And let's break down the numbers a little bit more.  56,533 have drug convictions.  So drug dealer in your school?  Well, guess what?  Every one of these half million, they should go and arrest them and either put them in jail or deport them, one or the other.  It should be.  Like every circumstance you apprehend an illegal immigrant.  Oh, you're a murderer.  Guess what?  Get your ass out of this country.  You're not coming into the United States.  Like, why is that not a real simple decision?  Jeffrey Dahmer wants to come in.  Good idea.  Yes.  No.  How about no?  Yeah.  Let me tell you, if Donald Trump gets elected.  That's literally their thought process.  And this is not one or two.  The numbers are staggering.  You're talking about over a half million criminals.  Oh, I know. Let's let him go.  Kamala Harris released that drug dealer, so you can be happy that your kids now have a drug dealer,  has one drug conviction or more already, but Kamala Harris sent them to your school.  How about kidnapping? 2,521 who've been convicted of kidnapping have been released.  How about sex assault convictions?  15,811 have been convicted of sexual assault.  because Joe Biden and Kamala Harris want them released.  And you look at some of the others.  All right, drug convictions.  Like, that number should be zero.  By the way, they're an additional.  And the numbers are just staggering.  So let's take...  So you've got 425,431 who are convicted criminals, who they're illegal aliens, and they already have at least one criminal conviction.  Many of them have multiple criminal convictions, but they all have at least one.  That's almost a half million that are convicted criminals.  On top of that.  of the Fox host.  They were anchors, yeah.  Just the degree of these numbers,  how many murderers are threatening your family right now?  Give a listen, take a watch.  illegal immigrants",W,M
2024-10-02_00-50-15_UTC_Kari_Lake_DAmio6TtGXA,2024/10/2,Kari Lake,DAmio6TtGXA,0.8479829901441678,-0.40278367102536744,154.29214131836932,699.3392239433947,1918.0469671262672,-0.0759622818690144,0.6115948669593709,0.1439253613897211,4.8110927847981274e-06,1.636339077069366e-05,1.1316553302545379e-05,0.0002891900548059611,0.9990983887393697,1.8331911932777232e-05,8.471481700733904e-08,14.026304321757019,0.249068645951959,0.27982729067818163,0.0,0.6666666666666666,0.0,0.3333333333333333,15.259999999999998,3,43,2.817824377457405,58,3.800786369593709," with all of our tribal nations.  When you trigger the moms and you start messing with our kids, that's when the mama bear comes out.  in the U.S. Senate, I want to represent all Arizonans and I want to be a good partner.",L,F
2024-10-02_03-51-41_UTC_Ted_Cruz_DAm3hHwAgld,2024/10/2,Ted Cruz,DAm3hHwAgld,0.7916989622497161,-0.20889405682090997,172.74143288358223,719.8516552502324,1791.5439913128898,0.3109170335521453,0.7601732910158912,-0.04545792070118926,0.017892845168881292,0.015089112273170254,0.0002581602979869604,0.08408058345042252,0.877610420289132,0.0006324351837611654,9.948543785520634e-06,14.126911185326398,0.18936768236728152,0.3029443727652807,0.1666666666666666,0.2777777777777778,0.2777777777777778,0.2777777777777778,70.48,18,221,3.1356413166855845,315,4.469353007945516," You know, my debate's October 15th, and I'm running against a hard left Democrat, call it all red, just like Kamala Harris.  Both of them are hiding in Biden's basement.  Both of them are trying to run away from the radical left wing record.  And both of them are relying on hundreds of millions of dollars.  As you know, Sean, Chuck Schumer is flooding millions of dollars into the state of Texas.  George Soros is flooding millions of dollars.  We're being massively outspent.  And so I'm so grateful for everyone watching who goes to TedCruz.org.  TedCruz.org makes a contribution of $25, $50, $100.  We are being massively outspent.  I'll tell you, we've had now two polls in the last two weeks that show this as a one-point race.  And, in fact, we've had two polls that show the Democrat winning because Chuck Schumer is spending so much money.  It's why I need so many of your viewers to go to TedCruz.org right now.  And support us because, just like Kamala Harris is trying to do to Donald Trump,  Colin Allred is trying to do the same thing to Texas and flip Texas blue.  And Chuck Schumer and George Soros are paying him.  Senator Cruz, we're going to be following your race very closely.  As always, thank you for being with us.",W,M
2024-10-02_04-14-24_UTC_Ted_Cruz_DAm6I3sgEQO,2024/10/2,Ted Cruz,DAm6I3sgEQO,0.8148584456565364,-0.19532890052854063,152.5830138114842,724.0510645262538,1821.3710996681762,0.1665893117353338,0.707639548096961,-0.016388800885734897,0.007959389539000565,0.00016390392082651057,8.574270465835119e-06,0.0449913764784262,0.946378001241153,1.3662384519025963e-05,4.402626928817597e-07,16.693052200489543,0.12208459264392982,0.33616062964022914,0.391304347826087,0.2608695652173913,0.0434782608695652,0.3043478260869565,82.92,23,267,3.219971056439942,421,5.077182826821033," Well, Sean, tonight was a very good night.  J.D. did an excellent job tonight.  And I got to say, the winner of the debate tonight was Donald Trump.  The loser of the debate tonight was Kamala Harris.  You know, Kamala Harris is desperately trying to hide in Joe Biden's basement.  She's trying to hide from her record.  The best moments in the debate were when it focused on economics,  when it focused on the economic disaster of Kamala Harris's record,  how working men and women are paying more at the grocery store, at the pump,  paying more every day, and also when it focused critically on the fact that she is the incumbent.  You and I have talked about before how Kamala Harris's entire strategy is to pretend she's in an alternate reality  where she's the change candidate and Donald J. Trump is the incumbent president.  And I think tonight, I think J.D. did a very good job of contrasting Donald Trump's record to Kamala Harris's record.  And if we compare their records, whether it is on the border,  under Donald Trump's record,  the border was secure under Kamala Harris.  It's the worst it's ever been on history.  Whether it's the economy, under Donald Trump we had booming prosperity.  Under Kamala Harris, we have American people struggling and hurting.  Or whether it was foreign policy, under Donald Trump we had peace.  And in fact, we saw peace breaking out in the Middle East.  Under Kamala Harris, we see war across the globe.  I think that contrast came out very clearly tonight, and Kamala Harris was the loser.",W,M
2024-10-02_15-07-44_UTC_Bernie_Moreno_DAoE5HxOmH2,2024/10/2,Bernie Moreno,DAoE5HxOmH2,0.8901446972425995,-0.18867570748312876,193.3221563379007,623.8307294968681,1754.7267137784315,0.33042866622099804,0.7960164090155898,0.11144492419598015,0.19847173182245262,0.011527215358194119,0.004327030980642498,0.18490921477954228,0.5602277644797212,0.0014408726603351045,0.015422729690460924,24.945168081239814,0.164824610157097,0.3793871829523204,0.3684210526315789,0.2105263157894736,0.1052631578947368,0.3157894736842105,57.09,19,154,2.697022767075307,234,4.098073555166375," I know firsthand.  To J.D. Vance, America First is not just a slogan.  It's his North Star.  He has followed it every moment of his life and career.  He knows what it's like to live in poverty, forgotten by Washington politicians.  He is dedicated to ensure that no American is ever forgotten again.  It is a great...  to move that J.D. Vance be nominated by acclamation  by this Republican National Convention  as its candidate for the office of Vice President  of the United States of America.  Thank you, Madam Chair. My name is Bernie Marino. I'm honored to be the Republican nominee for the U.S. Senate from the great state of Ohio.  that my dear friend J.D. is a selfless and brilliant fighter.  He is a patriot who loves America.  He loves Ohio.  He loves his family.  He's a great father.  He's a great man.  And that's what we need in this nation today.",W,M
2024-10-03_22-35-00_UTC_Sherrod_Brown_DArdBJZyzmB,2024/10/3,Sherrod Brown,DArdBJZyzmB,0.8149000856976077,-0.22920037952906774,149.09835139052518,580.6532732191904,1673.5325011581695,-0.1772653895548429,0.5716959267368422,-0.13911463188768153,0.0009630152662726423,0.0038481661068847225,0.0029135402701373895,0.09826489193504404,0.8761757555012213,0.003103075634251177,3.684346949870144e-05,16.862086923774097,0.11149846066818167,0.18398615290143375,0.0,0.8333333333333334,0.0,0.1666666666666666,20.9,6,66,3.157894736842105,109,5.215311004784689," Republican senator from Indiana in Florida and a Democratic senator from Pennsylvania to do this right.  its vehicles from Mexico into the United States.  We need to stop it before it starts,  and I work on a bipartisan initiative with the  Local 14 today, the UAW in Toledo.  Our job is to make sure ahead of time we enforce trade laws so that China doesn't backdoor.",L,M
2024-10-03_22-45-00_UTC_Dave_McCormick_DArd-VkuI5T,2024/10/3,Dave McCormick,DArd-VkuI5T,0.8913119353572723,-0.173582085998561,210.65439783680216,738.2139048835817,1796.8259596213825,0.39349161945533095,0.7980754648150965,-0.1281329835286753,0.10972780200223721,0.0076411498839040835,0.0016175311309110166,0.10096723799825144,0.7166310521746388,0.023112674865560113,0.0014825488534217113,45.603862692093244,0.18618784278435999,0.2929118698405014,0.0,0.5,0.5,0.0,48.82,10,153,3.1339614911921347,225,4.608766898811963," by the American dream, and I'm running because I'm worried that's not going to be available  for our kids. That is why this election is so important. And that's why at this moment,  leadership makes all the difference. This election is about passing on a country  to the next generation that's as good as the one that was given to us. And I want to tell you,  as a former wrestler, I wasn't the best wrestler, but I always knew that if I could get into the  third period within a point or two, I was going to win. And the reason I was going to win is the  reason we're going to win. Because in the third period, it's not about wrestling. It's about  mental toughness. It's about perseverance. It's about resilience. It's about fighting  every minute, every day, every hour. We're counting on you. Let's go win.  and I've been blessed.",W,M
2024-10-04_00-53-33_UTC_Bob_Casey_DArswdLtT3E,2024/10/4,Bob Casey,DArswdLtT3E,0.8063857513615122,-0.28561234396321344,115.98553403671953,615.0633631954515,1767.3961860325994,-0.3776807892034545,0.5266839495964315,-0.12988189240662185,1.758404777567299e-05,5.7360452904711286e-05,1.2104706676722681e-05,0.022205418749286256,0.9771633709803818,4.3960153266099166e-05,1.0157484772383519e-05,15.24240700722624,0.16740574990661367,0.19578615652460524,0.2142857142857142,0.5714285714285714,0.0,0.2142857142857142,47.08,14,153,3.249787595581988,230,4.885301614273577," His reaction was that that decision made him, quote, very, very happy, unquote.  So that's where he's been on this issue.  And when you talk about bans in other states, a woman in Florida hemorrhaging before she had to go on a ventilator before her life was saved.  I don't think we want to see that in Pennsylvania.  And he said, life of the mother.  I made a decision to support the Women's Health Protection Act.  I don't support Republican efforts to ban abortion across the country.  But just remember what Mr. McCormick just said.  He talked about his position on abortion, but it's different than it was just two years ago when you asked that question.  Your question was very specific.  What exceptions do you support?  not an exception for rape, not an exception for incest.  His words now are a big change.  But when the decision was made to overturn Roe,",L,M
2024-10-04_01-37-00_UTC_Dave_McCormick_DArxp0NNw2P,2024/10/4,Dave McCormick,DArxp0NNw2P,0.7346119586078931,-0.16635261462760678,142.1181968360526,734.8543273724146,1992.5013975055467,0.2507308919478641,0.7489962764417568,-0.08641752373490745,0.011712406235439858,0.0014508303094602905,3.847631723548016e-05,0.023828497562350715,0.948590035963046,3.916331437527934e-05,1.2701248954015928e-05,19.31765591715811,0.17506706854249174,0.3851266002015898,0.625,0.0,0.0,0.375,31.42,8,116,3.6919159770846592,161,5.124124761298536," You're going to hear throughout this, you've heard throughout this campaign, when you don't have a record to run on, as Senator Casey does not, you attack your opponent.  His voice is primarily attacking me.  For your viewers tonight, I have a website that's been established today.  It's been launched, CaseyLies.com.  You can go and see the actual facts by third-party sources of all the things he's saying.  There will be lies throughout, but you should ask yourself, why is a senator with an 18-year track record who should be able to run on his record, running his entire campaign with a negative set of attacks on me, most of them lies?  Thank you.  Thank you.",W,M
2024-10-04_01-48-14_UTC_Dave_McCormick_DAryxYyNs-5,2024/10/4,Dave McCormick,DAryxYyNs-5,0.7578466860739778,-0.187340210403042,150.87377878407742,718.2361641513636,1865.469314371269,0.23314142021490988,0.7333616058551398,-0.03835610628020657,0.1959978367921822,0.001470591664906219,0.0007044404873843847,0.023978310691582846,0.7490324431094145,0.0009441183861120683,0.0003256908817307046,20.9265285332827,0.12136137106269096,0.21117365257446555,0.2571428571428571,0.2571428571428571,0.1142857142857142,0.3714285714285714,86.10795918367347,47,332,3.132075471698112,531,5.009433962264149," This is the most important election of our lifetime.  Our country is in trouble.  Our commonwealth is in trouble.  We have wide open borders.  We have a weak economy.  America is going in the wrong direction.  Skyrocketing prices that are putting enormous pressure on most families.  I'm a seven-generation Pennsylvanian.  I'm a political outsider.  I'm a businessman.  I'm a West Point graduate.  I'm a combat vet from Iraq.  I'm running because I want to make sure the America I love is available for my six daughters, for all of our children.  Bob Casey is not just part of the problem.  Bob Casey is the problem.  Bob Casey is a weak leader.  Bob Casey is a career politician.  Bob Casey went to the Senate to change Washington.  Washington changed Bob Casey.  Bob's voted for wide open borders.  He voted for sanctuary cities.  He's voted against funding for the Border Patrol.  He's voted for federal benefits for illegal immigrants.  He's voted for all these wild spending bills under Biden and Harris, which have led to an increase in prices for working families.  He's been soft on crime.  He's been soft on China.  He's voted for tax hikes on middle-class workers in Pennsylvania.  He's voted for tax cuts for millionaires in California and in New York.  Bob Casey's actually voted for biological males to be able to compete in women's sports.  So let's face it, Bob.  You are a liberal.  And this is not the Bob Casey you elected for office 30 years ago.  We need common sense leadership that's going to secure the border, get our economy back on track, and keep America safe.  Our Commonwealth deserves change.  And our under Carter's rule that's going to spark  Excuse me.  Pardon me, go ahead.  Okay,んな U. N.  B.  I refuse it.  Anymore. منor Stelle.  chart.  Okay.  Your stipulated consent was approved for the Congress to announce that the Rule Story regulation efforts were complied with.  And what should I say?  Threat covered your voter right?",W,M
2024-10-04_02-04-43_UTC_Dave_McCormick_DAr0QHhtidm,2024/10/4,Dave McCormick,DAr0QHhtidm,0.8638434369477352,-0.21066186351227842,168.5113173561327,609.4262034074173,1726.8074101827897,0.3193767739535837,0.7533017485714285,-0.20801787293689858,1.5974778603580464e-06,6.574074072110617e-06,1.1901338775905114e-06,0.5991044102219243,0.40083261508574114,3.870994345948099e-06,1.1025877695643584e-07,21.423609925591776,0.0332776835029668,0.024721918513581874,1.0,0.0,0.0,0.0,5.74,2,24,4.181184668989547,32,5.574912891986062," uh... and this is not the bob keating you elected for office thirty years ago  So let's face it, Bob, you are a liberal.",W,M
2024-10-04_06-04-15_UTC_Kari_Lake_DAsQTXRKSbJ,2024/10/4,Kari Lake,DAsQTXRKSbJ,0.8406887886125818,-0.25347743164165276,181.72888413578644,851.1051953375235,2208.7886470514864,-0.04919592440418082,0.645946901086284,-0.30975341533014306,0.02338265369296935,0.005909398564925309,0.0012790397006111464,0.011420057038945127,0.8632869603355335,0.005395286114563261,1.001110715103405e-05,10.510866482947467,0.08950794208208915,0.1786148806464729,0.4545454545454545,0.3636363636363636,0.0,0.1818181818181818,58.18,11,179,3.076658645582675,275,4.726710209694054," who's laughing, is truly laughing at the American people because he doesn't care about us and is proven in his voting record.  that was caused by this hurricane that came through in Tennessee and North Carolina.  I am devastated to see the images out of those two states.  And this lunatic that you're seeing over here, this guy right here with the beard.  Well, especially when you're Rubin and you have a disgusting, horrible voting record that's, you know, America last, open borders, pro-sanctuary city, anti-cop.  Americans who are suffering under the flooding.  of trying to destroy our country.  And especially, Greg, this $1 billion that he was gung-ho for FEMA to spend on setting up illegals to get their roots settled in this country over the past couple of years.  And now we're finding out because they spent all of their money setting up illegals that Rubin let in.  You know, men participating in women's sports, of course you don't want to have to defend that because there is no defense.  They don't have enough money for the...",L,F
2024-10-04_14-11-18_UTC_Sherrod_Brown_DAtIDq6M172,2024/10/4,Sherrod Brown,DAtIDq6M172,0.8499797463161561,-0.284954322745873,152.28460799909132,598.306009620447,1593.891330772293,-0.005883764687775953,0.6378361160027856,-0.23831276668962675,0.004709817687711651,0.007716679097368725,0.0019978651853041584,0.0013019282339003999,0.965866815495956,0.0023790815690811935,3.7616547831793296e-05,19.617965007884596,0.08344293503102354,0.1735466920442608,0.25,0.25,0.25,0.25,14.36,4,53,3.6908077994428976,68,4.735376044568246," We have a lot more money, but there's a lot more of us.  The fact that, you know, five weeks out, this many people going door to door,  and a whole lot of other people around Lorain County, 27 field offices, 175 people,  50 interns, and a whole lot of volunteers like you.",L,M
2024-10-04_15-32-59_UTC_Bob_Casey_DAtRIXQpi2w,2024/10/4,Bob Casey,DAtRIXQpi2w,0.8953119483407755,-0.2537000201294571,98.07021234292615,637.1133185970425,1710.7198545106346,-0.5032610478263553,0.4801880045938432,0.1470918713702771,0.0009868841667635242,0.004588625415496618,0.0004171114082976632,0.0011030249889038904,0.981200590381827,0.009166255102269514,0.00013668973262566603,13.301569501589153,0.18333183677754666,0.19549672151755562,0.1666666666666666,0.4166666666666667,0.0833333333333333,0.3333333333333333,33.48097505668934,12,96,2.8656716417910446,150,4.477611940298507," The first United States Senator.  but never seated.  Benjamin Franklin, because he's the ultimate renaissance man, and seemed like a really funny guy to talk to.  William McClay, the first United States Senator from Pennsylvania, and...  from anywhere in the United States.  He was elected to the U.S. Senate.  by the legislature to represent Pennsylvania.  And then of course, Roberto Clemente, known as the Great One in Pittsburgh,  had a chance to meet him in 1970,  the year before he led the Pirates to the great 1971 World Series win.  Albert Gallatin  Does Ben Franklin count?",L,M
2024-10-04_22-35-18_UTC_Dave_McCormick_DAuBtQ1O-a7,2024/10/4,Dave McCormick,DAuBtQ1O-a7,0.7941522009207921,-0.4151381432223241,158.5227483465493,701.2016551148884,1776.7715995712977,0.00021438164818426367,0.6008888029042905,0.21249967105752612,1.454200260853664e-06,8.174909740327054e-07,1.9020001305075023e-07,0.0037078746179022228,0.9962778288145663,6.32201295847251e-06,9.092082232060782e-08,2.266084851204682,0.029642316458192628,0.12084480145669874,0.0,0.0,0.5,0.5,6.0600000000000005,2,15,2.4752475247524752,28,4.62046204620462, across our great commonwealth just got into philadelphia and uh  I'm doing the post-debate tour.,W,M
2024-10-05_01-27-32_UTC_Mike_Rogers_DAuVJ41vu4v,2024/10/5,Mike Rogers,DAuVJ41vu4v,0.8360171920751145,-0.2374671364396398,115.53461189162299,613.5787697601091,1745.5612597037773,-0.049408735706468046,0.6436796942522947,-0.10638334784663671,0.02005321101082813,0.00026918510637810524,0.0002515502083351638,0.023246032781815668,0.9377992086453182,0.0005691683287361407,3.357962511552853e-05,16.959060376417515,0.1293651406627464,0.23164035733210306,0.3544303797468354,0.240506329113924,0.0886075949367088,0.3164556962025316,313.2319727891156,79,1083,3.374252243270189,1535,4.782527417746759," Yeah, I just had another great meeting last night with Muslim Americans, Arab, in and around Dearborn, Michigan, Hamtramck, Michigan.  And guess what? They just told me out and out they're not voting for Kamala Harris.  And they prefer Trump. And these are not, again, these are not self-identified Republicans.  They just believe that none of this would have happened in the Middle East had Donald Trump been president.  And they also told me they're not voting for my opponent, no matter how many times she shows up and makes promises.  And so I haven't gotten their vote yet. I think that's why we're still tied.  But I think that this is a huge opportunity for Republicans to show these communities, hey, listen, we care about your kids' education.  We care about your business. We care about your future and your prosperity.  And there's a lot we can talk about. And that was the conclusion we walked away with last night.  I got some votes last night and some commitments last night was really important.  And I think that's what's important for us. So you can feel this momentum building.  And it's because people know that Washington is broken. It is absolutely broken.  And who's in charge? The Democrats are in charge.  And we need a change in Washington so that we can make our lives here in Michigan work.  You know, and listen to my family. They used to say, listen, you can't drink yourself sober.  You can't spend yourself rich and you can't regulate stupid.  And we in Michigan believe we got all three.  We've had three of those in the last four years.  We're going to knock on doors.  We are going to make sure.  Listen, we're a working state. You know, people like to call us a rust belt.  We call ourselves the work belt in the great country of the United States and the great state of Michigan.  We certainly do that.  This is ridiculous. And they can keep saying it all they want. Americans aren't buying it.  They see the chaos in their community. They see the cost, the social cost to their community.  Matter of fact, they've spent $450 billion on room and board and debit cards and phones for illegals in the last four years.  That's enough for every Michigan state trooper and every Michigan teacher for 15 years.  We're going to find people who haven't voted and say their vote doesn't count,  and we're going to get them to the polls.  Oh, absolutely. We have illegal immigrants have committed pretty atrocious crimes here.  Sexual assault of minor girls. We had a rape in Oakland County recently.  The death of Ruby Garcia in the west side of the state, all by illegals.  So it is absolutely reaching up into Michigan.  We had almost 3000 fentanyl deaths flowing across the southern border.  These gangs are getting more powerful. Human trafficking, sexual trafficking of women is through the roof.  And people understand it. And they know that's not our humanity.  It's not who we are as Americans and we shouldn't allow it to happen.  But the Democrats continue to this very day.  Now, they're up on TV saying, oh, no, no, I'm tough on the border.  I saw your piece on Pennsylvania where Casey says, no, no, no, I'm tough on the board.  I mean, people are at wit's end.  That's why you see all of these polls tightening in these battleground states.  Americans, Michiganders know it.  that every family in this state gets represented.  Yeah, all we have to do is continue what we've been talking about, which is issues that matter  to Michigan working families. I mean, we're in a hurt. I talked to a woman who worked part-time,  her husband works full-time, they have four kids, breaks down crying because she was walking her  through that the last two days of the month, she has to go to the food pantry in order to  get her groceries on the table to feed her kids. This is happening over and over and over again.  So when you take a state like ours and you make it more expensive to buy groceries,  more expensive to buy gasoline, more expensive on your electric bill,  the rent payments here are just outrageous. Like the rest of the country, but Michigan,  the rest of the place outside of Michigan catches a cold, we get pneumonia. We are really suffering.  EV mandates are just doubling down and pouring salt in the wounds. And it's interesting that  Kamala Harris is now saying, well, we were just kidding about EV mandates. My opponent is saying,  I really don't even like EV mandates. They voted on it time after time after time,  so you can see that their whole narrative is collapsing, they being the Democrats.  And we are winning on issues that matter to people. So our thing is, can we get to enough people  to convince them that we have the right plan, not rhetoric, but the right plan to get them back on track?  And that's why Trump has gone up a couple of points. That's why we're tied.  This looks really good for us. And they're starting to pull out all the stops. They even brought out  Barack Obama into the state. And that just tells you they're in trouble.  END OF CR mentioning sì precise  do what we're getting ready to do.  And so listen, all our goal is here is to say we're going to fix your problems.  You want somebody that cares about you and your family?  You've got to vote Republican this year.  You've got to vote Mike Rogers.  You've got to vote for Donald Trump.  The crowd was electric, and I've never seen such excitement.  And by the way, they weren't all just standard Republicans coming in.  When we talked through the crowd, a lot of people were, you know, used to be a Democrat,  or I still am a Democrat, but I can't vote for the Democrats this time.  And why?  Just think in the last four years, we're now importing more food than we export.  We have the fact that we build more foreign cars in America than domestic cars.  The interest payment on our national debt is going to be bigger than Department of Defense.  And by the way, we just surpassed a trillion dollars in credit card debt,  which means people in Michigan are buying groceries at 23 percent interest.",L,M
2024-10-05_02-01-21_UTC_Colin_Allred_DAuZRaOoaw6,2024/10/5,Colin Allred,DAuZRaOoaw6,0.848626164999345,-0.257466576817273,154.6017884687418,572.188704797624,1654.7416324910964,-0.30896628271876847,0.5029332108158505,0.01630146313106325,0.0012095575095857729,0.004697814747970501,0.00033390581904475157,0.0921180127770526,0.8511688941895221,0.0004935842264968957,0.021119677194180106,102.32260112707641,0.18853403344871528,0.23080311721033206,0.3,0.3,0.2,0.2,48.29399092970522,20,186,3.8509316770186337,233,4.824016563146998," And then we'd have everybody take a pose with their crazy clothes.  So, yeah, we had some great trips.  Yeah, so we're going to go for the W on November 5th.  I think I know somebody who has negative ribs.  Oh, yeah. Yeah. That's like, you know, you're serving looks.  So you can have negative risks.  But I was in the NFL, and I think I'm not that bad.  This suits her on point.  While they were practicing, we'd put their clothes on hangers,  and we'd put it where everybody could see it.  Oh, okay.  Oh, yeah, I know that one because my wife and I watch, well, she watches and I watch her watch a whole bunch of the reality shows and stuff.  If you get the ick, it's over with.  I mean, I think that's, even for me as an elder millennial, we still say that one.  You know, I think that Warnock is always looking...  Warnock is a sharp dresser, man.  Yeah, I know that one.  That's close, yeah.  When I was in the NFL,  if somebody came in with a crazy outfit,",L,M
2024-10-05_02-01-42_UTC_Ted_Cruz_DAuZVZTAYc8,2024/10/5,Ted Cruz,DAuZVZTAYc8,0.879742801981194,-0.3131504106032315,157.13294156491745,562.8157709232016,1567.8441299757037,0.0564809529264182,0.6721112387343284,-0.27510605433535995,0.1232617610892634,0.0017773696096803797,5.120917331731978e-05,0.0168636811747845,0.8539289300152318,0.0038567607654723304,1.842996201460192e-05,20.024355080243595,0.13252065089368453,0.2297669576133291,0.4090909090909091,0.0909090909090909,0.1363636363636363,0.3636363636363636,67.0,22,218,3.253731343283582,323,4.82089552238806," Well, look, Colin Allred is running the exact same campaign Kamala Harris is.  They're both hiding in Joe Biden's basement.  Neither one of them does events.  They don't do media interviews.  They do almost no press conferences.  In the last eight weeks, Colin Allred has done one press conference.  In the same time period, I've done 20 press conferences.  Now, there's a reason.  Both Kamala Harris and Colin Allred are desperately running away from their record.  Let me give you an example.  Colin Allred over and over and over again has voted for open borders.  He says, if you think border security is important, Colin Allred says you are a racist.  He calls the border wall, quote, that racist border wall.  He has pledged to personally tear down, quote, that racist border wall.  Right now, he's running millions of dollars of TV ads with him standing in front of the thing he calls that racist border wall.  It's a design.  They want millions of dollars to pretend their record is different than what they are.  I'm proud of my record.  I've spent 12 years fighting to secure the border.  I worked hand in hand with Donald Trump, and we achieved the lowest rate of illegal immigration in 45 years.  Rob, we did it before.  We'll do it again.",W,M
2024-10-05_11-05-39_UTC_Elissa_Slotkin_DAvXgsgg2ix,2024/10/5,Elissa Slotkin,DAvXgsgg2ix,0.8719505632723461,-0.3208710667057428,294.5419412434181,1467.8441963126752,2641.7877048438822,0.45342116048014636,0.8049390384917245,-0.31707992575789656,0.6599130131882676,0.012473012616175403,0.00812293747288912,0.04761689873730871,0.20448425539174367,0.0005905647400560803,4.136907687702979e-05,25.15070393763747,0.12360153201823153,0.21648312155965557,0.3333333333333333,0.2222222222222222,0.0222222222222222,0.4222222222222222,160.02598639455783,45,536,3.3491627093226697,764,4.773806548362909," And at the end of the day...  So it is our responsibility to do a couple of things.  Why are we all here?  Right? I'm asking you to talk to that family member, that friend, that neighbor, that colleague,  who maybe you just haven't talked about national politics for four or five years.  I'm deputizing you to say, hey, I know we don't usually talk about this,  but can we have this conversation on what you're thinking about voting?  I'm asking you to have that hard conversation, because if we're going to save this country,  it's going to be with the voters in this area who just aren't sure.  So thank you for caring about your community.  Thank you for caring about your country.  Wear your patriotism on your sleeve, and let's go get them in November.  At the end of the day.  It's our responsibility to be really clear with our neighbors, to be really clear with those friends who maybe we've had like an agreement we don't talk about national politics.  Raise your hand, by the way, if you have a relationship with your family or a colleague or a friend that's gotten uncomfortable because of politics over the years.  And we do what our parents have always taught us.  You look at what people do when no one's watching,  not when they say when they want your vote.  election will be won or lost in places like this, and we understand that.  What I'm telling you is we have a window with those folks right now to have this conversation.  And the conversation is about who is saying something and who is doing something.  We look at what people who they do, not what they say.  When it comes to investing in our infrastructure, one group says it, the other group doesn't.  When it comes to bringing our supply chains back home after what happened in COVID  with the masks and gloves and the chips and the pharmaceuticals,  one group says it, the other group doesn't.  When it comes to investing in Michigan manufacturing and saying  we want to build the next generation of vehicles in Michigan,  one group says it, the other group doesn't.  We know that it can live up to the promise of our founders.  We know that it can be better than it is today.  We know that we don't want to live where Thanksgiving dinner is uncomfortable.  We won't always be here.  But right now, we have to stand up for our country.  We have to wear our patriotism on our sleeve.  We have to reject the pretenders who wrap themselves in the flag and then spit on the values that it represents.  We do that by talking to people, but here's what I'm asking you to do.  I'm deputizing you to have two slightly uncomfortable conversations.  Right? Every single one of us.  And raise your hand if Thanksgiving dinner has become a little uncomfortable  because, God forbid, politics comes up. Right?  We love our country.  And we do that by working.  Why do we come out on a Friday for this kind of rally?  It's because we love our country and we want it to be better.",W,F
2024-10-05_15-05-02_UTC_Colin_Allred_DAvy8fJpsmT,2024/10/5,Colin Allred,DAvy8fJpsmT,0.7955973445997094,-0.274514554640042,135.56092900421206,715.890084821558,1756.0436863036114,-0.07861976203643826,0.6262554765730881,0.027133121122170128,4.0968601981713534e-06,6.835344411859991e-06,8.890996560435937e-07,2.642525107563708e-05,0.9998191574305324,0.00010746437566537137,3.3649799501522186e-05,26.97596458853526,0.14234031834425137,0.27969948813072654,0.1,0.5,0.2,0.2,41.32,10,151,3.654404646660213,206,4.985479186834463," My mom was a Texas public school teacher for 27 years, most of that in Dallas ISD.  And my aunt was also a public school teacher teaching in Plano ISD.  So I've seen up close and personal how hard our teachers work.  and that we don't pay them enough.  Hey, Texas, happy World Teachers Day.  I myself am a product of our Texas public schools.  And it's because of my teachers and my coaches who went way above and beyond that I've been able to chase my version of the American dream.  I know I wouldn't be here without my teachers.  And so I will always fight for and invest in our public education system because it's an investment in our future and in each other.  So I just want to say thank you to all the teachers out there in Texas and wish you a very happy World Teachers Day.",L,M
2024-10-05_15-59-54_UTC_Dave_McCormick_DAv5H4OPwWp,2024/10/5,Dave McCormick,DAv5H4OPwWp,0.8488086490577204,-0.264433797325295,168.90597209048806,699.1448672426806,1833.0513485455447,0.1327501912173205,0.649814496032356,0.12384918322815833,0.012167370972317935,0.0035152215059986737,0.0009899922731928734,0.1013520822304366,0.8379210021341699,0.0028000640972462437,0.0050797833726362275,34.6471059580051,0.1785460043485225,0.3042411345307782,0.2545454545454545,0.2727272727272727,0.1454545454545454,0.3272727272727272,117.25498866213152,55,454,3.870417732310316,607,5.174765558397272," Yeah, but it's a great...  hay and then it gets baled and you stack it at the barns you feel like you really accomplished  Well, family hay, I mean, the hardest part is you do it on a sticky summer day.  First of all, you get hay.  and we grew Christmas trees, and then they break along as I work.  sense of accomplishment, just when you start with a feel. ウニリが多めを  I loved having a family farm. We didn't actually live on the farm. We lived in the town.  But my folks had horses on it.  Emma, good to see you.  Thanks so much.  Thanks for being here.  because of the culture that goes with farming.  So we need to deregulate, make it easier for farmers.  We need to make it easier to transfer farms.  The tax policy that makes it easier to pass to the next generation.  baling hay and trim Christmas trees in the summers.  And it was shoveling around, you know what?  Of course, of course.  It was awesome.  I loved it.  And we still have that family farm today.  And it's been in our family since 1975.  So it's really a special part of our life.  Yeah.  Everywhere.  All over you, and it's down your shirt and in your underwear and everything else.  And then when you're putting it in the barn, as you know, you're pushing up,  so you're stacking it under the very top of the loft.  Right.  And so if you get that duty where you're at the very top, man, you're breathing in that.  You know, we have a bountiful agriculture industry in Pennsylvania.  It's the biggest industry, 52,000 farms.  But we're losing farms.  We had 65,000 or something like that 10 years ago.  So it's a really important part of our Commonwealth, not just because of the jobs and the income.  So glad to be here with you, Emma.  Thanks for doing this.  That's, you know.  working families. So prices are going up. It's making it harder for families to make it work.  It's like really nice.  back in schools.  Yes, for sure.  I agree.  Right now we've got like 5,000 dairy farms,  but it's hard for them because of Michelle Obama taking them to the milk house schools.  The guy running it, Spock Casey, has been opposed to that until election year.  He just changed his mind on it a couple weeks ago.  Yes, so it is very hard.  So you're, you know, for the next two days, you're blowing your nose with hay and coughing up hay.  Yeah, for sure.  So we need people that support pro-ag policies.  And another thing we've got to do is get inflation down.  100%  Because it's squeezing.",W,M
2024-10-05_21-24-56_UTC_Kari_Lake_DAweL6-tZIu,2024/10/5,Kari Lake,DAweL6-tZIu,0.7534632156890457,-0.23343443756912635,173.3628901116297,827.0722815109417,2108.370457468193,-0.2164260716143015,0.578178882772944,-0.2668940529821406,5.646219239204643e-05,0.00032903757079491227,0.002074371772860962,0.06476372349818463,0.8949326345815328,0.001041918524328955,7.020626622161416e-05,17.479789847040873,0.0735015238680849,0.18787360896895022,0.3076923076923077,0.2307692307692307,0.2307692307692307,0.2307692307692307,45.65299319727891,13,137,3.000438020148927,222,4.862023653088042," My opponent, before he got into politics, which was a brief little moment, decided to  open a bank for illegal immigrants.  And while he was there, turns out he built primarily Latino immigrants out of their life  savings.  He went on to work for an ambulance company that ended up being under federal investigation  for defrauding Medicare.  And he worked at the city hall.  He actually had many accusations of harassment, one by a 20-year-old female intern.  When she complained about the harassment at the hands of Ruben Gallego, he got her fired.  He went over to the legislature, and he was called the troll by his own colleagues  because of the way he treated women, belittling them, screaming at them.  He even had a sexual harassment charge against him.  This is his experience, by the way.",L,F
2024-10-05_22-08-27_UTC_Dave_McCormick_DAwjHSfOJXk,2024/10/5,Dave McCormick,DAwjHSfOJXk,0.8324068836184834,-0.12845654279629196,169.91344879018553,915.0315188082453,1969.42818031844,0.17771899548060663,0.7134454036872039,0.06329935752071954,0.27470504623852876,0.001450561463670628,0.00020707837546546796,0.19505427826734675,0.4838321673905682,0.039117856526535794,1.1270187181125235e-05,18.665247041566484,0.17200336704064056,0.33745140415771724,0.35,0.25,0.05,0.35,42.2,20,148,3.5071090047393363,221,5.23696682464455," The terrible injuries, almost life-threatening injuries of David Dutch and James Copenhaver.  And they're so glad that they're okay and that they're...  We're also here to mourn.  and saw the tragedy  well on the way to full recovery.  that many of us were here.  I was sitting right over here.  really here in sorrow.  And also to honor and thank and commemorate the first responders that saved us from.  even more terrible tragedy on that day.  to mourn the loss of Corey Comperator.  Play out on that day.  Let's give the first responders a hand.  Thank you.  But not only mourn his loss to honor.  of everything about America. He was a role model for everything that's great about  Hard to believe that it was just almost three months ago.  It is hard to believe.  this incredible country.  honor who he was because he's sort of the best.",W,M
2024-10-05_22-36-08_UTC_Bob_Casey_DAwmlQGtwe3,2024/10/5,Bob Casey,DAwmlQGtwe3,0.7867292762829639,-0.3086387361361793,124.51017477611072,632.4173516968167,1836.0517290642267,-0.27097943460650004,0.5602707143407234,-0.14098081337178645,0.0007504626469855991,0.0029699713916827336,7.21330428597033e-05,0.008325889938729864,0.9780386535053074,0.006393525323758684,0.0013207029410446452,19.81730045568575,0.11168534090368713,0.20101377042065982,0.3636363636363636,0.1818181818181818,0.0909090909090909,0.3636363636363636,34.28,11,99,2.8862973760932946,148,4.314868804664723," When they came forward,  To overturn Rho,  Look, I know he's going to continue to brag about his record as a hedge fund CEO.  At the same time he was doing that, I was passing legislation with Pat Toomey to get tougher on predators who are targeting miners.  The decision was made.  He silenced women.  So let's talk a little more about that.  He's also a hedge fund CEO who silenced women.  to make allegations about sexual harassment.  his reaction was that that decision made him, quote, very, very happy, unquote.  So that's where he's been on this issue.",L,M
2024-10-05_22-55-01_UTC_Colin_Allred_DAwobKhS9Jb,2024/10/5,Colin Allred,DAwobKhS9Jb,0.8253271239467486,-0.3336794235525653,143.098165842054,568.8174734191118,1621.1658418345476,-0.237611246151314,0.5711010724731183,-0.09620117890706444,0.00025846876451521153,0.0007709141250994846,0.0006117299278512793,0.07980069106384931,0.8899241852809147,0.005341924498402319,1.286111156143526e-05,23.285072191253935,0.12171182304835641,0.2752263234885995,0.2222222222222222,0.2222222222222222,0.2222222222222222,0.3333333333333333,39.06,9,151,3.865847414234511,209,5.350742447516641," We can do it. We can do it as Texans.  I'm looking forward to, as we're doing now, going around the state, introducing myself to folks,  telling them what my vision for our state can be, and hopefully folks will agree.  Well, I'm a normal person. I was raised by a single mother, was a public school teacher.  I went to public schools in Dallas. I've done voting rights and worked in the Obama administration  and served our state in Congress. I care about our state, even the folks who disagree with me.  It is possible to bring us together to talk about the common bonds that we share.  We might come from different backgrounds, but there are things that we share and that we spend all of our time focused on the things that we disagree on.  We won't get anything done on the things that we do agree on.",L,M
2024-10-05_23-11-58_UTC_Dave_McCormick_DAwqgMXOdhv,2024/10/5,Dave McCormick,DAwqgMXOdhv,0.865771380829622,-0.09914421605051668,188.307879350256,901.4186258521885,2014.336117321038,0.30193955709008635,0.7548447959113104,-0.09578735762149862,0.35753682323778946,0.04831544310044852,0.0019095921601522926,0.01432350225624377,0.5260502980579087,0.014849179275832887,1.814626397340479e-05,10.562245876648921,0.14061835037687234,0.2275310723876453,0.2941176470588235,0.1764705882352941,0.0588235294117647,0.4705882352941176,40.50097505668934,17,132,3.256043413912185,208,5.130735076467686," I was born in Washington County.  My dad was born in Indiana County.  My mom was born in Punxsutawney.  A seventh generation Pennsylvanian.  is going to determine what kind of Pennsylvania we want for our great Commonwealth.  I like to say that because it reminds me of Punxsutawney Bob, my opponent.  And someone who's been a 99 percent vote for the radical liberal agenda of Biden and Harris that's taking our country over a cliff.  Someone who's an outsider, someone who's a businessman, someone who went to West Point,  someone who served in the 82nd Airborne Division in Iraq.  And that's also a choice.  Who's a career politician?  30 years in elected office.  when we need strength.  This race for the Senate.  against someone  It's a choice between...  Someone who is weak.",W,M
2024-10-06_01-04-12_UTC_Colin_Allred_DAw3jhUPC0Y,2024/10/6,Colin Allred,DAw3jhUPC0Y,0.9465412576037737,-0.3261596080642076,125.76686621559729,599.3984088832183,1438.1501318251194,0.034069287882561354,0.6451347918238994,0.12206809395395891,1.0789034384623248e-10,1.2264062210744716e-11,3.5949460836989996e-12,4.878205439176765e-10,1.0,2.1739912490759754e-10,4.07684655601218e-11,16.268212586897285,0.08293928860472838,0.0021859870997304525,0.5,0.5,0.0,0.0,6.36,2,28,4.40251572327044,40,6.289308176100628," Hey everybody, I'm Cory Booker. I'm a former mayor. I once ran into a fire to save some folks.  I'm a Rhodes Scholar and a Stanford football player.",L,M
2024-10-06_14-21-49_UTC_Dave_McCormick_DAySF1JulAj,2024/10/6,Dave McCormick,DAySF1JulAj,0.7559032975962658,-0.17469957951226922,177.69743558748198,736.9594375124076,1993.9577361662339,0.4131411578977418,0.8002493476374029,-0.08171503472776805,0.19204136544014877,0.0018699069983707964,4.317768189751056e-05,0.08478981345933678,0.719146117354458,0.0004493440852946997,8.886590898398016e-06,25.444824122066798,0.10614883210018987,0.2617614322205444,0.3333333333333333,0.25,0.0833333333333333,0.3333333333333333,47.29997732426304,12,183,3.86892177589852,275,5.813953488372093," But but listen, Senator Casey, Senator Casey stood next to Joe Biden when he could hardly finish a sentence.  We saw this on the debate stage and said he's ready to go.  Then Senator Casey said Kamala Harris is great. You're going to love her when you get to know her.  This is a woman who in the last few years says she wanted to ban fracking, legalize illegal immigration, give them federal benefits, take away our guns, defund the police.  This is her position. So she's flip flopped on everything.  And Bob Casey standing there by her and he will be a sure vote.  He is a career politician. He has shown weakness when we need strength.  He's a ninety nine percent vote for his party. He's talking about my independence.  He showed no independence and he's adopted a set of extreme liberal policies that are truly taking our country in the right direction.  So he and I agree this is a big contrast between the two of us.  A political outsider. You're at a graduate and a businessman.  Thank you, Mr.",W,M
2024-10-06_17-40-33_UTC_Dave_McCormick_DAypShqO-Hp,2024/10/6,Dave McCormick,DAypShqO-Hp,0.7233247376191522,-0.18263328812842133,154.09651798156494,730.3303999636611,1754.3155817522968,0.19767735701229805,0.7205584827850877,-0.17203161815814685,9.578798659597087e-06,2.7848603964989538e-06,4.06963712300695e-07,7.698572795920195e-06,0.9962728632646695,8.502738020466969e-07,0.003702788564341532,14.005823867880853,0.10551662810702242,0.15685570949730132,0.2857142857142857,0.0,0.0,0.7142857142857143,27.36,7,98,3.5818713450292394,158,5.77485380116959," This is an election which is a choice between strength, like we saw on the stage with President Trump and Butler,  versus weakness and common sense policies to get our economy back on track,  secure our borders, open up our energy sector, versus this radical liberal agenda of Kamala Harris.  And Bob Casey is a 99% vote.  He's a sure thing, a weak career politician supporting this liberal agenda.  So I feel like it's moving in President Trump's direction and my direction.  And I think the voters of Pennsylvania are going to come our way on Election Day.",W,M
2024-10-06_21-33-57_UTC_Kari_Lake_DAzEOUPtrlS,2024/10/6,Kari Lake,DAzEOUPtrlS,0.8168501580462519,-0.2508070671506095,208.4864264101052,875.0512529059781,2205.4413394681715,-0.03880311108963075,0.6170754742105263,-0.03282134667919032,0.0027638895243115285,0.0024699665638417082,0.004473103049967892,0.06597708329377465,0.872914414083811,0.0002576980504638836,0.04937844228825754,20.05506344225245,0.10602501222611099,0.3788221759445932,0.25,0.375,0.0,0.375,25.08,8,86,3.42902711323764,126,5.023923444976077," Hey guys, I'm here at the grocery store picking up some food.  I am absolutely stunned and I know you are as well.  This is a little bit of ground beef hamburger and it is selling for $13.  This is outrageous.  This is only because the Democrat policies are rotten and they're destroying our economy  and they're hurting our families.  We can turn this around and we can do it when we vote.  Get your ballot, vote Republican from top to bottom and let's save America.",L,F
2024-10-07_15-27-15_UTC_Ted_Cruz_DA0_C94R3SS,2024/10/7,Ted Cruz,DA0_C94R3SS,0.7957721406640665,-0.31299057275103326,124.70409127533989,631.3190414787829,1827.9992772008277,-0.10314276106574925,0.6295944606864274,-0.15602233473498467,0.06389219048539015,0.0008140221855029179,0.00019744049482593834,0.013554304792086344,0.9206258108993706,5.503331573122341e-05,4.398374388593272e-06,17.584136397898803,0.1623453877137128,0.2667634713150693,0.4285714285714285,0.1428571428571428,0.0714285714285714,0.3571428571428571,76.92,28,229,2.9771190847633906,354,4.602184087363495," On today's podcast, Verdict with Ted Cruz, we examine what happened on October 7th and what has happened in the year that follows.  Today is the one-year anniversary of October 7th.  We also have a special guest on today's podcast, Sean Theory.  She is an elected Democrat state rep in Texas, elected four times as a Democrat.  the consequences that are playing out, the horror, the evil, but also the clarity that came from it.  Also, the victories against Hamas and Hezbollah that came from it.  We break it all down in today's podcast.  One of the darkest days in human history.  And representative theory has changed her party to the Republican Party.  She left the Democrat Party.  She said enough is enough.  They've gone too radical.  They've gone too extreme.  They've abandoned common sense.  They're not willing to protect children and keep children safe.  We sit down with Sean.  She tells her story.  It's powerful.  It's something the media won't tell you.  You're going to want to hear this.  You can hear it all.  You can see it all.  Download Verdict with Ted Cruz wherever you get your podcasts.  The year since then, we have seen Israel change profoundly.  We have seen America change profoundly.  We have seen the world change profoundly.  A year ago today, 1,200 Israelis were murdered by vicious genocidal terrorists.  251 hostages were taken.",W,M
2024-10-07_19-01-31_UTC_Colin_Allred_DA1Xo-VpMIM,2024/10/7,Colin Allred,DA1Xo-VpMIM,0.8046237750636549,-0.2225329583736415,134.26434005259273,670.0537111408115,1577.4942719803537,-0.27258822316225734,0.5363942259958931,-0.01872439729325035,3.5451903491432754e-05,7.726349670849395e-05,5.389266264149682e-06,0.0005321476593389544,0.9989643562011404,0.00025293640932981775,5.313590870964585e-06,12.774102682814272,0.19199784439733206,0.14095344791515105,0.2,0.4,0.2,0.2,9.74,5,47,4.825462012320329,65,6.673511293634497, The third component is finding a pathway out of the shadows for the folks who've been here for some time.  I've been the most bipartisan  sexton in Congress.  Also we'll make sure we invest in economy.  The first part of it is to have a secure border.,L,M
2024-10-07_19-46-07_UTC_Bob_Casey_DA1ctzYiYQL,2024/10/7,Bob Casey,DA1ctzYiYQL,0.9061009923933122,-0.31049043374361507,133.78385608551392,657.016478807517,1764.6765471555623,0.06105095172009114,0.6449783057006371,0.08112941483141276,0.0001560493288804841,7.675019014763808e-05,3.0588816806778653e-06,0.06854222495448471,0.931161454379994,3.28574852241238e-05,2.4237161848139724e-06,22.731236780087286,0.20158122104360718,0.3209266339453555,0.2222222222222222,0.4444444444444444,0.1111111111111111,0.2222222222222222,25.12,9,105,4.179936305732484,148,5.891719745222931," Hey, I'm Bob Casey. We're here in Philly tonight at the Met with Pod Save America.  Thanks for being here, guys.  Thanks for having us. Thanks for being on the show.  Good to be here with my fellow Holy Cross alum.  Senator Casey is in the race of his life.  He really needs all of you to donate because we cannot keep the Senate if we don't reelect Bob Casey.  And he's running against someone who has one of the biggest, most expensive super PACs we've ever seen in any Senate race,  funneling millions and millions of dollars.  So he needs your help. Please donate.",L,M
2024-10-07_21-28-13_UTC_Kari_Lake_DA1ob-XieJM,2024/10/7,Kari Lake,DA1ob-XieJM,0.8086359462510823,-0.21678311666433422,155.53877221599035,770.9649119894447,2247.0324508857675,-0.2557369984700642,0.5678664964123377,-0.1977858083640665,0.03903421074982493,0.004805039307792879,0.0017298933474782375,0.0008642871810799764,0.8789476723414222,0.00032943701503106875,7.816159695578358e-06,7.102961812045671,0.08458419965170746,0.24515302168626713,0.6,0.3,0.0,0.1,36.96,10,123,3.3279220779220777,174,4.707792207792208," Jews who are going to school just to get an education and now feeling threatened on college campuses.  So today we do honor the dead who were taken from us a year ago.  of anti-Semitic behavior.  and Jews on college campuses.  I can't help but to think if President Trump were in the White House, none of this would have happened.  I'm certain that none of this would have happened.  We want their memories to be a blessing for all, but we also have to go forth and push for  What has happened since that attack in America is something I never thought I would see, an outlash.  Peace in the Middle East once again.  launched at Jews living here, Jewish citizens here.",L,F
2024-10-07_21-29-52_UTC_Kari_Lake_DA1onbbB8Un,2024/10/7,Kari Lake,DA1onbbB8Un,0.8221979563403975,-0.21221550873249226,160.43482968321612,767.4574873014294,2205.890112458703,-0.2439206583957846,0.5724388753450562,-0.09247540849002901,0.001172347099604559,0.0002539718885234371,0.00010193659685415911,0.00012684615393170187,0.9930205258456525,2.662673820908933e-05,0.004683723507417931,16.06243087387437,0.09867368603301219,0.1796334269499197,0.6585365853658537,0.1951219512195122,0.0,0.1463414634146341,140.01396825396824,41,395,2.801815860405731,638,4.525464604908497," after the October 7th attack.  They gave Iran hundreds of billions in sanction relief, credit, and cash.  Ruben Gallego voted for hundreds of billions for Iran in sanction relief.  Terrorist cells have the money they need to attack.  who has actually worked to make sure that  Interesting how things disappear on his website.  They met with many people.  So this was a meeting with military and government officials while they were there.  The money to fund the terror attack on October 7th went through Qatar.  And during COVID,  after Ruben Gallego took this all-expense-paid trip to Qatar.  It's definitely unethical what he has done.  And when you think back to where we were under President Trump...  Maybe you will remember this.  Rubin went on an $84,000 all-expense paid vacation slash honeymoon  with his friend Eric Swalwell, who might be noted slept with a Chinese spy.  We were in such a safe place.  The Abraham Accords were happening, which was out of cash.  And they're flush with cash because of Kamala Harris, Joe Biden, and my opponent, Ruben Gallego.  So in 2021, he voted against providing Israel with emergency funding for its Iron Dome missile defense system  as Hamas was actively targeting Israeli citizens while authorizing $6 billion to Iran.  And then that money, by the way, which authorized Iran to make...  The world is on fire because of Joe Biden, Kamala Harris, and my opponent, Ruben Gallego.  It's amazing when you look at Ruben Gallego's voting record.  It's actually quite shocking.  In 2020, Gallego called then Secretary of State Mike  Pompeo to provide, called for him to provide USAID to Gaza  and end the anti-Hamas blockade, while claiming  Hamas had only, quote, some measure of responsibility  for what happened in Gaza.  along with his lobbyist wife.  They stayed at a five-star resort.  During his vacation to the country,  So Cutter ended up getting some money and business from it.  And it's only a matter of time before they could attack here in America.  And in May of 21, Gallego called for a ceasefire between Israel and Hamas,  which he quietly deleted off his website.  His anti-Israel votes are appalling.  I'm going to make sure that each and every one of you get it.  A listing of his anti-Israel votes.  He votes with Ilhan Omar and the squad every single time when it comes to Israel.",L,F
2024-10-07_21-50-03_UTC_Kari_Lake_DA1q7S2I-J5,2024/10/7,Kari Lake,DA1q7S2I-J5,0.8328040795378454,-0.20913091987460322,158.92093141174988,768.3322570533238,2224.4264099755637,-0.2360938023567777,0.5655594352733914,-0.05718247778089181,7.62109353247184e-05,0.00012280594946869857,0.00014849669472043618,0.040330139655007126,0.9034081559081296,0.013177658547943484,3.8012462300106126e-07,12.930458081523119,0.09840840615052675,0.219005306991319,0.5925925925925926,0.1851851851851851,0.0,0.2222222222222222,87.91396825396825,27,304,3.4576888080072794,437,4.970427661510464," whose votes, as Rick Grinnell said, have caused wars.  lack of professionalism, his voting record.  Many people say it will decide whether America can survive.  This is an important election.  And so it was so incredible.  And I'll never forget when the Abraham Accords were starting to take shape.  And Ambassador Grinnell was a part of making that happen.  And the beautiful thing is we can have that again.  And it's up to the media to be journalists once again and do the job of looking closely at Ruben Gallego's voting record.  that there was no way possible to ever have peace in the Middle East.  It was just impossible.  But look at his record on everything, from the open borders, wide open borders.  which has empowered the cartels, to funding sanctuary cities,  to defunding the police and making our neighborhoods less safe,  and taking away...  qualified immunity for police so they don't have that protection which makes it harder for them to go out and do their jobs.  We were brought up and that was the message that we were given.  His personal life, his...  And it's up to the media to start looking closely at his record.  And we've shared with you just a bit of it when it comes to how he has voted,  when it comes to the Middle East and Israel.  less than a month away from the election.  And I'm asking the media to start looking closely at Ruben Gallego.  We can have that again when we get out and vote.  We cannot vote for radicals like Ruben Gallego.  And I have to admit, I believed that because that was just the way.  No, I should say that growing up in the 80s, I was always told, and maybe some of you who are my age or older,",L,F
2024-10-07_22-06-26_UTC_Eric_Hovde_DA1s1N3Obwc,2024/10/7,Eric Hovde,DA1s1N3Obwc,0.821356264211556,-0.35277101915005826,142.02093598392935,704.3025557007404,1788.8031619085918,0.018000741168750577,0.6651423950293409,-0.22651535840156778,0.019810052089819372,0.0011860432452710026,0.0008215724758728986,0.01903065732236398,0.7915872892707937,0.0006588733158784964,1.6662446376104768e-06,17.618913480750642,0.08503392950061991,0.20534019939166276,0.375,0.5,0.0,0.125,28.13498866213152,8,87,3.091684434968017,133,4.72636815920398," I'm Eric Hovde. I approve this message. It's time for a change.  when she can't run on her record.  Her record is radical, extreme, and wrong.  Whenever I turn on the TV, I have to laugh at the latest attacks on me.  But what else should you expect from a career politician like Tammy Baldwin?  or giving illegal immigrants taxpayer-funded checks,  or forcing girls to compete against guys in high school sports.  She doesn't want to talk about voting no against cutting taxes on Social Security benefits.",L,M
2024-10-08_00-06-05_UTC_Dave_McCormick_DA16bNdNMIc,2024/10/8,Dave McCormick,DA16bNdNMIc,0.6750485291912226,-0.15942506584005042,125.20221623889304,725.5216237920339,1870.2052977380004,-0.10989695287510041,0.5858003251619645,0.037288445324285845,3.0066049420089096e-06,2.5114474627056197e-05,1.1230334783054432e-05,0.0002834568446370902,0.9992656505967383,2.3632576796403893e-05,1.0521637837622845e-07,25.582025670195314,0.12427880504202396,0.2035254252738454,0.25,0.25,0.0,0.5,19.14,8,82,4.284221525600836,104,5.433646812957158," in the White House has become more clear.  And so I think him coming back is just a symbol.  of strength and courage and resilience at a time when our country needs it the most.  You know, it's closing the circle.  I mean, it was such an unbelievable moment,  and it was so iconic to see the president get off the mat  and put his fist up in the air.  And I think, if anything in three months, the need for strength.",W,M
2024-10-08_01-12-24_UTC_Dave_McCormick_DA2B4s4t0M3,2024/10/8,Dave McCormick,DA2B4s4t0M3,0.7589746331513856,-0.28455845519198675,162.81300274633975,731.5845520398266,1874.5136330735734,0.12965410972491967,0.6637410680946488,0.3156853447772367,0.1773270933697089,0.00028720522148989946,6.695802262176051e-05,0.001818273388086185,0.8189463562414713,0.000510312634037783,1.526759221833191e-05,9.197831279116855,0.1576191287084693,0.36050097024602135,0.5,0.5,0.0,0.0,21.768979591836736,6,79,3.3789563729683487,128,5.474764756201881," honor to have a busy day in Pennsylvania today with Senator Rubio. Thank you again  for visiting. We started in Philadelphia, had a big meeting with a number of  supporters and we went to the Lehigh Valley, had a great Hispanic rally.  Senator Rubio was a huge draw, lots of enthusiastic supporters. Now we're in Hershey.  to meet with the PA Chamber of Commerce and more than a thousand business leaders  to talk about a growing economy in Pennsylvania.",W,M
2024-10-08_03-21-39_UTC_Colin_Allred_DA2Qyfpsaud,2024/10/8,Colin Allred,DA2Qyfpsaud,0.7852449089265758,-0.1693240997526907,131.85651866231208,631.8720412384409,1706.7742699479202,-0.08810315178138702,0.628968212013593,-0.09285765081043336,0.021027576807180686,0.0007063529220243138,0.00014402131528130758,0.022183883704703162,0.9409598876414206,0.00026526602403141065,4.5933495330392746e-05,29.018258815046313,0.1310627297604905,0.24422158728118534,0.2941176470588235,0.4117647058823529,0.1764705882352941,0.1176470588235294,62.01997732426304,17,247,3.982586262495969,334,5.385359561431796," As you go forward in the campaign, what are you hearing from Texas voters about what matters to them most?  Well, I'm a fourth generation Texan, Lawrence.  And, you know, there's one thing I know about us.  It's that we believe in freedom.  Texas is a place where folks expect to be left alone and had a chance to chase, you know, their version of the American dream.  This is a long running theme here in Texas that you can come here and carve out your own dreams.  But this is not freedom.  You're not free when Ted Cruz is in the room when you're making these incredibly important decisions.  You're not free when you're being turned away from emergency rooms because they are afraid to treat you.  And they tell you to come back when you're sicker, when lawyers and politicians like Ted Cruz are making these decisions, not Texas women.  But what Texans also want is somebody who's on their side.  And I think every Texan knows that Ted Cruz is really only in this for himself.  That's how you can go to Cancun when the lights go out.  That's how you can be a part of an effort to overturn.  A presidential election for somebody who attacked your family.  He's only in this for himself.  And we can get a senator who cares about all 30 million of us and hope folks will go to Colin Albright dot com and help us do that.",L,M
2024-10-08_15-01-32_UTC_Sherrod_Brown_DA3g-ikM780,2024/10/8,Sherrod Brown,DA3g-ikM780,0.7844211538389896,-0.24361196595472706,179.42470744786473,866.3872427857505,1811.4389511841755,-0.1045641237243637,0.6184680715074979,-0.10018599311951176,0.1025836412290329,4.6160345009936075e-06,6.462897927210611e-07,0.09462446843763897,0.8027792339853189,2.574276727123856e-06,6.76646013843198e-07,21.01133922783511,0.09338449796120378,0.1985562894842721,0.3,0.5,0.0,0.2,25.34,10,83,3.2754538279400154,123,4.853985793212312, expanding health care for veterans  working with law enforcement to crack down on fentanyl.  That's why I approve this message.  Ohio only gets two senators.  You deserve someone focused on you.  I've spent my career focused on standing up for workers.  and with presidents of both parties to do what's best for our state.  I'm Sherrod Brown. I have a question.  Have you ever heard Bernie Marino talk about what he's going to do for Ohio?  Because that's what this job's all about.,L,M
2024-10-08_15-54-31_UTC_Ted_Cruz_DA3nDozxCy8,2024/10/8,Ted Cruz,DA3nDozxCy8,0.8138250661599999,-0.28927849242181486,182.824562905224,666.234351394038,1765.986849014104,0.26587743522306323,0.7461771291757576,-0.08755693072104244,0.23142994858980523,0.0021959097847780245,0.0002481668453510872,0.0008963166175179775,0.761817479142637,0.0013046998302998062,1.4639906582231388e-05,10.844756034400241,0.10821331284791724,0.3116763987491078,0.4285714285714285,0.2857142857142857,0.0,0.2857142857142857,16.5,7,50,3.0303030303030303,71,4.303030303030303," They are coming after me with everything they have.  Bernie Sanders and AOC were in Texas this week.  AOC said if we flip Texas, we transform the country for a generation.  Please come to TedCruz.org.  Right now, I need your help.  TedCruz.org.  They're spending $100 million trying to beat me.",W,M
2024-10-08_16-16-12_UTC_Bob_Casey_DA3pfRtvYDQ,2024/10/8,Bob Casey,DA3pfRtvYDQ,0.8463439066539398,-0.3226014021170643,125.5647729485414,567.5871678053428,1553.6424754487794,-0.2735435045899542,0.5326426544579056,-0.06920388365277308,0.004045326072357371,4.549731841159585e-06,0.00025907841876458734,0.0012253435164915549,0.9918399155950526,0.0025782681051315435,4.572200936932005e-05,11.295440626030468,0.12802213246831776,0.1719690206278233,0.5,0.2,0.1,0.2,61.12598639455782,20,206,3.3693163231926726,274,4.4815178279358845," aches and pains. As soon as we met him and my father shook his hand,  my father said, Roberto how do you feel? And he said, oh my knee is hurting me  today.  But then in about  and talk to him in the outfield.  The one part of the story that...  Probably the third or fourth inning.  My father brought my brother Chris and me to a game.  But we were able to meet Roberto Clemente.  Don't ask him how he feels because he might start talking about...  I think in so many ways, the people of Pittsburgh...  And I came to Pittsburgh in June of 1970. I was 10 years old.  that my father was warned about was,  identified with Roberto Clemente because he was someone who worked hard every day,  he was someone who hustled all the time, he was someone who achieved the maximum of his potential.  We're here at the Roberto Clemente statue.  Someone on the St. Louis Cardinals hit a rocket out to right field.  Roberto Clemente had a jump in the air.  He caught the ball, and he made the play and threw it into the infield.  My father turned to me, and he said, I think he's feeling okay.",L,M
2024-10-08_17-40-49_UTC_Dave_McCormick_DA3zIIrOoSl,2024/10/8,Dave McCormick,DA3zIIrOoSl,0.7624225560487897,-0.35211757982111846,162.60890272979626,754.0927685863171,1799.0400440849137,0.04009800493544523,0.6150114030197326,0.12520637146848165,0.0016801862630908527,0.00039627970417124657,0.0005858129062443033,0.23862393305077964,0.73060860599921,0.02659823911477015,0.00062587518286608,31.928219643726116,0.14386550419271776,0.26487667644644347,0.15,0.35,0.2,0.3,50.148979591836735,20,169,3.351844506148354,265,5.2558508528361765," from food distribution centers and they process it. It's an incredible operation at scale.  Hundreds of employees, thousands of volunteers. I have just, in all of what you're doing to help  our community, not just here, but throughout our country and internationally. So, David,  thank you for the story. Tell us a minute about it.  religious-based community and through different groups that are distributing  It's incredible.  And the thing I was just saying.  Like you see across our great Commonwealth, people that are dedicating themselves to trying to help others.  They provide 2 million meals a month.  it's rare that you see something that has the ability to do that in this game.  Yeah.  So you're doing incredible work here.  Thank you so much for a great tour.  Thank you.  Appreciate you coming out.  what would otherwise be thrown away.  uh... through uh...  the food to their families they receive.  I'm here with David Lab, the CEO of Blessings of Hope, which is an incredible organization.  I'm blown away.",W,M
2024-10-08_18-53-28_UTC_Eric_Hovde_DA37i35N09m,2024/10/8,Eric Hovde,DA37i35N09m,0.8085225630079466,-0.40325947777091176,153.8992063424132,725.774189169827,1766.1161550468078,0.03983378966442544,0.6657135986616478,-0.28758858640633195,0.06852872611175563,0.004747223371411459,0.005358754315596951,0.007745328404933136,0.8544346499437914,0.0001827100342517024,0.0004706020189658332,9.350719511798703,0.060983237495306236,0.21931990283638256,0.6153846153846154,0.1538461538461538,0.0,0.2307692307692307,47.82,13,146,3.053115851108323,204,4.265997490589712," But it shows that the momentum's on our side, and we can win this race, and we're going to win this race.  I'm running as hard as possible.  All the polls show us that it's a one to two point race.  We need to restore fiscal sanity, running these insane deficits that are bankrupting our country and our children's future.  I really ask for everybody to pitch in.  You know, the Democrats bring a wave of money.  I can't do it without your help.  So join me in my fight today.  We've got to close our borders, stop the fentanyl pouring in, the criminals that are coming into our country.  We got to restore this country.  news today. Cook Report just came out and shifted my race from a lean Democrat to a toss-up.  whether it's 10, 20 bucks.  We need to take this country back.",L,M
2024-10-08_19-44-35_UTC_Bob_Casey_DA4BXrpOmLA,2024/10/8,Bob Casey,DA4BXrpOmLA,0.7704904365174672,-0.30548365380522813,122.06646577562783,611.1070845544127,1761.583335765036,-0.2121324530822023,0.581428513195051,-0.04317389338230211,5.402651580531817e-06,7.364288728588918e-06,6.01482473303821e-07,9.147018331658095e-05,0.9998541745903536,2.915648486747279e-06,2.3534815725466573e-07,12.797572139100941,0.11490475146860506,0.11458985483505144,0.4444444444444444,0.2222222222222222,0.1111111111111111,0.2222222222222222,27.48,9,102,3.711790393013101,152,5.531295487627365," Every day I've been a United States Senator, I've gone to work for the people of our state,  fighting for working families, fighting for workers themselves, fighting for our children,  seniors, people with disabilities, our veterans, and I've got a strong record on all those issues.  The voters in this state have a very clear choice.  against union rights, women's rights,  and workers' rights and voting rights,  or they can vote for me who's going to protect all those rights  and fight every day for those families and win like I have.  They can vote for a candidate who's going to vote.",L,M
2024-10-08_23-29-10_UTC_Mike_Rogers_DA4bE6JKHbD,2024/10/8,Mike Rogers,DA4bE6JKHbD,0.7625406122762128,-0.19690253824601894,124.8727228055921,810.7818085256472,1916.3387248338859,-0.1715298235928026,0.6008074992331769,-0.1528199548652972,4.727456818889193e-06,1.6514478742077043e-05,6.2383649242322815e-06,1.1176185243397945e-05,0.9683113747359441,0.03163409682577302,3.222528135241885e-07,12.049942421859193,0.11396005178135249,0.07731469252561887,0.2857142857142857,0.2857142857142857,0.1428571428571428,0.2857142857142857,25.56,7,86,3.364632237871674,127,4.968701095461659," And so if you think about how dangerous this is, and listen, I get it.  The CIA has deception training.  My opponent clearly went through that.  But you're supposed to use that against your adversaries, not Michigan voters.  doing and a little whore.  I was more cautious than most about us being, you know, using military force within the region.  And by the way, that information that was given to Congress was based on the CIA at a time that my opponent was in the CIA.",L,M
2024-10-08_23-35-38_UTC_Mike_Rogers_DA4b1E6Ko5-,2024/10/8,Mike Rogers,DA4b1E6Ko5-,0.7681519508022885,-0.17696668253116218,124.98597801209961,702.8172829321081,1894.4298362710315,0.01791910037699721,0.6671680918690401,-0.0728070251266798,4.5382092762283696e-13,1.7054250355960548e-14,4.357532227158077e-15,6.301800696073489e-13,1.0,1.3116085945563362e-12,1.5632232485999535e-13,13.37611777614802,0.10131638042348323,0.21754334821073681,0.4,0.2,0.4,0.0,31.46,5,99,3.1468531468531467,130,4.132231404958677," And my opponent has voted 100% with the Biden-Harris agenda, 100%.  And if you think about what that means, that means that she's likely to go in and vote for this $25,000 and every other scheme that will only increase the cost of housing.  If you want to get to the root of this, we have to stop spending.  We have to stop borrowing that money from countries like China, money we don't have, $35 trillion, and start bringing it back under control so we can get interest rates down.  That's the number one thing that we can do.",L,M
2024-10-09_00-47-23_UTC_Elissa_Slotkin_DA4jv8aAwD5,2024/10/9,Elissa Slotkin,DA4jv8aAwD5,0.7019368935576532,-0.14738234636434727,228.75581389834758,1145.5615736725538,2488.3817873113367,0.3653682989861072,0.7876736683614295,-0.3305598732254451,0.0584596911183644,0.0019325495041014461,0.0005708603765312335,0.05132988859724925,0.8381504358130952,0.00035165852028808776,1.664063555882812e-05,36.786760030995445,0.10418717888922807,0.29264514856846724,0.4,0.4,0.0,0.2,29.66,10,114,3.8435603506405935,153,5.158462575859744," So I was here in Michigan and I voted yes on Proposition 3. You were in Florida,  you voted in Florida, you weren't here.  For some people, this issue is a talking point.  He's put his finger in the wind and he says, now I can't win if I don't look good on this issue.  And so he's changed 30 years of being unilaterally pro-life, of never breaking once with his party on this issue, right?  So it's not a talking point to women.  It is our lives.  It's whether we bleed to death in a parking lot.  It's who and when gets to decide how we have a family.  Do not trust him.",W,F
2024-10-09_01-07-19_UTC_Elissa_Slotkin_DA4mS6_AAmt,2024/10/9,Elissa Slotkin,DA4mS6_AAmt,0.6289562374907764,-0.18353306047269988,218.91215679494272,1216.6316107312716,2550.53979746308,0.17377728772608267,0.7274210590690688,-0.22075890237971166,0.09540131578720143,1.7384758672745704e-06,1.857275548905819e-07,1.8393887613205119e-06,0.9045917579144278,1.0417995125399747e-06,1.5254644129213188e-07,15.200035221749811,0.0872545941777456,0.16308587585592182,0.5454545454545454,0.1818181818181818,0.1818181818181818,0.0909090909090909,46.62,11,146,3.1317031317031323,209,4.483054483054484," Mike Rogers was 20 years as a legislator.  He voted for every single ban, every restriction, every bill that came across his desk to make  it harder for a woman and to ban in some cases a woman and her right to choose.  56 times in total.  We checked the math.  To me, every single time he was casting one of those votes, he was saying something very  particular. He was saying to women, he does not trust you to make your own decisions about your  own family planning every single time. When it comes to our rights and protecting ourselves,  I think it is important that we have someone in the seat who does that.  He voted and sponsored bills that would make it impossible to have IVF and contraception.  If he does not trust us to protect our own rights, do not trust him.",W,F
2024-10-09_01-14-21_UTC_Colin_Allred_DA4nDxfshhJ,2024/10/9,Colin Allred,DA4nDxfshhJ,0.7753001146439319,-0.1650400880346805,142.11156171486485,682.5481075139303,1777.3070394188637,0.00025453511372337345,0.664112050698763,-0.056784684403813505,1.6449649404645576e-05,1.3094638424036846e-05,1.9388156518367378e-06,0.07090907838284831,0.9289727324669865,1.317964421102728e-05,2.6266072517606674e-07,26.770368633255952,0.07472584647327993,0.1975032269298152,0.2142857142857142,0.2142857142857142,0.0714285714285714,0.5,59.82,14,205,3.4269475091942496,299,4.998328318288198," And let's be very clear, he is singularly responsible.  what we're experiencing in Texas. He put the judges at the district court level,  the circuit court level, and the Supreme Court level, knowing they were going to do this.  He backed in primaries here in Texas, more extreme candidates, often against mainstream  candidates at the state level, knowing they would put in place these laws at the state level.  As you just showed, he called for and celebrated the Dobbs decision. And now when Texas women,  whether it's Amanda Zorowski or Lauren Miller, both friends of mine, came to the United States  Senate to testify before his committee, he didn't show up. And when Texas outlets are reaching out  to him to get responses to what's happening in our state, he won't respond. But on November 5th,  he's going to hear from those Texas women and from our state when we beat them.  Yeah, thank you for having me on, Katie.  And, you know, as you said, he's a content machine.  I mean, he's constantly podcasting and going on cable news.  And for him to be quiet on something means that he knows that what he has done, Texas women, is a problem for him.",L,M
2024-10-09_01-58-59_UTC_Elissa_Slotkin_DA4sO4oA68S,2024/10/9,Elissa Slotkin,DA4sO4oA68S,0.7404517023869777,-0.14043554735430636,222.74275803474373,1082.7201525332275,2403.6889103993853,0.21028554229752305,0.7271008176106102,-0.33622670264667853,0.11597478132810968,0.0028212290105839276,0.0005504130325996693,0.04494271184467248,0.7841699673652892,0.0020641460418938905,0.03021268316828184,26.843267420552195,0.10153714888248963,0.22993471353308942,0.2222222222222222,0.2777777777777778,0.1111111111111111,0.3888888888888889,36.98,18,134,3.623580313683072,193,5.219037317468903," Congresswoman Slotkin, you have 30 seconds in rebuttal.  Sure, I look,  There's no need to throw names around here or yell epitaphs at each other.  We have a record.  He voted to raise the retirement age.  That's not a fabrication.  That's in his record.  It's public.  I'm not sure he remembers.  He's been down in Florida for a few years.  But your record when you vote in Congress is public.  So we know that you voted to privatize or cut Social Security.  We know that you voted five times against allowing Medicare to negotiate drug prices,  like the most simple thing.  Just make sense to the common person.  So for me, it's not about throwing names.  It's not about deception or mentioning the CIA.  It's about what you did when you held the job.",W,F
2024-10-09_02-25-14_UTC_Sherrod_Brown_DA4vPIbMZ6n,2024/10/9,Sherrod Brown,DA4vPIbMZ6n,0.8332431186976744,-0.20858568898005075,159.74090090914768,614.086157143224,1676.3392345058178,0.008983582826264205,0.6458477226356589,-0.05251868670919801,7.268485414952011e-07,1.6527800078882797e-07,3.500477574085581e-08,1.0047923304802374e-06,0.9999972977379495,1.5560852098575824e-07,2.0501270618799e-08,16.130425684245072,0.13074599800145864,0.1821382131841581,0.3333333333333333,0.1666666666666666,0.0,0.5,25.8,6,86,3.333333333333333,126,4.883720930232558," We deliver on specific things that tangibly matter in people's lives.  And that's really why I win, because I talk about those things, and we've delivered on those things.  We've delivered on veterans' help with those football field-sized burn pits.  We fixed the pensions of 100,000 Ohio union workers that were going to lose half their pensions.  That's great, albeit temporary, but it had an impact.  We need to show the public that we care, that we can deliver, and that it can affect their lives.",L,M
2024-10-09_13-44-34_UTC_Elissa_Slotkin_DA5894AAr8d,2024/10/9,Elissa Slotkin,DA5894AAr8d,0.7455457482211078,-0.14636048066217278,217.45866493579575,977.3626991944008,2468.409132197466,0.20304045099951815,0.7301861895335585,-0.18945272589520837,0.061152377905054144,0.0010373413928639777,0.0001716030351907807,0.024802016392611075,0.9035645697057065,0.0002983811896718357,0.00017590659505401822,32.13587189398169,0.12576250889406174,0.12189046888269824,0.3125,0.125,0.0625,0.5,55.67993197278912,16,206,3.699712643678161,313,5.621408045977011," This is an area where I think we are very, very different.  And again, we both have voting records on this.  For me, I believe it is essential, and it's been a very personal issue for me, to have access to health care.  I think it's extremely important that if you work your entire life, you have the safety of knowing you're not going to end your life in poverty.  I believe in supporting Medicare, supporting Social Security.  Mike Rogers voted to either privatize or cut Medicare and Social Security over and over and over again.  He voted to raise the age of retirement.  It's all in the record.  Just check the facts.  So it's not about what he's going to do.  It's what about he's already done.  It is not about the talking points when you're sitting here in front of a TV camera.  It's about what you will do and what you have done when you held the seat, when you were in the job.  So for me, whether it's allowing Medicare to negotiate drug prices so we actually save something from Medicare,  whether it's changing retirement as we knew it, redefining it as he proposes, we couldn't be more different.  On this issue.",W,F
2024-10-09_14-45-23_UTC_Sherrod_Brown_DA6Dxd_R7Rn,2024/10/9,Sherrod Brown,DA6Dxd_R7Rn,0.7747085217026136,-0.24624089710946243,147.93540965838437,642.9185947035979,1743.982886684664,-0.2518260372001336,0.5368741377553261,-0.2093312985496236,0.0387751560614529,0.01690979544049944,0.0004842760417672409,0.024629380939016735,0.9026468056048725,0.0015074915918391173,0.00011603684298002419,23.250409296399717,0.17799694662571441,0.24975772545598424,0.4516129032258064,0.2580645161290322,0.1935483870967742,0.0967741935483871,91.06,31,345,3.788710740171315,480,5.271249725455743," Nothing new here.  Bernie Moreno is a walking conflict of interest who has trouble telling the truth.  We know he lied to his employees as he stiffed them out of $400,000 in overtime pay.  Then he destroyed the evidence, the records that the judge told him to produce.  He just has trouble with the truth.  And he is a walking conflict of interest.  Everything to him is, how do I make more money?  How do I find ways to do even better, even though he's running for office and wants to serve the people?  While in the end, he sees a guy that looks out for himself and looks out for his special interest friends.  The choice is clear.  I fight for the dignity of work.  Bernie Moreno looks out for his rich friends and himself.  Here's a guy who had enough money to put $100,000 into fighting our Constitutional Amendment for abortion rights.  And his last financial disclosure talked about owning five homes.  And he acts like he's fighting for the little guy.  I mean, just watch that video again.  We know Bernie Marino is a guy that looks out for himself and looks out for his special interest friends.  He wants a tax cut for rich people.  I want to do the child tax credit.  On issue after issue, it's clear he thinks he knows better when, in fact, the people of Ohio want to see a fighter fighting for the dignity of work.  He mocks women.  Well, he mocks the 57% of Ohioans who voted for a constitutional amendment for abortion rights.  He especially aimed his venom at suburban women over 50.  You know, if you're over 50, you don't care about abortion rights.  That means if you're white, you don't care about civil rights.  If you're straight, you don't care about gay rights.  It comes down to this.  Bernie Marino just thinks he knows better.  Better than women over 50.  Better than millions of people in our state.  I don't think we want somebody in the Senate that thinks that way.",L,M
2024-10-09_17-01-43_UTC_Dave_McCormick_DA6Thn_up99,2024/10/9,Dave McCormick,DA6Thn_up99,0.8170844908275366,-0.2262581947100348,158.5102762460073,724.294994257271,1870.1451909012255,0.1157454532956989,0.703455722541761,-0.10477051577946275,0.3399177614590401,0.0011880700755069766,0.005607247067898296,0.10949346106894783,0.5032455789567029,0.0005350867071140059,4.5064220424821713e-05,14.874137851788802,0.1336683545518805,0.26703280152224523,0.8181818181818182,0.0,0.0,0.1818181818181818,19.12399092970521,11,74,3.8662486938349008,109,5.694879832810867," and came out of this gate as an officer.  That's why I approve this message.  Honor. Service the country.  I walked through this gate as a kid.  when courage seems lost.  I'm Dave McCormick.  I believe we need a new ethic of service in the United States Senate.  As graduates, we leave West Point, but it never leaves us.  Prepare to lead in combat.  the United States Military Academy.  the ability to find courage.",W,M
2024-10-09_17-03-21_UTC_Ted_Cruz_DA6TtBCPics,2024/10/9,Ted Cruz,DA6TtBCPics,0.8443325136977954,-0.2982453630684861,162.3703108245422,643.8361838695395,1667.346045750827,0.0895224595715351,0.6948403375452069,-0.34187751160390495,0.006311139155614314,0.005897876152844514,0.0004910085633504948,0.03235182879971394,0.9336212131464455,0.00031386910971968325,4.784405810416686e-05,19.47806662571112,0.1963192003169292,0.2940784720009288,0.2,0.3333333333333333,0.2,0.2666666666666666,80.74,15,226,2.7991082486995293,346,4.285360416150607," Yes, they refused to enforce the oil sanctions.  Well, unfortunately, Kamala Harris and Joe Biden and much of today's Democrat Party are on the wrong side of the issue.  One year ago today was one of the darkest days in world history.  It was the single largest mass murder of Jews in a day since the Holocaust.  1,200 Israelis murdered, 251 taken hostage, women and little girls raped as a weapon of terror.  It was also one of the worst American terrorist attacks ever, with Americans murdered, Americans tortured, Americans taken hostage.  And yet, in the wake, in the year that followed, October 7th has provided clarity.  I don't think there is gray or ambiguity on this.  This is a battle between good and evil, and it is a choice of where do you stand.  Do you stand with Israel, or do you stand with Hamas and Hezbollah and the terrorists?  And I'm sorry to say, Sean, that Kamala Harris...  Kamala Harris and Joe Biden have been the number one funders in the world of Hamas and Hezbollah.  They have flowed over $100 billion to Iran, and Iran provides 90% of the funding for Hamas and Hezbollah.  So in a very real sense, Kamala Harris helped pay for the death squads on October 7th,  and sadly this White House has undermined Israel every day since then.",W,M
2024-10-09_17-33-30_UTC_Kari_Lake_DA6XK06Cf8D,2024/10/9,Kari Lake,DA6XK06Cf8D,0.8216043191151219,-0.2221752905845642,164.24131750190224,767.4067136779108,2245.7339539523377,-0.2710480946111975,0.5547530202536586,0.09982143139952414,0.0010415126325412406,0.000697239582824671,0.0003199254294649654,0.015439501243340674,0.7774645062554173,0.0012873272749427502,8.983018496412879e-07,33.3489250206693,0.10235812794687281,0.2805050275307408,0.25,0.25,0.0,0.5,20.5,4,62,3.024390243902439,87,4.243902439024391," You know, I think they want peace for the same reason we want peace.  It's so much easier to be living and enjoying life and succeeding when you don't have constant strife.  And we now know it's possible thanks to the work that Ambassador Grinnell has done  and the incredible work President Trump did as a leader that the world over loves.",L,F
2024-10-09_19-01-06_UTC_Elissa_Slotkin_DA6hLA7gWKv,2024/10/9,Elissa Slotkin,DA6hLA7gWKv,0.6692789266985966,-0.186934428469129,219.425226770962,1117.3559571924545,2467.0776289040173,0.23676582511387512,0.7531116913543066,-0.2402676394870845,0.0009376030837457811,0.0006157236865109453,0.0002510252676174776,0.08765274284793066,0.9073708096329562,6.033641267360735e-05,3.075856302062577e-06,12.312158332860426,0.1446551821337498,0.20313511846197532,0.1666666666666666,0.5833333333333334,0.0833333333333333,0.1666666666666666,58.82,12,206,3.5022101326079564,286,4.8622917375042505," I think at the end of the day, the issue comes down to trust. Who do you trust to actually come  and talk to you and then go and fight on your behalf in Washington? Fight on behalf of the  middle class, of lowering your healthcare costs, of protecting your rights. It's really that  formal question of who do you trust? For me, again, we couldn't be more different on a bunch  of issues. But let me just make one particular appeal to the Republicans watching today,  like my dad, right? For the Republicans who feel like their party has left them over the last few  years, you will always have an open door in my office. You will always have a place at the table  because I wanna hear from you. I am very transparent. If you come to me with a good idea,  if you come to me with pushback, you can prove your case. I'm gonna be open-minded. I'll even  change my mind. So if you are wondering where your party has gone, come and vote for someone  who actually gives a crap about you, who actually cares about getting something done  the way we used to, Democrats and Republicans, civilly and decently.",W,F
2024-10-09_20-12-53_UTC_Mike_Rogers_DA6paiwqGiQ,2024/10/9,Mike Rogers,DA6paiwqGiQ,0.7745704551480241,-0.1838433616242589,115.90619018171681,792.010189833155,1950.2685839646858,-0.1514730964055057,0.6268581816409914,-0.12861267967183157,0.0009500324587684903,0.00011294600800422895,4.750681524648101e-06,0.13160858347740784,0.8672635696885488,3.598727041024635e-05,2.2427239427794313e-05,17.56411888885556,0.1685039170473983,0.27600669639832504,0.6,0.3,0.0,0.1,29.86,10,91,3.0475552578700604,131,4.3871399866041525," When you look at the problems around this state, families are hurting from the policies that have come out of Washington, D.C.  The choice here could not be clearer.  Killing jobs or creating jobs.  Higher grocery prices, lower grocery prices.  This is exactly the kind of choice we're going to have to face.  A closed border or a wide open border that brings the problems of the South.  Thank you very much.  I would appreciate your vote on November 5th.  I will have your back come November.  Candidates both. Thank you.",L,M
2024-10-09_22-39-10_UTC_Kari_Lake_DA66I2kJb99,2024/10/9,Kari Lake,DA66I2kJb99,0.7808653310666477,-0.21048676753845358,208.47450800459157,1108.8718231378311,2407.4535511402937,0.17502946999139563,0.7085463646766449,0.07185289016341635,0.015791646221951578,0.0017557273616502862,0.0025057125097249656,0.303683269622087,0.5872048193636217,0.015539755697376725,3.7577758853971756e-05,34.310572145476975,0.14537694292090358,0.23917773717818544,0.5357142857142857,0.1071428571428571,0.0357142857142857,0.3214285714285714,70.82,28,263,3.713640214628636,352,4.970347359502965," Actually, we'll do something fancier.  We'll find someone with a fancy car and pick him up if that'll get him there.  I'm told he's going to show up.  So we've been getting ready for that.  We'll get him an Uber.  the most important candidate in the country besides Donald Trump to do that, is our next speaker.  I give you two words. Carrie Lake. Carrie, come join us.  So I was forced to debate the moderator, which I didn't want to do.  I wanted to just have a conversation.  But sometimes as Republicans, we just have to go in there and we've got to sometimes debate the media every single day.  We know there's so much, so many lies out there right now.  Tonight, I'm told my opponent's going to show up.  So we'll see.  I would like to offer him, if he needs transportation to the site of the debate, we're happy to pick him up.  We want him to be there.  We'll get him.  Are you as excited about what's coming in the next, oh, 28 days or so?  I forgot.  Is it 28 or 29?  I've lost track.  When you're running for office, it's just one big long Monday.  Right, Congressman Gosar?  It's one long Monday.  And it's been that way for about three and a half years, it feels.  But I'm really excited because we're almost to the finish line.  Tonight, I have my debate.  It's the second debate, the first one my opponent didn't show up to.  Good to see all of you. How are we doing today?",L,F
2024-10-09_22-44-26_UTC_Kari_Lake_DA66vATCgBt,2024/10/9,Kari Lake,DA66vATCgBt,0.7784679428169887,-0.1972036819010049,183.91041108765478,991.6300060950156,2252.4807945184266,-0.010945721687847482,0.6523748369759387,-0.06548813312720614,0.016027275547738404,0.0049853436590920905,0.0012815811729053352,0.050763025060155904,0.817492024481701,0.060795088373297376,5.1686468144264656e-06,23.720135259749643,0.11533290274497746,0.18367331074445253,0.5151515151515151,0.2424242424242424,0.0,0.2424242424242424,109.72,33,404,3.682099890630696,544,4.958075100255195," Not 95% of the time like AOC, 100% of the time.  He's further to the left than the squad.  He's further to the left than Bernie Sanders.  He's further to the left than Nancy Pelosi.  Raise your hand if you miss having the dollar that actually went a little further.  Okay, I thought so.  If you didn't raise your hand, you must be doing really well.  feel very comfortable. You know why I feel comfortable? Because the America First movement  is a movement of putting our country first and getting us back on track. We have the policy  to do it. And you know how we know that? We saw it. We saw it three and a half years ago with  President Trump. We saw how he handled danger across the globe. We saw how he handled an economy  that wasn't doing great when he got in and he turned it around. We saw how our lives were better.  Raise your hand if you had a little extra money in your pocket back then and you don't have it now.  But none of us are really doing well under this.  We're not doing well with a wide open border.  I joke a little bit, but this border is so serious.  When you think about the people that are coming across that border,  my opponent has voted with Joe Biden and Kamala Harris 100% of the time.  Oh, and by the way, she taught him a few things about stock trading and hiding those stock trades  because we found out that he was breaking that law as well.  But the sad thing is, the way the politics is going right now,  the Democrats feel they can just put out ads that are a whole bunch of lies  and then not have to account for what they've actually done.  His record is a mile deep, and it's very, very ugly.  So tonight we're going to talk a little bit about that record,  but more importantly, we're going to talk about how we can turn it around.  And I know for a fact with America First policies,  like President Trump has already shown us how they work,  with the right people in Washington, D.C.,  as Matt said, people who aren't just going to go along to get along.  I'm not going to Washington, D.C. to make friends.  I already have enough friends here in Arizona.  I do.",L,F
2024-10-09_23-55-48_UTC_Dave_McCormick_DA7Aj-KtMnX,2024/10/9,Dave McCormick,DA7Aj-KtMnX,0.8598894171129028,-0.21620263290954328,180.9584453835902,753.5980534463716,1826.2428837359355,0.2488486801575939,0.7313445313012374,0.010834167675717309,0.08374090973567887,0.004644158688504908,0.002116491033510846,0.27623010648585256,0.5899751178127759,0.00030444768827383057,1.3853081486526454e-05,24.562006063117877,0.232454373215593,0.29859985972264147,0.4375,0.1875,0.0625,0.3125,39.01798185941043,16,151,3.869810353664787,219,5.612506406970784," Because the third period.  President Trump, we're so honored to have you here, and we are committed in Pennsylvania  to putting you back in the White House and changing the majority of the Senate  and sending Bob Casey packing. So thank you for being here.  within a point or two  is not about wrestling.  It's about staying on offense.  It's about fight, fight, fight.  Thank you, Mr. President.  It's about mental toughness.  It's about heart.  You know, what happens in Pennsylvania is going to or what happens for the country depends on what happens in the next 27 days.  And as you know, Mr. President, I was a wrestler.  Lots of wrestlers here in this part of Pennsylvania.  Great to be in Scranton with the next president of the United States.  And I wasn't the best wrestler, but I always knew in college, if I could get into the third period.",W,M
2024-10-10_00-55-16_UTC_Kari_Lake_DA7JtljKyaR,2024/10/10,Kari Lake,DA7JtljKyaR,0.7900974745578833,-0.18214279181186357,196.23623557380935,1013.9864109877607,2290.123848204836,0.05334447505029712,0.6716963714559657,-0.04507113083368222,0.0007829505754310828,0.005015195553211348,0.0018742653658891549,0.19284533643657117,0.7277486903532089,0.0008802530716794904,0.000251962028445613,36.92235989860879,0.16257601127294075,0.3485623962407374,0.6956521739130435,0.1739130434782608,0.0,0.1304347826086956,56.32,23,209,3.7109375,294,5.220170454545454," We don't want dangerous people here.  We don't want dangerous people here.  We want to be able to enjoy our quality of life,  and we want to have quality of life once again.  Really strong economy.  I want to make sure that we get the dangerous people who have been flown in, frankly,  and have flowed in across the border.  I want to give them a one-way ticket back to their homeland.  I don't need to tell you where I stand on the policy, but I'll make it real brief.  I want a secure border.  I want to finish the border wall.  I want to bring back that strong Trump economy.  I did an interview with a reporter yesterday, I should say an interrogator, an interrogator for Rubin.  I was wondering if she was working for him, actually.  It was so bad.  And she said, I heard they don't want you in Washington, D.C.  They don't want Congressman Gosar there.  But he's gone there and he's fought for us.  They don't probably want Burgess Owens there, a great congressman.  But he goes there and he fights for us every day.  We need good, honest people in Washington, D.C.  We need God-fearing people in Washington, D.C.  And I said, good.",L,F
2024-10-10_01-13-06_UTC_Dave_McCormick_DA7Kb6vNrQ1,2024/10/10,Dave McCormick,DA7Kb6vNrQ1,0.9376810564628533,-0.26929413905217375,198.4554863915373,638.7606449141782,1730.9554188796062,0.2123557830961734,0.6654129008639924,0.16523627929408138,0.11266835951548022,0.031986474063373724,0.007415113744222865,0.34226612459866224,0.45516993332641675,0.011634569976865234,0.021049607835589082,40.75855258940962,0.20503266004930024,0.30674518184302024,0.313953488372093,0.1395348837209302,0.1976744186046511,0.3488372093023256,84.26,86,391,4.640398765725137,478,5.672917161167814," Oh, nice. Great.  Thank you. Thank you, ma'am. We need it.  It was nice to see you. Glad you're here.  Thank you. My son went to school with your brother.  You're kidding me.  All right. We need all your help.  Tell your friends.  Nice to see you.  Oh, yeah. I took care of him when he was there.  Thank you.  I saw you down your big bus in...  She was at the high school.  La Moine?  Yeah, yeah, yeah.  Yeah, my mom and dad live in Enola.  Do they really?  Right outside of Harrisburg, yeah.  Gene Hawk.  Yeah.  Okay, did you know my dad?  Yeah.  Okay, I'm going to tell him.  I'm going to call him.  He lives in Harrisburg now.  But I'll call him when I'm outside.  I saw Gene Hawk, okay?  Okay.  All right, nice to see you, ma'am.  All right, thanks, ma'am.  I hope everything goes well.  All right, good to see you.  Good luck, dude.  Good, thank you.  Good luck with this.  You been good?  I have been.  Yeah?  Yeah, I've seen lots of stuff for you.  You've been looking good.  Remember Jack Lee?  Of course, yeah.  That's my son.  I'm January.  Amazing, nice to see...  And I hate the ads they put on.  I know, those ads are so doggone mean.  My son is a huge fan.  Yeah.  He's on the sky right now.  So can I take a picture with you?  Absolutely.  We're with you.  I appreciate it.  Thanks.  Put out the word.  Hey, how are you?  Good to see you.  Thank you.  Good luck.  Thank you.  You got my vote.  Thank you.  I appreciate it.  It's going to be close.  We need every vote.  We need to get them out there.  You got mine.  You got his.  You got a lot of people back home.  And we got to change the direction of the country.  Absolutely.  Nice to see you.  How do you do, ma'am?  Dave McCormick.  This is my wife, Dina.  amazing we gotta change things keep up the good work i'm working hard at it  No, I'll tell Jack I saw you.  Please don't.  You tell him Dave McCormick said hi.  I will.  I remember him like yesterday.  He and I always had a good friendship.  Tell him I'm a big admirer, okay?  All right, see you, man.  Appreciate it.  Thank you.",W,M
2024-10-10_01-14-56_UTC_Kari_Lake_DA7L9vVsD5U,2024/10/10,Kari Lake,DA7L9vVsD5U,0.7830432969582495,-0.2131746691957086,168.97952292259458,710.9982204606829,2378.786235340393,-0.1380677497272849,0.6076945172551979,-0.04867640748297893,0.0013297044339037841,0.0020134075496174727,0.00484316203658817,0.03683472641621414,0.8454269014335202,0.052327508308718,1.4465804666340773e-05,13.473113160737686,0.10755907172970869,0.21684442523426498,0.34375,0.25,0.0625,0.34375,119.28,32,401,3.361837692823608,626,5.2481556002682765," our country over our party.  That's what we need to do, country over party, and that's what America First is all about.  Unfortunately, the man I'm standing on the stage with tonight, he took an oath to protect us from enemies, foreign and domestic,  and we've seen enemies coming across our border.  We've had 20 million people pour across our border.  Our border is wide open.  Murderers have come in, criminals have come in, and terrorists have come in.  I want to go to Washington, D.C., and help President Trump secure the border, bring back that strong Trump economy,  make it so that we can have the American dream once again for our young people who feel that they don't have access to the American dream.  I'm looking forward to the debate tonight, and I thank you for tuning in.  Arizona, it's so good to be back with you where our relationship began, right here in your home.  And thank you for tuning in tonight for this important debate.  It reminds me of the day I drove into town in 1994.  I was 24 years old.  I bought a house for $88,000, a three-bedroom home.  Arizona was affordable back then.  Arizona was safe back then.  And Arizona was a place everyone wanted to come to live.  And now, unfortunately, we're not seeing that anymore.  Arizona has become unaffordable and unsafe because of career politicians who have voted against our needs and what's important for our safety.  We are going to be hearing tonight from somebody who's undergone an extreme makeover, to quote an old TV show,  somebody who has voted with the most radical Democrats in Washington, D.C., to tear open our borders that were delivered to him in a safe way,  with President Trump securing our border, who has torn apart our economy.  And who has made our children and our lives less safe.  And so tonight, we're going to watch as somebody tries to reinvent himself,  somebody who used to be a member of the Progressive Caucus,  somebody who has destroyed the very congressional district that he has served for the past 10 years,  where homelessness is on the rise, it's the fastest-growing homeless population,  where quality of life is diminished.  We want to get back to the days where Arizona was affordable and safe.  And when we put America first, we can do that.  We need to put",L,F
2024-10-10_01-33-56_UTC_Kari_Lake_DA7OKHPB_zY,2024/10/10,Kari Lake,DA7OKHPB_zY,0.7507111204078948,-0.19442169034951604,161.0269064187354,734.9012433726607,2394.1715057549354,0.0787501727101027,0.6856373856578948,-0.29310749800711006,0.0023044434042949874,0.0011768510663590548,0.0013901333471755886,0.004561121919818953,0.9893306474152365,0.0007862433519773687,0.0004059366738388861,30.942200883894063,0.007880684529675858,0.07228780993922874,0.0,0.0,0.5,0.5,21.28,2,74,3.477443609022556,114,5.357142857142857," Absolutely. I don't think we can do enough to secure our border. It is the most important issue facing Arizonans and facing our whole country. Every state is a border state right now because of this man's policies, this man's votes, which have been 100 percent open border. He sided with the cartels every step of the way and against the American people. And you and I are suffering because of it.  Thank you.",L,F
2024-10-10_01-35-24_UTC_Kari_Lake_DA7OThSO7gg,2024/10/10,Kari Lake,DA7OThSO7gg,0.7903607778666787,-0.22733050731304594,182.47628312710216,699.7641188962424,2287.368542215396,-0.13928897612438315,0.6021296121955619,-0.19704953060692804,0.041264718500789756,0.0023090357261730562,0.0014490196484368625,0.000565868220315183,0.9481899760221286,0.004710054441911108,0.00011203496707098054,23.018170044513827,0.12057173143803204,0.1682555051800619,0.3448275862068966,0.3103448275862069,0.2068965517241379,0.1379310344827586,110.86,29,367,3.3104816886162727,545,4.916110409525528," And after he made that vote, he sashayed around the floor of Congress, waving a Ukrainian flag.  Actually not, because it was not done properly.  Listen, here's what happens in Washington, D.C.  These guys meet in back rooms.  They have an idea.  They say, let's put a border deal together.  Let's call it the safe border, whatever they call it,  because they always call it something, and it's really usually the opposite.  Then they throw a bunch of other stuff in there.  He sold us out. He sold us out to Ukraine. He spent $260 billion. He's voted for every penny  of that, but he would not help President Trump build the border wall. Even when President Trump  said to the Democrats, I want to make a deal when it comes to DACA. I want to make a deal when it  comes to DACA. Let's make them citizens in exchange for helping me come up with money to build the  border wall. And Ruben Gallego and the Democrats said, no, they're using these DACA recipients  as political pawns. I find that to be disgusting, Ruben. Why are you using them as pawns?  Why wouldn't you make a deal with President Trump?  I want to ask the veterans out there, can you ever imagine standing on the floor of Congress, standing anywhere, and waving the flag of another country?  and they never get to it. And the problem with this piece of legislation that I had a real problem with, Steve,  was that they attached it to $115 billion in foreign money and more money, our money.  Arizona's money going overseas to kill people.  And when they couldn't get this passed because there was no bipartisan support,  they may have had three different people writing it and pushing this,  but there was no bipartisan support. Three people supporting it.  The senators were not bipartisan behind it.  And in the House, they weren't supporting it either.  And the people weren't supporting it. So what they did is they separated it out  and Ruben Gallego voted to send another $60 billion to Ukraine.  any elements of that bipartisan border bill you would have supported.  That is what this gentleman did.",L,F
2024-10-10_01-43-53_UTC_Kari_Lake_DA7PSCPhNxl,2024/10/10,Kari Lake,DA7PSCPhNxl,0.7950709700150703,-0.20758679861481044,169.28690097978617,702.5522824789199,2314.084188013127,-0.12606675273685097,0.5981896289919625,-0.2314649148386292,0.00017291908582995084,0.015490845646566059,0.0033118028453829555,0.00023456678795434824,0.9464321975126533,0.03325909642386257,0.00017514327447245388,24.59125902626989,0.06390234427616535,0.14824923694145503,0.5294117647058824,0.2352941176470588,0.0588235294117647,0.1764705882352941,59.72,17,207,3.466175485599465,325,5.442062960482252," He voted against President Trump's national emergency on the border.  He said the border is not that big of a deal in Arizona when he was talking to people who were donating money to his campaign and said he's not an expert on the border.  We need somebody who understands the threat on the border.  And I do.  And President Trump does.  And on day one, we're going to get busy undoing the damage caused by Kamala Harris, Joe Biden and Ruben Gallego, who's voted with him 100 percent of the time.  Can you imagine voting with the Kamala Harris and Joe Biden 100 percent of the time, especially when it comes to the border?  You know, this isn't just about an open border.  We've got 20 million people pouring in.  They're taking jobs.  They're taking housing.  This is why nobody can afford housing anymore, because we're having to compete with people who've come in illegally.  I am completely opposed to an open border.  I am 100 percent for legal immigration.  My mother-in-law came here legally.  And all of the incredible immigrants of this country who came here legally are horrified by the votes that my opponent has taken.  They're horrified by what Kamala Harris has done.",L,F
2024-10-10_01-47-32_UTC_Kari_Lake_DA7PsZEtQ5W,2024/10/10,Kari Lake,DA7PsZEtQ5W,0.806544732041471,-0.2098386446116908,194.69618717644087,698.463178910386,2229.486800398495,-0.10345047578298455,0.6165498597726687,-0.1946785118900257,0.00020997311709848487,0.0004952983947375512,0.0007673582107433194,0.0037643649657087253,0.9410811289605617,0.052059602777236834,0.00022279086323035436,26.68090549106059,0.13394326797831435,0.26759116365858204,0.3214285714285714,0.3214285714285714,0.1428571428571428,0.2142857142857142,100.35698412698412,28,351,3.49740932642487,492,4.902351534475886," Mr. Grego, a minute to respond to this.  I want to finish this because...  You've even said this. You have admitted that you have a loved one who was a convicted felon drug trafficker, who's trafficked drugs into our country.  A 20-year-old daughter, a young mother.  And they say, I lost my son. He was 16 years old.  He took a half of what he thought was a Xanax pill, and he's not with us.  They're both terrible. It's a war against America. We have an invasion of people coming in.  And I remember seeing video of, they look like soldiers coming in, soldiers from other countries  coming and pouring across our border. And then we have the cartels empowered by Ruben Gallego  trafficking drugs into our state. We are the funnel for fentanyl. I have met so many parents  and loved ones on the campaign trail who come up to me and they wait usually till the end of an  event. You can spot it. There's a sorrow that you see in their face and they come up to me at the end of an event.  I feel for you. You got emotional talking about that, a close relative of yours.  And for you to continue to vote to empower cartels to bring in fentanyl,  which is a weapon of mass destruction, into our country.  You talked about the sorrow.  Mr. Gray, I've got one minute. Go ahead and respond.  He talked about the sorrow he felt from having a family member who trafficked drugs  and how hard it was for him.  And what you're doing to families right now, Ruben, is you're making that be their reality.  You're making it so moms and dads out there are losing people because of drugs.  Your votes on the border have empowered the cartels.  500,000 pounds of drugs seized at ports of entry.  What is the bigger threat to you, the flow of migrants or the flow of drugs?  One minute.  We are losing a generation of people.  We're losing an entire generation of young people.  And you should know better, Ruben.",L,F
2024-10-10_01-48-29_UTC_Kari_Lake_DA7PzhJuWH0,2024/10/10,Kari Lake,DA7PzhJuWH0,0.7605186588477773,-0.2157884456263062,174.92248717778597,705.5977959000579,2236.3717144913003,-0.07899040739185556,0.614831610864359,-0.10611116842588572,0.053402833273503154,0.0032980970288059856,0.006832114496584549,0.010490578872073338,0.9137518780300573,0.006096620365591599,4.692827665371144e-05,16.44799398556333,0.15284180940226347,0.248581390022142,0.1621621621621621,0.1621621621621621,0.2972972972972973,0.3783783783783784,136.88002267573697,37,505,3.689362945645821,736,5.376972530683811," for those border communities? It's absolutely horrifying. Hospitals having  to close down, hospitals there that aren't being paid because people coming  across illegally are getting services and they're not being paid for them. And  Ruben's idea is to actually funnel billions of dollars into the NGOs that  are actually taking part in transporting people further into our country, not just  here in Arizona. Go to the airport, take a red-eye out of Phoenix Sky Harbor. It  looks like a migrant encampment because so many people are moving from Phoenix  Sky Harbor to all points, all 50 states, and Gallego. Ruben Gallego has funded  that. That's what he wants to do. You know, the real answer, the real solution,  Arizona, is not to have to pour billions into all of this, is to shut down the  border, build the border wall that he calls a dumb, stupid border wall, build  the border wall, and then, Ruben, we don't have to pour billions of dollars  into the NGOs. The real solution to help these border communities so that they  aren't taking a financial hit is to finally put the border wall in place.  We can't put the border wall up and get serious about border security. But Mr.  Gallego would rather pour $260 billion of your hard-earned tax dollars into  Ukraine to fight for their borders, not our borders. I want to protect you. That's  why President Trump, my good friend, has called me Border Carry Lake. I love the  nickname, and I'm going to go there to Washington, D.C., and help him build that  border wall and secure the border. We can't afford what Kamala Harris and Ruben  Gallego have done. Can you imagine he's voted with them 100%? I don't know. I don't  know what they're doing. I don't know how they'll make it work. I don't know. I'm  so sad. I Sir poor Balckley, don't know. You didn't listen to him. Did you know  I'm like, didn't say that? I would have not met him and left him money that I  totally wouldn't have had. сделать en corte. Christmas that was  wish that we've been in everything we could, with our money. But what's the  only way it could have shown us that in our country we're acceptable at a  government level? What's the�work our akhir nes in some weit, you know,  doesn't make sense we're going to put our national values and our П절  And other Pu照s oføre paperwork like we're going to go talk about that  with the government, which they're all berry that says the nations are  One people all weekend. about the city and all Ivan Well right on.  families have to struggle even more and ask the police about it. They're  struggling because more crime. How many of you out there know somebody or you  yourself have been a victim of crime from these Chilean gangs, the dinnertime bandits  who broke into homes and are terrorizing people here in the valley?  Okay, thank you. We're going to dramatically change...",L,F
2024-10-10_02-03-05_UTC_Kari_Lake_DA7RfcUv6l4,2024/10/10,Kari Lake,DA7RfcUv6l4,0.7717953465904059,-0.2125308304328613,172.34420882467163,717.8685685004517,2270.6021285196966,-0.16465035402361472,0.6054063743665438,-0.4428020793072595,2.951428074709392e-11,2.0905055284233653e-12,4.1578383847715856e-13,1.83540978164688e-11,1.0,5.74054555171272e-11,5.447892495011275e-12,9.984910405499681,0.13662108572290396,0.1563962471807146,0.0,1.0,0.0,0.0,32.52,3,110,3.382533825338253,166,5.104551045510455," He acts like he cares about us. I want to speak to the women out there. But when you look at his character and his background, he has been harassing women and being disparaging toward women from the very beginning.  When he worked at City Hall, he had a complaint about a hostile work environment and being hostile toward women. He went over to the legislature. He had a sexual harassment filed against him in the legislature.  People go crying out of his office. This is a man who is putting on his extreme makeover act, and what you see behind the scenes is not somebody who cares about women.",L,F
2024-10-10_02-17-58_UTC_Ruben_Gallego_DA7S-XaMMJy,2024/10/10,Ruben Gallego,DA7S-XaMMJy,0.8021558679411152,-0.20790472455569273,152.6532900956589,740.5542742128648,1969.5111963813765,-0.08434100473051498,0.6188911479909971,-0.1819677720034269,0.0015193802610984138,0.0004828116499565147,0.00012178948271151369,0.07108027176535056,0.9204913935195146,0.004303208356959144,0.0018980099249233254,29.708025090661497,0.23549155548374162,0.24787014884019284,0.1904761904761904,0.4761904761904761,0.0952380952380952,0.238095238095238,57.92598639455783,21,187,3.227476700034518,256,4.418363824646185," to the woman, to the doctor, and the family.  or portion loss.  And so do we want politicians like Kerry Lake to be involved in these very, very difficult decisions?  And then when she was disappointed to find out that the 1864 law, again, the one that had no exceptions for rape or incest, was not going to get enforced, she said, well, I hope the sheriffs will do their jobs.  when they should be left.  was a great law.  She said it was a great law.  This is who Carey Lake is.  was overturned.  She said she was thrilled when Roe  She said she was thrilled with Roe.  She has told us what she would do.  Can you imagine...  It's not true.  Sheriff...  We have it on tape.  These are all your words on tape.  Can you imagine Sheriff Joropayo enforcing...  This is a person who only two years ago, actually less than two years ago, said the 1864 Territorial Law.  A law that said if you were an abortion provider, it was a mandatory two-year sentence,  and it had no exceptions for rape or incest.",W,M
2024-10-10_02-21-05_UTC_Ruben_Gallego_DA7TgULvIqM,2024/10/10,Ruben Gallego,DA7TgULvIqM,0.8567954546221034,-0.1594761156090228,181.46013451519096,624.8932793977358,1795.2676647079788,0.04685213593444367,0.641664646452763,-0.16187093069045913,0.09151987784193268,0.010794084289689186,0.00045141547311513115,0.0025561404290632603,0.8804900015110015,0.0004334034594441587,3.472718356871623e-05,27.540820722991057,0.12502817725509535,0.26174357855872443,0.4,0.2,0.0,0.4,11.22,5,40,3.5650623885918007,61,5.436720142602496," She's still in denial about the 2022 election.  Now, I give you one minute.  You have one minute.  Will you finally tell the people of Arizona, did you win or lose that election?  Can I talk about water really quickly?",W,M
2024-10-10_03-51-21_UTC_Kari_Lake_DA7d3aGol6f,2024/10/10,Kari Lake,DA7d3aGol6f,0.8092353411753678,-0.19493398098340362,174.30913700815603,698.8232222743629,2252.422050438923,-0.09136696457155705,0.6174438702285823,-0.2240069140179662,0.019412812410984803,0.0003306512199677914,0.00019409622401426985,0.0008377754820500901,0.9764105754895838,0.0010133436471914553,5.162964105437726e-05,13.66408097841696,0.0681912186810104,0.1934355945891036,0.3846153846153846,0.3076923076923077,0.0769230769230769,0.2307692307692307,43.86,13,148,3.37437300501596,219,4.993160054719563," 57% increase in price.  I want people who are on Social Security to know you have paid into that.  That is an insurance benefit you've paid into, and we are not touching that.  Ruben Gallego, Kamala Harris, and the Democrats will decimate it.  They want to make it so you can't, the age that you have to be to qualify to get your Social Security,  they want to raise that, and they also want to take Medicare.  He promised he wouldn't touch Medicare.  They wouldn't ruin Medicare and touch it, and they have.  He wants Medicare for all, which really means Medicaid for all, and that will be a disaster for Arizona families.  I have to mention the prescription drug prices.  He touts that he brought that down.  His vote in the Inflation Reduction Act actually caused medications to go up for people on Part D.  Thank you.",L,F
2024-10-10_03-52-23_UTC_Kari_Lake_DA7d_m5Cdjf,2024/10/10,Kari Lake,DA7d_m5Cdjf,0.8221553345861538,-0.17071351594649825,188.44874159401644,729.7164139902318,2279.495521327538,0.0007712684706416753,0.6221612499538461,-0.14487093374513632,0.11625782583325199,0.010128058777421308,0.002827420932200689,0.21195435910459232,0.6432427348540379,0.007770582458724974,0.0014685335170088356,29.746145115399653,0.12914501900861006,0.215551256789532,0.1428571428571428,0.4285714285714285,0.0,0.4285714285714285,13.0,7,54,4.153846153846154,75,5.769230769230769," He's got a Democrat president.  I think we have a Democrat president.  I don't know, frankly, who's running the country right now.  But why haven't you done that, Ruben?  This is like we're going to be 30 seconds, please.  We've had a Democrat president.  Your first day on the job was 10 years ago.",L,F
2024-10-10_03-53-18_UTC_Kari_Lake_DA7eHH9pRfT,2024/10/10,Kari Lake,DA7eHH9pRfT,0.81687873169375,-0.1692693181242793,165.61003895126458,677.568561628386,2279.6134157600336,-0.15454238353351624,0.5793824823624999,-0.04967683425077625,0.0027458755983623016,0.0029442407622117398,6.678608895497883e-05,0.0017780760323851965,0.962285455018282,0.030134802197783472,3.597436669589092e-05,13.242099149916895,0.1299838602184488,0.21919020775609804,0.3333333333333333,0.1666666666666666,0.0,0.5,16.0,6,69,4.3125,102,6.375," Well, it's interesting because he's only voted, he's voted with Kamala Harris and Joe Biden.  Arizona, you've got to know this.  He's voted with Kamala Harris and Joe Biden 100% of the time.  He wants to act like he's bipartisan.  He was the leader of the Progressive Caucus.  That's where all the ideas that we scratch our head and go, who came up with these crazy ideas come from.",L,F
2024-10-10_03-55-03_UTC_Kari_Lake_DA7eTKjPXbu,2024/10/10,Kari Lake,DA7eTKjPXbu,0.7727242107971286,-0.16965462389249777,163.20678913106758,719.4334239348573,2274.9927886796077,-0.052067361190399127,0.6311879181772784,-0.25159699452859063,0.01611163223400776,0.0002699371267398441,5.626890995460808e-05,0.04832333115412039,0.9337668408466486,0.00035682767307282484,2.8954351088812943e-06,16.11717017584433,0.07678481571610414,0.22918573318571636,0.4444444444444444,0.4444444444444444,0.0,0.1111111111111111,32.04,9,124,3.870162297128589,178,5.5555555555555545," Yes, I would. And by the way, you're about to see the extreme makeover version of Rubin.  He's going to say he's now for the Trump tax cuts when he's been against them.  We're not only going to extend the Trump tax cuts.  We're going to make sure that we're not making anybody who's seen your citizen on Social Security pay taxes on their Social Security check.  No more taxes on tips and no more taxes on overtime.  We've got to stop printing money like it's going out of style.  That's what Rubin Gallego, Kamala Harris and the Democrats have done.  And we're going to start cutting back on the wasteful spending of the government.  It's outrageous what they want to spend money on.",L,F
2024-10-10_03-56-35_UTC_Kari_Lake_DA7edmfq3NN,2024/10/10,Kari Lake,DA7edmfq3NN,0.802911510085771,-0.18705264968785393,166.9449186230216,694.9202925140905,2174.231211617652,-0.1177236906489641,0.6111065075461516,0.014188742298487647,0.00015278036629834597,0.0002353732629158616,0.0017516993085385907,0.006130647756210704,0.9599288357477302,0.0015708827602487192,0.0004787876607910994,17.479933336535193,0.09171761667950779,0.26205696414644414,0.3888888888888889,0.1666666666666666,0.0,0.4444444444444444,70.42,18,244,3.464924737290542,364,5.1689860834990045," Well, I wouldn't do what the Democrats did, which was take a great energy policy that President Trump had put in place and decimated on day one, hour one, like Joe Biden did with the support of my opponent.  We definitely can't do that.  We need to bring back and start building the Keystone XL pipeline and continue, as President Trump says, to drill, baby, drill.  I want to look at all sources of energy.  We absolutely need plentiful energy that's inexpensive and reliable.  We want reliable energy.  The price of electricity has gone up some 30 percent.  I was reading an article the other day of a woman who's a retiree who has to keep her house at 83.  She keeps the windows and shades closed because she just can't afford to cool her house.  We need to bring the price of energy down.  And unfortunately, with the moves the Democrats did right when they got into office, it caused a spike in energy prices.  Only now are they realizing they're in trouble and they're starting to drill once again.  But the Democrats want us to be relying.  They want us to be reliant on foreign energy, foreign energy with Middle East and Venezuela.  They don't want us to have our own energy.  We've got to look at all sources of energy.  I want to look at everything.  Everything should be on the table to use that's, like I said, cheap and reliable.",L,F
2024-10-10_03-57-32_UTC_Kari_Lake_DA7ektRCekI,2024/10/10,Kari Lake,DA7ektRCekI,0.78982778122359,-0.19059440487517873,175.7187235626084,706.4317242014467,2312.287369628215,-0.03423190691706971,0.6423787730818111,-0.07570771508234941,0.006445379766553203,0.004953087392942681,0.0018386271217694194,0.0032040902545475117,0.9682531150633424,0.004318368763154374,0.0008337744078370111,20.881080451719615,0.15959448964100986,0.270632704777231,0.2307692307692307,0.3846153846153846,0.0,0.3846153846153846,50.36,13,191,3.7926926131850673,276,5.480540111199365," Can I talk about water really quickly?  I'm going to give you 30 seconds to respond.  Okay, let's talk about water. He's had 10 years in Congress. He's done nothing. I've lived here  for 30 years and I've watched as politicians continue to say we have a water crisis.  We are in the West and we need to look at long-term solutions. I'm not talking about  fighting over a drop of water. We can conserve, but we can't conserve our way out of this crisis.  Otherwise, we'll end up giving the short end of the stick to our ag community and our ranchers,  and we'll have a food crisis before we have a water crisis. I want to go to Washington,  D.C. and work on true solutions, piping in fresh water, desalination, but finally,  for once and for all, bringing in new sources of water to the West. The West is growing.  We don't want to be scrounging over water. We want to have plentiful water sources,  and I'm going to do it. I'm sick of watching politicians like Rubin do nothing.  Are we going to also talk about water separately?",L,F
2024-10-10_03-59-09_UTC_Kari_Lake_DA7ewieP7LC,2024/10/10,Kari Lake,DA7ewieP7LC,0.7806953345669064,-0.20686638828541815,172.3660989736145,679.2793767101573,2038.3442473566436,-0.12896165988110153,0.602058623105236,-0.23978506455417695,0.014306323086256388,0.03178358446058909,0.002064521718691607,0.0027068508627110317,0.8949810214567978,0.004424462723900745,8.646232044018245e-05,29.597240543201945,0.124640918904158,0.1839658143980004,0.55,0.2,0.05,0.2,56.29997732426304,20,208,3.694493783303732,310,5.506216696269985," You know, we've had problems across the country since 2000.  One year the Democrats are mad, the next year the Republicans are.  We've got problems with our elections, and there's no doubt about it.  The people of Arizona have been burned.  They're tired of hearing about hiccups and loopholes and problems that happen on Election Day.  We just want to make sure that our legal vote counts.  My opponent wants illegal votes to count.  He actually voted twice to have illegals vote.  He voted against the SAVE Act, which would prevent illegals from voting.  I want every legal vote to count.  I don't care if you are the most liberal Democrat or the most conservative Republican  or where most of Arizona is somewhere in between.  I want every legal vote to count.  My solution would be let's get back to something closer to what we used to have,  Election Day, paper ballots, and we know the results right there on the night of the election.  But we definitely can't have people pouring across our country illegally voting.  Not only does he want to let them vote, he wants to give them all asylum.  And we've got to stop this nonsense at the border.  Mr. Green.  Restore our country.",L,F
2024-10-10_04-00-06_UTC_Kari_Lake_DA7e3jOtzxv,2024/10/10,Kari Lake,DA7e3jOtzxv,0.7825925919646178,-0.20214418180296279,170.86206939341048,706.2232055704667,2220.090537724068,-0.08880212754396662,0.6287822939374061,0.017023177444813548,0.004920917831569525,0.02181272436676033,0.00017621199593357214,0.08256045947947936,0.8694184123740918,0.01825535532404008,9.428739635059742e-06,20.546812021155812,0.09298541147181068,0.3507766046676363,0.4761904761904761,0.1904761904761904,0.0476190476190476,0.2857142857142857,62.19997732426304,21,233,3.745980707395498,347,5.578778135048231," Kerry Lake, you have one minute.  Arizona, thank you for tuning in tonight.  And I'm looking forward to being your next U.S. senator and bringing back a strong, secure border,  that strong Trump economy where everybody was doing better no matter what color your skin,  what neighborhood you were from, what your political ideology is.  We want to make sure we have a strong economy once again.  We want to fully fund our police.  My opponent called to defund the police when he was marching in the BLM riots  and calling police officers racist and actually the bad guys.  And that's very unfortunate.  I want every police officer in the family to know I fully support you.  We will fully fund the police.  We're going to need you to make our streets safe again after all of the crime that's poured in with an open border.  On day one, we're going to get to work to secure the border.  We're going to get the criminals who've invaded our country out.  And we're going to bring back that strong, thriving economy.  And I want to tell something out there if there's any kiddos watching.  I don't want you to worry.  I want you to dream really big.  I want you to know that we're going to turn this country around and your American dream will become reality.  Thank you both for being here tonight.",L,F
2024-10-10_13-49-37_UTC_Bob_Casey_DA8iVftMW8q,2024/10/10,Bob Casey,DA8iVftMW8q,0.8105360905128287,-0.3861530450193803,127.48185726597724,687.2879450182564,1703.4305062651376,-0.10626939309826822,0.5934165234203491,0.1541804734947573,5.126302861103075e-05,1.3167356487456675e-05,2.2522943480763188e-06,2.9048983779497854e-05,0.9997132625919875,0.000183263944770002,7.129318916277945e-06,11.559732371387623,0.20081397516159505,0.16741318208590947,0.0833333333333333,0.25,0.0833333333333333,0.5833333333333334,31.371995464852606,12,111,3.5193405199746355,158,5.009511731135067," And I hope he shares it with his.  And then earlier at a small business.  But we're grateful to be here to visit with small business owners.  We've got to keep helping our small businesses, invest in them so they can create those jobs.  Coffee shop started in 2020, right in the middle of the pandemic.  A lot of good small businesses here.  here in Allegheny County.  where they have a community arts center.  in the same neighborhood in Sharpsburg.  Earlier today, we were in Sharpsburg at a coffee shop.  Hey, we're here today in Allegheny County in Aspinwall at Spark Books.  I just brought a book for my grandson, Max.",L,M
2024-10-10_16-24-35_UTC_Sherrod_Brown_DA8z-abu-nm,2024/10/10,Sherrod Brown,DA8z-abu-nm,0.7449094666668586,-0.2212845836565781,157.53776058789876,671.9718620829838,1806.865556752456,-0.22063086036328144,0.5416218463030918,0.013714365105675768,0.009326150803949511,0.0009907675927893543,0.00035693373641298076,0.11568298971269368,0.8267638728638199,0.002089715699467292,0.003741069275987683,23.44034433082507,0.14230179428980028,0.22781404155214424,0.2666666666666666,0.4333333333333333,0.1333333333333333,0.1666666666666666,82.30798185941043,30,279,3.3883896040806407,404,4.906485304833615," And it was great fun, and the applesauce is good.  This was Emily and Elizabeth.  Emily is the older of the two.  She was a union organizer for years after college.  She went back to school.  I screwed it up.  Next.  This was the first time Martin Sheen came out and campaigned for us.  This picture was, I believe, in Akron.  And Franklin was maybe 14 months maybe then.  I'm pretty sure of that because he didn't like to be picked up.  I went to law school.  Elizabeth, the younger one, elected city council twice in Columbus, decided to go a different route.  And she is the CEO at the YWCA in Columbus.  This was Bob Casey and me walking down the street in Erie, Pennsylvania, I believe.  Very good friends.  Sat next to each other for years.  We have competitive Scrabble games.  Jackie and Carolyn especially were involved in applesauce making.  We made it this year.  This is a tradition we followed for several years.  We use my mom's applesauce recipe.  The grandkids who get a little more involved every year this year.  I mean, he definitely doesn't like being picked up now, but he wanted to meet Martin Sheen too, I think.  You'll get a kick out of this.  and we're out in the back in the back we're playing connie and i are playing scrabble  and it probably wasn't election year because I had a beard.  This is Franklin, who is smiling for the camera.  mid-late 20s, probably mid-20s, and I was teaching a class about Ohio politics.  This was me listening, and I was teaching a class at Mansfield OSU as in my probably mid.",L,M
2024-10-10_16-44-20_UTC_Elissa_Slotkin_DA8046jPRGt,2024/10/10,Elissa Slotkin,DA8046jPRGt,0.8085326619106009,-0.17114317091917844,248.44844896304187,1248.6200304391782,2361.968735376517,0.36194972942673403,0.7762590876635954,0.02706320507339084,0.15655199402944966,0.0044586674535350285,0.009873475055938913,0.1737525963233608,0.5957415621567493,0.005334026415286088,2.9258932486162078e-05,19.165831794676922,0.09925573781667962,0.28961526114083375,0.4857142857142857,0.1714285714285714,0.0857142857142857,0.2571428571428571,117.8759410430839,35,410,3.444799193412871,517,4.3438077634011085," And so when I saw this thing, and before I even got to see it,  my dad was there when it came into the parking lot.  So in honor of him, in honor of what he taught me,  and in honor of my favorite things as a child that I got to do,  it is Pork Chop 3.  He hooked up with the pork producers.  So what did they do?  They got an RV, and they basically set up an RV where you could come in  and you could test different pork products.  They could grill it up there for you, and you could go inside this really cool RV.  And that was Pork Chop 1.  And it's called Pork Chop 3 because, as some of you may know, my entire family is in the meat business, in the hot dog business, right?  My great-grandfather started a hot dog company or a meat company.  We helped start Nathan's Hot Dogs in New York and did all the meat for 50 years at Nathan's Hot Dogs.  Moved the company to Detroit in the 50s.  Got the first contract at Tiger Stadium.  And that became a fan favorite and that became the ballpark frank.  And so my dad was in the business along with all of his brothers.  Dreamed of getting me in that business.  But when I was a child, about the age of this young lady right here, I was dragged around everywhere I went, everywhere he went, to visit meat.  So we would go into Meyers and visit the meat counter.  We'd go into Kroger and visit the meat counter.  He'd be trying to sell a new type of product.  Or he'd just be doing a spot inspection.  He kept a stack of knives in his trunk so that he could go in and slice the meat and look inside, look at the color.  And this for a young woman, a young girl, was so boring.  It was horrible. I hated it.  And he just never did anything that I ever wanted to do and I was dragged around.  Then...  And I got to visit Pork Chop 1.  It was the only fun thing I got to do.  Then they made it like a new fancier version.  And that was Pork Chop 2.  This is officially the second event I've ever done with this monster, this RV, this Slotkin for Senate.  The name of the RV is Porkchop 3.",W,F
2024-10-10_21-51-01_UTC_Kari_Lake_DA9ZbNpteuL,2024/10/10,Kari Lake,DA9ZbNpteuL,0.8672483443815708,-0.35953880108353814,200.68177844044874,820.3166999141848,2021.2806612559489,0.07905150689881288,0.6813678848484848,-0.04792817618256918,0.016929112775794227,0.0005408407215266736,6.497878188492986e-05,0.002728238263612922,0.9780371095489849,0.0004769980172401988,1.708595109433422e-05,14.855987496902294,0.07288394968471551,0.1611908100403724,0.375,0.375,0.0,0.25,32.34,8,121,3.741496598639456,161,4.978354978354979," Hey Arizona, it's me Carrie Lake and guess what? I'm heading out to vote right now.  You know we have election season here in Arizona and so I'm going to go cast my vote  at an early voting center and I'm encouraging you to do the same. If you have a mail-in ballot,  go grab that ballot.  Open it up, vote Republican all the way up and down that ticket, and then get it sent back in.  Or if you'd like to vote in person, go to a voting center and vote there.  We've got to bank the vote.  We've got to chase the vote and make sure that we win this and save our country and save our beautiful Arizona.",L,F
2024-10-11_00-45-31_UTC_Mike_Rogers_DA9tXO2vN4v,2024/10/11,Mike Rogers,DA9tXO2vN4v,0.8319192738815674,-0.3082301881409031,135.19895034143738,622.4564152432908,1536.7136354231136,0.026157658623819725,0.6575022243072484,-0.14036292115578197,0.015427357600512946,0.002033816276343639,0.0005570847339027303,0.031019581496546423,0.9150159241913797,0.006570812343496823,0.0002989342182149249,15.70356326476615,0.11945579789876384,0.18415351808335303,0.2,0.36,0.04,0.4,89.86002267573696,25,278,3.0937013131537943,404,4.495882483863787," Yeah, you can drive any car you want under the Democrats as long as it's electric car.  I mean, what they've done is just backward regulation to make sure that you will not  have the option to buy a gas powered car.  And what's interesting about this, Laura, is 5,000 auto dealers from across the country  in an act of desperation wrote an open letter to the Biden-Harris administration.  Of course, my opponent supported the Biden-Harris administration 100 percent of the time and  said, hey, these are mandates and you are ruining our business.  We cannot take it.  We have cars we can't sell and people you can't give these things away for a whole host  of reasons.  And so, listen, markets work, mandates don't.  And it's, as you mentioned, 9,500 jobs in manufacturing and parts.  But we just had another roughly 10,000 jobs in this last report on unemployment gains.  All came out of the automobile industry.  Stellantis, 24.  Hundred layoffs.  General Motors, 1,000 layoffs.  Ford lost $5 billion in their EV unit.  I mean, this thing is an absolute nightmare.  That's why the Democrats are acting like, well, Republicans in the last few weeks.  Oh, completely. I mean, listen, here's the good news was in a factory today.  They know that this will kill their job prospects, their future employment prospects.  I couldn't believe how many people were saying, hey, I'm not I don't know if I'm a Republican or not,  but I'm voting Trump and I'm certainly voting for you in this next election.  These are these are plant workers. And I can't tell you how important those jobs are for the state of Michigan.",L,M
2024-10-11_01-00-42_UTC_Dave_McCormick_DA9s_0YNOqC,2024/10/11,Dave McCormick,DA9s_0YNOqC,0.8017751099206347,-0.37208496018719717,177.59751585962104,803.7113390991531,1845.8684621771847,0.12020583144700817,0.6375180396825396,0.30151733898538313,0.047959792376026676,0.003649803737195378,0.0007487632726909725,0.10398166789605041,0.829408598242339,0.0016981650526830573,0.00015810347188538758,11.554370292896987,0.11220032305303451,0.2378523636616108,0.4166666666666667,0.1666666666666666,0.0,0.4166666666666667,28.98,12,107,3.692201518288474,161,5.5555555555555545," I'm here with my good friend, Senator Nanshul from Alaska.  He just spent the day in Pennsylvania.  Thanks so much, Senator, for coming.  I couldn't appreciate it more.  We had a great day.  We spent time with veterans and a local VFW.  We spent time with the FOP 91.  getting the endorsement, talking about law enforcement here in Allegheny County,  but also across our great Commonwealth.  And we just had a great event here at the Jewish Federation in Pittsburgh.  And listen, we've got to win this election to get our country back on track.  Feeling great momentum on the ground, and thank you so much, Senator.",W,M
2024-10-11_03-08-19_UTC_Elissa_Slotkin_DA99vTYAvEj,2024/10/11,Elissa Slotkin,DA99vTYAvEj,0.8883694518428404,-0.19607468960148258,206.2102432456501,986.8736103946703,2411.0120171901453,0.15107589495589116,0.704678654443151,-0.18459150543815853,2.3606274524105804e-05,2.277026894797176e-06,1.1972060293721485e-07,4.17968682024448e-07,0.9999665678079432,1.7301523327854588e-06,2.9463730408524247e-08,12.804196117188704,0.06919794719228102,0.15788496152031758,0.5,0.2,0.0,0.3,51.54,10,184,3.570042685292975,237,4.598370197904539," going 180 rebranding and we have to call them on the records.  I think there's this thing going on right now across the country with a lot of Republican candidates where they they sort of, you know,  they literally stick their finger in the wind and see which way it's blowing and see that, you know, oh, you know,  a lot of people don't seem to like when we, you know, take away women's rights.  So I'm going to recraft, rebrand, forget about the past, ignore my history and just convince you that I'm going to be the protector of women.  And I mean, I just if you believe these folks, I have a bridge I want to sell you.  It's just not realistic. And past behavior is the best indicator of future behavior.  And they tell you who they are when they have the job.  And in my case, there is a man who had 20 years as a politician.  So we have his votes. They're public. So I just don't think we can let them get away with this idea of just.",W,F
2024-10-11_15-18-46_UTC_Sherrod_Brown_DA_RUw9MWJa,2024/10/11,Sherrod Brown,DA_RUw9MWJa,0.8893099452357422,-0.23835649430308276,167.64112801580677,567.1356233134395,1698.5467377974664,-0.07543845498953326,0.6196000496475802,-0.1474661215224331,0.0009303259959008441,0.00026968069434252977,0.00028404620756788756,0.0027132379223097636,0.9066329569570017,0.08754507067180667,2.2486625624722897e-05,21.36095182978798,0.13363632721189941,0.26867299897842395,0.3333333333333333,0.4444444444444444,0.0,0.2222222222222222,25.47596371882086,9,89,3.444272445820433,123,4.760061919504644," in the United States.  Bakery workers, it was the Teamsters,  it was the iron workers, it was a lot of the other trades.  But if they had knocked down the doors of Congress and said,  This is, we negotiated this at the bargaining table.  We earned it, it belongs to us.  Don't let Wall Street take it away.  You had people like me fighting and I led the fight.  But again, it wouldn't happen without this union and this union's retirees fighting like hell to make sure it happened.",L,M
2024-10-11_15-47-01_UTC_Elissa_Slotkin_DA_UjSzggI3,2024/10/11,Elissa Slotkin,DA_UjSzggI3,0.7073666271294118,-0.10483805996891121,233.6505352058836,1163.2921673994497,2515.5801682376637,0.34922694158489714,0.7761062153217994,-0.304931374155561,0.2064830498443539,0.003922304998014874,0.0023553023619484604,0.10739800986667215,0.671547081983877,0.000995626127730047,0.00012629063340379018,30.89904855756555,0.15404007173302067,0.27591764598638935,0.2142857142857142,0.3571428571428571,0.0,0.4285714285714285,28.9,14,113,3.910034602076125,152,5.259515570934257," I was here in Michigan and I voted yes on Proposition 3.  You were in Florida.  You voted in Florida.  You weren't here.  For some people, this issue is a talking point.  He's put his finger in the wind and he says, now I can't win if I don't look good on this  issue.  And so he's changed 30 years of being unilaterally pro-life, of never breaking once with his  party on this issue, right?  So it's not a talking point to women.  It is our lives.  It's whether we bleed to death in a parking lot.  It's who and when gets to decide how we have a family.  Do not trust him.",W,F
2024-10-11_16-00-59_UTC_Kari_Lake_DA_WJ_tCBgx,2024/10/11,Kari Lake,DA_WJ_tCBgx,0.8470897060897666,-0.23573376301636798,171.62706699236415,781.1824133567311,2266.9593972298303,-0.03407238534470402,0.6212532659065124,0.021354187667794143,0.009000119963280491,0.021351940952718876,0.05463470742145794,0.14500092480241442,0.7081330295052823,0.028793750606107744,0.0006181145460885232,18.994715347139735,0.18764557085347605,0.29012020630746665,0.5263157894736842,0.2105263157894736,0.0,0.2631578947368421,46.693990929705215,19,178,3.809931506849315,250,5.351027397260274," I feel great. I actually would love to do another debate with Ruben.  I've got two or three hours more to tell people about his terrible votes.  And I'm looking forward to hopefully.  You have heard Arizona.  I've been to the border more times.  We've given you a chance on this.  I've been to the border more times than you've probably been to Arizona.  I'm the only woman on this stage right now.  I don't think I'm standing next to a woman.  And so I understand how difficult these choices may be.  And we have the choice as Arizonans to decide what our abortion law will be.  It's going to be up to us.  how he's voted when it comes to crime, how he's voted when it comes to our...  getting a chance to tell people more about how he's voted on the border.  economy that is spiraling out of control.  Had 10 years in Congress.  He's done nothing.  Ruben, you're more interested in the talking point.  I've been covering this state for 30 years, including the board.",L,F
2024-10-11_16-02-40_UTC_Kari_Lake_DA_WWc6PJtS,2024/10/11,Kari Lake,DA_WWc6PJtS,0.8286184585092552,-0.3111674595805421,181.93523269611362,925.4810112451711,2212.3919618599057,0.04926807405711676,0.6696824215540248,0.03712780213376064,1.1015977004036635e-05,2.496013581607015e-05,7.104546051173541e-06,0.0026526179435960246,0.9972161348657363,1.0670288253322757e-05,1.778212441709433e-06,13.240251688264632,0.10101255536703924,0.18880554898001856,0.5555555555555556,0.0,0.0,0.4444444444444444,46.46,9,170,3.6590615583297454,221,4.756780025828671," Well, they built him up in all of these ads to make him look like a cross between Mr. Rogers and G.I. Joe.  And we saw the real Ruben.  You can only do so much with ads when you're standing there on a stage talking.  All is revealed. And I thought it was really interesting, Greg, when he went to do his opening remarks and tell his story.  He wanted to tell the people about his story. You could tell he had memorized his story.  If you can't off the cuff tell people about who you are, then either your story is not true or you've got some real problems.  You know, you should be able to speak from the heart and use your mind and connect with the people out there.  And he did neither. I was there to do some reporting.  I had to go back to my old journalism days and inform people about who the real Rubin is, not the extreme makeover version of Rubin Gallego.",L,F
2024-10-11_18-46-35_UTC_Sherrod_Brown_DA_pHP_vtOH,2024/10/11,Sherrod Brown,DA_pHP_vtOH,0.8496439280792079,-0.18666365580393532,221.85217566731342,639.518514943118,1853.7620482421726,0.3788040163240277,0.780786484950495,-0.38938290921805524,0.2589285166839617,0.0013854967923810275,0.03657009060751343,0.00171877955253152,0.5558402643787977,0.143625149464052,0.0004660408145220073,13.118240251633193,0.20290391509190825,0.22318617360783105,0.6666666666666666,0.3333333333333333,0.0,0.0,10.1,3,34,3.3663366336633658,50,4.95049504950495," Marino has the billionaires and I have you.  Get this, we've had more money spent against me in this Senate race than any Senate race  in the history of the United States of America.",L,M
2024-10-11_19-01-11_UTC_Kari_Lake_DA_qyoqp0Jv,2024/10/11,Kari Lake,DA_qyoqp0Jv,0.7912327999730561,-0.19455744665003388,165.96614563389448,708.8901492347749,2289.776390190742,-0.10626321957999865,0.6068100149234856,-0.26776383509891094,0.0015200309617754634,0.01151924775757017,0.0028641851391898753,0.002356503470311062,0.9395521547902068,0.03126351186665811,2.0320316789574565e-05,22.63231190183493,0.07904227437305326,0.12216966347890276,0.4736842105263157,0.3157894736842105,0.1052631578947368,0.1052631578947368,62.83995464852608,19,230,3.660089115213239,355,5.649267982176956," He voted against President Trump's national emergency on the border.  He said the border is not that big of a deal in Arizona when he was talking to people who were donating money to his campaign and said he's not an expert on the border.  We need somebody who understands the threat on the border.  And I do.  And President Trump does.  And on day one, we're going to get busy undoing the damage caused by Kamala Harris, Joe Biden and Ruben Gallego, who's voted with him 100 percent of the time.  You know, this isn't just about an open border.  We've got 20 million people pouring in.  They're taking jobs.  They're taking housing.  This is why nobody can afford housing anymore, because we're having to compete with people who've come in illegally.  I am completely opposed to an open border.  I am 100 percent for legal immigration.  We're not only going to extend the Trump tax cuts.  We're going to make sure that we're not making anybody who's a senior citizen on Social Security pay taxes on their Social Security check.  No more taxes on tips and no more taxes on overtime.  We've got to stop printing money like it's going out of style.  That's what Ruben Gallego, Kamala Harris and the Democrats have done.  And we're going to start cutting back on the wasteful spending of the government.",L,F
2024-10-11_19-34-49_UTC_Sherrod_Brown_DA_ulW_yJ42,2024/10/11,Sherrod Brown,DA_ulW_yJ42,0.7847598292182046,-0.3958954160650872,210.9166407652691,746.5456990398881,1711.134135230115,-0.08497414853908379,0.5941516312000423,-0.16412201332970064,0.008445140662295361,0.00010578191701114928,2.4711913137593206e-05,0.002422610486531702,0.9865393009316868,0.0005070201121977675,0.0019495708574358587,34.371409030452725,0.14751555787965193,0.20525937204884645,0.3846153846153846,0.3076923076923077,0.0769230769230769,0.2307692307692307,31.28498866213152,13,108,3.446075303126994,155,4.9457562220804085," was just with longtime friends  whom I've known for so many years,  local 1112,  that union hall near Lordstown.  I'm there to essentially to...  by unfair foreign competition.  Mexico and China have done to undermine American manufacturing.  I'm not here to promote my book, but I did write a book.  to warn the Chinese that they're not going to get away with the kind of things they've done.  And I know how these jobs, how we've been undercut.  Because I know what's happened.  15 years ago about the MIS of free trade.  the road today from Trumbull County north of Youngstown to Steubenville on the Ohio River and",L,M
2024-10-11_22-09-30_UTC_Ruben_Gallego_DBAALCVJAv-,2024/10/11,Ruben Gallego,DBAALCVJAv-,0.7684165096485073,-0.2847307747273129,140.54030784853813,691.436661388665,1856.904696578116,0.04860777759995429,0.6774076679273368,-0.10587676088815738,0.0004228329819212531,0.0017897087128196853,0.0012917224510696549,0.11514127167273161,0.7385872630056972,0.0002565113375419402,1.1896980809428378e-05,16.15321563953621,0.11986775861119968,0.17698689813252744,0.5454545454545454,0.2727272727272727,0.0,0.1818181818181818,26.338979591836733,11,85,3.2221379833206973,135,5.11751326762699," And it's why I took on Big Pharma,  to limit the annual cost of prescription drugs for seniors  and cap the cost of insulin to $35 a month.  Seeing Arizona families struggle is personal for me.  Growing up, my family barely got by.  It's why I'm standing up to greedy corporations  that aren't paying their fair share of taxes,  leaving everyday Arizonans with the bill.  because I'll do whatever it takes  to help Arizona families make it.  I'm Ruben Gallego, and I approve this message.",W,M
2024-10-12_06-47-13_UTC_Kari_Lake_DBA7jAtqYY5,2024/10/12,Kari Lake,DBA7jAtqYY5,0.8226032333306077,-0.25826125540695816,182.3565444614506,763.6709426488796,2169.9755868425596,-0.008350943503733464,0.6595883724552809,-0.2613957651425008,0.000582556503268241,0.0010597697514206326,0.0023214639508316198,0.03023114007378906,0.8989068431375747,0.01876043706128899,0.00027110822490502407,18.82737192999913,0.09515591802156605,0.18360578269707237,0.5,0.3636363636363636,0.0454545454545454,0.0909090909090909,84.84798185941042,22,283,3.3349045486683964,432,5.090737685599813," Everyone has to know it.  We have to wake people up.  His dad is a convicted felon.  The situation we're in right now with the cartels wreaking havoc, like I said, on our country.  I'm not blaming him for what his father did, but it should be scrutinized, and we're just believing what he's saying, and we're not even having a media looking at it.  You've even said this. You have admitted that you have a loved one who was a convicted felon drug trafficker, who's trafficked drugs into our country.  And for you to continue to vote to empower cartels to bring in fentanyl, which is a weapon of mass destruction, into our country.  And what you're doing to families right now, Ruben, is you're making that be their reality.  truly a Mexican drug trafficker, arrested for very serious crimes back in 94 and then recently again.  And I mean, that's how their family made their money. And nobody knows about that. The media is.  trying to ignore it. And it's very disturbing, especially considering  is committing malpractice by not telling people that his family has connections to the Mexican cartels  who are wreaking havoc on our country, who now control our border.  This has to get out, and the media won't report it, Greg.  So I had to do it. I had to tell people about it.  What is there?  And there's something there, and he's not talking about it.  Then we have the cartels empowered by Ruben Gallego trafficking drugs into our state.  We are the funnel for fentanyl.  We are losing a generation of people.  We're losing an entire generation of young people.  And you should know better, Ruben.",L,F
2024-10-12_14-30-33_UTC_Bernie_Moreno_DBBwlPguq-r,2024/10/12,Bernie Moreno,DBBwlPguq-r,0.9125278791206588,-0.2402562159822651,116.34431148676495,566.9074043044815,1592.9496721963346,0.03894143467328843,0.6699862796037399,-0.15985137237486197,0.037686650791292034,0.004758959932522616,0.00048344501646675465,0.07852087666646057,0.7709541206099555,0.0001857279292222189,0.010951004243044743,7.041734520852478,0.13752321550477634,0.2739512886865194,0.4,0.2,0.0666666666666666,0.3333333333333333,44.92,15,168,3.7399821905609993,244,5.431878895814784," No, he called President Trump racist.  He said the wall was stupid.  He said the border was a right-wing conspiracy theory.  Voted twice to impeach him.  Called President Trump a threat to democracy.  Voted with Biden 100% of the time.  And when Trump was in office, stabbed him at the back at every single turn, Sean.  No, listen, they can't actually run on their record, Sean, because they would lose 70-30.  The reality is what they try to do is pretend there's something different at home.  But look, if your viewers go on BernieMarino.com, they can help me beat him.  This guy's got all kinds of money coming into Ohio to run those lies, to put those commercials on there.  We need your help at BernieMarino.com to fight back, Sean,  because we're going to expose him for the radical leftist that he is.  And we're going to win this race.  We're going to fire Chuck Schumer, and we're going to make certain that President Trump's agenda gets passed.",W,M
2024-10-12_17-29-18_UTC_Sherrod_Brown_DBCE_Ocp9mF,2024/10/12,Sherrod Brown,DBCE_Ocp9mF,0.8630301537591837,-0.24102790161054957,177.09096504349793,621.9551352438202,1710.0347099049654,0.21400644472517893,0.7051713210204082,0.5243591773468053,9.82103553184288e-06,6.079057214367134e-07,2.5018865245289483e-07,0.9461559884402218,0.05380918546302846,2.231687316004948e-05,6.428790115509799e-07,1.4458916274501015,0.049943253188220675,0.058138226161734696,0.5,0.0,0.5,0.0,9.8,2,29,2.959183673469388,40,4.081632653061225," Go Guardians! You have players like Fry plays and Kwon plays and Ramirez plays.  It's an exciting time, so Klaus is going to close this out with another save.",L,M
2024-10-12_17-42-31_UTC_Bernie_Moreno_DBCGlzhOboA,2024/10/12,Bernie Moreno,DBCGlzhOboA,0.9147236904225979,-0.22483399228003945,120.04384398656953,534.1762334541552,1641.2160540788238,-0.05600952232262146,0.6357397841903915,0.01273088427475039,9.598054837036356e-05,1.488054098133321e-06,1.971885028358479e-07,0.0008769647066807206,0.9990151591360358,2.914186690315807e-06,4.057548051042937e-06,9.620638396760507,0.12545947991832362,0.2166556949516649,0.5,0.0,0.3,0.2,22.48,10,75,3.336298932384342,118,5.249110320284698," My closing argument is simple.  You need outsiders.  You need business people to go to Washington, D.C. to fix it.  This guy's been around for 50 years.  We've lost 200,000 manufacturing jobs.  It's time for him to go.  He doesn't reflect Ohio values.  Again, if your viewers can go on BernieMarino.com,  we'll have the resources to expose him, and we'll win this race, Sean,  and we'll deliver a Republican majority in the United States Senate.",W,M
2024-10-12_18-14-04_UTC_Bob_Casey_DBCKLbDt1AV,2024/10/12,Bob Casey,DBCKLbDt1AV,0.7424941447421308,-0.3872941489045037,111.76052150494881,772.5137944349743,1830.3550442643736,-0.10574052037628474,0.6319435470157385,-0.09197000417147672,1.1659843418682774e-06,4.397218747907528e-06,8.453177773170897e-07,3.1931124659031537e-06,0.9999700058386922,1.338047643284269e-05,4.8295951560888593e-08,10.960034194825683,0.07928532566131687,0.24044381491093325,0.1428571428571428,0.2857142857142857,0.2857142857142857,0.2857142857142857,33.04,7,113,3.4200968523002424,156,4.721549636803874," I'm in a very close race right now. New York Times has a poll today. It's three points. It's  probably a two or three point race and has closed a lot because of a huge billionaire funders,  literally a small group of billionaires funding a super PAC that has spent more money in my Senate  race than either campaign or any entity has spent. So that's the reason President Obama has been  working so hard to help me because he knows this close Senate race could decide the majority in  the Senate. So I'd ask folks who want to help us fight back against those billionaires to go to  BobCasey.com to help us.",L,M
2024-10-12_19-18-04_UTC_Dave_McCormick_DBCQpzPPMeT,2024/10/12,Dave McCormick,DBCQpzPPMeT,0.7921822955825001,-0.21149443063574527,138.5748737541754,740.7055684485432,1946.6838455737986,-0.01705323682438156,0.6401958954999999,0.006327737463896525,0.02765152693618118,0.00808510743041536,0.00471541382796554,0.001960375844555643,0.8862508748622835,0.04237776316199529,3.6812606591556864e-05,20.993805475238748,0.10347070627196,0.19209670846189292,0.2631578947368421,0.5263157894736842,0.1052631578947368,0.1052631578947368,48.0,19,180,3.75,274,5.708333333333333," They're in it because it's a lifestyle.  It's a way of living with their family.  It's a way of producing.  not want to be dependent on other countries owning our food supply and we don't want to  sell our precious farmland to foreign powers, particularly China.  Agriculture is so critical to Pennsylvania and we need to have senators or leaders who  are going to fight with a vision for how to protect Pennsylvania, how to protect America,  and how to protect our country.  I would be advocating an agenda that makes sure that we have free and fair relationships  around the world, particularly with China, that we have policies to make sure agriculture  producers compete in a level playing field.  that is unique and special.  And if we're not careful, we're going to lose that.  I came away recognizing how important it is  and wanting to do all I can do as a U.S. Senator  to make sure these farms continue.  We've lost something like 17% of our family farms  in the last 15 years.  We need to change that.",W,M
2024-10-12_19-57-38_UTC_Bob_Casey_DBCWDDTv_-s,2024/10/12,Bob Casey,DBCWDDTv_-s,0.9797725729398494,-0.34639150150736464,199.58216961692514,735.3758458065512,1718.6520406620352,0.23252411211795712,0.7007272293233082,0.2809791597495572,0.09126151719347644,0.2430924959130641,0.001184639423346827,0.02524429771180886,0.6232224088862425,0.014857306988923827,0.0006994083926389322,7.372291353921872,0.03292622331959757,0.0503852439764657,0.0,0.0,0.0,1.0,2.66,2,12,4.511278195488722,14,5.263157894736842," John, thanks for all the help.  Hey, John Fetterman, how are you?",L,M
2024-10-12_21-01-15_UTC_Eric_Hovde_DBCdXDjyLjA,2024/10/12,Eric Hovde,DBCdXDjyLjA,0.8308764913176716,-0.2496885227580691,100.76466381857537,569.7502642974823,1705.9673636308025,-0.38640948412589704,0.5433248026089176,0.0018164615523740284,1.6642164243765667e-06,6.76867758835366e-07,1.6760879691470077e-07,1.0936123746579156e-05,0.9999805334749448,1.4051592197988521e-06,3.1474175156799405e-08,6.211459568255111,0.1146893006104631,0.15667033751322532,0.2,0.2,0.2,0.4,20.43297052154195,5,48,2.1621621621621623,87,3.918918918918919, and who understands real-life experiences.  economically and we have to get people who understand our globalized  financialized economy today.  he realizes the country is failing.  If you want this country to go in a better direction and have somebody who is doing it because he loves his country.,L,M
2024-10-13_01-01-49_UTC_Colin_Allred_DBC42OANkzx,2024/10/13,Colin Allred,DBC42OANkzx,0.8096998033348672,-0.29778006686573527,142.53306488665885,662.609044770642,1727.2446133435606,-0.2695839268703566,0.531456145819469,0.017690096611036276,4.990583683435855e-05,0.00026507568071324037,0.0007821769677689976,0.07054792960027756,0.9148984009057152,0.0012582454667456877,6.136258603031577e-06,27.791214019058437,0.09691873466948236,0.18320123299126703,0.4117647058823529,0.3529411764705882,0.1764705882352941,0.0588235294117647,56.5,17,220,3.8938053097345127,290,5.1327433628318575," I didn't know it was him, and so I didn't answer.  I still haven't really lived that down.  And he left a really funny voicemail that I also still don't have, which is outrageous behavior.  Just saying, hey, you know, like, let's get together.  And we had a great meeting, and we laughed for about an hour.  And he's still the same kind of, you know, funny person that he's always been.  And the kind of maxim of, you know, the guy you'd want to get a beer with is still very true.  I think that we are all kind of part of the same project, in my opinion.  I think we're all part of the same effort, which is to bring us back to our fundamental values.  I'm proud to have represented President Bush.  I'm proud to have worked with his institute here at SMU on some policy issues that they've helped,  particularly when it comes to foreign policy.  He and former First Lady Laura Bush, some of their efforts align really closely with what I want to do  and what I've worked on on the Foreign Affairs Committee.  I know, Adam, that you did as well.  I think that there's so much more that we can do together.  When I got elected, President Bush gave me a call.",L,M
2024-10-13_13-58-05_UTC_Bob_Casey_DBERoJDN1Wy,2024/10/13,Bob Casey,DBERoJDN1Wy,0.790288548738095,-0.33157548518069,113.20338048313195,676.5648880651461,1794.3844825625836,-0.1326326431414982,0.6178252758173418,-0.07231019491614996,1.326516553898438e-06,2.548938196573608e-06,6.229546699113602e-07,0.00011270208774308104,0.9998516649452607,2.0571987649828464e-06,3.229322474707673e-08,17.191974741461483,0.09274756267101363,0.25724437302941927,0.1538461538461538,0.1538461538461538,0.2307692307692307,0.4615384615384615,56.28,13,186,3.304904051172708,268,4.761904761904762," He said that decision made him, quote, very, very happy, unquote.  And he manifested that in the answer he gave the other night about getting past.  He wants us to get past his extreme position.  He wants us to get past this reality that in state after state, these abortion bans aren't theory.  They're in place.  So you have stories like the.  He's way out of step because I think a lot of Pennsylvanians were insulted.  The story in Florida, plenty of stories in Texas as well, but in Florida, a woman bleeding out, hemorrhaging so much that she had to be put on a ventilator to save her life.  That's what he wants us to get past.  I don't think the people of Pennsylvania will want to get past that.  They want to make sure that we pass the Women's Health Protection Act, but we can't do that without a majority, and we can't do that without...  my race being successful. So I hope people will go to bobcasey.com to help.  When they found out that in the aftermath of the Dobbs decision, overturning Roe,",L,M
2024-10-13_16-27-52_UTC_Sherrod_Brown_DBEhq2nvMBk,2024/10/13,Sherrod Brown,DBEhq2nvMBk,0.8696754082094763,-0.3501430466362366,190.17229311264416,668.0752599566797,1795.2339472987785,0.07440017549750694,0.6615686590274314,-0.03808258542322613,0.0021254920572658146,0.0011581513388959502,0.00024201936349980141,0.0002149910421437859,0.9940549193920935,0.00027741090193736633,9.546759734160848e-06,49.45376963127101,0.06279658699668367,0.19306208019470114,0.2,0.6,0.0,0.2,16.04,5,72,4.488778054862843,93,5.798004987531172," I'd rather have a bunch of volunteers in Washington County because I know you know what you need to do to win these elections.  You don't need me to tell you how important this election is.  You may need me to tell you how important you are to win this election.  And when I say we, I mean all of you.  I mean people who think their government should serve them better.",L,M
2024-10-13_16-49-20_UTC_Bob_Casey_DBElUFphxFy,2024/10/13,Bob Casey,DBElUFphxFy,0.8681094187699757,-0.302387424300427,129.2684248396634,673.492528338924,1806.0575146987194,-0.10803873890059164,0.6215966206537531,-0.0939303849947011,4.327727411232182e-05,8.693730546452368e-05,1.6199393441443577e-05,0.00013597325147474354,0.9989397263122817,6.928650084161619e-05,3.388739216328749e-07,19.762269282228925,0.23773321266769065,0.30399592236760403,0.6666666666666666,0.0,0.0,0.3333333333333333,8.26,3,32,3.874092009685231,42,5.084745762711866," If you haven't been here, you're not going to understand the state,  and you should not lie to the people that you seek to represent.  I think that's a pretty low bar.",L,M
2024-10-13_17-31-18_UTC_Sherrod_Brown_DBEps9avGxL,2024/10/13,Sherrod Brown,DBEps9avGxL,0.9533284324761904,-0.14470870671223615,134.20186608126667,531.0703150900072,1834.0324079667862,-0.16225247557091627,0.5467198423809524,0.22478211608041632,0.00011087776966956119,0.00036945461854007654,0.0001854787527435383,0.004663679875880063,0.9887766302848349,0.00044973524953607826,6.729761625150426e-06,8.468811568007572,0.1743736994263565,0.11684672549732675,0.3333333333333333,0.3333333333333333,0.0,0.3333333333333333,11.760000000000002,3,54,4.591836734693878,73,6.207482993197279, hard to try to be able to get ahead no matter who you are and what you do whether you punch a clock  whether you work in an office whether you have a nursing degree whether you're serving  in mcdonald's whatever you do you ought to be able to make a decent enough living,L,M
2024-10-13_20-45-11_UTC_Kari_Lake_DBFAKnVtZoY,2024/10/13,Kari Lake,DBFAKnVtZoY,0.8889675913540935,-0.2666613852899325,266.4331801033556,1016.1239004599349,2310.137414480819,0.26163256677803465,0.7375093780906432,-0.07894633753624378,0.02801225477503263,0.026687760081925905,0.001101778412231953,0.06668032777667868,0.7561092660283645,0.0012940887404208241,0.0012837877154306453,33.01002429675317,0.08606637430485586,0.22038443755781661,0.625,0.25,0.0,0.125,68.4,24,257,3.757309941520468,364,5.321637426900584," Because Ruben Gallego called the border wall dumb and stupid.  Even fifth graders know we need a border wall, right?  Even our fifth graders know the difference between a boy and a girl.  Do we have any kids in the audience?  Raise your hand.  Let's hear it from the kiddos.  If you didn't see it, you got to watch it.  And if you have a friend who's on the fence, you got to make them watch it because we need everyone to vote against Ruben Gallego for putting America first, voting for Carrie Lake.  So watch that debate.  But I have to tell you, in the debate, I talked about an old TV show called Extreme Makeover,  because what we're getting from him is an extreme makeover.  He's one of the most radical people, voted on the left.  He's Arizona's AOC, but he's more radical to the left than AOC.  And I got to thinking, there's another old TV show that I think about when I think of Ruben Gallego.  It's Are You Smarter Than a Fifth Grader?  I see him out there.  So we gotta make sure that we get out and vote.  You guys know we need a border wall to keep us safe.  Ruben Gallego wanted to defund police.  Even our fifth graders and kids know we can't defund the police.  That's crazy.  And Ruben Gallego wants men to participate in women's sports.  He wants men to be showering with our kids.  How many of you saw the debate the other day on Wednesday?",L,F
2024-10-13_23-06-08_UTC_Mike_Rogers_DBFQSkkPKkJ,2024/10/13,Mike Rogers,DBFQSkkPKkJ,0.8283970665628342,-0.3202822634322757,136.26647012654868,687.1030084581847,1673.2020456772973,0.0034745605346206076,0.6692217685427807,-0.0836147583104401,6.059998696417092e-05,0.00022910687447240082,6.742698054058086e-06,0.00012913152748987686,0.9976338937002068,0.00028860143254752025,0.0015736244346139959,19.34628209073588,0.10271351629652706,0.33383502191226405,0.5,0.3333333333333333,0.0,0.1666666666666666,14.96,6,48,3.2085561497326207,78,5.213903743315508," I'm Mike Rogers. I worked in a factory and served in the army.  Washington politicians like Alyssa Slotkin, they don't understand it.  Slotkin voted for Biden's agenda 100% of the time.  She created this mess.  I'm Mike Rogers, and I approve this message.  I'll put Michigan families first.",L,M
2024-10-13_23-22-38_UTC_Kari_Lake_DBFSFrwNX9O,2024/10/13,Kari Lake,DBFSFrwNX9O,0.8611109127208757,-0.15300296136324434,221.82753302853482,1174.6498756754067,2364.523716048666,0.09001589708297922,0.6959761137920252,0.271872577036352,0.032686522944057175,0.01865976509699984,0.0009008363118726658,0.049312698425619125,0.8924475287296972,0.0045451670888884245,0.0013689492782972413,41.11404409840543,0.2017819402488502,0.2144382915179658,0.7,0.1,0.0,0.2,25.58,10,77,3.0101641907740424,104,4.065676309616888," I think we are in the midst of one of the greatest leaders in human history, and his name is Donald J. Trump.  But I think it goes further than that.  But...  This is the greatest president in American history.  Presidents in American history.  You know, I used to say after the first term of President Trump.  And now I say...  We just witnessed one of the great...  This guy right here.  Do we love this man?",L,F
2024-10-14_00-45-25_UTC_Colin_Allred_DBFbsutAUtK,2024/10/14,Colin Allred,DBFbsutAUtK,0.8499332323615383,-0.16733990310349006,111.29462549895266,659.7023412888772,1674.9603513744826,0.00939745691005195,0.6764840836410254,0.08696874341053563,0.00042946132276522916,0.0006321799617308311,0.00012755362260839833,0.026015340570123287,0.9689855565874175,0.0006998421722094313,0.0005318351980611439,14.922789276277904,0.0708441826054558,0.2269470650294497,0.5,0.3333333333333333,0.0833333333333333,0.0833333333333333,46.8,12,186,3.974358974358974,267,5.705128205128204," Well, hey, Jonathan, thanks for having me on.  Number one, I've won tough races, and we're going to do it again.  And Texans are looking for new leadership.  We've been through enough with Senator Cruz.  We've seen how in the last six years what he has done, from going to Cancun when we needed him most, to trying to overturn our last presidential election, to being singularly responsible for this abortion ban that we're experiencing now in Texas.  And I have a record of bringing folks together on the most bipartisan Texan in Congress, and I'm proud of that.  But we're now in the stage where we know this is a winnable race.  The only question is, what are we going to do to make sure that we get folks out to vote?  And so I hope that everyone watching, certainly my folks in Texas, make a plan, get involved with us.  You can go to ColinAllred.com to find a way to volunteer, also support our campaign.  Let's beat Ted Cruz.  Let's also make sure we get a senator who hears about all 30 million Texans.",L,M
2024-10-14_02-16-49_UTC_Dave_McCormick_DBFlU3cNcmG,2024/10/14,Dave McCormick,DBFlU3cNcmG,0.8635753122315395,-0.28166063862837587,179.2782708975721,759.7288100596543,1813.826024374824,0.2177852915823984,0.7155150720525657,0.3479421643612209,0.09367070866712365,0.0020154555649144067,0.0011120591053787301,0.33544755323468733,0.5632318418236386,0.0017638807076397784,0.00016554372878303854,8.174188654687239,0.21405279259967652,0.31575925776784886,0.375,0.25,0.125,0.25,15.98,8,66,4.1301627033792245,98,6.132665832290363," Okay, we're here at the Columbus Day Festival, and we're in Marconi Plaza in South Philadelphia,  right in front of a very famous statue of Christopher Columbus.  And I'm here with my good friend, George Paquetta, who's also an incredible hero in protecting this statue.  So, George, tell us the story.  Well,  Thank you so much.  Thank you, George.  Great to be with you, my friend.",W,M
2024-10-14_19-24-24_UTC_Eric_Hovde_DBHb0n9C7Rm,2024/10/14,Eric Hovde,DBHb0n9C7Rm,0.8481306748791118,-0.31854800588304266,220.75220705350196,633.0350386689504,1684.577801980589,0.31600502868705066,0.7727620841776315,-0.17174067836987106,0.29884949201608657,0.01811006026702866,0.0003366257211354456,0.0689496567123445,0.5743412991961448,8.328046973084294e-05,0.0001251232046381967,36.32358594054941,0.18410436519105597,0.20935315418691738,0.5555555555555556,0.1111111111111111,0.0,0.3333333333333333,24.32,9,79,3.2483552631578942,107,4.399671052631578," If you're not, it's time to make a change.  In my view, we need to restore this country.  Go out. Talk to your friends in the middle.  Ask them, are you happy where your country's going?  Are you happy with the open border?  Are you happy with all the debt?  Are you happy with your president?  I'm Eric Hovde, and I approve this message.  we need to bring everybody we can into our movement to restore this American dream.",L,M
2024-10-14_19-34-36_UTC_Colin_Allred_DBHc_NqIX7r,2024/10/14,Colin Allred,DBHc_NqIX7r,0.9662532760589403,-0.10975599861549618,173.78956269748815,518.8120871315408,1555.8241368082117,0.1182956858997573,0.6686811407152319,-0.21037024717896577,0.028914173646298915,0.012825186101617344,0.0005661854917561511,0.0203866492109622,0.9053793663023325,0.011676138129094711,0.020218268580841033,15.762440297156392,0.20246719632987534,0.19461681494959077,0.5384615384615384,0.1538461538461538,0.0,0.3076923076923077,30.2,13,139,4.602649006622517,192,6.357615894039736," On November 5th, after knocking on so many doors, your nipples are sore, and your voice is raspy,  you're going to turn on the TV.  And you're going to say, the results are coming in.  The question is, what's he going to say next?  Because of what y'all are going to do and what we're going to do, I'm confident.  He's going to say, the results are coming in.  It looks like Ted Cruz is going down.  We're gonna get folks out to vote, right?  And there are some things more important than your party or your party affiliation.  You're going to sit down on your couch.  We're also building a coalition, a coalition of independents and Republicans,  folks who understand that we don't have to have a senator that we're embarrassed by.  We can get a new one.",L,M
2024-10-14_20-23-01_UTC_Kari_Lake_DBHijYfBLyd,2024/10/14,Kari Lake,DBHijYfBLyd,0.8552890017193877,-0.20742802729411994,166.76127046667887,1091.7359429001076,2360.8175040670917,0.1765078111917984,0.725625386020408,0.3576754468088264,1.2386557989085607e-05,1.40490178870185e-05,1.4960266051954758e-05,0.326329354841793,0.6735193562671781,1.287497093130261e-05,3.00081795110724e-07,14.592493530274114,0.10914630327546997,0.2028481926790058,0.5,0.25,0.0,0.25,19.6,4,69,3.5204081632653064,95,4.846938775510204," Good to be on. And Charlie, thank you for this huge effort you're leading, not only here in Arizona, but other states to get people voting early and the chasing the ballot.  I think it's brilliant. And we got to fight fire with fire.  And we're going to get every ballot turned in and counted this go around.  So I'm looking forward to the lead up to Election Day.",L,F
2024-10-14_20-25-20_UTC_Kari_Lake_DBHiy5UA4bl,2024/10/14,Kari Lake,DBHiy5UA4bl,0.8293875915588934,-0.18555475986202072,178.37937633013485,1033.110882478794,2305.5158554854843,0.11521144977377357,0.6849357062105408,-0.04779158163040327,0.033951247249652296,0.006752184126665786,0.017996267848457474,0.03080617642710142,0.8350370273588339,0.006089896464108611,0.008406636423829935,31.034366303088312,0.17398805374969026,0.21610594002266284,0.2926829268292683,0.2926829268292683,0.1951219512195122,0.2195121951219512,109.44004535147393,41,414,3.782894736842105,554,5.062134502923977," Kerry, you voted early last week.  We put this on our TikTok, by the way.  It did really well.  Hundreds of thousands of views.  Let's play cut 35 of Kerry Lake going to go vote early.  Play cut 35.  Carrie, tell us more.  Yeah, I went the day early voting started.  Actually, I went the second day.  The day early voting started is the day I had my debate,  so I was a little bit preoccupied that day in doing some events with CPAC and also J.D. Vance.  But I went the next day.  It's a long ballot, Charlie.  Here in Arizona, we have four pages.  It's a two-page ballot front and back, so there's really four pages there.  And it takes a little bit of time, and so I want to make sure people are showing up early to vote  or getting their mail-in ballots filled out now and sent back in.  And we don't want a crunch on Election Day.  We don't want there to be just one day left of voting, and everybody shows up,  and there's super long lines, and it's taking people a little bit longer to vote this time,  and people can't get in.  There's no parking.  We've seen all that stuff.  We've gone through that before.  So we're trying to prevent that by getting everybody out to vote early.  And President Trump is fully behind it as well.  I was with him yesterday.  He's encouraged by what he's seeing.  I saw big, huge posters in the arena that said,  Vote.  Vote early.  And I think people are heeding that warning that we don't want to get into that crunch on Election Day  and be caught with any issues that could arise.  Hey, Arizona, it's me, Carrie Lake. And guess what? I'm heading out to vote right now.  You know, we have election season here in Arizona.  And so I'm going to go cast my vote at an early voting center.  And I'm encouraging you to do the same. If you have a mail in ballot, go grab that ballot.  Open it up. Vote Republican all the way up and down that ticket and then get it sent back in.  Or if you'd like to vote in person, go to a voting center and vote there.  We got to bank the vote and we got to chase the vote and make sure that we win this and save our country and save our beautiful Arizona.  See you later.",L,F
2024-10-14_21-57-30_UTC_Ted_Cruz_DBHtWnAyX6s,2024/10/14,Ted Cruz,DBHtWnAyX6s,0.8348424237846184,-0.286662032394407,169.26956892937153,634.2531631458305,1650.3419534775605,0.2764601696956673,0.7653477286455571,-0.3763232574599662,0.12360604649523427,9.675291095703458e-05,4.37793869421264e-05,0.0004849788194846928,0.8755903515664415,7.067056494006685e-06,2.416263344997893e-06,18.07458629703274,0.17442386462829274,0.15077268454232318,0.1538461538461538,0.3846153846153846,0.0769230769230769,0.3846153846153846,72.18002267573696,13,203,2.8124134109171512,305,4.225547243003602," Well, Colin Allred's record on the border is hard, hard left. He has consistently been in favor of  open borders. He's voted against every serious border security bill that has ever been on the  floor of the House. When it comes to the border wall, let's use this as an example. He's voted  against the border wall three different times. He refers to the border wall as, quote, that racist  border wall. If you care about border security, Colin Allred says you are a racist. He has pledged  to personally tear down what he calls that racist border wall. Now, here's the incredible hypocrisy.  Colin Allred right now is spending millions and millions of dollars running TV ads with him  smiling, standing in front of that thing he calls the racist border wall. It's just flat out  deceptive. By the way, same thing Kamala Harris is doing. Kamala Harris is spending millions of  dollars with ads showing aerial footage of Trump's border wall.  Look, I served with Kamala from the day she got elected. She was hard left, open border every day.  Colin Allred is exactly there with her. They both support this invasion,  and they're not willing to stand up and fight.",W,M
2024-10-14_23-01-57_UTC_Colin_Allred_DBH0uyshTDS,2024/10/14,Colin Allred,DBH0uyshTDS,0.818047070332066,-0.13835302860262425,135.1611784713543,729.0944654105123,1856.0714365847666,0.16533852265680304,0.7174271159188846,-0.21058382908045778,0.0269115180883805,0.007449648051657034,0.0001799328230267778,0.03643106856958178,0.9026970458423532,0.0003129638615204212,3.2056357197097875e-05,9.668819879847451,0.04759605069554343,0.17841403873398703,0.375,0.125,0.125,0.375,15.78,8,65,4.119138149556401,105,6.653992395437263," If you don't deliver, next man up takes your job.  You step between these lines, you're accountable to the whole team.  I approve this message.  Because Washington could have used a little Texas-style accountability.  the papers that was in forever  but he's done nothing to fix the border.  He wants to raise the retirement age,  making you wait longer to get Social Security and Medicare.",L,M
2024-10-14_23-18-38_UTC_Mike_Rogers_DBH2mAUv2ik,2024/10/14,Mike Rogers,DBH2mAUv2ik,0.781972456332426,-0.21959348257178551,122.162406814708,737.8185203064137,1978.297628185886,-0.026334258127575318,0.6566684732051716,-0.047974941698596,0.005228552417957525,0.001185788226488103,0.00015941827065225718,0.058573932158172186,0.820494531920321,0.0001263006285295,6.573175207325138e-07,10.90187061829209,0.12858646903681428,0.25821190694037816,0.3571428571428571,0.4285714285714285,0.0714285714285714,0.1428571428571428,58.78,14,182,3.096291255529091,273,4.644436883293636," Some really important things that we have to do very quickly.  This is why I think you want to send someone with experience to get busy the first week.  We know that the trillions and trillions of dollars of spending by the Biden-Harris administration, 100 percent supported by my opponent, has driven up grocery prices, gas prices, energy prices.  Your housing prices have all gone up.  We must get control of the outrageous and wasteful spending in Washington, D.C.  We have to make ourselves energy independent.  All of those votes that tried to steer us away from having our own destiny decided by being energy independent is wrong.  And what it's done is raised your prices at the pump, your prices at the end of the month when you're paying for energy.  All of that needs to be corrected.  So you have to do a few things.  Energy independence.  You have to undo the regulation, $1.6 trillion of new regulation.  And you have to make sure that we curtail spending to get our economy back on track.  in the last four years.",L,M
2024-10-14_23-53-03_UTC_Bob_Casey_DBH6hMpv_y8,2024/10/14,Bob Casey,DBH6hMpv_y8,0.859241984007224,-0.3208780875516012,130.42921638550737,768.139189385203,1840.7319835966648,-0.05634123299715706,0.6493922905503956,-0.1165496098594811,0.0032917199174694526,0.0037154174588597986,0.0029926589462090643,0.007588160313324148,0.9451019742007432,0.008734012930535702,1.956569255511794e-05,18.204220946594738,0.06845620732841441,0.27374808897547476,0.25,0.375,0.0,0.375,58.14,8,197,3.388372893016856,257,4.420364637082903," It is hitting us pretty hard because those billionaires know that I'm not going to vote for their tax cuts.  But we're going to keep working to get to get our vote out and to get Kamala's vote out to win this race.  So I'd ask people to go to Bob Casey dot com to help us.  The main issue we hear mostly about are costs, cost of living, just making ends meet.  And when you take a stand, as I have and as Kamala has, to take on what I call greedflation, going after price gouging, decidedly in favor of a middle class tax cut, helping folks pay for child care, helping folks make ends meet.  When you take on those fights, which are, I think, at the core of what people are concerned about, you're going to piss off a lot of billionaires.  And I've done that. And that's why they've come into this state not just to attack Kamala, but also in a very focused way to attack me.  And, for example, my opponent's got a singular super PAC set up just for him. It's the only one of its kind in the country.",L,M
2024-10-14_23-53-52_UTC_Mike_Rogers_DBH6m4uPqh8,2024/10/14,Mike Rogers,DBH6m4uPqh8,0.7855971034538813,-0.212432698721755,128.89431410729128,748.6611015058887,1934.8888496212683,0.007106213893838292,0.6610337378995434,-0.0936373206266424,2.7506561744208555e-10,2.931097738476906e-11,4.282443762000179e-12,2.297794880674385e-10,1.0,1.9807354801238918e-10,2.735607300997447e-11,10.742902256247351,0.05874935285911906,0.14704709609014366,0.5,0.5,0.0,0.0,21.9,2,79,3.60730593607306,110,5.0228310502283104," But if you care about all women, I think this is probably a great time to talk about Title IX, where my opponent said, I'm not protecting girls in sports, and I'm not protecting girls by allowing men into locker rooms, both of which she voted for.  If you want to protect women, there are other ways to do it. I think that is an outlier in this particular debate, and it certainly doesn't put you on team normal.",L,M
2024-10-15_00-33-59_UTC_Elissa_Slotkin_DBH_R6pAjNT,2024/10/15,Elissa Slotkin,DBH_R6pAjNT,0.8341616193347223,-0.1896410704279939,230.95994258960366,1011.6231935521464,2489.721718789096,0.26775428822666447,0.7584128092222223,-0.5292803229525532,0.41789357655862697,0.0037333224637430646,0.2509467611034702,5.389682125943003e-05,0.32390503402680215,0.00044558526995729157,2.74959378721728e-06,17.299923943910297,0.12882633741522675,0.2180191122886703,0.375,0.375,0.125,0.125,28.8,8,101,3.5069444444444446,147,5.104166666666667," My opponent doesn't want to do anything about it, right?  And why?  Because he is 100% rating with the gun lobby, and they give him campaign donations.  It's really, really easy to understand why politicians, in the face of murdered children, don't do anything.  They don't do it because they receive campaign donations, and they're scared.  They're scared because they don't want to lose their election, and it's terrible.  All you need to know is gun violence is the number one killer of children under 21 in our country.  Are you going to do something about it or are you not?",W,F
2024-10-15_00-42-15_UTC_Mike_Rogers_DBIAFbaPT5T,2024/10/15,Mike Rogers,DBIAFbaPT5T,0.8195990691286533,-0.21160111873484588,127.83723056731252,796.364101353629,1980.4609660162398,-0.15591652047642296,0.6083356692681243,-0.133079924779408,4.783158073676043e-05,4.201778029852769e-05,0.00013252127749241877,0.0005204646884490293,0.997985519048671,0.00018772809225824818,1.7409373816236293e-07,10.731481274822883,0.14034542726984034,0.2139872865648118,0.6296296296296297,0.074074074074074,0.0,0.2962962962962963,86.9,27,272,3.1300345224395856,373,4.29228998849252," Mr. Rogers, you get the final word.  Yeah, thank you.  I've traveled all across this great state, met literally thousands and thousands of people.  Michigan families are hurting.  So any of the fancy talk or let's look what happened 30 years ago needs to be set aside.  And my opponent voted 100% with Biden Harris on all of the things that have raised your prices.  So I ask you this.  If you are worried about your grocery prices, if you are worried about your job being here from heavy EV mandates that my opponent supported,  if you are worried about what the next generation of jobs and housing costs are for your family, then I ask for your vote.  I have done it before.  And I will tell you this.  I will go back to Washington, D.C.  I will work as hard as I can as a guy that worked on an assembly line.  a guy that's the youngest of five boys,  a guy that served in the United States Army as an officer,  a guy that worked the streets and street crime,  watching human trafficking at its ugliest,  watching drug trafficking at its ugliest.  And know this, I will fix the border  and close and secure it for our families.  I will do something about the education system in America.  I will bring your prices down.  I will go back to Washington and make that change.  I will have your back when it comes to November 5th.  What happened in the last four years?  I talked about this in the beginning.  Are you better off than you were four years ago?",L,M
2024-10-15_01-05-05_UTC_Dave_McCormick_DBH_cTrtPH3,2024/10/15,Dave McCormick,DBH_cTrtPH3,0.7683967362725224,-0.2718687081390672,174.13019496673346,697.8502404904673,1910.743175515275,0.10178550839218516,0.6830084180585584,-0.10022108641830549,0.05026025278932178,0.006849911872884785,0.0011290880385980877,0.006143126610578961,0.8727963165900258,0.00043816251848157156,6.552566014156837e-05,15.021507755540387,0.09419324671677039,0.1864382534427752,0.3846153846153846,0.4615384615384615,0.0,0.1538461538461538,44.4,13,152,3.423423423423423,230,5.180180180180179," Here in Pennsylvania, strong leaders like Dave understand the challenges we face.  That's why the status quo is unacceptable.  We need common sense economic policies to get our country back on track.  It's common sense that we can't spend our way out of the challenges we have.  We need to unlock our energy sector.  It's common sense that we need to get out of the way of small businesses and let them prosper.  Bob Casey has failed you every step of the way, 18 years in office.  He hasn't done a doggone thing.  I promise you, I will wake up every morning thinking about how to support working families across our commonwealth that are living paycheck to paycheck.  Pennsylvania families and small businesses across our commonwealth are hurting.  And for them, prices have gone through the roof.  It's the message I hear wherever I go.  That is the price of poor leadership.",W,M
2024-10-15_01-20-32_UTC_Kari_Lake_DBIElAziGFT,2024/10/15,Kari Lake,DBIElAziGFT,0.8637926743706005,-0.2082572469244832,170.2525157962087,1062.5304857117092,2273.9044655480006,0.12732277219159532,0.6954467883781917,0.06807098840032859,0.07744377331561833,0.0005863245015879725,0.00012599781728378005,0.015916939494959526,0.8982233138248971,2.0296196696153733e-05,0.0010781420807008304,17.536908749543628,0.12143451668200861,0.14277911020691478,0.4166666666666667,0.1666666666666666,0.0,0.4166666666666667,57.96,12,223,3.847481021394065,298,5.141476880607315," That's right. I mean, we could as Republicans and frankly, you know, independents and Democrats are voting America first this go around.  We could actually get the vote all conducted right now if everybody showed up right now.  Obviously, we have until November, but let's just get it done now.  We are going to be, Charlie, making our bus tour, which we've been on for several months now across Arizona.  It's going to be a voting tour and we're going to be encouraging people from all corners of our state to get out and vote early.  So when you see our bus on the road, you're going to notice that we are encouraging people to get the ballots filled in when they get them in their mailbox.  I know there's been a delay. Grab that ballot, open it up, sit down immediately and start to fill it out and then get it turned back in.  Whether you go to a drop box to turn it back in, you can drop it off at a voting center to turn it back in.  You can bring it down to the county recorder's office or if you want, you can put it in the mailbox.  I prefer the first three that I said.  But whatever you have to do to get.  That ballot sent back in.",L,F
2024-10-15_01-21-59_UTC_Kari_Lake_DBIEwEotfNY,2024/10/15,Kari Lake,DBIEwEotfNY,0.8501080634275717,-0.22140317735053003,198.62122125794352,1134.2929129933987,2389.778536523786,0.17252511761970693,0.7260694998880335,0.0045023312260190325,1.6719435566522616e-06,4.4031679449138505e-06,2.03763871570124e-06,0.39498029534167095,0.604690399858847,2.273117815886378e-06,1.2107946578571572e-07,8.919855362203355,0.05931992996433073,0.3521361330402983,0.5,0.5,0.0,0.0,28.58,6,93,3.2540237928621414,144,5.038488453463961," remarkable. I was basically saying the same thing that he said and have on the campaign trail.  We we've got unvetted people coming in. They're taking the lives of Americans and we have a population problem here.  We're watching our population shrink. You know, they've been saying for years we're overpopulated.  No, just the opposite. Our birth rates incredibly low.  This is why we have to encourage families, encourage the beauty of families.  So, you know what? I'm going to send this to Bill Clinton. He needs a MAGA hat, Charlie. You're right.",L,F
2024-10-15_01-22-28_UTC_Elissa_Slotkin_DBIE1Hngfri,2024/10/15,Elissa Slotkin,DBIE1Hngfri,0.7029415171880213,-0.19566829083452084,218.08766694558577,1031.8566441847638,2495.268337491311,0.16592979980306127,0.7249969923047763,-0.025816610808632394,6.658743906987486e-06,1.606859305940281e-05,1.950373416013283e-05,0.00010911484902027359,0.9995347864705564,1.568327269131323e-05,4.4982827715542106e-07,10.228710211712114,0.05838461555850686,0.24250918449687262,0.6,0.2,0.2,0.0,26.38,5,87,3.2979529946929493,147,5.572403335860501," Yeah, I think it's pretty clear how Betsy DeVos is connected to education.  She was the secretary of education, the longest serving secretary cabinet cabinet secretary under Donald Trump.  And her and every member of her family have donated to you for years and years and years.  So it makes sense that you adopt her approach to education, defunding public schools, demonizing public schools and public school teachers.  I don't believe in that. Every kid in every corner of our state should have fair access to education.",W,F
2024-10-15_01-24-11_UTC_Kari_Lake_DBIE8KIs8b_,2024/10/15,Kari Lake,DBIE8KIs8b_,0.8074702286006653,-0.19804016303193897,167.5620637029892,1084.0148114504923,2371.6420566858305,0.06913868999117888,0.6756343723511083,-0.2683028758034801,0.021105240901605794,0.030287597299853367,0.001207955665526566,0.043066788004065666,0.807850237448942,0.045283843628987935,5.233736508738845e-05,20.377748277836215,0.11095115650790095,0.2571029189368198,0.3243243243243243,0.3513513513513513,0.081081081081081,0.2432432432432432,208.73997732426304,37,681,3.262431733256684,1004,4.809811248443041," Talk about the Ruben Gallego.  Your opponent is an open borders zealot.  This guy loves open borders.  He couldn't care less about border patrol.  Talk about that, Kerry.  are the worst comprised of the worst people in the world. How in the heck can you represent us?  I don't want someone who hates us representing us. I love all Arizonans,  even those who don't vote for me. I love you and I wanna put forth policy  that will make life better for all of us here in Arizona.  Absolutely. I mean, he's basically Kamala Harris with a beard. And what we're seeing is he's voted 100 percent of the time for those disastrous policies that Bill Clinton just talked about. He's voted to have the wide open border. That's the reason people are coming in unvetted. He wants to give these people the ability to vote, give them all asylum. And he's also voted to take our federal dollars and put them into supporting sanctuary cities.  This is a guy who, you know, the only piece of immigration law that he wanted to pass was one banning the use of the term illegal alien. That's his priority. Ban the use of the term illegal alien. How about ban people pouring across illegally?  And this is the kind of guy he is. All of his votes have led to this inflation that has made Arizona unaffordable, that's made Arizona less safe. He actually pushed and co-sponsored the George Floyd legislation, which would have defunded the police nationwide.  And he wanted to push that through by ending the filibuster to push through defunding the police nationwide.  Now, of course, with Soros money and a bunch of leftist billionaires behind him, he's putting on a hundred million dollar blitz and extreme makeover trying to act like a centrist or a moderate when, in fact, he's further to the left than AOC and the squad.  If you can imagine that is further to the left. This guy is radical.  You know, he's got he's got family members who are convicted Mexican drug traffickers.  And maybe that's why the border is wide open. Maybe that's why he's voting to keep the border open.  Who knows? Not to mention he's got a very questionable character in his past.  He was accused of harassment by people, women at almost every job he's ever been in, basically from when he worked at the city council, a harassment charge against him when he was at the legislature, sexual harassment.  We know, sadly, that he walked out on his wife serving her divorce papers a few days before Christmas when she was nine months pregnant, making her go through the birth.  I had a one look of angst to explain to you.  A lot of folks have known him, Charlie, since they became request Universalack Sindik, a change measure that secretаний wrote in a comment.  He passed Eleanor Kennedy to re morally  to use whatever language he liked, and между  me and do the right thing together.  So he'll pull up a bibliographies.  I've got a lot of them.  that you don't know about me, but we don't know a lot about Ruben Gallego. And we know that when  he was working in the private sector for a very, very short period of time, the first job he was  found, they were investigated for fraud, for defrauding Latino immigrants out of their life  savings. And the second job at an ambulance company, they were under federal investigation  for defrauding Medicare. This guy's track record is terrible, and he would be an absolute disgrace  to the state of Arizona. Besides that, his 10-year voting record says it all. The reason  we're in the situation we are is because of him voting against President Trump to put up the  border wall, which Ruben Gallego called dumb and stupid. And sadly, Charlie, I'll leave it at this.  He referred to people who vote for Trump as dumb and the worst people in the world.  If he thinks that more than half of the state.",L,F
2024-10-15_01-25-13_UTC_Kari_Lake_DBIFHKVNMi6,2024/10/15,Kari Lake,DBIFHKVNMi6,0.8126137965375325,-0.22238931920607607,169.68137579361667,1069.3187504600469,2407.447490400897,0.20203149832322048,0.7563379998705781,-0.6007550508039176,3.632669413642847e-05,0.0009758859860492833,5.801486379572982e-05,1.5427995710887588e-05,0.9986934212644724,5.296492061378094e-05,7.89969646157697e-07,6.145805271867133,0.09505728670910224,0.2674297916317781,0.3333333333333333,0.6666666666666666,0.0,0.0,46.36,3,147,3.17083692838654,216,4.659188955996549," Unbelievable. This man is unserious, calling it a stupid, dumb border wall. We've been to the border. I think you've been to the border many times, Charlie. You see where the wall is there. People aren't pouring across where we have gaps. They are pouring across. Right now, we've been invaded in many cases by foreign fighting military age men.  This is outrageous. And with his ties and his family ties to the Mexican cartels who are trafficking drugs, trafficking humans and sex trafficking children, I understand now why he's voting the way he is.  This man is dangerous to Arizona, would be a danger to the United States. We must make sure he is not elected for the U.S. Senate. Get out and vote. Vote early and then get involved in helping getting your neighbors to vote. We can win this if we swamp the vote.",L,F
2024-10-15_12-36-33_UTC_Bob_Casey_DBJR9qwis6T,2024/10/15,Bob Casey,DBJR9qwis6T,0.9133242875398153,-0.30840472685306247,115.19461775727473,747.5480728294274,1777.8189466565163,-0.20181820509517578,0.6027466604527633,-0.23118937204664525,7.145512052467803e-07,7.025776729159812e-07,1.5777359488096872e-07,1.8456405343172952e-06,0.9999873700472985,6.90304695656289e-07,6.4625680879250475e-09,16.029642926465563,0.11237754242428172,0.16866572960154141,0.1428571428571428,0.2857142857142857,0.0,0.5714285714285714,31.376984126984127,7,104,3.3121019108280256,143,4.554140127388536," It's a major issue in the race for two reasons.  Number one is the whole world changed in 2022.  And I think a lot of Americans, certainly a lot of Pennsylvanians, ask themselves whether or not they want to live in a country that's going to ban abortion or not.  And I think that's why a lot of people across the state want to know where we stand.  For example, in our race, it's a very clear choice.  You're either going to vote to restore Roe, which is the...  the Women's Health Protection Act or not. And my opponent will never support that legislation.",L,M
2024-10-15_15-36-30_UTC_Ted_Cruz_DBJmjfhAgnn,2024/10/15,Ted Cruz,DBJmjfhAgnn,0.752603957282895,-0.23815866793799953,203.220038950498,714.4344130611736,1815.7533002423922,-0.08934824323357846,0.6233502632730263,-0.08368283315540304,2.542082825540632e-06,8.814930281705786e-08,1.9308832235499327e-08,0.0018348163062854724,0.9981616341852045,7.445316219414429e-07,2.2915346522200777e-08,45.4853272884107,0.09117581436713114,0.1450110883884783,0.3333333333333333,0.0,0.1666666666666666,0.5,24.32,6,67,2.754934210526315,104,4.276315789473683," Three years ago, Allred voted to approve boys using girls' locker rooms.  Last year, Allred voted against protecting girls from boys playing in their sports.  And last month, Allred asked the Defense Department to use taxpayer funds for sex change operations and sterilization of kids.  Allred says one thing. His actions say another.  Colin Allred, too liberal for Texas.  I'm Ted Cruz, and I approve this message.",W,M
2024-10-15_15-46-47_UTC_Eric_Hovde_DBJnvt0sv-G,2024/10/15,Eric Hovde,DBJnvt0sv-G,0.8262479362221163,-0.3211153407180669,151.24437165685657,604.1532883500863,1635.5759393153965,0.16766915229515972,0.709693797555788,-0.06029925494069525,0.0006574880954096362,0.0007587336333096059,0.000252918651152747,0.2814496221710072,0.6768901565557836,3.521643257462184e-05,2.9972193965988653e-06,25.829415255489707,0.12202871776922158,0.24887725909367955,0.5454545454545454,0.0909090909090909,0.0,0.3636363636363636,37.41997732426304,11,126,3.36718332442544,189,5.05077498663816," Well, I'm so looking forward to it, I can't even begin to tell you.  She is run from every debate.  Typically, you get three, four debates.  Heck, you know, go back 50, 60 years ago, you would do a dozen or two dozen debates.  So I'm going to get one hour on a Friday night at 7 o'clock, but I can't tell you how much  I'm looking forward to debating Senator Baldwin.  She's going to have to stand there and be held accountable for her rotten record that's  created inflation, that opened our southern border, giving illegals cash payments while  our veterans are struggling or the people that have been affected by hurricanes.  So, you know, I'm excited about this one.  I hope people tune in.",L,M
2024-10-15_17-05-30_UTC_Sherrod_Brown_DBJwu7Et5SB,2024/10/15,Sherrod Brown,DBJwu7Et5SB,0.9211584535573506,-0.2034392102662118,182.98171113641175,648.0676375950248,1500.523769200753,-0.2984765624141031,0.4963508355411955,-0.16338653888214422,0.0006849905450247826,0.010736043230745502,0.0007052950616541964,0.0007321087992347978,0.9596665455374463,0.01981977748845431,5.993258776263522e-06,14.997315021078787,0.16824355002722682,0.21902204896493704,0.3333333333333333,0.3333333333333333,0.0,0.3333333333333333,12.38,3,37,2.9886914378029084,57,4.604200323101778," High workers can always count on the share.  to stand by our side, but I can confidently say that the choice for Senate in Ohio is crystal clear.  Ohio workers have no better champion than Sherry Burkett.",L,M
2024-10-15_18-28-09_UTC_Kari_Lake_DBJ6LnXtd0R,2024/10/15,Kari Lake,DBJ6LnXtd0R,0.8481331408978321,-0.3403184360820159,176.53637030687227,686.7020619261048,1976.612807112702,-0.04679188032556757,0.6313972769574581,-0.18279677987046933,0.09138131864194356,0.00092102997272657,0.0019910605898561095,0.008947605606927223,0.8394676964552342,0.0013292894825058094,7.335749647712719e-06,13.569431021934424,0.11412365127938888,0.2272819541057926,0.65,0.15,0.05,0.15,60.75299319727891,20,208,3.423304805793285,300,4.937458854509545," And so he's got to deal with what he's done for the past 10 years, which is  And we're out campaigning hard. Early voting has started, John, and people are already getting out there to vote.  And I feel really good about where we are. Our internal polling has showed me leading him by a hair.  And I think that's important as we go into this.  that he had to try to defend and there is no defending it.  Well, that's the consensus, you know.  He doesn't have much.  He's got his record, and his record is absolutely dismal.  Meieris in more debt, which is tear open a once secure border.  He's actually pushed for hits to Social Security and Medicare as well.  So he's really hit against every single member in Arizona.  And our streets are not safe.  His homeless population in his district is the fastest growing homeless population in the country.  So he had that horrible record.  So he tried to lie.  family connections to Mexican drug cartels.  I mean, this guy's a real disaster.  And I had to let the people of Arizona know about it.  So we did really well.  And not to mention his horrible treatment of women in his past, his.",L,F
2024-10-15_18-31-03_UTC_Kari_Lake_DBJ6hB4yWd4,2024/10/15,Kari Lake,DBJ6hB4yWd4,0.8646243984281794,-0.34495205712734606,174.26030247167964,686.2479974109586,1930.644362567728,0.02146146474355451,0.6608618681496259,-0.12695182986086379,0.00017795344482613663,0.0004505150360440234,0.002613653899676744,6.316508475135091e-05,0.9756105905459111,0.014945117161371778,1.1907393709210492e-06,15.435647231535777,0.09579040527448429,0.23596080932205485,0.4666666666666667,0.2,0.0666666666666666,0.2666666666666666,80.2,15,283,3.528678304239401,407,5.074812967581047," Well, he called the border wall a stupid, dumb border wall and said he would never, ever, ever fund it.  And now he's trying to act like he likes the border wall, which is what I call the extreme makeover of Ruben Gallego.  And you can just go back to that progressive caucus in the House of Representatives where all of the bad ideas come from.  Eric Swalwell, all those folks. And so he's the one who pushed, by the way, for FEMA to spend a billion dollars over the last two years on the illegals that are pouring in.  And that's why the coffers are empty right now. And we can't afford to help Americans in need. Every bad idea. He's got his fingerprints on.  He's voted for biological men participating in sports with our girls, which means our daughters and sisters will have to change clothes and shower in front of men.  And people aren't for that.  He's actually was the co-sponsor of the George Floyd legislation, which would have defunded the police nationwide and got rid of.  qualified immunity, which would have made our streets even more unsafe than they already are.  Defunding the police. I'm sorry. If you're for defunding the police,  you shouldn't even be running for office. That's the most ridiculous thing I've ever heard.  the ideas that make us wonder what in the world's going on.  And he was the leader of the Progressive Caucus, who's voted with Kamala Harris and Joe Biden 100 percent of the time,  even more than AOC and the squad. He's further to the left than Bernie.  He's further to the left than then, you know, you name it, any crazy.",L,F
2024-10-15_18-51-20_UTC_Kari_Lake_DBJ81UFvKTN,2024/10/15,Kari Lake,DBJ81UFvKTN,0.8627425526340272,-0.3501708826683811,175.62423262993866,723.1428248789896,1942.164206916049,0.03253918491291761,0.6608709601432958,-0.22472880185569893,0.0016926627867145673,0.003286284984755156,0.0027530245266847104,0.006126455602862421,0.9689196717426194,0.0008165849103079222,4.323856110853297e-06,15.569529784335412,0.0853096848131618,0.2177435417084992,0.3157894736842105,0.3157894736842105,0.1052631578947368,0.2631578947368421,59.55997732426304,19,201,3.3747481531229013,301,5.053727333781062," who was a drug trafficker for the cartels.  This is somebody who's not going to get serious and come after the cartels.  And as you heard there, President Trump wants to take on the cartels,  take on the criminals who are pouring across our border.  My opponent said he never wants to make anybody leave our country who come in illegally.  Now he's changing his tune.  But I want to see everybody who's poured in during the Biden invasion sent back to their homeland.  We need to repatriate these people back to their homeland.  So that we can save our homeland.  I believe he will. I mean, we are suffering just as bad as Colorado.  We have the trend of a gang that is here in Arizona.  We have Chilean gangs that are robbing people.  They're called the dinnertime bandits.  They're breaking into people's homes and robbing all of their valuables at dinnertime.  This has been happening for the last three and a half years.  And my opponent is never going to vote for that.  He's never going to approve of that because, like I said, family ties to the cartels.  A convicted felon.  close family member his father convicted felon",L,F
2024-10-15_18-52-44_UTC_Kari_Lake_DBJ9AvGpcqR,2024/10/15,Kari Lake,DBJ9AvGpcqR,0.9243961461024498,-0.35356041171768454,185.07776335501455,647.4837004304459,1815.2775183794083,0.014405150369908512,0.6712797689532293,0.08436782503230253,4.0959956668551396e-05,2.204349638386378e-06,7.622719734789832e-07,0.08006862389208814,0.9198774989499381,4.806102336494621e-06,1.1735868752726499e-07,17.826393754426892,0.04939780548528582,0.21554285327569442,0.6666666666666666,0.3333333333333333,0.0,0.0,8.98,3,35,3.897550111358575,43,4.788418708240536," For your viewers, go to Carrie Lake dot com.  Chip in and help.  Five or ten dollars will help us get the ads out that we need to warn people about who my opponent is.",L,F
2024-10-15_19-09-44_UTC_Ruben_Gallego_DBJ-yQtpzQF,2024/10/15,Ruben Gallego,DBJ-yQtpzQF,0.9319298090291971,-0.18555875639193242,183.49433898961516,581.1338735079523,1553.5927971407236,0.46675597250786516,0.8033986534671531,-0.17395617536224128,0.28388822685509074,0.0012003024418793798,3.756237700029207e-05,0.0004649077364528935,0.6475773418116972,0.0007486148200193118,0.06591545248932679,98.470957228009,0.19998194506992706,0.21025535526343353,0.3333333333333333,0.3333333333333333,0.0,0.3333333333333333,5.48,3,16,2.9197080291970807,31,5.656934306569344, I believe that juntos podemos ser una Arizona mejor para todos.  Y vamos a ganar.  Gracias.,W,M
2024-10-15_20-38-31_UTC_Mike_Rogers_DBKJFbzv5_V,2024/10/15,Mike Rogers,DBKJFbzv5_V,0.8272483417095818,-0.26363879208384094,129.2014795899335,725.5858763479071,1796.5570624298484,-0.19703808505830614,0.5735018994075203,0.03153503989693024,0.0026176347656121663,9.504360539255192e-05,1.812480133311619e-05,0.1438206200472254,0.8529044247180625,3.149643134366467e-05,5.8542489846057205e-06,9.971660145661499,0.17470154928339338,0.19227507330704488,0.7272727272727273,0.0909090909090909,0.0909090909090909,0.0909090909090909,42.16798185941043,11,134,3.176861071597913,199,4.71787577050735," Please get involved.  Go to Senator, excuse me, Rogers for Senate.  We'll see you along the campaign trail.  Hey, it's Mike Rogers, and with only three weeks left until Election Day, we're hitting the pavement.  Super excited to have Senators Barrasso and Senator Capito here in the state.  We'll have Senator Joni Ernst coming in tomorrow in the next couple of days.  This is going to be big. The excitement is building in Michigan.  And what now the rest of the country is knowing what we all knew for months and months,  we're going to win this race and we're getting lots of support from around the country.  Hey, we need you to start making a plan to vote and to get involved at RogersForSenate.com.  The most consequential election of my lifetime for sure.",L,M
2024-10-15_23-45-35_UTC_Eric_Hovde_DBKeii7s6Wk,2024/10/15,Eric Hovde,DBKeii7s6Wk,0.8775663584035087,-0.28326268585627534,186.1933168560008,655.9996411003888,1639.2130198032485,0.15010120100596833,0.683056708114035,0.3818592018146541,0.0022016110607389868,0.003583633052409779,0.003994050730078979,0.4722904492365686,0.3650252704484093,0.0005186658167267263,0.00024502229999403863,2.4687773211567916,0.03832988867396132,0.1526560072136059,0.0,0.0,0.0,1.0,4.5600000000000005,2,15,3.289473684210526,26,5.701754385964912, I'm on the road today with Senator Cotton.  I so appreciate coming up into Wisconsin.,L,M
2024-10-16_00-03-03_UTC_Bob_Casey_DBKgd1aPO5w,2024/10/16,Bob Casey,DBKgd1aPO5w,0.7806746905837264,-0.21521777508534345,119.64623604270338,708.2050674414703,1701.6677667125166,-0.13258169684316215,0.6037664192983491,-0.04788544009573846,0.027221968881305705,0.004545737313408435,0.020171348654979115,0.003883013866795891,0.9066300786820785,0.027278548176461036,0.000630312446128019,14.625255359141605,0.19550542837042248,0.23139597247969257,0.1538461538461538,0.2307692307692307,0.0769230769230769,0.5384615384615384,33.92,13,139,4.097877358490566,195,5.748820754716981," The campaign that we're in today started with this candidate, Mr. McCormick, starting the race, lying to the people of Pennsylvania about where he lives.  How do you lie about where you live?  When you're running for an office where you seek to represent the people of our state.  He said he was living in Pennsylvania.  He wasn't.  He was living in Connecticut.  The Associated Press wrote about it.  August the 14th, 2023.  He lied to the people about that.  He also lied about how he grew up.  He said at one point he was a farmer and that he grew up on a farm.  And then he started lying about other things in this campaign.  But if this is a question about who's been telling a lie, how do you lie to the people about where you live?",L,M
2024-10-16_00-14-31_UTC_Ted_Cruz_DBKh1j2Aazv,2024/10/16,Ted Cruz,DBKh1j2Aazv,0.8098671623565181,-0.26258620754449086,158.283927585008,602.6753475489872,1629.408293770258,0.09179436537111119,0.6890909279883383,-0.05598963460878956,0.1431745915973495,0.0020546292497316525,0.0017350101714877116,0.04417906468436324,0.7586188582175563,0.0007953182411343125,5.219475082425449e-05,25.151170676027334,0.1308614253393156,0.21352593667324077,0.5238095238095238,0.1428571428571428,0.1904761904761904,0.1428571428571428,48.02,21,193,4.019158683881717,278,5.789254477301125," I'm the son of an immigrant who came from Cuba with nothing, penniless.  Tonight I'm going to ask you to listen very carefully to the difference between words and actions.  But what he's not going to talk about is his own record.  to seek out the American dream.  in the United States Congress.  Colin Allred is going to try to say an awful lot of words that sound reasonable.  You know, Texas is an incredible place.  who became a football star.  He went on to Baylor, went on to the NFL.  Gromer. Thank you, Jason. Thank you to everyone at home listening.  that both congressman all read and i have the great privilege of representing  the people of texas  I want to keep Texas, Texas.  Senator, that is your time.  Now is the United States Congress.  is the son of a single mom.  washed dishes, making 50 cents an hour, but came to Texas.  It is incredible.  And I'm over and over again going to take us back to actual records, his record and my record.  We're doing an awful lot right in the state of Texas.  Colin Allred wants to change that.",W,M
2024-10-16_00-16-56_UTC_Ted_Cruz_DBKiE-tg72Y,2024/10/16,Ted Cruz,DBKiE-tg72Y,0.8175363018922156,-0.2591200161413149,167.87860937561962,584.785765199409,1677.1182088240726,0.07499011315335304,0.6910147934592308,-0.26630153980174825,0.07528621478234691,0.0008661881200348338,0.0005679572873352568,0.0654171696948269,0.8114008590018353,0.0004914124943995583,7.227401157006371e-06,19.576804349433303,0.13694652411649538,0.23268544197897686,0.391304347826087,0.3478260869565217,0.1739130434782608,0.0869565217391304,81.36297052154195,23,265,3.255528255528256,424,5.20884520884521," many Texans, many Americans care deeply about.  should be notified and have to consent before their child gets an abortion.  In Texas, we overwhelmingly support that parents...  In Texas, we overwhelmingly agree that late-term abortions in the eighth and ninth months,  that's too extreme.  And I'll tell you, in Texas, we overwhelmingly agree that taxpayer money shouldn't pay for abortions.  and there are all sorts of positions in between.  And it's an issue that people of good faith can disagree.  People are genuinely and deeply pro-life.  People are genuinely and deeply pro-choice.  That's extreme, and it's not where the people of Texas are.  I will say, though, in Texas, on the question of abortion, there are a lot of areas we disagree.  up to and including the eighth and ninth month of pregnancy.  But there's also a lot of consensus.  He has voted in favor of striking down Texas's law that gives parents the right to be notified and consent.  He's voted in favor of striking down Texas's law and legalizing abortion.  Unfortunately, Congressman Allred's voting record rejects that Texas consensus.  Well, listen, abortion is an issue that...  I agree with the United States Supreme Court that under our Constitution, the way we resolve questions like that,  questions on which we have real and genuine disagreements, is at the ballot box, is voting.  And that's why the state of the law now is that the legislature in Austin sets the laws in Texas.  You wouldn't expect Texas's laws to be the same as California.  You wouldn't expect Alabama to be the same as New York.",W,M
2024-10-16_00-19-51_UTC_Ted_Cruz_DBKiboqg4lo,2024/10/16,Ted Cruz,DBKiboqg4lo,0.822314703572146,-0.251832239851131,171.6605954180199,606.3384370939874,1670.4241322902253,0.10589981833861808,0.6841153064713759,-0.13456949353937164,0.07530438232194492,0.006245808669926121,0.000338588205751513,0.022186043870039817,0.8857114607820701,0.0007345347135823627,4.68390651822618e-05,26.38046805649516,0.15319286842794497,0.21587078661030326,0.6666666666666666,0.0952380952380952,0.0476190476190476,0.1904761904761904,59.74,21,231,3.866755942417141,331,5.540676263809843," I don't serve in the state legislature.  I'm not the governor.  The folks that make the laws here are the state legislature and the governor.  He knows that.  But he's trying to deceive the voters in Texas.  I want to jump in here because I think it's too much.  saying that I made this decision.  He voted to strike down Texas's parental notification law.  He voted to strike down Texas's Pareto consent law.  He voted to legalize late-term abortions, including the eighth and ninth months.  He says he wants to codify Roe v. Wade, but that's not what he voted for.  And I'll tell you what, tonight I suspect he's going to run away from his record on a whole lot of issues.  We have a website. It's called allredfacts.com.  Allredfacts.com.  Every time he gives an answer, just click on allredfacts.com, and we'll show you the exact vote he cast.  Now, as for what the law should be in Texas, that's a decision that will be made by the state legislature.  You know, Congressman Allred is running all sorts of ads.  that as a Congressman,  At no point did he make any reference to his own record.  He desperately wants to hide from the fact.  for incest. Again, asking as a Texan and as a father tonight. So I want to be very clear. If you listen to Congressman Allred's answer.",W,M
2024-10-16_00-22-47_UTC_Ted_Cruz_DBKixIpARkW,2024/10/16,Ted Cruz,DBKixIpARkW,0.8219330015477068,-0.2518162309155641,172.14703774891902,606.5975949145659,1670.8020256007594,0.10589468044230216,0.6840998367291597,-0.1350052416372122,0.07489760505433751,0.006321133632475774,0.000343021938320327,0.02229309862340628,0.8858065160987494,0.0007394074572148858,4.710354969943487e-05,25.60842825293969,0.15329628300307152,0.21562868132957755,0.6190476190476191,0.1428571428571428,0.0476190476190476,0.1904761904761904,59.74,21,231,3.866755942417141,331,5.540676263809843," I don't serve in the state legislature.  I'm not the governor.  The folks that make the laws here are the state legislature and the governor.  He knows that.  But he's trying to deceive the voters in Texas.  I want to jump in here because I think it's too much.  saying that I made this decision.  He voted to strike down Texas's parental notification law.  He voted to strike down Texas's Pareto consent law.  He voted to legalize late-term abortions, including the eighth and ninth months.  He says he wants to codify Roe v. Wade, but that's not what he voted for.  And I'll tell you what, tonight I suspect he's going to run away from his record on a whole lot of issues.  We have a website. It's called allredfacts.com.  Allredfacts.com.  Every time he gives an answer, just click on allredfacts.com, and we'll show you the exact vote he cast.  Now, as for what the law should be in Texas, that's a decision that will be made by the state legislature.  You know, Congressman Allred is running all sorts of ads.  that as a Congressman,  At no point did he make any reference to his own record.  He desperately wants to hide from the fact.  for incest. Again, asking as a Texan and as a father tonight. So I want to be very clear. If you listen to Congressman Allred's answer.",W,M
2024-10-16_00-27-44_UTC_Ted_Cruz_DBKjWZwgM9B,2024/10/16,Ted Cruz,DBKjWZwgM9B,0.8497874107056551,-0.24261211325170112,173.59284669040196,590.6609484961679,1636.148082004025,0.18831480504693657,0.7243918731682474,-0.18619376761655024,0.03386801063652235,0.0019366785587631352,0.0003381255465676018,0.008922950553660445,0.9464260264301977,0.0010623929713540065,0.0001332867096481781,28.357726491139253,0.1694524981333551,0.17603276903280862,0.5882352941176471,0.2941176470588235,0.0588235294117647,0.0588235294117647,56.94,17,198,3.4773445732349844,303,5.321390937829294," He voted in favor of taking $300 billion from Medicare and using it to pay for Kamala Harris's pet project,  using it to pay for health insurance for illegal aliens.  That is driving up the cost.  Just Medicare premiums under Congressman Allred have gone up 20 percent and they are projected to triple.  I will fight to lower premiums and make health care more affordable and give you, the consumer, greater choice.  You know what Congressman Allred also voted in favor of?  Well, you notice once again, Congressman Allred takes no responsibility for his own voting record,  takes no responsibility for the trillions in spending that have driven inflation,  takes no responsibility for the war on Texas energy and LNG and oil and gas.  Instead, what he says is, well, gosh.  He's voted to lower the price of insulin.  Well, so did I.  I voted on the Senate floor to lower the price of insulin to a dollar a vial.  And you know what?  The Democrats blocked that.  I'll tell you, President Trump put in a program to put in place affordable insulin.  As soon as Joe Biden and Kamala Harris came into office, they pulled that out.",W,M
2024-10-16_00-28-26_UTC_Dave_McCormick_DBKjVIYNlrf,2024/10/16,Dave McCormick,DBKjVIYNlrf,0.7530207085154024,-0.206419252330959,156.0646126288812,609.8834859396225,1739.432421950685,0.10590088075585265,0.6769671566400456,-0.28895620708633035,0.10677736092578825,0.005501671203066353,0.0035344415817497505,0.0245813356626816,0.7796394780377817,0.000583798888481626,1.13965024170634e-05,16.91835222636226,0.1380678707660509,0.1999003582106813,0.2941176470588235,0.4705882352941176,0.0,0.2352941176470588,70.12,17,254,3.622361665715915,397,5.661722760981175," Well, I'm married to an immigrant, so I'm certainly very pro-legal immigrant.  We are a country of immigrants. We're also a country of laws.  And under Biden, Harris and Casey, I mean, this is another career politician,  election year epiphany from Punxsutawney Bob, who comes up every six months before every election.  I mean, under three and a half years of the Biden-Harris administration, there was nothing done on the border.  It was an absolute disaster. Ten million illegal immigrants, people on the terrorist watch list.  The fentanyl crisis has grown. I've got Sheriff Ott here is a good, good friend of mine who lost a son to the wide open borders  that resulted under the weakness and the failure of Casey, Biden and Harris.  And this fentanyl crisis is going absolutely crazy. We've got to secure the border.  Senator Casey just did a commercial where he was standing in front of the wall,  the very wall that he derided and said we didn't need a wall when President Trump came into office.  That's absolute chutzpah. That is a career politician in action.  We need to secure the border. We need to go after the cartels with military.  We need to describe we need to treat them as the terrorist threat they are.  And of course, we need to embrace the fact that we're a country of immigrants.  We can't tolerate hate, but we also can't tolerate a wide open border.  That's that's damaging the security of Americans. Thank you, Mr. McCormick. Thank you.",W,M
2024-10-16_00-31-10_UTC_Ted_Cruz_DBKju99gc1w,2024/10/16,Ted Cruz,DBKju99gc1w,0.8511735884245083,-0.24257128695130675,173.58034564446206,590.7698403364561,1636.1244641442488,0.1872288022114188,0.7240494757338481,-0.18666417161452445,0.03414785341243802,0.0019123531803603513,0.00033050853639620873,0.00916408505767488,0.9460943130380837,0.001050248387407562,0.00013206048731544587,28.35632608557368,0.17029526083134444,0.17616896673957216,0.5882352941176471,0.2941176470588235,0.0588235294117647,0.0588235294117647,56.96,17,198,3.4761235955056184,303,5.319522471910113," He voted in favor of taking $300 billion from Medicare and using it to pay for Kamala Harris's pet project,  using it to pay for health insurance for illegal aliens.  That is driving up the cost.  Just Medicare premiums under Congressman Allred have gone up 20 percent and they are projected to triple.  I will fight to lower premiums and make health care more affordable and give you, the consumer, greater choice.  You know what Congressman Allred also voted in favor of?  Well, you notice once again, Congressman Allred takes no responsibility for his own voting record,  takes no responsibility for the trillions in spending that have driven inflation,  takes no responsibility for the war on Texas energy and LNG and oil and gas.  Instead, what he says is, well, gosh.  He's voted to lower the price of insulin.  Well, so did I.  I voted on the Senate floor to lower the price of insulin to a dollar a vial.  And you know what?  The Democrats blocked that.  I'll tell you, President Trump put in a program to put in place affordable insulin.  As soon as Joe Biden and Kamala Harris came into office, they pulled that out.",W,M
2024-10-16_00-39-09_UTC_Ted_Cruz_DBKkog1gA1o,2024/10/16,Ted Cruz,DBKkog1gA1o,0.8195148582436755,-0.24325946797055242,176.20228602181675,600.1015577020198,1677.87361261375,0.21157781633819034,0.7405211818184253,-0.213084908717511,0.04110705767949803,0.040047624069657534,0.008089288153486302,0.003232615454570426,0.8807164144041255,0.0042846828263728605,0.00028810331671540445,24.299728396910165,0.17211892182252025,0.22662715566789957,0.2857142857142857,0.3571428571428571,0.0357142857142857,0.3214285714285714,85.38798185941043,28,295,3.451907325064358,439,5.136906154926281," in favor of defunding the police. Let me tell you what a disaster defunding the police had been.  The defund the police movement started in 2019. From 2019 to 2023, let me tell you what happened  to the murder rate. In Houston, it went up 29%. Right here in Dallas, it went up 17%.  In San Antonio, it went up 57%. And my view, you know, Congressman Allred is happy to talk  about those who committed acts of violence on January 6th, but you don't hear him talking  about the Antifa and Black Lives Matter riots that burn cities across this country. If you  commit an act of violence, you should go to jail and there should be no political favoritism  in that regard.  12 years fighting to defend the men and women of law enforcement.  That's why I've been endorsed by the leaders of organizations,  over 44,000 law enforcement officers.  That's why I've been endorsed by Kim Ogg,  the Democrat district attorney in Harris County.  She is the twice-elected Democrat, the chief law enforcement officer in Houston.  She's endorsed me in this race.  Why? Because she wants a senator who will stand with law enforcement,  who will lock up criminals and fight to secure the border.  And unfortunately,  If you assault a police officer, you should go to jail for a very long time.  And by the way, that's true.  Congressman Allred's record on crime has been terrible.  Congressman Allred has voted not once but twice.  So, Gromer, thank you for that question.  Listen, my view is clear.  I think anyone who commits an act of violence should be prosecuted and should go to jail.  You have 90 seconds.  whether I happen to agree with your politics or disagree with your politics.  I've spent...",W,M
2024-10-16_00-41-55_UTC_Ted_Cruz_DBKk8Ong12j,2024/10/16,Ted Cruz,DBKk8Ong12j,0.8194125237227077,-0.2433332380492645,176.197392206872,599.8983193354061,1677.4922529772819,0.21150957445686872,0.7404778537276563,-0.21321554689798572,0.0408793411282946,0.04014085380184105,0.0082688780382314,0.0032365355235799203,0.8804666075474774,0.004316169303249058,0.00029197721372194006,24.304634065460373,0.17216386206602233,0.22687341465847569,0.2857142857142857,0.3571428571428571,0.0357142857142857,0.3214285714285714,85.38798185941043,28,295,3.451907325064358,439,5.136906154926281," in favor of defunding the police. Let me tell you what a disaster defunding the police had been.  The defund the police movement started in 2019. From 2019 to 2023, let me tell you what happened  to the murder rate. In Houston, it went up 29%. Right here in Dallas, it went up 17%.  In San Antonio, it went up 57%. And my view, you know, Congressman Allred is happy to talk  about those who committed acts of violence on January 6th, but you don't hear him talking  about the Antifa and Black Lives Matter riots that burn cities across this country. If you  commit an act of violence, you should go to jail and there should be no political favoritism  in that regard.  12 years fighting to defend the men and women of law enforcement.  That's why I've been endorsed by the leaders of organizations,  over 44,000 law enforcement officers.  That's why I've been endorsed by Kim Ogg,  the Democrat district attorney in Harris County.  She is the twice-elected Democrat, the chief law enforcement officer in Houston.  She's endorsed me in this race.  Why? Because she wants a senator who will stand with law enforcement,  who will lock up criminals and fight to secure the border.  And unfortunately,  If you assault a police officer, you should go to jail for a very long time.  And by the way, that's true.  Congressman Allred's record on crime has been terrible.  Congressman Allred has voted not once but twice.  So, Gromer, thank you for that question.  Listen, my view is clear.  I think anyone who commits an act of violence should be prosecuted and should go to jail.  You have 90 seconds.  whether I happen to agree with your politics or disagree with your politics.  I've spent...",W,M
2024-10-16_00-45-22_UTC_Ted_Cruz_DBKlV4BAV0g,2024/10/16,Ted Cruz,DBKlV4BAV0g,0.8153031333093015,-0.24826465520651084,167.66884763804066,598.786043977132,1683.313314748944,0.19075169475904966,0.7316304255378666,-0.10378377908788572,0.0379824173730261,0.0003187582892583058,0.013522005783103514,0.0076749815984671005,0.8751684676129614,0.00023140049178741313,2.708477632367084e-06,27.962105538390066,0.15205190725171785,0.23071295050636567,0.5652173913043478,0.1739130434782608,0.0869565217391304,0.1739130434782608,87.94,23,279,3.172617693882192,447,5.083011143961792," Thank you, Jason. I will say this issue is one of the clearest differences between Congressman  Allred's record and my record.  Flowing over $100 billion to Iran, 90% of the funding for Hamas and Hezbollah comes from Iran.  I'll tell you, Congressman Allred invited a radical imam here in Dallas who calls Zionists monsters  and has compared them to Nazis.  Congressman Allred calls them the very best of North Texas.  I don't support those who engage in anti-Semitic actions,  and I will tell you the funders of the anti-Semitic protest on college campuses  are among Congressman Allred's biggest supporters.  We need clarity. We need to draw a line.  And as for me and my home, we will stand with Israel.  Congressman Allred has consistently lined up against Israel.  At the beginning of the Biden-Harris administration, he urged them to send money to Gaza, even though it would go to Hamas.  He has supported Kamala Harris and Joe Biden.  When President Trump was president, I urged him to pull out of the disastrous Iran nuclear deal.  He did, and it was the single most important national security decision of his entire presidency.  When I was elected 12 years ago, I resolved then to be the leading defender of Israel in the United States Senate.  And I've worked every day to do that, to stand up and fight to support Israel.  I am proud to stand with Israel.  Our position should be that America stands unshakably with Israel.  When President Trump was president, I urged him to move our embassy to Jerusalem.  He did, and I was there the day we opened the embassy in Jerusalem.  I've never seen such celebration.",W,M
2024-10-16_00-55-03_UTC_Bob_Casey_DBKmcCTpKpi,2024/10/16,Bob Casey,DBKmcCTpKpi,0.7384516862479089,-0.21507731456833648,116.34587198951262,758.2471862524427,1765.764508009368,-0.1686829237358746,0.6078840224676807,-0.15926869342815742,0.002198879284497948,0.0034377319075133534,0.00015309622137518012,0.0007077292086314496,0.9918623667932737,0.0009193940469774563,0.0006973955370974621,15.074011290950262,0.15844444694861462,0.1999794344555311,0.4666666666666667,0.2666666666666666,0.0666666666666666,0.2,52.6,15,164,3.11787072243346,250,4.752851711026616," We should roll back those big corporate tax breaks they got a couple years ago.  The difference in this race is I want to go after price gouging.  My opponent won't do it.  He doesn't think we should do anything about price gouging.  In fact, he excuses big corporations ripping off families.  I think we should hold them accountable.  Look, across the country, especially in the last several years, prices have been way up.  The cost of food, the cost of household items have skyrocketed.  You have corporations in the two-year period from the middle of 2020 to the middle of 2022.  Corporate profits going up 75 percent, five times the rate of inflation.  So corporations were engaged in price gouging, taking advantage of the pandemic and the inflationary pressures.  And I think we should do something about it.  We should point it out like I have issued reports on it.  Secondly, we should pass price gouging legislation to hold companies accountable.  And thirdly.",L,M
2024-10-16_00-58-41_UTC_Ted_Cruz_DBKm4MeAtsX,2024/10/16,Ted Cruz,DBKm4MeAtsX,0.8534029953793483,-0.2451975201456069,183.35926182692236,590.9262190770804,1597.123228363217,0.19139428500648992,0.7071309459611863,-0.06519278324144738,0.15199421140160574,0.002258069549161807,0.00012368552459319278,0.0059690511198080875,0.8293610717112674,0.0008932009740146407,0.0001249502616003387,28.20807429329082,0.15157272222195037,0.23667862806490442,0.3478260869565217,0.2608695652173913,0.1304347826086956,0.2608695652173913,54.620000000000005,23,206,3.771512266569023,295,5.40095203222263," rated him the most bipartisan member of the Texas delegation.  I've got to say, I found that quite odd, so I went and looked at this group.  Because how can someone...  But yet this group gives him camouflage.  Okay, let me respond.  True or false?  Your first four years in the House, you voted 100% with Nancy Pelosi.  True or false?  Well, let me say on IVF, you can watch the debate on the Senate floor where I tried to pass strong, clear federal legislation protecting IVF.  And the Democrats stood up and objected it cynically.  But I've got to say, there's something Congressman Allred says that he says all the time.  He says this independent group.  who votes 100% with Nancy Pelosi, which is what he did his first four years,  how can he be bipartisan?  How can Colin Allred, Colin Allred voted 100% with Joe Biden and Kamala Harris  their first two years in office.  How could he be called the most bipartisan member?  And then I discovered this group.  Its board consists of a bunch of Democrat donors.  They say on their website, we don't look at votes.  We don't examine every vote.  So he can vote.  He votes exactly like Nancy Pelosi.",W,M
2024-10-16_01-03-10_UTC_Dave_McCormick_DBKnOq4tudf,2024/10/16,Dave McCormick,DBKnOq4tudf,0.7022561772423208,-0.19025485713429005,150.07505798630623,633.8133260951602,1814.5534482728115,0.09257460570061152,0.6968462288225256,-0.254699191982281,0.007264141787770442,0.0003618217274927261,0.00017337989852833077,0.0031903327688973136,0.9835641500842042,0.004448743040662812,0.000589890936390308,12.07204197404604,0.16469487028993032,0.178407747614088,0.4,0.4,0.0,0.2,23.44,5,79,3.3703071672354947,114,4.863481228668942, one hundred and sixteen thousand people died last year from fentanyl on your watch.  Right. On your watch. That's two Vietnams. Eight years of war in Vietnam. Fifty eight thousand.  So the failure in those weakness that the fact that you and Biden and Harris aren't standing up and taking accountability is is a true disgrace.  And the fact that you're finally taking action doesn't make the failure of action in the past any more palatable.  Worth the bill.,W,M
2024-10-16_01-04-35_UTC_Ted_Cruz_DBKnhT6AucN,2024/10/16,Ted Cruz,DBKnhT6AucN,0.8462109252603434,-0.22848827226167057,188.98821763482226,604.1948205157079,1676.3563500077241,0.2739937033735633,0.7529934658487062,-0.23321971196920546,0.1624452878912233,0.007160106093944639,0.0005311403058242463,0.07239224732609945,0.7437287129606963,0.0019973919984616548,0.001534248208905004,31.483020386291408,0.20900957335769016,0.2917183332082053,0.3103448275862069,0.2413793103448276,0.1724137931034483,0.2758620689655172,70.39004535147392,29,252,3.578528827037774,390,5.538199375177507," 60 seconds to respond to that charge there.  Did you vote for it?  Well, let's actually get into it.  You voted against it.  So Congressman Allred is right that there was a bill that was on the floor of the Senate,  and I oppose that bill.  Why?  Because I said at the time that Joe Biden and Kamala Harris are going to flow money  to Gaza and give it to Hamas, but they're going to freeze weapons to Israel.  That's exactly what they did.  And after that, the House of Representatives took up a bill to provide emergency weapons to Israel,  and Congressman Allred voted no.  Understand, every single time, Congressman Allred, right now in this debate,  he is echoing the calls of the enemies of Israel saying cease fire now.  He claims there is nothing else to be done militarily.  I'll tell you, when Israel detonated the pagers against Hezbollah,  it was one of the most targeted and effective military actions we have ever seen.  Congressman Allred is proud to be supported by J Street,  the radical left organization that undermines Israel at every level.  And I've got to say, listen, that's dangerous.  Right now, Kamala Harris and Colin Allred both want the votes of the anti-Semites on college campuses.  I don't want their vote.  And if they threaten Jewish students, they should be arrested.  They should be prosecuted.  They should be expelled.  And if they're from another country, they should be deported.  Senator, that's your time.  But let's...  But let's...",W,M
2024-10-16_01-08-34_UTC_Ted_Cruz_DBKn85kAe8D,2024/10/16,Ted Cruz,DBKn85kAe8D,0.8313767738450436,-0.25112880283783606,172.0519162706211,604.2309573987148,1651.1066807375564,0.1983436214210873,0.7259957824945201,-0.10330507525157216,0.009902170079882078,0.005765589615418918,0.005321857604050328,0.026165598696048366,0.910103843577516,0.0006067821738856673,3.405713338593495e-05,21.933282423656202,0.1559420335937021,0.1903479193193491,0.44,0.32,0.08,0.16,89.03798185941042,25,281,3.153052064631957,447,5.015709156193895," But let me say, when you talk about bipartisanship and record, let's compare our actual records.  Congressman Allred mentioned the U.S. Chamber of Commerce, where the U.S. Chamber of Commerce has endorsed me in this race  because I've been the leading champion of jobs here in Texas for 12 years.  In six years in the House, Congressman Allred has authored and passed three pieces of legislation, three.  When it comes to housing, nothing is driving up housing costs as powerfully as the 11.5 million illegal immigrants that Congressman Allred and Kamala Harris have let in with their open borders and they want to keep letting in.  In my time in the Senate, I have authored and passed 101 different pieces of legislation,  two different bills to create new interstates, I-14 from West Texas to East Texas,  all the way to the Atlantic Ocean.  That was Raphael Warnock and me, a liberal Democrat, Cruz Warnock.  We passed it.  That's going to produce thousands of new jobs.  I-27, a new interstate that's going to run from Laredo through West Texas,  through the Panhandle, all the way up to Montana.  That was Cruz Lujan, Ben Ray Lujan, a Democrat from New Mexico.  That passed.  That's going to create thousands of jobs.  I authored the legislation to expedite the permitting on four brand-new bridges in South Texas  that is going to create thousands and thousands of jobs for South Texas farmers and ranchers.  The Texas Association of Business refers to my legislation expediting those bridges  as the single most important legislation for Texas-Mexico trade  since the U.S.-Mexico-Canada trade agreement.  Congressman.  Congressman Allred has no record to point to.  Senator, thank you.  To be clear, Congressman.",W,M
2024-10-16_01-12-44_UTC_Ted_Cruz_DBKocMhgSun,2024/10/16,Ted Cruz,DBKocMhgSun,0.8207481012039735,-0.23760671492246596,167.49882150205332,597.8597608891127,1706.6705712753378,0.18524238923643427,0.7272560515397349,-0.1533878442334791,0.01673449239182975,0.0011316769604681268,0.00043054665927157935,0.010729452837521566,0.9373366616616976,0.0001914425398517696,3.6113135084735714e-06,21.780083141448127,0.1772954062870293,0.1758295356209726,0.3888888888888889,0.2777777777777778,0.0555555555555555,0.2777777777777778,60.4,18,181,2.996688741721854,295,4.8841059602649," grant immediate voting rights to every illegal alien in America,  that would turn Texas blue and every statewide elected official in Texas  would be defeated in the next election,  and number four, pack the U.S. Supreme Court,  that would jeopardize our fundamental rights.  I've spent 12 years fighting every single day to defend jobs and freedom and security.  Congressman Allred wants to destroy what we've got in Texas  because he shares Nancy Pelosi and Kamala Harris' value.  I will fight to keep Texas, Texas.  The stakes in this election are the highest of my lifetime.  We will see the Democrats, number one, strike down every voter integrity law in the country.  Number two, add D.C. and Puerto Rico as states to give them four new Democrat senators.  Number three.  Tonight you have 60 seconds.  Congressman Allred and Kamala Harris are both running on the same radical agenda.  Congressman Allred has pledged to be the 50th vote for Chuck Schumer to end the filibuster,  to end the requirement of 60 votes to pass major legislation.  That means if Congressman Allred is elected,",W,M
2024-10-16_02-04-50_UTC_Dave_McCormick_DBKp9pONMPk,2024/10/16,Dave McCormick,DBKp9pONMPk,0.737820733884462,-0.22443205035676098,160.87042130446142,628.1262766785311,1776.5018907881522,0.13565810895837827,0.6926873836610261,-0.11907272370939742,0.06390696237401099,0.003134052182190344,0.0010531804991561141,0.007956748066830343,0.8773549751753295,0.005613778199264022,0.0002883155757309453,30.12343491337843,0.1401863615233967,0.27200656951301505,0.48,0.24,0.08,0.2,66.83503401360544,26,226,3.3801974274603657,362,5.414298534250674," I was proud to serve him as commander in chief.  I retired from the Army as a captain after a combat tour in Iraq.  But I've never stopped serving my country.  I'm a seventh generation Pennsylvanian, born and bred.  I'm a businessman.  I'm a political outsider.  That couldn't be more different than Senator Casey was born with a political spoon in his mouth.  He doesn't know how to create jobs.  He doesn't understand the devastating effect of prices on families.  He is a status quo candidate.  He is a weak 30-year incumbent.  Bob Casey didn't change Washington.  Washington changed Bob Casey.  He's for amnesty, open borders, and sanctuary cities.  He's voted for every spending bill that's created this enormous uptick in inflation.  He wants to raise taxes on Pennsylvanians and lower taxes for rich people in California and New York.  He has actually supported males competing in women's sports.  Face it, Bob, you are a liberal.  Bob Casey, he's been given the opportunity,  and he has.  He's failed us.  We need leadership that's going to shake things up,  that support and fight for common sense policies,  reduce inflation, secure our border, keep America safe.  We need leadership that is going to change the direction of our commonwealth and get it back on track.  I'm honored to be here tonight, and I humbly ask for your vote.",W,M
2024-10-16_02-53-22_UTC_Sherrod_Brown_DBK0AgBt0eq,2024/10/16,Sherrod Brown,DBK0AgBt0eq,0.7833230872454304,-0.1520626077522781,150.23297296609107,671.9979103774832,1733.3341534144593,0.05496558027416189,0.6640157345233094,-0.06487934221355518,0.011787913006164448,0.00249734136220458,0.0004173088025028386,0.0022974127465198546,0.9809366828605249,0.0010695204753908452,0.00026212946279880335,17.201770576100696,0.13958125279279318,0.27234787462140697,0.1875,0.5,0.125,0.1875,73.0,16,281,3.8493150684931514,355,4.863013698630137," Just in the last week, I was endorsed by the firefighters event in Cleveland.  I was with 20 Teamsters and I was in Youngstown at the Lordstown plant with probably 50 auto workers talking about how we need to stand up for them.  We saved the pension of 100,000 union workers.  I think too often people think they look at left or right in politics.  To me, politics is a left or right.  It's whose side you go on.  I knew when I got in this race that they would spend tens of millions of dollars because when you stand up for workers and you stand up to special interests, you stand up to Wall Street, you stand up to the companies that outsource jobs, you stand up to the drug companies, they come after you.  There are a lot more of us than there are of them.  And that's why in the end, when you stand up for workers and you stand up to these interest groups, you win a state like Ohio.  I was at the pipe fitter's hall the other day with the painters.  Their endorsement means a lot to me and I get it.  But what really means more is when a painter or a bricklayer turns to another painter or bricklayer in the construction site and tells her, you know, I'm voting for Sherrod Brown because he's the most pro-labor guy.  He fights for workers.  That's how you win elections.  That's why I will win as close as this race is and as much money as they're throwing against me.  I'll win because I stand up for these workers and people know I'm on their side.",L,M
2024-10-16_02-59-32_UTC_Elissa_Slotkin_DBK0uZHA15v,2024/10/16,Elissa Slotkin,DBK0uZHA15v,0.8657103079645354,-0.12804518278522042,191.29344441161095,930.8734664193175,2439.612758494887,0.14857031616750901,0.7104646853627082,-0.1820100186369203,1.0272942127708041e-05,1.098342932809628e-05,1.0272267141150932e-06,4.026289933012018e-05,0.9998856481206732,1.2055504841317923e-06,1.4668941592400023e-07,8.81546539517098,0.10675939505214457,0.11809116842265789,0.5,0.1666666666666666,0.1666666666666666,0.1666666666666666,37.22,6,119,3.1972058033315425,176,4.728640515851692," And just to be clear, he said shenanigans in, quote, Southeast Michigan, which is Detroit.  Right. We know what that means when he's saying that, you know, look, we have a strong secretary of state.  We believe in our democratic process.  The vast majority of Michiganders just want free and fair elections and they want them to be certified and they want to not be involved in all the drama that we were involved in in 2020.  Most people understand Joe Biden won that election.  And I think I don't fear that we're going to have a problem with our elections because we have responsible clerks and responsible secretary of state who's going to make sure it's implemented well.",W,F
2024-10-16_12-05-28_UTC_Colin_Allred_DBLzLkIpror,2024/10/16,Colin Allred,DBLzLkIpror,0.8104867541001516,-0.2556648538556313,139.32128006319257,607.2090026383563,1613.9852181893455,-0.015079082797298396,0.6372506057821116,0.006112670914006741,0.0007561262511060548,0.0006872060679029321,0.00063907213893693,0.016350101740121546,0.9700462879575924,0.0005008866349977248,0.0005830758273568369,27.71384614419545,0.18504964907787852,0.2323028471758338,0.1333333333333333,0.2666666666666666,0.3333333333333333,0.2666666666666666,50.07099773242631,15,200,3.855050115651504,268,5.165767154973016," Cruz thank you for joining I'm Colin Allred I'm a fourth generation Texan I'm  a husband and a father I was raised here in Dallas by a single mom who's a public  school teacher and I've been shaped by every part of this state my grandfather  was a customs officer in Brownsville that's where my mom and dad were born  The Rays were where I spent a lot of my childhood.  I was captain of the Baylor football team.  The truth is, we don't have to be embarrassed by our son.  We can get a new one.  That's what this election is all about.  That's what I'm asking Texas to give me a chance to do.  in Waco, trained for the NFL draft in Houston. I've served my hometown in Dallas in Congress  the last six years. In that time, I've been the most bipartisan Texan in Congress. I'm the exact  opposite of Senator Cruz, who's the most extreme senator in the United States Senate, maybe the  most extreme in the last 30 years. That's not enough. He's also only focused on himself.  That's how you can go to Cancun when millions of Texans need you and hundreds are dying.",L,M
2024-10-16_12-40-54_UTC_Elissa_Slotkin_DBL3RegAjNj,2024/10/16,Elissa Slotkin,DBL3RegAjNj,0.7294448546797584,-0.3035870504913493,210.562816635404,1007.557477812591,2338.303615099866,0.18472768375597384,0.7285479213192348,-0.31781240099739144,0.3079736261302446,0.022265829165544548,0.0002278379498394839,0.047458618893240045,0.6074480250941077,0.000410553195566664,1.839684335208095e-05,23.3733693922047,0.11002238976943272,0.23184852663284838,0.2727272727272727,0.3636363636363636,0.0,0.3636363636363636,19.86,11,66,3.3232628398791544,102,5.13595166163142," Stock trading by members of Congress?  No-brainer.  Ban it.  because I'll never put corporate interests ahead of what's right.  I approve this message.  Never taken it, never will.  I'm Alyssa Slotkin.  I've spent my career serving our country in the CIA and the Pentagon.  So when I got to Congress, I was shocked by the influence of money.  So I got to work.  Corporate PAC money?",W,F
2024-10-16_16-25-21_UTC_Dave_McCormick_DBMQZB7uDS_,2024/10/16,Dave McCormick,DBMQZB7uDS_,0.7446211515015975,-0.22121762922777535,154.4957220120921,615.169856411446,1760.9433948364303,0.032342206509033224,0.6554866212971244,-0.32402633493419275,0.031682135616551435,0.0025881124501315007,1.6163986044246682e-05,0.00043723277291937246,0.961589854581954,0.00019958804274788932,0.00034109397665368647,14.920655379992326,0.09753913540316927,0.18549222540611465,0.3333333333333333,0.25,0.1666666666666666,0.25,31.3,12,104,3.322683706070288,163,5.207667731629392," What's happening in the Middle East comes from weakness.  And we are being tested from our adversaries around the world.  President Biden should support Israel completely.  Israel is in the fight for its life.  It's being attacked by Hezbollah.  It's being attacked by Hamas.  It's being attacked by Iran.  The original sin is the Iran deal where Senator Casey was the deciding vote in 2015.  It gave them $100 billion, which they have used to underwrite terrorist proxies.  That's the root cause of this problem.  And that's what needs to be addressed.  We need to strangle Iran and its ability to support these terrorists.",W,M
2024-10-16_17-24-46_UTC_Colin_Allred_DBMXuP4s2yl,2024/10/16,Colin Allred,DBMXuP4s2yl,0.7872511884688542,-0.18728490480044657,141.73263802038187,643.5474934071644,1724.4005960672023,-0.16250348015716462,0.6105041396551724,-0.03301872015099941,0.012984620731595089,0.0026767762283664656,0.0005275220447980923,0.17226334105777635,0.7775241715323467,0.0006363344029952639,0.022629508824565468,46.58860550844039,0.08023159172161003,0.26044209182270406,0.2,0.4,0.2,0.2,35.96,10,145,4.032258064516129,200,5.561735261401557," Well, thank you for having me on, Jose.  And, you know, listen, I think that lying Ted was back.  I don't know what else to say.  He has been trying to change his image now in an election year after 12 years of being one of the most extreme senators really in the history of the Senate.  But we're not letting him get away with that.  Because Texans know he is singularly responsible for the abortion ban that we're dealing with here in this state.  That he wants to cut Medicare and Social Security.  That he prevented us from securing the border.  That he hid from the mob that he summoned on January 6th while I was ready to defend my colleagues.  And I'm glad that I had a chance last night to make sure Texans saw that and folks across the country saw it.",L,M
2024-10-16_18-51-12_UTC_Ruben_Gallego_DBMhnWYykCA,2024/10/16,Ruben Gallego,DBMhnWYykCA,0.8254383644213287,-0.2577775686041458,136.9891284097833,693.2473330845751,1850.1329031371006,-0.060619330730234594,0.621059679667832,0.07211790271873852,0.001941432347577315,0.00015131885695564553,5.647561633657336e-06,0.006822290142118568,0.9892678317073341,0.0008153375118718067,0.0009874973546432663,4.98070011453497,0.08395806152162254,0.13974633075748727,0.1666666666666666,0.0,0.3333333333333333,0.5,11.44,6,50,4.37062937062937,67,5.856643356643356," Hey, it's Ruben, Sydney, and Isla.  We just returned our ballots.  We have 20 days left to the election.  So if you have that ballot, please return it as soon as possible or make a plan to vote on Election Day.  20 days to victory.  Hope to see you there.",W,M
2024-10-16_19-46-45_UTC_Sherrod_Brown_DBMn-ViydZ3,2024/10/16,Sherrod Brown,DBMn-ViydZ3,0.8173247837740467,-0.22897741232463834,159.59826494873232,499.9630301244572,1691.545000304846,-0.34045910480498043,0.4987404058224247,-0.0030425262021142392,8.020510125007254e-12,8.536235296612168e-13,2.748960724622062e-13,2.719114980724644e-11,1.0,3.137672765921376e-11,3.638147663762499e-12,8.62099885602533,0.09798581008583072,0.14248391874044672,0.6,0.0,0.2,0.2,35.14,5,116,3.301081388730791,187,5.321570859419465," At the Ashtabula City Fire Department today, the Department of Homeland Security is wanting to close or at least scale back the Ashtabula Coast Guard.  And the Ashtabula Coast Guard is important for commercial reasons for the city, a lot of tourism, and that's a big part of it.  It's important for safety of boaters, and not just boaters out in the lake, but kayakers on the Ashtabula River.  And it's important for our national security because this is the northern border, and we have stations in Erie, just across the line, and Cleveland on the western end.  And Fairport Harbor, but too many miles between Fairport Harbor and Erie, Pennsylvania, and this is really important.",L,M
2024-10-16_20-00-56_UTC_Kari_Lake_DBMpl_0BcaF,2024/10/16,Kari Lake,DBMpl_0BcaF,0.8182022840214365,-0.26225366418210955,192.96290535444288,891.6486441051691,2207.4593605262476,0.03192097694760099,0.6673416290207693,-0.15455064098923482,0.05758942414548746,0.003954569378013949,0.0007573939182132152,0.06951805669222344,0.7935069453883687,0.003321943736560074,0.00014360657235494418,25.498603004169563,0.1066958959428633,0.22596354295001958,0.56,0.2,0.08,0.16,91.64004535147392,25,308,3.360977738978611,432,4.714098646879091," Well, he flopped, but I wasn't surprised by that.  I mean, he's been pushing just a complete false narrative fiction about himself in an extreme makeover with the $100 million in ads from him and his friends.  And this was the first chance Arizona got to see him.  Nobody in Arizona knows who he is except for the phony commercials he's putting out.  They don't realize he's the most far-left candidate running this cycle.  He's 100% behind Kamala and Joe Biden.  And his entire story, even his opening story about his childhood, not having a bed until he was 18, is a big, fat lie.  It's fiction.  And I felt the need, Chris, to do the job of the media and inform people because the media has dropped the ball.  I alluded to it in one of my exchanges with him.  You know, his father is a convicted Mexican drug trafficker.  And I don't blame Ruben for that.  But you would think that if you really want to stop that kind of thing from happening,  happening in our country, you would vote to secure the border.  I called him out for despite having that background, even though he just said,  my father dabbled in drug dealing.  I think being a drug trafficker is different than dabbling in drug dealing.  He has supported an open border.  He's empowered the cartels and has been a complete disaster.  And now this week, tomorrow or the next day, his sealed divorce records,  because he walked out on his first wife when she was nine months pregnant,  served her divorce papers a few days.  Before Christmas and ran off.  with the DC lobbyists. So I had to tell people this because the media has been ignoring it.  Can you imagine if that was my background? It would be splashed all over the news.",L,F
2024-10-16_20-15-45_UTC_Eric_Hovde_DBMrUoBMc2D,2024/10/16,Eric Hovde,DBMrUoBMc2D,0.8017436273113234,-0.38448964978562744,145.9172713469298,823.1664355330358,1807.409837471889,-0.0063630920023253126,0.6341496933464607,0.014886217376727398,0.0646890122318425,0.0010283517993156194,0.0013664853956202726,0.0710052518483328,0.8552258955737272,0.0015278978794886935,1.221884079539676e-05,13.033729432089824,0.10826391592930441,0.2584672909777415,0.4545454545454545,0.1363636363636363,0.1363636363636363,0.2727272727272727,46.891995464852606,22,161,3.432835820895522,214,4.562899786780383," So let's go win this race. Let's go restore this wonderful country.  Because God, another four years of what we've been dealing with, I don't think we'll recognize it.  people on our side to get out and vote.  We need to bring.  that you go to church with or whatever activities you're engaged in.  Just talk to people.  So let's go restore America.  Thanks, everyone.  Have a great day.  The race is going fantastic.  You know, jump ball race.  One pole just came out with me up one point.  Also, if you got five, 10 bucks, send it my way.  We've got to get the message across.  But you're going to need everybody's help.  As I've always said, I'm the tip of the spear, but I can't do it without all of you.  Talk to your friends, your neighbors, your colleagues, people.  uh... how fast time has gone  Spread my content.  Hey, everyone, 20 days left.  I can't believe.  So please.",L,M
2024-10-17_00-28-53_UTC_Kari_Lake_DBNIRLct3_J,2024/10/17,Kari Lake,DBNIRLct3_J,0.8295827290397385,-0.26744133480627774,180.61806622423245,872.1953656157247,2182.682480832956,0.04530375419095448,0.6743615300201208,-0.195610864379167,0.07299747920635692,9.720914657265698e-05,2.4601816773575424e-05,0.0008998278708615074,0.9251556049740052,5.18694672469616e-05,8.63551538560758e-07,4.576337761913352,0.09238043377709014,0.20979817300295547,0.2857142857142857,0.2857142857142857,0.1428571428571428,0.2857142857142857,39.76,7,140,3.52112676056338,204,5.130784708249497," ever see a step of foot in the U.S. Senate.  It's absolutely critical. If Ruben Gallego were to end up in the U.S. Senate, he would try to sabotage everything President Trump will be trying to do to get us back on track.  This is why President Trump is so eager for me to have a victory.  Our internal polling looks good, but we've got to get out the vote and make sure everybody votes because Ruben Gallego is going to be a disaster.  Even though he's trying to act like he's more moderate, we know from his record of 10 years he called the border wall dumb and stupid.  He called Trump supporters the worst people in the world, and he's wanted to give federal dollars to sanctuary cities.  He's completely America last, and we must not let him.",L,F
2024-10-17_00-31-24_UTC_Eric_Hovde_DBNIlFEJwEK,2024/10/17,Eric Hovde,DBNIlFEJwEK,0.7198724841488406,-0.3460791677615494,174.05855583300468,819.6393431195733,1902.5055229286,0.22953533859937267,0.757424793275991,-0.1396459936273369,0.0586789967153182,3.764463915622117e-06,1.870710964082445e-07,0.004062163209660296,0.9372419190095708,4.127197200798212e-07,7.272103928357729e-07,19.85164902209833,0.08286126074772361,0.25727998250101025,0.3333333333333333,0.1666666666666666,0.0,0.5,26.74,6,73,2.729992520568437,118,4.412864622288706," I'm Eric Hovde, and I approve this message.  I'd be honored to have your vote.  You have a clear choice in this election. Senator Baldwin is a 38-year career politician.  I'm a businessman and job creator. She supports taxpayer benefits for illegal immigrants.  I'll close the border. Tammy wants to put guys in girls sports and in their bathrooms.  I'll protect our daughters. Senator Baldwin abuses the political system. I'll fight the corruption.",L,M
2024-10-17_00-52-04_UTC_Colin_Allred_DBNK5Nbv3Oy,2024/10/17,Colin Allred,DBNK5Nbv3Oy,0.854282557485485,-0.2642124657317251,172.53164684218862,541.6296254576736,1518.1190320679693,0.09659634018398579,0.6682040659295863,-0.22881984764637228,0.018960996485863274,0.0007260902160948057,3.7211127718782246e-05,0.037150945414661664,0.9281767426397116,0.0025106980227760324,0.00836389170683352,25.508695616114903,0.10636917296487469,0.1558128698748616,0.25,0.0833333333333333,0.3333333333333333,0.3333333333333333,32.38,12,128,3.9530574428659673,178,5.497220506485486," When he ran for president in 2016, he supported the Personhood Amendment.  You know what that means?  That would make something like IVF illegal, but also ban certain forms of birth control.  You did.  You've been seeing him lie to you for 12 years.  Let's have a senator who doesn't.  And I will always protect IVF, but it was at risk.  No one was thinking that we needed to protect IVF.  until he was singularly responsible for pursuing, by putting in place judges at the district court level,  the circuit court level, and the Supreme Court level, folks who would put at risk this miracle technology.  And you know what? It's not just that.  Because IVF didn't need protecting until he got his way of going after it.",L,M
2024-10-17_00-59-04_UTC_Dave_McCormick_DBNLiabN0Gc,2024/10/17,Dave McCormick,DBNLiabN0Gc,0.7650828357198277,-0.17147839515116703,129.22770592085143,633.8767056951859,1789.4806222883124,-0.06627469342171396,0.6110820984827586,-0.12462391073240033,0.0003981090941901862,0.0002642489325716217,3.107878132746158e-06,0.00010851905255776689,0.9991369462732611,4.23426655615507e-05,6.285961010460703e-07,17.175470607408812,0.1246963324160671,0.2900100390679959,0.7777777777777778,0.1111111111111111,0.0,0.1111111111111111,23.2,9,89,3.836206896551724,125,5.387931034482759," Senator Casey has lied throughout this about my record.  Go to bobcaseylies.com, caseylies.com.  But I just want to say, I'm not going to take any preaching.  from a guy who spent 30 years in public office and hadn't got much done.  went to ranger school, was the honor graduate, went to the 82nd Airborne Division,  went into Iraq in the first wave.  as a guy who went to West Point.  when they look like there would be tens of thousands of casualties,  I'm not going to take any preaching.",W,M
2024-10-17_02-30-34_UTC_Kari_Lake_DBNWLv-sZtT,2024/10/17,Kari Lake,DBNWLv-sZtT,0.7936156425849018,-0.270149428588621,180.9205129560706,878.370868527361,2185.7207606133475,0.04281668181206096,0.6745469468092388,-0.05208227396583618,0.014814863546550996,0.006934321794449448,0.00033458883430517196,0.041683619923745314,0.8808775507022789,0.009351227515292491,2.251341564688293e-05,21.54298855708007,0.13418703629657036,0.2604332509526125,0.3571428571428571,0.2857142857142857,0.0714285714285714,0.2857142857142857,93.52,14,298,3.1864841745081267,420,4.491017964071856," You've got to give these to the public.  They deserve to know.  And we think there's something really, really bad in those records,  which should be revealed this week, possibly in a couple of days.  Lake joins us once again, the GOP candidate for the United States Senate in Arizona. And I think  that something was kind of proven along these lines. Anyway, welcome back. How are you?  He spent almost a million dollars keeping him sealed.  The judge finally said no.  He's been spending almost a million dollars to try to keep his divorce records sealed after he left his wife when she was nine months pregnant, serving her divorce papers just days before Christmas.  I'm really great. It was great to have President Trump here on Sunday. Arizona loves President Trump, loves America First policies. And I knew it, too, Greg, when we had that debate last Wednesday, me and my opponent, when he started the debate with his story, his life story memorized because he couldn't remember it because it's fiction. A lot of the stuff he said was absolute fiction.  I mean, this guy's whole story, we're looking back at his memoir and we've actually got the official records now and we're finding out that half the stuff he's been saying for so long, like his dad left when he was 11. No, his parents got divorced when he was 18. His dad dabbled in drugs. Well, wow. Oops. Looks like his father was an actual convicted felon, Mexican drug trafficker.  I mean, the stories are so out of whack with him.  He's been lying to the people of Arizona.  Every little bit of his story is fabricated to try to win this election. And the people need to know about who he is.",L,F
2024-10-17_03-00-45_UTC_Colin_Allred_DBNZorwpqGl,2024/10/17,Colin Allred,DBNZorwpqGl,0.7861904429382304,0.004375555558761395,95.07676259264963,838.5151714651502,2069.1089592167455,-0.38168368993236756,0.4846820335141903,-0.07054416223798583,0.004665973676555218,0.002888388057335886,0.00036511019938899797,0.00079754105992797,0.9786963623035728,0.005899479897162713,4.182733592756311e-06,5.886291348461811,0.08886736894138937,0.09201572139815713,0.2,0.6,0.0,0.2,23.96,5,101,4.215358931552587,140,5.843071786310517," I want to treat our young voters like we do every other voter and meet them where they are, talk about the issues that I know are important to them.  I'm always impressed at how policy-focused many of our young voters are.  They are very informed, and I think they want to hear plans for how you're going to lower the cost of higher education,  lower the cost of getting into a home, make sure that they can get ahead, that when the time comes that they can start a family.  These are things that are, I think, front of mind.",L,M
2024-10-17_13-07-36_UTC_Sherrod_Brown_DBOfGBVNL4t,2024/10/17,Sherrod Brown,DBOfGBVNL4t,0.7681403626953944,-0.15715611701244311,147.15883724541487,842.3716657150501,1849.7008922776452,0.023509086037107392,0.65594567001368,-0.2907584828726791,0.026018263301431956,0.006578229262575276,0.008476706548935863,0.11968845624430573,0.7428079017856196,0.0008163411030879176,0.00025124524315060505,22.67030085825344,0.11645513889506565,0.23023381371935972,0.0666666666666666,0.3333333333333333,0.2,0.4,43.86,15,156,3.556771545827633,205,4.673962608299133," I always look at this through the eyes of Ohio workers.  I was just this week in Lordstown, a town that lost a lot of auto jobs.  We're fighting back.  We've worked together in a way that there are now several hundred jobs there with potential for growth.  So it's taking on those companies that outsource jobs, that push through bad trade agreements.  It's taking on the drug companies.  I don't see politics as left or right.  I see it as whose side you're on.  That's why they're spending literally hundreds of millions of dollars against me.  When you take on the drug companies, when you take on Wall Street, when you take on these companies that outsource jobs, they come after you.  And I knew they would.  We're going to win in spite of that.  They've got their billionaires.  I've got 12 million people in Ohio I fight for.  I'll continue to make that fight.",L,M
2024-10-17_14-07-12_UTC_Sherrod_Brown_DBOl6A1vQUg,2024/10/17,Sherrod Brown,DBOl6A1vQUg,0.8053927752582595,-0.18301774939037344,150.54507038586564,835.6812705132592,1829.7899482220962,0.08814786858273507,0.6726032164705883,-0.1982047978437315,0.11249355929840794,1.3483829245504498e-06,2.6411889677392085e-07,8.38296257492995e-06,0.8874917614493614,8.5807314590595e-07,2.737988648616045e-07,8.860723141184813,0.09757288478567509,0.23586911652451883,0.1,0.3,0.0,0.6,49.64,10,154,3.102336825141015,223,4.492344883158743," on the side of Ohioans and Bernie Marino looks out for himself and his rich friends. And that's  the contrast in this race. That's what will win this race when we make that contrast.  My job is to protect people when Wall Street or the drug companies or the oil companies or  the companies that outsource jobs, when they go after people in Ohio, it really is who's  on. And I really don't buy the left or right analysis. I get votes from people,  whether they're Republicans or independents or Democrats. I get votes for a lot from a lot of  people because I stand for them. And I also make the contrast with my opponent. Ohio, as you know,  Claire, passed with 57 percent of the vote abortion rights constitutional amendment last November.  My opponent is, quote, I'm 100 percent pro-life. No exceptions.  Bernie Marino thinks he knows better than the 57 percent.",L,M
2024-10-17_15-02-55_UTC_Colin_Allred_DBOsSJ-i1ot,2024/10/17,Colin Allred,DBOsSJ-i1ot,0.7753437483356029,-0.1599045594529911,120.34495048899392,569.5666259985758,1578.5910957077024,-0.18272404917614013,0.5702331899945671,-0.022762609549175503,0.0006714066947595182,0.002106495503574959,0.0005974496279643836,0.001712577982694543,0.9882593610558652,0.0004596618700269146,0.00013989145864941031,46.2395831392655,0.11678830564172007,0.22547306522347293,0.1111111111111111,0.2222222222222222,0.1111111111111111,0.5555555555555556,20.36798185941043,9,71,3.4167468719923,93,4.475457170356111," And listening to that clip that you,  those clips you were just playing there,  I'm reminded of how much Ted Cruz was shouting last night.  I think it was because what we were saying  was coming through.  And listen, Texans are ready to turn the page,  and on November 5th, here in, I guess, 20 days,  we're gonna elect a new senator,  one who'll care about all 30 million of us.",L,M
2024-10-17_15-16-47_UTC_Dave_McCormick_DBOt14ROeRO,2024/10/17,Dave McCormick,DBOt14ROeRO,0.7701856072743457,-0.15584571477006243,146.66671572056518,685.8054423712375,1943.319349084789,0.15894550308668687,0.7113063641047122,-0.003851156869655739,2.4394918870336327e-07,7.352760237993947e-09,5.331844832320188e-10,5.3767660575131235e-08,0.9999997222610794,5.4266173663584644e-09,5.997783329790513e-09,9.437852017233974,0.08322263513560915,0.2634956830050667,0.25,0.0,0.25,0.5,19.1,4,63,3.298429319371728,93,4.869109947643979," Versus a guy who was born with a political spoon in his mouth, 30 years in elected office, been too weak to stand up to these crazy liberal policies of his party.  So it's change versus status quo.  they're seeing is a real contrast between a seventh generation of Pennsylvania, a guy  that was born and raised businessman, West Point grad combat vet.",W,M
2024-10-17_17-45-08_UTC_Mike_Rogers_DBO-z-MvKB7,2024/10/17,Mike Rogers,DBO-z-MvKB7,0.793414404568421,-0.19610101417491305,129.59319344284404,811.1078215279543,1847.8060757909468,0.08381615144044093,0.7139586093894736,-0.21512955630517294,0.021518571406349527,0.024331880380377466,0.03333947927014135,0.24731674755051317,0.6575241005954969,0.003712293588576527,6.3468822375915e-05,13.024506289938635,0.03262027699980572,0.3959924155592389,1.0,0.0,0.0,0.0,9.5,4,32,3.3684210526315788,50,5.2631578947368425," Our schools are failing because Congresswoman Slotkin's failing.  I'm Mike Rogers, and I approve this message.  I'm a dad.  I'll fight to protect our girls' sports for my daughter and every daughter.",L,M
2024-10-17_20-03-47_UTC_Sherrod_Brown_DBPOvndOK0N,2024/10/17,Sherrod Brown,DBPOvndOK0N,0.7472649293447164,-0.2790668364261659,149.38028582279904,768.5237658569655,1961.539064584985,-0.007116371784908747,0.6428666080331956,-0.07528860870036319,0.005685339974035643,0.002668447582761881,0.0003315831628198502,0.003773365965569424,0.9786054091563045,0.0004905311679817305,3.6988394189548e-05,14.664182012410777,0.06589977253738193,0.16444220125968437,0.4,0.2,0.0,0.4,17.40798185941043,5,54,3.0998851894374284,82,4.707233065442021," outspent in these playoffs, three to one by other teams, just like we are. Teams like the Yankees  pay their whiny players hand over fist, million dollar contracts. The Guardian players continue  to win with their grit, their determination, their resilience.  They might be outspent, but they'll never be outworked.  just like our campaign.",L,M
2024-10-17_21-28-51_UTC_Dave_McCormick_DBPYS0MuDtu,2024/10/17,Dave McCormick,DBPYS0MuDtu,0.7385603763256109,-0.20275661878049556,151.49617225789044,623.631542345919,1769.485242494565,0.1518069885634364,0.7012105404813946,-0.07628365893030442,0.02037052056570118,0.000661071301743068,8.357284306890488e-05,0.1083008963425274,0.8651621738733306,0.0003005367660439086,5.821471031401933e-06,17.55973281177484,0.12333058988821859,0.2831334625890187,0.0769230769230769,0.3076923076923077,0.3846153846153846,0.2307692307692307,63.61997732426304,13,228,3.583778685947815,348,5.469977994341402," Here's the America I know. As a platoon leader in the 82nd Airborne Division, in my platoon,  I had a young man from rural Alabama. I had an African-American man from Newark. I had a platoon  sergeant from Puerto Rico who was 35 and seemed ancient at the time. I never remember talking  about religion. I never remember talking about politics or party. We were just Americans in  search of protecting one another and protecting our great country. That's my spirit. That's how  I came into this. I'm a problem solver. I want to solve problems. I'm a conservative. If you go to  my website, more than any other candidate in the country, certainly more than Senator Casey,  you will see what I'm for, what I believe in. But as a CEO and as a leader, you've got to find ways  to compromise to get things done. I'm someone who will get things done. Senator Casey, in 18 years  in the Senate, 30 years in elected office, does not have a record he can run on, which is why he's  devoted himself to attacking me. So if you want to talk about civility, we've got to get through  get a new senator in Pennsylvania that can actually work across the aisle and get things  done. Senator Casey has not proven himself to be such a senator. Senator Casey.",W,M
2024-10-17_23-03-42_UTC_Colin_Allred_DBPjRnyNUpf,2024/10/17,Colin Allred,DBPjRnyNUpf,0.7447802310321542,-0.16045072655958012,114.77499714624892,686.2859050393779,1784.3098868063523,-0.13838307261954497,0.5769982511300469,-0.0625982146576203,0.005922098369038326,0.1364490677545577,0.0016475620827585361,0.1173734587106282,0.6678497231982756,0.0152463751842986,0.00017012413620528337,14.131000256379862,0.1901299574731666,0.1780495056036521,0.1538461538461538,0.3076923076923077,0.3076923076923077,0.2307692307692307,61.09995464852608,14,232,3.795811518324607,331,5.415575916230366," Well, thanks, Nicole. Thanks for having me on. And listen, on January 6th, as I said at the debate,  my wife was seven months pregnant, and I thought I was going to have to hold a door  and defend my colleagues while they escaped. And thanks to the Capitol Police, that didn't happen.  And at the same time, Senator Cruz was hiding in a supply closet. And as you said,  I'm glad that he wasn't hurt. But the fact of the matter is that if you are responsible for lying  to folks about the election, going around the country and helping to summon that mob,  and then you are the responsible for the effort to overturn an American presidential election,  then you are not fit to be in a position of authority ever again. And this election is  accountability. And there are a lot of Texans who agree. And you know, my friend Liz Cheney  came here to Texas, and she's campaigned with me, and she's endorsed me. But you know, I think this  is something that she feels strongly about, but a lot of other Texans do too as well. A lot of,  you know, a lot of Texans do too. And I think that's something that she feels strongly about.  True constitutional conservatives who understand  there has to be something bigger than whether or not your side wins an election.",L,M
2024-10-18_13-40-24_UTC_Elissa_Slotkin_DBRHoBmPGRY,2024/10/18,Elissa Slotkin,DBRHoBmPGRY,0.936357383783063,-0.21008816928432042,225.07229724408282,698.5351429776834,2143.544471953133,0.1612391715322882,0.7047563958004641,-0.09563563782139534,0.004862042680834016,2.4364566659318406e-05,4.912923818086196e-06,5.472701792981157e-05,0.9948221675342861,0.0001256225579394087,5.446907316159817e-07,16.94342168293894,0.12145838909331548,0.2171220523767221,0.3333333333333333,0.0,0.3333333333333333,0.3333333333333333,17.240000000000002,6,56,3.2482598607888638,79,4.582366589327147," You're here because you care about your country and you know it can be better.  We are better than the politics represent right now.  And we want it to be better.  Yesterday, we were in Flint and Clare and Everett and Cadillac and Traverse City.  We've been traveling in an RV, people.  It is campaign season.",W,F
2024-10-18_16-26-14_UTC_Ted_Cruz_DBRans_JcEe,2024/10/18,Ted Cruz,DBRans_JcEe,0.8370047187818627,-0.3252895957138997,161.79925487031923,638.0477384432628,1652.254282198533,0.27388801304517474,0.7446822731004902,-0.4221917366290995,0.09480915015759782,0.0011249738679133612,0.00021640056311159644,0.000665880960813401,0.871940520671784,0.0009292386785588511,5.2733829177073165e-06,29.98240787349307,0.1698953917892057,0.34321573935106076,0.5,0.1666666666666666,0.0833333333333333,0.25,48.96,12,158,3.227124183006536,239,4.881535947712418," Iran, if Iran's America's greatest enemy, why did you give them $100 billion?  Answer, I hate Donald Trump.  How are you different from Joe Biden?  What would you do differently than Joe Biden?  Her answer, I hate Donald Trump.  She has no answer to anything.  Kamala is a true believer. She believes this nonsense. And so I watched that debate and Kamala has one answer to every question. And her one answer is, I hate Donald Trump. So whatever the question, immigration, why do we have 11 and a half million people invading this country? Answer, I hate Donald Trump.  You know, I'm not. She is, number one, an ideologue. She is hard, hard left. Her voting  record was literally to the left of Bernie Sanders and Elizabeth Warren. Now, I served  with Bernie and Elizabeth. There ain't much room to their left.  She is very different from Joe Biden in one respect.  Biden is basically a puppet.",W,M
2024-10-18_17-21-01_UTC_Sherrod_Brown_DBRg5EVs5lu,2024/10/18,Sherrod Brown,DBRg5EVs5lu,0.8430750214252873,-0.21350777045006492,191.33384053659748,721.9314791069093,1881.8863689704278,0.24982513669354728,0.7111703648275861,0.044003538306721594,5.298857647103461e-07,1.0389403966735086e-06,8.286372814334503e-08,1.0050611067051174e-05,0.9999745255229114,4.259547886876542e-06,2.2865295588242976e-08,22.019571032261744,0.07389522747987051,0.11883506144607367,0.0,0.3333333333333333,0.0,0.6666666666666666,10.44,3,33,3.1609195402298846,45,4.310344827586206," What our mission today is not to move back, but our mission is to move forward.  And my commitment to you is to continue those kinds of efforts.  So let's work really hard.",L,M
2024-10-18_18-03-05_UTC_Colin_Allred_DBRltWQs_rp,2024/10/18,Colin Allred,DBRltWQs_rp,0.7447989160149477,-0.1375471672268726,120.05148057419277,731.1912401805215,1651.836811569813,-0.017524681702225528,0.6283538630493275,-0.11400954784531876,0.0007641403702392902,0.002659762794253159,0.0010319892843135092,0.03162127606022139,0.9338353187157613,0.003980233209355725,3.097380979142331e-05,19.15264786941662,0.03486952662467523,0.15718546482429746,0.3333333333333333,0.1666666666666666,0.3333333333333333,0.1666666666666666,13.38,6,65,4.857997010463379,84,6.278026905829597," Listen, I know what it's like to grow up and struggle.  I was raised by a single mom who's a public school teacher.  That's why I've always been so focused on lowering folks' costs,  whether that's capping the cost of insulin for folks on Medicare at $35 a month  or trying to lower the cost of child care or housing.  And what's Ted Cruz's plan?",L,M
2024-10-18_18-28-04_UTC_Ted_Cruz_DBRoj-exliV,2024/10/18,Ted Cruz,DBRoj-exliV,0.8332145223699002,-0.29863541200912463,167.56949619278478,636.2635710247672,1663.306090765293,0.2546836646750621,0.7339011337408747,-0.1198717005483143,0.010250963389546943,0.00015106241341470922,9.826244608824534e-05,0.040004223018190725,0.9456094105830538,0.00010402642791336343,1.4183167844147735e-06,9.985882000218526,0.09262679019875342,0.23259743853983506,0.0,0.5384615384615384,0.2307692307692307,0.2307692307692307,58.79995464852608,13,196,3.333333333333333,292,4.965986394557824," their policies are a disaster. And so what they do is they lie. Look, I'm seeing the same thing.  I had a debate this week with Colin Allred, the entire debate, just like Kamala Harris. He's  trying to pretend that he hasn't been a hard left liberal, that he hasn't supported open borders,  that he hasn't voted to defund the police, that he hasn't opposed oil and gas and energy.  And he's running over a hundred million dollars of ads lying to the people of Texas. I'll tell  you, Laura, I'm getting massively outspent. And so I want to encourage your viewers,  please come to TedCruz.org, TedCruz.org right now, because this race is a one or two point race,  and we are seeing a hundred million dollars come in. And the only way we're surviving  is millions of people are coming to TedCruz.org and giving 25 or 50 or a hundred bucks or even  more. And that lets us communicate the truth. It's what Donald Trump is doing,  pointing out that his policies work, securing the border, unleashing the economy, and their  policies are a disaster. So I'm grateful.  For the folks that go to TedCruz.org.",W,M
2024-10-18_19-00-16_UTC_Kari_Lake_DBRsNXbJqyH,2024/10/18,Kari Lake,DBRsNXbJqyH,0.7800325370540915,-0.290209517070816,173.82956247321658,754.801876405392,2047.966194558546,-0.14279158495566044,0.5951066000871934,-0.09867654425611548,0.00041056435632594627,0.002209355432366354,0.0022257054909366274,0.029070406505556902,0.9292621801995473,0.020559865957921614,7.197531666829973e-06,27.097409665096656,0.12066784735322748,0.19521044993885334,0.3728813559322034,0.2372881355932203,0.0677966101694915,0.3220338983050847,157.7798866213152,60,606,3.840304182509507,870,5.513307984790876," State your name and the outlet that you're with if you would and then let me know what your question is  Let's start. Would we have any questions over here, sir? What's your name in the back?  to take some questions on that if anybody has questions and you know the the policy on this um  It eventually will collapse if we don't start having families.  And so I think it's really important to support families.  I think it's a national security issue and an economic security issue.  We've got to start having families so that we have future Americans.  We can't just keep importing.  that my opponent wants, and before he would give raises to our military,  he put out a letter demanding that we pay for sex change operations  for women in the military and their families.  That's wasteful tax dollars. We don't want that.  Kamala Harris has done the same thing, demanding that people who are in prison,  prisoners and illegal immigrants who are behind bars,  that we, the taxpayer, pay for these sex change operations.  They're so, for some reason, they're just so focused on that.  It's really crazy. I don't understand it.  But also, we're going to stop paying for people to come over illegally  and pay for their housing and their EBT cards with thousands of dollars.  That's going to save us hundreds of millions of dollars.  We're going to stop funding the trafficking of human beings coming in.  So that's going to save us.  By the time we stop this insanity at the border  with the people pouring across and the invasion,  we're going to save billions of dollars.  We're going to stop sending money to Ukraine  for awareness.  We're going to stop the war that's already lost.  We're going to bring the two sides to the negotiating table  and negotiate peace.  So we're not going to have to spend money and billions of dollars,  hundreds of billions that my opponent has supported,  even going so far as to wave the Ukrainian flag on the floor of Congress.  I find that to be so un-American.  It's really shocking.  So we're going to cut a lot of the absolute insane cost  that these Democrats, Kamala Harris, Joe Biden,  and Ruben Gallego have heaped onto our budget  and we're going to cut a lot of the absolute insane cost  that these Democrats, Kamala Harris, Joe Biden,  and Ruben Gallego have heaped onto our budget.  But we're also going to watch as we bring back manufacturing.  And that's going to bring back good, high-paying jobs  for moms and dads to be out there working.  And that's going to bring us more tax revenue.  So we have to invest in families, guys.  If we don't do it, we're done as a country.  Right now, the birth rate has dropped to 1.5 per woman.  It used to be, when I was a young adult, it was 2.5.  And when I was a kid, it was even higher than that.  We were watching our population.  populations. We've seen how that's not working in Europe and it's definitely  not working here with this invasion on our border.  Well, we're going to have to cut a lot of waste.  I mean, a couple of things.  When President Trump wins, we're going to watch this economy grow so quickly.  We're going to have to grow our way out of it, and we're going to have to cut our way.  There's so much wasteful spending out there.  I mean, I can think of, I'll just throw a few things out that are very wasteful.  One of the things that...",L,F
2024-10-18_19-03-38_UTC_Kari_Lake_DBRsoIOBne6,2024/10/18,Kari Lake,DBRsoIOBne6,0.7814944612702596,-0.28457652817152357,166.89267186926557,754.8717749522203,2048.8395104275287,-0.16933712205570073,0.5904897257527826,-0.15912954822182582,8.06299087663705e-05,0.009068464266100324,0.0286313587282102,0.0007755999815886934,0.9278026569706004,0.02491337342689936,2.9229282571745315e-06,20.524766007594074,0.1346731728459908,0.20792678049748953,0.5238095238095238,0.238095238095238,0.0476190476190476,0.1904761904761904,102.42,42,358,3.4954110525288025,528,5.155243116578792," I saw the story on that.  I haven't watched the entire video.  And you know that I'm a really big supporter of our law enforcement.  And they don't always get everything right.  That's true.  They're human beings.  And it's unfortunate when a mistake is made.  And I believe in due process for our officers.  But really, I want to focus on the crime that's on our streets.  We have an increase in assaults that's happening, an increase in rape, an increase in murder.  No, instead he started marching to defund the police,  marching next to people holding signs  that said the most horrible things  about our brave men and women in law enforcement.  He actually called the police racist  and he called them the bad guys.  I know the difference between a criminal and a cop, okay?  And Ruben Gallego doesn't.  Anybody who wants to defund the police  and take away qualified immunity,  which is that protection that our officers has,  has no business being in office.  And so we're gonna fully fund our police  he wants to defund them.  I wanna defend our police and fund them.  When our cities were burning in the summer of 2020, when in Minneapolis, literally, rioters burned down a police precinct,  they were tipping over cop cars, throwing things at police.  During all of that, you would think that my opponent would be adult enough to say, wait a minute, this is wrong.  This behavior is wrong.  an increase in crimes in our stores.  I've been in stores before when my kids were little  and watching shoplifting happening right in front of our eyes.  It's really scary to be in a situation like that.  And we don't want to have to have our stores have everything locked up anymore.  We want quality of life back.  We want to make sure that if someone's committing a crime on the street,  that there's law and order.  There are consequences from actions.  And so I want to make sure that our police are fully staffed  and that we are fully funding them.  My opponent pushed legislation to defund the police.  Let that sink in.",L,F
2024-10-18_19-07-44_UTC_Kari_Lake_DBRtGBMh4PX,2024/10/18,Kari Lake,DBRtGBMh4PX,0.7908913927515407,-0.29738877961862126,169.29326472011505,700.6815677891308,2053.7532172864785,-0.2432551084298221,0.5560818977078531,-0.19641754867860423,0.0009135867458168091,0.005864906413378269,0.004473620800576341,0.023361805751808514,0.8114574930167338,0.08177294155468133,7.79031614455129e-05,27.0391694456375,0.12514801029554867,0.20615812555877325,0.4,0.28,0.06,0.26,112.64795918367346,50,404,3.577754162238753,559,4.950407368048175," And you and the media think it's no big deal.  You haven't even covered it.  that not one of you guys dug into that.  He was the first one to start talking about his divorce.  And when a reporter said,  I would like to fact-check what he said  and went to look for the divorce records,  which almost in every case are public,  And I had so many really strange messages from many of you yesterday that came into our campaign office.  from probably 2,500,  And she calls me, and I think she's going to be calling me about some cute little outfit she might have found.  I think that's a pretty big deal.  I'm not sure why I should apologize.  I didn't walk out on anybody.  I didn't leave my spouse.  It tells me a lot about the character of that man.  She had no idea it was coming.  And so that reporter started digging and said, I'd like to find out why these are sealed.  And a judge agreed because he's running for public office.  They should not be sealed.  Trying to get these records was a reporter  There's nothing here.  You said that.  This is a nothing burger.  What's the big deal?  What's the big deal?  If I had something that revealed such a massive character flaw like that, you guys would be all over it.  And she's crying.  A man walks out on his wife, serves her divorce papers, broadsides her.  She has no idea this is coming.  He found out they were sealed.  in a vulnerable state.  I don't know what the...  I think actually he probably should apologize  for his behavior.  And it's unfortunate that...  3,000 miles away.  It's really sad. It's despicable.  The media is so in bed with the Democrats right now.  It's really shocking.  I think there's a time for soul-searching, and the time is now, guys.  Hit her like a ton of bricks.  She had to go in and deliver that baby alone.  and says that her husband is leaving her.  She's just a few days away from giving birth,  serves her with divorce papers right before Christmas.  I'm sorry that you guys don't think that's a big deal.  I just imagine that happened to my daughter if she was pregnant  and we're days away from expecting our grandbaby.  you know nobody's really been covering this it's unfortunate i found out that the person",L,F
2024-10-18_19-10-12_UTC_Kari_Lake_DBRtYEFpJTz,2024/10/18,Kari Lake,DBRtYEFpJTz,0.7870543554875385,-0.2990690552739328,174.45526094818155,705.7610965217294,1999.6767696826143,-0.22906373992695978,0.5630294388518622,-0.09074509215672365,0.014948577490800459,0.000569365682247102,0.0003080693505197302,0.0346280803403651,0.8814676047438106,0.035725079474291564,5.232347231345193e-06,33.515095967897174,0.09710548614181527,0.21027630530999114,0.25,0.4583333333333333,0.0,0.2916666666666667,71.42,24,239,3.3464015681881825,346,4.844581349761971," and you're doing a disservice to the people of our state.  It saddens me because it used to be a decent outlet.  Now it's not even suitable to potty train a dog on.  And Ron, I really would hope that you would care more about your reputation.  And maybe it's time to go independent, Ron, and actually do some real journalism.  You guys really concentrate a lot on this, and then you write a story that I can't stop talking about it.  So I'll help you, Ron, so that you don't have to write that headline,  and I will ask if you have any questions about my policy to help put families first,  because my opponent, where is the...  Alright, I'll give Ron another one.  Anybody over here who hasn't asked a question?  Your op-ed reporter has an obsession with me that is unhealthy.  We want to make sure everything's run lawfully, Ron.  And, you know, you guys...  My opponent is really despicable,  and I don't ever see you guys talking about the fact that he's anti-police,  that he wants to defund the police, that he's for open borders.  I don't ever see you talking about the fact that he wants puberty blockers  and surgeries for minors.  It's just so lopsided.  And, Ron, your outlet is one of the most least respected outlets,  I think, in journalistic history.  You've written 20 hit pieces on me in a row,  20.",L,F
2024-10-18_19-11-16_UTC_Kari_Lake_DBRtf-BB-oF,2024/10/18,Kari Lake,DBRtf-BB-oF,0.7980442301960486,-0.29262649136207186,175.5025370789576,730.002451352097,2038.9471134835453,-0.13465838434918787,0.5930494380961642,0.04016094672358945,0.00016054012554354605,0.0006228630736357188,0.0007263486775720473,0.08306299149258899,0.8949780903924355,0.0006587210403598989,8.776182284910563e-06,25.064248432899177,0.14511915665436126,0.2263628686283963,0.3846153846153846,0.3076923076923077,0.0384615384615384,0.2692307692307692,57.97997732426304,26,226,3.897895826146947,313,5.398413245946878," I think we're done.  Thank you very...  Oh, I didn't give it to this lovely lady.  What's your name?  Well, I talked a little bit about it,  and we're going to start bringing down the cost of energy right away,  working on that.  Energy, we're talking about gasoline prices, bring that down.  And it takes energy to produce things, to produce foods.  It takes energy to transport food.  That's going to bring down the cost of a lot right away.  But what she wants to do will end up with Soviet-era...  Bread lines.  We will end up having food lines, and we will have empty store shelves.  The profit margin in the grocery business is actually very low.  And so it's astounding that that's her idea,  and I don't think there's anybody who supports that.  I mean, if you want to see what it looks like to live in a communist country,  it's going to look a lot like what we saw when we were kids  watching the lines of people waiting to get food.  It's a terrible idea for what she wants to do.  So we're going to work to bring prices down in a way that's more sound economics.  Anybody else have a question?  Okay, thank you everybody.  I appreciate your time today.  We're not going to do what Kamala Harris wants to do.",L,F
2024-10-18_19-34-09_UTC_Sherrod_Brown_DBRwGhDOrUd,2024/10/18,Sherrod Brown,DBRwGhDOrUd,0.8064880844689798,-0.22927676970034205,176.34808330258932,647.7306507097309,1743.2534014339149,-0.03975509684584433,0.6288640299239703,0.0007871044293331822,0.02226500300175997,0.011372454232978457,0.010035623279859296,0.0023411007876202334,0.8915188963989061,0.054105597035919405,0.007758167345778702,20.016844721882904,0.16977890011574118,0.20274603433065486,0.3684210526315789,0.4210526315789473,0.1052631578947368,0.1052631578947368,36.43099773242631,19,135,3.704720087815587,189,5.186608122941822," Bernie, use your connection.  Work on them.  Get them to change their mind, please.  Cleveland Browns.  Let's respect the great tradition of  Hey, Bernie Marino, I heard your biggest campaign donors are moving the Browns out of Cleveland.  Let's put politics aside.  I asked my opponent, Bernie Marino, to join me.  I grew up in Northeast Ohio.  I don't want the Browns to leave.  I know what it means to the city.  I know what it means to small business downtown.  I know what it means to fans.  I know what it means to workers.  So let's respect the workers.  Let's respect the city.  Jim Brown and Bobby Mitchell and Frank Ryan and Wooten and Hickerson and Shafrat  and Bernie Kosar, let's respect that tradition. For gosh sakes, stay in Cleveland.  Should be in Cleveland.",L,M
2024-10-18_22-05-03_UTC_Sherrod_Brown_DBSBWKkv3RZ,2024/10/18,Sherrod Brown,DBSBWKkv3RZ,0.8517426839686402,-0.4351159188742375,257.04790824874965,654.4167813553619,1827.598275879651,-0.2483333596651147,0.5478829269769186,-0.24676229969245903,0.00033224549220008494,0.0004962569916002769,0.0005371213795093643,0.0010508118225949627,0.9900021757029283,0.003993659200531574,8.718793296147114e-05,22.469831205704676,0.16331715099847097,0.2268514770884398,0.2,0.4,0.2,0.2,14.14498866213152,5,50,3.4059945504087192,71,4.836512261580381," to lose him elected officials in Congress.  or claiming it was too expensive and we ought to reassess this.  And our answer was...  It's never too expensive to send them to war, only too expensive to take care of them when they come back.  Our job is to represent that.",L,M
2024-10-19_01-15-37_UTC_Eric_Hovde_DBSXOtjpVA5,2024/10/19,Eric Hovde,DBSXOtjpVA5,0.7939842774564058,-0.20879328497470062,140.0321162688837,691.5032514429688,1807.1369048229417,0.05897583863195877,0.7020755943861211,0.09276683290152463,0.09100912293460175,0.0024411452770636633,0.01178078581624922,0.13590801278330308,0.5573952428555227,0.007890137059605503,6.888258545165163e-06,11.523183225981496,0.05038364700213519,0.3557449981794364,0.75,0.25,0.0,0.0,22.48,8,85,3.781138790035587,113,5.026690391459074," I entered into this race because I love my country.  I love America.  We've been blessed to live in this wonderful country.  But our country's gone in the wrong direction.  You can stay with Senator Baldwin, who's been in Washington for 26 years.  Do you think you're better off than you were four years ago or even 26 years ago?  I think it's time for a change.  I promise you I will work hard on your behalf and I'd be honored to have your vote.",L,M
2024-10-19_02-33-03_UTC_Mike_Rogers_DBSgARKx4xH,2024/10/19,Mike Rogers,DBSgARKx4xH,0.8694296137024539,-0.1839853717237841,203.4924044626114,804.8547884032554,1913.3821387252688,0.45712609695156137,0.8280740907537247,-0.25073106776139736,0.0839161743804543,0.00026829212647115787,0.00012555557480956316,0.3780271605365377,0.5323037075757059,9.431684583982479e-05,3.14331107738776e-05,52.88599569123243,0.23638411456820665,0.30848657768157817,0.4375,0.1875,0.1875,0.1875,45.64,16,169,3.7028921998247153,227,4.973707274320772," We're going to stand up for police officers who have been treated.  Yeah, you bet.  And come November, we're going to have their back.  We're going to stand up for the men and women who are serving in our military today  and are ready for a commander-in-chief.  And we will have their back.  Let's work together to do this.  We are going to stand up for Detroiters who have been neglected by the Democratic Party year in and year out.  We are going to have their back.  We are going to have the backs of every mom who is struggling,  for every girl who turns around and sees a male in their locker room.  We are going to stand up for the people who work every day.  We're going to stand up for the auto industry.  We're going to say no to EV mandates and yes to prosperity.  We, in November, are going to say we have your back.  God bless you. Get to work. Let's get it done.",L,M
2024-10-19_04-16-03_UTC_Colin_Allred_DBSr2ARocLh,2024/10/19,Colin Allred,DBSr2ARocLh,0.8545037499801589,-0.2603124163991573,119.71275021390686,527.6813057292177,1479.2586512879438,-0.21748542021032474,0.5625592843463401,-0.01931810881837173,7.174971536243947e-05,5.593309718357796e-05,7.685090802752533e-06,0.0002806846111474222,0.9981714613433085,2.4732714083073298e-05,0.0011685802734337407,20.623649625550378,0.08584326792924211,0.23051268460508628,0.2222222222222222,0.3333333333333333,0.1111111111111111,0.3333333333333333,36.71997732426304,9,132,3.594771241830065,200,5.446623093681917," Well, I think in part they are just now, I think, recognizing the objective reality of what we've known for months in Texas,  which is that this is an incredibly close race.  But we are building a broad coalition, one that includes, of course, Democrats, yes, but also independents and Republicans.  Every single day I talk to a Texan who's telling me that they've never voted for a Democrat before,  but they're getting involved with my campaign.  I was here campaigning with Liz Cheney not long ago in Dallas.  My friend Adam Kinzinger has been helping out.  We're building a broad coalition, and it's one that I think believes in our state and also in our democracy and our Constitution.  And it's one that's going to kick Ted Cruz out of office.",L,M
2024-10-19_14-12-45_UTC_Colin_Allred_DBTwGVPiQC3,2024/10/19,Colin Allred,DBTwGVPiQC3,0.7947701868631127,-0.26775044401860226,139.75980735326274,648.2419117286432,1716.9037696824587,-0.15856415697199472,0.6062677076903679,-0.06544399651953946,2.1282994996551155e-05,0.00013195804846950212,2.5685896135128826e-05,0.0018983919700379433,0.9929527054473642,1.3887884457387818e-05,4.978039015576125e-07,14.462324325281458,0.18651116217402516,0.11909009199723895,0.1111111111111111,0.3333333333333333,0.4444444444444444,0.1111111111111111,60.77299319727892,9,203,3.336620644312952,283,4.651545036160421," But then on January 6th, we had a shared experience that I think solidified that.  Yeah, if you told me, you know, seven years ago when I first ran for Congress that I'd be campaigning for Senate with Liz Cheney, I would have thought that something had gone horribly wrong.  And I guess you could maybe say that that is what happened.  But we were friends in the Congress and before she left.  And we were friends before January 6th.  And we've remained pretty close since then.  And I think that, you know, what her support is about is, yes, our friendship, but also that she understands that we cannot have someone who is as much of a danger to our republic as Ted Cruz still in the United States Senate.  That there are certain things that if you do when you're in public office, when you're given the high honor and privilege of representing an entire state, that if you use that high honor and privilege to undermine the foundations of our democracy, that you cannot then come back into office.  Or if you do, then you are going to continue to be a threat, but also we'll get more of that.",L,M
2024-10-19_20-29-45_UTC_Eric_Hovde_DBUbTQdogUS,2024/10/19,Eric Hovde,DBUbTQdogUS,0.8081081337780189,-0.2888677999778585,159.19572662314485,671.2881674154104,1785.438918146144,0.1293849338532917,0.7040174940139009,-0.05570546885115701,0.08799583215539619,0.005058150355538779,0.0003463989951993341,0.0026396523417212387,0.7977894283021977,0.0011154317906982938,0.00035703781528760884,36.13956169994441,0.1573737437992377,0.28114794052603337,0.3333333333333333,0.6,0.0,0.0666666666666666,46.04,15,164,3.562119895742833,237,5.1476976542137285," The one thing you have perfected in Washington is your ability to lie.  Senator Baldwin, I could care less about your personal life,  but when your partner is investing in companies that you're overseeing and you're not disclosing that,  that is an absolute conflict of interest.  Senator Baldwin goes back and votes for the deal that lifted the sanctions that funded the terrorism,  and that's why we're in this war today.  She's trying to take credit.  for doing something against fentanyl when it was Senator Tim Scott's bill.  He said Senator Baldwin offered no amendment and hadn't talked to her for two years.  Thank you, Mr.  Our country's gone in the wrong direction.  Senator Baldwin, who's been in Washington for 26 years,  do you think you're better off than you were four years ago or even 26 years ago?  I think it's time for a change.  I promise you I will work hard on your behalf and I'd be honored to have your vote.",L,M
2024-10-19_20-42-18_UTC_Bob_Casey_DBUcvk4skW5,2024/10/19,Bob Casey,DBUcvk4skW5,0.8313949399364685,-0.3476522759635849,123.13070390346306,738.8743423861413,1831.5659407954931,0.009548670299661392,0.6609189306023102,0.01834949048251434,0.03396600436959916,5.639837347943344e-05,6.938160729744812e-07,0.19917164387117503,0.7416033882212828,1.3929617122819397e-05,0.025109595529788472,11.255564655343132,0.13163652238466222,0.23014843531955484,0.3,0.2,0.0,0.5,24.24,10,82,3.3828382838283835,117,4.826732673267328," This is a very close race.  And the principal reason for that is...  that was set up just for him.  And that super PAC, one super PAC set up for one candidate,  has already outspent my entire campaign.  So I'd ask folks, if you want to help us beat those billionaires,  and by the way, they're out-of-state billionaires,  like the guy they're supporting,  please go to bobcasey.com.  This guy has a small group of billionaires that have funded a huge super PAC.",L,M
2024-10-19_22-04-30_UTC_Dave_McCormick_DBUmGZyuTCk,2024/10/19,Dave McCormick,DBUmGZyuTCk,0.9060030633089005,-0.1469159915159093,219.85111630095585,704.4098713975561,1741.927079802646,0.4546638164948835,0.8134494782198953,-0.20171437084321336,0.3151779007773465,0.005042418824363771,0.0034415374099661137,0.0031456138759146427,0.6317465279984072,0.0002649712803104857,4.3990401067774316e-06,13.680197448321183,0.07805971836639101,0.20880690383509173,0.5,0.0,0.1666666666666666,0.3333333333333333,22.92,6,75,3.272251308900523,108,4.712041884816753," He's a 30-year career politician.  When the bullets start flying, Bob Casey ducks.  And when there's a vote to vote, he votes 100% of the time for the radical liberal agenda.  of Casey and Biden. So we need new leadership in the Senate to put in place common sense  policies under President Trump to get our country back on track.  My opponent, I mean, my opponent was born with a political spoon in his mouth.",W,M
2024-10-20_00-00-42_UTC_Eric_Hovde_DBUzcMyMI0p,2024/10/20,Eric Hovde,DBUzcMyMI0p,0.7522342193229165,-0.2067783084764544,160.76572872208257,695.7964829404463,1786.2788275451162,-0.03357360713568709,0.6574261216369047,-0.2331343074529574,0.00025031338555476986,2.7759397382408835e-05,3.1865937077688724e-06,5.486552588879924e-06,0.9996891609792197,5.098687140126492e-06,1.3012864765734902e-06,22.26475430069076,0.1266873702011603,0.1689293672497509,0.2857142857142857,0.4285714285714285,0.0,0.2857142857142857,26.88,7,82,3.0505952380952386,119,4.427083333333334," But Senator Baldwin constantly goes and says, I would have voted against this and that.  And the reason why I would have voted against a lot of these issues is really simple.  It's because we're breaking our country apart financially.  We're driving ourselves off a cliff.  That's why inflation got ignited.  That's why the price of your food has gone up, the price of your rent, your health care, your car insurance,  because of this reckless spending that she's been engaging in.",L,M
2024-10-20_00-48-10_UTC_Dave_McCormick_DBU4yZFtBYc,2024/10/20,Dave McCormick,DBU4yZFtBYc,0.8576096641940104,-0.20475843042853134,237.43472256008852,865.2724432897385,1921.8344891258525,0.45930927927320475,0.7922326178255209,0.05230647331443508,0.20760952779920971,0.000630658128332416,8.471787422430187e-05,0.0698694521636465,0.7164811121234563,0.00037875120077825034,0.00232740527988887,34.71863035893189,0.16092959740272475,0.4452875722967858,0.375,0.125,0.125,0.375,15.36,8,52,3.385416666666667,66,4.296875," But we need to fight, fight, fight for the next 17 days.  No sleep.  Take our country back.  Thank you, Mr. President.  We're going to win this.  First time today, I just heard this an hour or two ago.  Good news.  First public poll that says McCormick's in the lead over Casey.",W,M
2024-10-20_01-06-32_UTC_Colin_Allred_DBU668OP9wT,2024/10/20,Colin Allred,DBU668OP9wT,0.9639435712902594,-0.21902559707839286,186.14039467622916,477.2439458597949,1564.179018774218,0.09400343011684519,0.6580599449143417,-0.02296752624957565,0.003846915793673862,0.007498952003088863,0.04295612589599907,0.12759402080709617,0.7918972544870237,0.013009325723787333,0.008808017735545258,30.512114461855123,0.19088193548816293,0.3319101421191646,0.5263157894736842,0.2105263157894736,0.1052631578947368,0.1578947368421052,40.86,19,193,4.723445912873226,247,6.045031815956926," I had so much help. That's why I believe so strongly in this state and who we are and what we can do.  If we get leadership that can bring us together around our shared values, spending all your time pitting us against each other.  I had a coach once say, have you ever seen a turtle on a fence post?  You know it didn't get there on its own?  So this is what we need to do, El Paso Democrats.  I need you to volunteer.  You can visit ElPasoDemocrats.com.  I am so excited.  the way Sandra Cruz does.  Ted Cruz is so out of touch.  Folks every day, they work with folks who they disagree with.  They don't just come in and say,  oh, you know, we disagree, I can't get anything done today.  They still got to find a way.  But we've gotten to this habit of electing folks  who think that if they don't get everything they want,  then they're just not going to be a part of anything.  When we beat Ted Cruz, we're going to make this a thing of the past.  That's what we're going to do.",L,M
2024-10-20_01-06-55_UTC_Dave_McCormick_DBU6-68tMku,2024/10/20,Dave McCormick,DBU6-68tMku,0.8406916131411644,-0.15734367388493,205.2562777609871,847.9079478510337,1831.5262648349808,0.5851178595541525,0.8606257534930447,-0.11348534373104972,0.015956501397039486,0.015549230269205775,0.00958505798040297,0.10613398482171113,0.7243104071607299,0.001578274330356455,4.1046514426194784e-05,16.370841223054903,0.12404717528956281,0.3348126287208941,0.4,0.1,0.1,0.4,38.82,10,122,3.142709943328181,176,4.533745492014424," Well, Mr. President, it all comes down to Pennsylvania.  It all comes down to the Keystone State.  We've got to put you back in the White House so we can have strength and common sense policies  to fight back on this crazy liberal agenda, the weakness of Kamala Harris that is taking us over the cliff.  So we're with you, Mr. President, 100%.  He's weak and he's voted 100% with the crazy liberal agenda of Biden-Harris.  We've got to send Bob Casey home.  We're going to fight for you, but we also got to get a majority in the Senate.  so we can put those common sense policies in place and that's why we've got to retire  bob casey 30-year career politician",W,M
2024-10-20_13-04-29_UTC_Colin_Allred_DBWNHQUPc60,2024/10/20,Colin Allred,DBWNHQUPc60,0.24890062158429171,-0.37516206554958087,106.09728400968021,758.3571145251433,1822.1146659712929,-0.19946223624423057,0.5893244588349105,0.05848453312722001,2.6462411962971572e-08,2.059698382626223e-08,4.677052973879748e-09,2.371926153502043e-06,0.9999973775704877,7.554243194962631e-08,8.651185328322965e-10,6.453239709410619,0.06270297519482539,0.11842581965279356,0.3333333333333333,0.3333333333333333,0.1666666666666666,0.1666666666666666,54.88002267573696,6,182,3.316326530612245,245,4.464285714285714," When it comes to home ownership and lowering the cost of housing, this is something that is incredibly important to me and that I hear from folks all the time about.  In my family, my mom rented a house from my aunt, who was her sister, for over 20 years until I helped her buy it when I was in the NFL.  And so I recognize how difficult it can be when there's housing supply is so short and when the cost of housing gets to be so high.  And here, I think we have to address the supply issue first, which is that we have to make sure that we are building much more housing and that we are building affordable housing that's connected to our to our neighborhoods and communities and doing it in a way that allows us to increase that overall supply.  While we know the demand is going to continue to increase.  And so that's what I've been focused on in my time in Congress. I look forward to working on that in the Senate as well.",L,M
2024-10-20_14-20-31_UTC_Sherrod_Brown_DBWV0ZKq-La,2024/10/20,Sherrod Brown,DBWV0ZKq-La,0.7817845355864079,-0.23212464238640557,145.03855438819764,644.8627112914872,1722.668839994398,-0.2502210205769984,0.5407386978899678,-0.19092168027930895,0.0007299843614086106,0.0017388706213307533,0.00953434221119135,0.035532422569444826,0.879389592544059,0.00905646718839822,4.1209348988931345e-05,15.93691334342704,0.11342445849372737,0.13349353961350233,0.3333333333333333,0.1666666666666666,0.1666666666666666,0.3333333333333333,30.9,12,132,4.271844660194176,172,5.566343042071198," And I came across a different translation called the Poverty and Justice Bible, and it goes like this.  When I was hungry and fed, when I was thirsty, he gave me a drink.  What you did for those who were overlooked or ignored, you did for me.  I remember being taught, when I was hungry, you fed me.  When I was thirsty, you gave me a drink.  And then it goes on to say what you did for the least of these,  you did for me.  And I remember thinking.  almost never talk about my faith, but I grew up a Lutheran in Mansfield.  And it's such a different meaning.  And it's really what, to me, what Christianity is.  For years, Jesus wouldn't have said that you're worth more than she is.",L,M
2024-10-20_15-37-59_UTC_Mike_Rogers_DBWeiNTPcbo,2024/10/20,Mike Rogers,DBWeiNTPcbo,0.8521102778719752,-0.2775610187025169,120.28091628983621,764.2787612241774,2029.8951303791448,-0.11594108915525587,0.6185559842399321,-0.12713608723334402,0.005241474934152399,0.005371055176151907,0.0005099360145395507,0.05099096561487512,0.9351100529344987,0.0012269278783937389,0.0001667071005163782,27.352341354713438,0.13454705611966827,0.2699781962724095,0.4186046511627907,0.2325581395348837,0.1162790697674418,0.2325581395348837,188.18002267573692,43,600,3.1884366032522053,889,4.724200233818684," And I hate to say this. I've seen this movie before, and it's the same people who are in the national security positions today for Biden that were there during Obama.  And there was also a massive leak back then on Israeli plans to take out the nuclear sites in Iran.  And the reason they do that, they have this odd love affair with Iran in this administration.  And I think it has engulfed the Middle East in fighting, number one.  And number two, they continue to try to degrade our military capability of one of our best allies in the region, which is Israel.  It is I hope they investigate it fully. But again, this is now to me, you know, once this can happen,  this is now a pattern of activity to undermine Israel's ability to defend itself.  And I think that's as about as serious an event as you can get.  Pretty, pretty good guess. You know, and what's the interesting thing is we're seeing this in other Senate races. Wisconsin, they're coming out showing Trump's Trump's face in a Democrat ad. Same with Casey in Pennsylvania. I think this tells you their candidate, Kamala Harris, is imploding.  People are starting to understand that she just really doesn't know what in the heck she's doing. And that progressive agenda is going to kill states like Michigan, banning gas cars and gas stoves and allowing biological males to compete against our daughters.  All of those things they've been promoting and voting on until election season. Now they have, you know, I call it campaign conversion where they think, well, there's we've got to go a different direction and they're the ones to get it done.  So we're.  I mean, our race is right where we need them to be. If they're starting to talk about Donald Trump, I think we're going to win.  Well, and our internals even have it closer, candidly.  Two things.  One, we have, I think, an unprecedented ground game in the state, probably the best in the country.  Just last weekend, we hit 40,000 doors across the state of Michigan.  Huge impact.  That's what's keeping us in the race, talking about real issues.  The EV mandate is going to kill the auto company.  Just think about the EV mandates that have already happened.  And remember, there's a five-year planning cycle for these automobiles.  Stellantis just announced 2,400 layoffs.  General Motors, 1,000 layoffs.  Ford said they had to charge off, which means they lost $5 billion in their EV division.  People don't want to buy the car that Kamala Harris and my opponent,  Alyssa Slotkin, are trying to make you have to buy.  And so that is having a tremendous negative impact here.  We've lost 29,000 manufacturing jobs just in the last four years here in the state of Michigan.  It's bad.  And brutal.  And so I know they come back at election time and say, no, no, no, we're the moderate.  No, by the way, I talked to Donald Trump on an occasion.  This is about as serious an economic problem for our people here in Michigan who are having a hard time buying groceries than I've ever seen.  And so people get it.  The autoworker coalition for the Democrats falling apart.  The Arab Muslim coalition for the Democrats falling apart.  And black males are coming over to the Republican Party in numbers we just haven't ever seen before.  Best of luck.  Thank you all.  Thanks.  Great to see you.  when it comes to somebody who's now fighting a two-front war, which is Israel.",L,M
2024-10-20_23-21-12_UTC_Dave_McCormick_DBXTqzyNhBh,2024/10/20,Dave McCormick,DBXTqzyNhBh,0.8734387041354797,-0.1547695229659471,196.61222034671601,708.3155252584088,1779.4506726766353,0.2967940392452547,0.7545216431813835,0.17856398250033964,0.06184508707578588,0.022691787042212926,0.004124777543579168,0.4024557343193882,0.4402844963090614,0.004075740518591782,0.0003178039761533378,26.694668863419608,0.1451797292118723,0.27402596487108155,0.36,0.24,0.12,0.28,62.74,25,221,3.522473700988205,314,5.0047816385081285," combat tour in Iraq, and then came back to Pittsburgh and helped run a great company  and create hundreds of jobs.  So I've lived the American dream.  My wife is an immigrant from Cairo, Egypt, came to America, Dina Powell.  My mom was from Punxsutawney, and I like to say that because Punxsutawney Bob is my opponent who only comes out every six years.  And I went to West Point, played football, wrestled, grew up working on a family farm, wrestled at West Point, went to the 82nd Airborne Division.  I know we got some 82nd guys here.  He comes out of his hole for a few months, right?  So we both, and we want to make sure that, we got six kids.  That's not as many as him, but we got a lot of kids, right?  Congratulations.  Congratulations.  That's a lot.  We want to make sure the American Dream's available for our kids,  make sure that freedom, the First Amendment, the Second Amendment,  are protected, our Constitution's protected,  and save the America we all love for our kids.  And this guy's leading the charge.  Thank you, sir.  I appreciate it.  Thank you.  This guy has lived the American dream.  I've lived the American dream.  I was born in Washington County.  I grew up in, my dad was from Indiana County.",W,M
2024-10-21_01-25-13_UTC_Dave_McCormick_DBXh5CoNzIS,2024/10/21,Dave McCormick,DBXh5CoNzIS,0.8978806195184502,-0.19167998093575567,155.39541857981777,665.6535130531371,1750.761619706291,0.2582956242511831,0.7412589466051661,-0.10307613104950616,0.002319825249777957,0.001560820037531318,2.1228706894470433e-05,0.08934135942680149,0.9055643719879048,4.4982482576611684e-05,3.5810931940911234e-06,31.1879547797277,0.2537319375885079,0.42027192482884546,0.25,0.25,0.25,0.25,10.84,4,42,3.874538745387454,63,5.8118081180811805," and save our country for our kids.  Thank you very much.  to not only put up signs,  But tell 10 people and tell 10 people and get Republicans out to vote, get independents out to vote, get conservative Democrats out to vote.",W,M
2024-10-21_13-46-04_UTC_Bob_Casey_DBY2koUpVXi,2024/10/21,Bob Casey,DBY2koUpVXi,0.8469524033971271,-0.3795535689028024,134.0004243780106,581.7558796685406,1576.2550215008303,-0.05894821047670488,0.6478560555629096,0.15423238422933594,4.559190572400256e-07,1.5738532367055888e-07,2.1267761642887977e-09,5.313149511328862e-07,0.9999987455809265,2.2679799567567778e-08,1.4236775926316478e-08,15.385322526676456,0.08796784764528619,0.10056464096561425,0.3333333333333333,0.4444444444444444,0.0,0.2222222222222222,53.843990929705214,9,156,2.896398069067954,243,4.511696992202006," Here's what everyone needs to do, even if you think you're already registered.  Head to IWillVote.com to check if you're registered to vote, register to vote, request a vote-by-mail ballot,  find your voting location for Election Day and where you can drop off your vote-by-mail ballot, and learn more about voting.  I hope everyone will take a moment to confirm you're registered for the upcoming election.  And after that, text three friends and make sure they confirm their registration, too.  For Election Day, Teresa and I love to head to the polls first thing in the morning to see democracy at work.  And don't forget to thank your poll workers for their efforts to ensure that we have a fair and safe election and can exercise our right to vote.  Finally, make your plan to vote.  Hi everybody, Bob Casey here. Today's an important deadline. It's the final day you can register to vote in Pennsylvania.",L,M
2024-10-21_14-50-26_UTC_Mike_Rogers_DBXfxAAvzha,2024/10/21,Mike Rogers,DBXfxAAvzha,0.8266411257384472,-0.30103917408123504,134.1719655333247,702.8086079001147,1774.5059589001694,0.01734743461986523,0.6537020491434223,-0.045664367941251026,0.002705425584755823,0.0022994936904123507,0.0007402161016420291,0.05853950521990122,0.8852374056815382,0.005487124020071333,0.00019328256379946702,23.29981931045617,0.1345532338294209,0.2866759232657521,0.2,0.24,0.18,0.38,193.62,52,659,3.403222474695311,958,4.947324932865111," Our people here are hurting.  And so when you talk like that, you're not connecting to anyone.  They want to bring in a big entertainment person, and you have 30 minutes of a great singer.  That's wonderful.  That isn't going to put food on your table.  Again, I'm not sure she might want to listen, actually, to some of what the president's proposing, what we as Republicans are proposing.  We're going to shut down the EV mandates that is destroying the American automobile industry as we know it today.  And you can see it in the layoffs. You can see it in the fact that people don't want to buy these things.  They're still pushing this agenda and the gas prices are high.  So when the president talks about cutting your gas prices, when he talks about more American manufacturing, which we must have,  China's at about 30 percent of manufacturing GDP in the world.  We've dropped down to 18 percent. He's he promises to flip that.  That's optimism. And people who are working for a living take it for what it is, optimism.  He said he's going to cut your electric bill in half because we're going to do an energy independence plan when we take the Senate and he becomes president.  You start doing the math on all of this. This is that is optimism.  That is going to impact your wallet. I didn't know what she said.  I'm not sure exactly what question she answered in any of that.  And that's what I think are worrying people here in Michigan and around the country.  She says she has a plan. I've not seen it. I haven't heard about it.  She says she's optimistic. We don't know what that means.  Listen, when you're hurting. And again, I was I worked on the assembly line.  When somebody walks in and gets that pink slip standing next to you, not only is that that a crush to that family,  it's also sends a wave of anxiety into your own family.  That is really hard to unwind.  I'm not sure exactly what that means.  It was really just shocking to me how far away she was from the issues impacting average Michigan citizens.  If you notice, she didn't say a thing about it.  She attacked Trump.  She attacked.  And remember, he was president.  People understand that their lives economically were much better.  We weren't in three wars.  Your 401K was bigger.  Your economic opportunities were larger.  Your gas prices were about half.  Your bread and egg prices were almost half.  I mean, this is unbelievable to me.  And now I get why our numbers are moving the way they are.  I hope she continues to talk like that.  We're going to have a better, that chance gets better and better every day going into November.  Yeah, well, I say welcome to Michigan, Madam Vice President, where in the last four years,  we've lost almost 30,000 manufacturing jobs. In the last jobs report that just came out,  another 9,500 manufacturing jobs, much related to the automobile companies, per EV mandates,  banning gasoline engines, pushing people to have to drive electric vehicles. We've just now  announced 2,400 layoffs at Stellantis, 1,000 layoffs at General Motors. Ford Motor Company  lost $5 billion in trying to comply with the EV mandates given them by Harris and my opponent  Slotkin. And it is absolutely working against the average worker. So I'm glad they're bringing very  multi-millionaire entertainers to come in. If they think that that is going to connect with  people who have just lost their jobs, just got a job, they're going to be able to come in and  just get a job. And I think that's going to be a very, very good thing. And I think that's going to  a pink slip and are struggling to put food on their table. This is exactly why they're losing  in a state like Michigan.",L,M
2024-10-21_14-51-36_UTC_Mike_Rogers_DBY-H8JvIz_,2024/10/21,Mike Rogers,DBY-H8JvIz_,0.8507564655617581,-0.28652966397488067,124.13401279374777,714.2302269983983,1813.8819460272243,-0.046016399310061455,0.6397929970362629,-0.15720617996889347,0.0005087214857470478,0.0022988166797109767,0.0045462216755317204,0.02839332377135019,0.9527385887554324,0.0009216171267717208,1.4762261381898896e-06,14.05667175474195,0.13261770857316252,0.23110134799414334,0.425531914893617,0.1914893617021276,0.0425531914893617,0.3404255319148936,206.92,47,661,3.194471293253432,974,4.707133191571622," Yeah. And here's the thing. They're already having this impact. These have been in place.  So they do it two ways. They give you EPA emissions at the tailpipe that the only way a producer of a car can make it is it has to be electric, number one.  And then the government, the federal government, is fining companies for you and I, Trey, buying a pickup truck or an SUV.  If they get certain out of how many sales you get and what those emissions are, they're fining these companies.  Last figure I saw all the all across the big three, nine billion dollars.  And so there when they say there's no mandate, what they're doing is punishing these companies.  Twenty four hundred layoffs at Stellantis, a thousand layoffs at General Motors.  Ford Motor Company said they lost five billion dollars in their EV unit, which means they're shutting down lines and they're going to be layoffs real soon.  This has a huge negative impact for the state of Michigan.  The rest of the country might catch a cold on something like this.  We're going to get pneumonia in the very fact that they're voting to ban gas cars and and gas stoves.  Well, first of all, people are having a hard time affording groceries, Trey.  I mean, I talked to a woman the other night who works part-time.  Her husband works full-time.  They have four kids.  Their budget still isn't making it.  They're going to the food pantry the last two or three days of the month.  People are getting crushed by these prices.  Secondly, it's illegal immigration.  We've had illegals sexually assault a girl in Oakland County and actually several cases in Oakland County.  One in my home county of Livingston murdered a woman in Kent County by an illegal immigrant.  I mean, we have this constant and growing illegal immigrant crime problem in Michigan and the sheer cost of it.  Think about this, Trey.  $450 million that the federal government has spent housing, giving debit cards and all of the nonsense to illegals,  that's enough money to pay for every Michigan state trooper and every Michigan teacher for 15 years.  So they get all that, and then you add EB mandates and what China's doing to us,  and I think the recipe here is for a big Michigan win in November.  Thanks, Trey. And rogersforsenate.com, any of your viewers want to get involved in a state that will make the difference, this is it, rogersforsenate.com. Thank you, sir.  You know, 100 percent, and I'll go through them quickly if we can, supported the Afghan withdrawal that was absolutely disastrous, embarrassing and unnecessarily cost the lives of 13 members of our U.S. military.  I think this is going to leave a mark for us for decades, unfortunately.  Then you look at their decisions to go after Saudi Arabia and say, hey, we're not going to let you go after the Houthis.  She was a part of that decision.  Then the Houthis coming off the terrorist list.  She was part of that decision.  Then allowing Iran to sell oil into the market that gave them access to billions of dollars that has now entangled us in the Middle East.  That money went to Hezbollah.  It went to Hamas.  It went to the Houthis.  It went to other Shia-based militia groups across the Middle East.  And it is causing huge problems.  And they just keep doubling down.  They just keep saying, no, no, no, we've got to keep talking to Iran.  That's the solution.  Iran is the problem.  And my argument, Trey, is if you don't understand that by now and you've spent your career believing that, well, we shouldn't give you a promotion to the Senate.  doing these EV mandates is having a tremendous negative impact today. It's not even hypothetical  anymore. We're losing jobs today because the government wants to tell you what kind of car to drive.",L,M
2024-10-21_17-52-38_UTC_Elissa_Slotkin_DBZRucXgGje,2024/10/21,Elissa Slotkin,DBZRucXgGje,0.7680401701561181,-0.241524085653985,231.0067902997915,761.3651986307176,2065.997043078676,0.1829239077785672,0.6803006653586496,0.21538240836982506,0.05475098812519885,0.0027060990078366736,0.003190755631946823,0.15544032492136522,0.7681169965410533,0.0038203787840096993,0.0004490000260394365,28.50545260027566,0.05626626053458472,0.12845399181931774,0.0,0.3333333333333333,0.6666666666666666,0.0,4.74,3,23,4.852320675105485,27,5.69620253164557," And we know in Michigan, we can at least as do as well as Georgia.  So let's do it.  Run through the tape.",W,F
2024-10-21_18-23-23_UTC_Dave_McCormick_DBZWXP5yQqD,2024/10/21,Dave McCormick,DBZWXP5yQqD,0.7701180522422654,-0.16727432726106375,157.0572715490104,694.3625005622245,1910.429791686465,0.20037234911894286,0.729226548311484,-0.03791293334494899,0.02988980343582359,0.007207043160736644,0.004652417729763158,0.010216205520470957,0.8108030179438319,0.0006470234871369973,3.365734524311394e-05,19.025444133473954,0.1303598857743587,0.3246298935484879,0.4166666666666667,0.1666666666666666,0.1666666666666666,0.25,38.14,12,126,3.303618248557944,209,5.479811221814368," And anti-business is these huge regulations that are stifling.  Not everybody needs to go to college.  They just have to have the skills to have a great career in the American dream.  What the Democratic Party is running on now is not only anti-business, it's anti-success.  businesses, whether it's dairy farms or SpaceX, and everything. I mean, fracking. I mean,  you don't have to ban fracking to ban fracking. You just have red tape and bureaucracy and all  sorts of stipulations that make it impossible to succeed. And on the personal success side,  we need to give every single kid the opportunity.  With great schools to be everything they can be,  our school system needs to be totally renovated  to give everybody an opportunity.  Not everybody.",W,M
2024-10-21_21-03-47_UTC_Colin_Allred_DBZowlVCnMF,2024/10/21,Colin Allred,DBZowlVCnMF,0.883186427733813,-0.32021932316574886,123.92235565893488,530.434019919604,1554.3910450520762,-0.12721237856837592,0.5816014285088293,0.16597992142652543,5.1693172653417416e-05,0.008735183563131832,1.84259856537034e-05,0.0564289871421091,0.9323624087814487,0.00021810906026294006,0.00019197663760109454,17.603039359711158,0.16106905194806026,0.2551631886810218,0.2222222222222222,0.3333333333333333,0.2222222222222222,0.2222222222222222,30.58,10,100,3.270111183780249,138,4.512753433616743," Hey everybody, we just voted early at my childhood polling place at Fretz Park.  It was so fun and so easy.  The line was incredibly long and it was exciting for me because I've come a long way.  I was raised about three blocks away from where we voted this morning by a single mom  in a house that she rented for over 20 years.  And it was incredibly humbling to have a chance to at least get two votes, I think.  Yeah.  A podi najcet sene.  Yeah, go down and vote.  Go to mytexasvotes.com, make a plan, and vote.",L,M
2024-10-22_04-16-17_UTC_Colin_Allred_DBaaQYxMm0g,2024/10/22,Colin Allred,DBaaQYxMm0g,0.7736269317310367,-0.23950767061341843,113.51353980918219,675.4216909543435,1682.7226938988701,-0.22475167582162367,0.5859129041249811,-0.09707823973003826,0.10429928498863811,0.0006075131663365696,0.00022997187650502208,0.12515967445499102,0.708844445988805,0.0010140595198171658,0.000531105301627132,33.98403753862327,0.1346317371105585,0.30128092568002984,0.3076923076923077,0.5384615384615384,0.0,0.1538461538461538,39.74698412698413,14,146,3.6720321931589535,214,5.382293762575452," this abortion ban in Texas has been horrific.  But also, as I felt in that debate, and I've been feeling for some time,  And there have been so many brave Texas women and Texas families who have come forward and  told their stories, Amanda Zyrowski and Kate Cox and Lauren Miller and Dr. Austin Dennard  and Taylor Edwards.  And I could keep going, because there are so many stories, and they are so incredibly  powerful.  And we're going to continue to hold Ted Cruz accountable for being responsible for this  abortion ban here.  Ted Cruz is simply too small for Texas.  You know, everything's bigger in Texas, and he's too small for our state.  His vision for us is too small.  And that's why we're going to turn the page.  But we need folks' help, and I hope folks will go to ColinAlward.com and get involved.",L,M
2024-10-22_12-31-52_UTC_Colin_Allred_DBbS6bQv7Qk,2024/10/22,Colin Allred,DBbS6bQv7Qk,0.8329100975115113,-0.2557823027214499,137.88242138946075,567.9186129769175,1532.4741967852513,-0.029221085077180832,0.6313114582464364,-0.18232237582654479,0.01589587576584886,0.005219773388238502,0.0008261629697685658,0.0378969624175305,0.8911424482876018,0.006057860228699534,8.0416582861673e-05,26.795086544914373,0.13614220636935936,0.22102103998590505,0.2888888888888888,0.3555555555555555,0.0666666666666666,0.2888888888888888,102.51997732426304,45,460,4.486929379633241,633,6.174404994147482," Can't take his time and answer.  No, no, you can't have my time.  I'm Colin Allred.  I'm a fourth-generation Texan.  I'm a husband and a father.  I was raised here in Dallas by a single mom who's a public school teacher.  And I've been shaped by every part of this state.  He talks tough, but he never shows up.  We have a phrase for this in Texas, all hat and no cattle.  This is a pattern for him.  He's never there for us when we need him.  When the lights went out in the energy capital of the world, he went to Cancun.  On January 6th, when a mob was storming the capital, he was hiding in a supply closet.  And when the toughest border security bill in a generation came up in the United States Senate, he took it down.  So to every Texas woman at home.  Because you're a threat to democracy.  and every Texas family watching this,  understand that when Ted Cruz says he's pro-life,  he doesn't mean yours.  At the same time, after he'd gone around the country lying about the election,  when that mob came, Senator Cruz was hiding in a supply closet.  This election is his accountability.  If Senator Cruz is telling you something that doesn't match what you're seeing from others,  then it's probably because he's lying.  Senator Cruz just looked into a camera and lied to Texans.  I don't want to be a former NFL linebacker to recognize a Hail Mary when you see one.  You know, when Ted Cruz starts talking about team sports, you've got to watch out  because the only position he ever played was left out.  And I'm not trying to be mean, Senator, but just sit this one out, please.  This is not freedom.  I trust Texas women to make their own health care decisions.  Senator Cruz treats our border communities like he's going on some kind of a safari.  He comes down, he puts on his outdoor clothes, he tries to look tough,  and he goes back to Washington and does nothing to help.  What I think is that folks should not be discriminated against.  And what Senator Cruz should try to explain to you is why he thinks they should.  I know where I was and I know where he was.  I took off my suit jacket and I was prepared to defend the house floor from the mob.  The truth is, we don't have to be embarrassed by our senator.  We can get a new one.  That's what this election is all about.  That's what I'm asking Texans to give me a chance to do.  You can't be for the mob on January 6th and for the officers.  You can't.  And it's not funny.",L,M
2024-10-22_17-13-12_UTC_Dave_McCormick_DBbyuzJOJfr,2024/10/22,Dave McCormick,DBbyuzJOJfr,0.7405478201244406,-0.2740915611239555,132.7732113742085,724.9761891885366,1856.8423920868465,0.059666657978805555,0.6938933668576545,-0.11981688722157595,0.13231257887895542,0.004939114746530014,1.9322834413966733e-05,0.004837622228828956,0.7873810738393797,0.0037405179815915668,0.06670985065148599,17.76416605214643,0.16233371087296317,0.2834177446781662,0.3333333333333333,0.1666666666666666,0.0833333333333333,0.4166666666666667,22.34,12,75,3.3572068039391225,107,4.789615040286482," duty, honor, country.  Let's make a change.  The United States Military Academy, West Point.  duty, honor, country. That's my commitment.  And we've got to make a change.  Bob Casey's had 18 years, and he's never made a difference.  He's too weak.  I'm Dave McCormick. Our country is stuck.  It gave me the code I live by.  I'm Dave McCormick. I approve this message.  I'll go hard every day.  When I screw up, I'll own it.",W,M
2024-10-22_19-45-56_UTC_Mike_Rogers_DBcEn1vPDpy,2024/10/22,Mike Rogers,DBcEn1vPDpy,0.8015820730000001,-0.2674004435539245,125.3304410259728,899.9615498469564,2047.272137050872,0.3654451456050827,0.8020418999999999,-0.10737735911818791,0.6460685133934021,8.215859452320728e-06,5.781265031146177e-07,0.0001080450456356,0.35379260778427124,1.758066900947597e-05,3.353189413246582e-06,0.0,0.0,0.0,0.0,0.0,0.0,1.0,5.96,1,19,3.1879194630872485,27,4.530201342281879," I'm Mike Rogers. I approve this message. I've always stood up to China, and I'll stop Slotkin's China deal.",L,M
2024-10-22_21-04-43_UTC_Eric_Hovde_DBcNsVBpX9X,2024/10/22,Eric Hovde,DBcNsVBpX9X,0.8415649526514598,-0.3713179251627765,206.27053703540392,756.730755088826,1785.4015627920717,0.15684389879060798,0.6836368750091241,-0.06276075592778672,0.8234430385128311,0.0011640509099230378,0.004902046692846671,0.02477784372221559,0.1425001403782741,0.002139068162800934,0.0006577114484303966,24.454999022468723,0.17408136347356942,0.1881761087790317,0.4545454545454545,0.0909090909090909,0.2727272727272727,0.1818181818181818,21.92,11,77,3.512773722627737,105,4.79014598540146," It's time to restore America, everyone.  Let's save our great country.  Now, it's two weeks left.  We need everybody to get out there, grab your friends, grab your family members, your neighbors,  the people you go to school or play sports with or go to church with.  Get them out voting. Get them on our side.  Let's go do it.  Early voting started today.  Both my wife and I got out.  We got our stickers.  We voted.",L,M
2024-10-22_22-56-14_UTC_Kari_Lake_DBcaY7TSESQ,2024/10/22,Kari Lake,DBcaY7TSESQ,0.8171034009690478,-0.3845106802999027,219.48631292302218,949.2279534432674,2210.681277875758,0.10882172199122861,0.6664395880793652,0.0447340089121871,0.03003351283325064,0.06194223624826407,0.005985660219181843,0.283137096894634,0.5886160769726004,0.0004281998894750297,6.379443306740868e-05,32.78093764211988,0.08157580841843416,0.265979836538286,0.7,0.0,0.0,0.3,25.2,10,97,3.8492063492063497,131,5.1984126984127," Hey, Yuma, it's Carrie Lake, and we are on the way to Yuma.  We're going to be there at 4 o'clock.  We're meeting everyone at the county recorder's office because we're going to vote early.  We are so ready to get those votes in and make sure we are.  just stacking up the votes, banking the votes before Election Day.  So join us at 4 o'clock at the County Reporter's Office,  and we have a whole night of great events planned.  We'd love to meet with you and talk to you.  Can't wait to see you.  Bye-bye.",L,F
2024-10-23_00-32-34_UTC_Dave_McCormick_DBclc_ntu-H,2024/10/23,Dave McCormick,DBclc_ntu-H,0.7270088074816055,-0.37408189891174093,151.29394937058055,849.5703104421747,1840.63112728796,0.038117117735249666,0.6187686917324414,0.09738280166470166,0.11044872678658862,0.0003307639860588618,7.439520297589779e-05,0.1036548202294565,0.784125772195646,0.0007733725853995019,0.0001564686691800842,29.543514504200683,0.1480970947804924,0.27913989353697605,0.4,0.2,0.0666666666666666,0.3333333333333333,29.9,15,116,3.8795986622073575,168,5.618729096989966," I'm headed to a TV interview right now in Pittsburgh and then out to Butler County to meet with small business owners  and then have an opportunity to be on hand and knee tonight.  So busy days, couldn't be more excited.  and demand.  crisis we got to deal with harm reduction supply  uh... headed into the home stretch could be more excited about it  Diet Coke keeping me going.  Got one from Chick-fil-A today.  It's probably five or six so far.  Another busy day on the campaign trail.  14 days to go.  Started in Pittsburgh, went to Westmoreland County.  Spend some time at a fentanyl testing center.  We've got to deal with this.  It's a national.",W,M
2024-10-23_01-46-38_UTC_Mike_Rogers_DBct3jQPJvw,2024/10/23,Mike Rogers,DBct3jQPJvw,0.7960714727661825,-0.20623379788771173,122.29810927645303,806.799273853457,1877.6145321644701,0.07792737203161228,0.6943205047589169,-0.22206776935484793,0.012643420882766857,0.0031341998423575785,0.00013569263479383677,0.13525746818546408,0.8362774129378293,0.0002707656200473198,1.9389640069195525e-05,7.360712528068643,0.10310377614932575,0.19383378352833194,0.2777777777777778,0.3888888888888889,0.0,0.3333333333333333,60.56,18,196,3.2364597093791283,279,4.607001321003963," You know, all of their policies, Sean, has given you higher gas prices, higher grocery prices.  Here in Michigan, they voted for EV mandates.  My favorite was my opponent went about six weeks ago on the House floor of the United States Congress,  voted for EV mandates, and then came home and ran and added, said, I'm not for EV mandates.  I have never seen such dishonesty in my life that I have in this campaign.  They're all trying to be Republicans today.  Now they're for no spending.  Now they're not for EV mandates.  Now they're going to be tough on the border.  Listen, this tells you that their campaigns are imploding.  And people in Michigan know that their grocery prices, their gas prices, their housing prices,  the fact that we had 2,400 layoffs at Stellantis, 1,000 at General Motors,  Ford lost $5 billion because of this crazy EV mandate coming out of Washington and Democrats,  is costing them their future.  And so that's why I think we're winning, Sean.  And I think people.  Are starting to get the fact that no matter what they're saying on TV,  that's not what they're doing in Washington, D.C.",L,M
2024-10-23_02-35-06_UTC_Bernie_Moreno_DBczc6yt8m7,2024/10/23,Bernie Moreno,DBczc6yt8m7,0.8686894835724243,-0.2569442173283813,124.6422050191497,600.0376948624927,1614.4054387138733,0.0024223009851211193,0.6575329009114381,-0.012768149065061714,0.061354283323923016,0.0019289118474754355,0.0003747368414829747,0.032043663977156966,0.8710572363608203,0.02454778147005177,7.476041230776995e-06,11.463772586194246,0.14240613577014216,0.2860153788594872,0.7391304347826086,0.0434782608695652,0.0434782608695652,0.1739130434782608,77.46,23,278,3.5889491350374385,396,5.112316034082107," All right, Bernie Marino, we're watching Ohio very, very closely.  No, he hides from Joe Biden and then he now hides from Kamala Harris.  Although, by the way, Sean, remember, he wanted to be Kamala Harris's vice president in 2019.  And now he can't run far enough from her.  He runs ads with President Trump in it.  Look, the reality is this guy, like Kamala Harris, is a complete fraud.  He's not who he says he is because he can't run on his actual record.  You have it scrolling down on your screen.  Can you imagine having to run on that record?  You'd get slaughtered in a campaign.  So all he has is available to him is to lie.  We're not letting him get away with it, which is why we're going to win this race.  Well, the actual technical number is 98% of the time, Sean, but 100% of the time when it mattered.  And more importantly, when President Trump was in the White House,  Sherrod Brown voted against him 100% of the time when it mattered.  Look, I was at a school today visiting a kindergarten, first grade, second grade charter school  that just opened here in Columbus.  A little six-year-old boy raised his hand and said, I know that man, that's Bernie Marino.  And I also know Sherrod Brown is too liberal for Ohio.  So if a six-year-old gets it, I think the people of Ohio get it.  It's time to get rid of this 50-year politician.  Put an outsider in there, a business person that actually knows how to get things done  is always going to put the interests of the American people first.",W,M
2024-10-23_04-20-01_UTC_Kari_Lake_DBc_fwXp1IF,2024/10/23,Kari Lake,DBc_fwXp1IF,0.8191538361905608,-0.38327799807779506,221.38056755406836,924.4302403137939,2275.200458829309,0.17747789106866033,0.6953906096349064,0.11191462190776003,0.0008188356395722306,0.0002919353830576147,2.5527107799139716e-05,0.1240598638109309,0.874083816786451,5.509008910702349e-05,2.392346772487785e-06,11.139869175418845,0.14339720993197097,0.23448306471774413,0.6,0.0,0.0,0.4,22.46,5,69,3.07212822796082,103,4.5859305431878905," Hey, Arizona. Contrary to popular belief, I'm not the one driving this bus on our tour.  I'd like to introduce you to the pilot and co-pilot of the Make Arizona Grand Again bus tour.  We're having a great time, and I need you to go out and vote.  Vote early and get your mail-in ballots turned in right away.  Let's make Arizona grand again and make America great again.",L,F
2024-10-23_14-53-13_UTC_Dave_McCormick_DBeHonPOfN3,2024/10/23,Dave McCormick,DBeHonPOfN3,0.7864733618360353,-0.1932546176234548,145.9819109868153,642.1883864869196,1784.9698811376427,0.0466796070375584,0.6535002866056484,-0.06765165809901894,4.086706323275888e-05,0.0003228524091882396,0.0014391812313077922,0.06799272244084052,0.9123353332820994,8.115564423417706e-05,4.962765970908691e-06,11.791634043966036,0.06560511114189561,0.18260419711206655,0.5333333333333333,0.2,0.0666666666666666,0.2,76.48,15,243,3.1773012552301254,371,4.850941422594142," Yeah, this is ground zero. The Keystone State, you see it at the presidential race and you also see it in the Senate race.  I mean, President Trump has great momentum.  It's the race between strength and common sense policies versus the weakness of Kamala Harris in this radical San Francisco liberal agenda.  For me, my race has moved a lot. There's a huge momentum. I can feel a movement.  For those who want to learn more about me or support my campaign, it's DaveMcCormickPA.com.  And the race is really between a seventh generation Pennsylvanian, a West Point grad, a combat vet from the 82nd Airborne Division,  and someone who's a business guy and a political outsider versus a career politician.  Bob Casey has been in elected office 30 years, 18 years in the Senate.  He's weak and he's adopted this radical liberal agenda and voted 99 percent of the time with Biden and Harris.  So he's voted for wide open borders. He's voted for sanctuary cities, voted or supported defunding.  The police, he's been in lockstep with all this reckless spending that's created this huge skyrocketing prices.  And he's even supported biological males competing in women's sports.  So this is a guy who's lost touch with Pennsylvania.  And I think people are now seeing this race as a race between change and the status quo.  And I think that's why it's closed and why the momentum and the wins at my back.",W,M
2024-10-23_15-45-06_UTC_Bob_Casey_DBeN2BxsttT,2024/10/23,Bob Casey,DBeN2BxsttT,0.8770508071679389,-0.3026263306329723,117.03334708629775,559.398924554353,1576.546416154745,-0.27821875958383624,0.5119929988454198,0.08935242006037211,0.00791553390226316,0.014481608532439974,0.00669701660535917,0.012198544050030909,0.8957421858403973,0.04763354828308354,0.013340181570866999,20.150006382049842,0.21154841529591584,0.2789522612623199,0.3846153846153846,0.1538461538461538,0.1538461538461538,0.3076923076923077,20.96,13,78,3.7213740458015274,97,4.627862595419847," bat from 1971 series. I wish my little league teammates could see me holding this bat.  Oh, there it is, yeah.  Yeah.  You can see Clemente holding the pen.  Yeah.  Look how big his hand is.  Oh, they're giant.  The amazing thing about Clemente is how big a bat he is.  I wish my little-age humans could see me holding this bat.  So he uses that.  How are you?  Good to see you.  Good to be back here.",L,M
2024-10-23_16-15-38_UTC_Eric_Hovde_DBeRaFPp-Oi,2024/10/23,Eric Hovde,DBeRaFPp-Oi,0.6557185927006507,-0.43387704770890856,129.9117975840459,809.6151229704267,1852.0903978058957,-0.004962791836907716,0.670833571438901,-0.09063284126351205,0.0032025362118526714,0.0021977827646406955,0.00037662738236671087,0.0027264126674392893,0.8265710350231081,6.369876041314802e-05,6.960721328796039e-07,8.715797651172043,0.10022533794768261,0.20262127568090194,0.5,0.25,0.0,0.25,27.66,4,85,3.073029645697759,119,4.3022415039768624," Washington is corrupt. Senator Baldwin says she fights against Wall Street, and yet she lives with a Wall Street executive and gets all this money from Wall Street.  She says she's standing up to Big Pharma and Big Tech, but look at the money she rakes in from Big Pharma, Big Tech, and their executives.  Senator Baldwin doesn't work for you. She works for them.  Hi, I'm Eric Hovde. I approve this message. I'm not taking their special interest money. I'll only work for you.",L,M
2024-10-23_19-19-04_UTC_Sherrod_Brown_DBemP6LqCuF,2024/10/23,Sherrod Brown,DBemP6LqCuF,0.7530875431064462,-0.18433609263903517,144.22948135749718,704.4093318649433,1762.1145430418408,-0.10709332256682773,0.5868475870229009,-0.17936130827967528,0.07493697415639558,0.003363390652216489,0.0001533446610428913,0.007547389241576587,0.9088048501437191,0.003920235537491319,0.00018511587496184526,19.07468576961501,0.16853584762062662,0.207977971112012,0.3333333333333333,0.4,0.0,0.2666666666666666,47.16,16,194,4.07905803195963,261,5.487804878048781," canary in a birdcage. Mine workers used to take a canary down to the mines when they  didn't have a union strong enough or a government that cared enough to help them.  He was really on his own.  I wear that pin signifies to me that workers are the center of what we should fight for in government.  I don't know that Democrats around the country have focused on that the way that we should.  And workers, that symbol also means to me that 100 years ago, Wall Street didn't come to us and say, hey, I think we should start Social Security and take care of seniors.  We fought for it.  We demanded it.  We got it.  The polluters didn't come to us and say, it's time to clean up Lake Erie.  I want to help.  We had to force them, demand it, and make it happen.  We didn't create Medicare because the health insurance interests wanted to help us.  Civil rights didn't happen because a bunch of Southern segregationist senators said it's time to give them the vote.  I wear, when I have a suit on, I wear a pin.  It's a...",L,M
2024-10-23_20-57-41_UTC_Bob_Casey_DBexm1FpKt3,2024/10/23,Bob Casey,DBexm1FpKt3,0.8982974119674281,-0.24573786727401128,96.54825523552043,620.3413877043664,1600.633681626617,-0.5703685456505798,0.4626445713450015,0.05613905868359248,0.03175258361625597,0.03056314223755005,0.00039323412105610585,0.004003535622656454,0.8782168185269309,0.05407816543541108,0.0009285575608196786,33.8106749266733,0.1776073194935096,0.17976048575276352,0.6923076923076923,0.1538461538461538,0.0,0.1538461538461538,34.39795918367347,13,131,3.760045924225029,185,5.309988518943744," is a jack of all trades, a multitasker par excellence.  The first one is a food item.  Well, I think I can combine this into two food groups,  beer and cookies.  Lots of options on cookies, but India Pale Ale beer.  And there are lots of breweries in Pennsylvania.  I'm not gonna pick one.  And you can see it's a lot of reading, so you could be on that island for a while.  So if I'm on a desert island alone, I would need a lot of help.  So I would call the person who  Okay. Usually on a beach in America or on a desert island, most Americans are reading the history of Pennsylvania.  That's what I would want on the desert island.  That, of course, is my wife, Therese.",L,M
2024-10-23_22-04-06_UTC_Colin_Allred_DBe5QEuoxtm,2024/10/23,Colin Allred,DBe5QEuoxtm,0.8063553643001687,-0.172006572638086,126.50267052208974,680.9299352988504,1703.1070644102435,-0.07582237210343917,0.6391270222596965,0.10972366776252393,3.233073048888214e-05,1.4382873744223426e-05,1.1185476053774906e-06,0.2763999650431099,0.7234971436989804,8.115289794777696e-06,3.4562701177782217e-07,33.258715382025166,0.14029621159192127,0.24336972600863638,0.125,0.625,0.125,0.125,35.58,8,134,3.766160764474424,192,5.39629005059022," Yeah, I'm not really interested in our past. I'm interested in our future.  And the fact is, is that Ted Cruz is too small for Texas.  I've been endorsed by every major editorial board in our state.  We had a debate the other night where I think I exposed him for what he is.  We are working right now and seeing already fantastic early voting turnout.  And we don't have to have a senator who goes to Cancun when we need them most or who takes away a fundamental right from Texas women.  And this is not who we are. I'm a fourth generation Texan and I know who we are.  And so this is an election about our future. And on November 5th, we're going to turn the page and beat Ted Cruz.",L,M
2024-10-23_22-45-43_UTC_Colin_Allred_DBe-CJ3uWVs,2024/10/23,Colin Allred,DBe-CJ3uWVs,0.773195873,-0.2819905877113342,170.09058178715125,575.879175327994,1696.7344251516097,0.08009523059403056,0.65127075,-0.10894429064023559,0.0014665682101622,0.0001931809092639,0.0001239575940417,0.0359786972403526,0.959858238697052,0.0011792638106271,0.0001232512731803,0.0,0.0,0.0,0.0,1.0,0.0,0.0,1.86,1,10,5.376344086021505,13,6.989247311827957," Hey Texas, I have somebody I want you to meet.",L,M
2024-10-23_22-57-58_UTC_Kari_Lake_DBe-TZsy_4E,2024/10/23,Kari Lake,DBe-TZsy_4E,0.811866998592256,-0.2821920001688048,176.5015983748782,864.676949132207,2190.7537298635593,-0.07709636775951591,0.621969642633155,-0.1930947839897994,0.0066521047821583475,0.02222297657462303,0.017062285945811665,0.09455252441408463,0.7736392026057236,0.021468178703276435,0.011847359275386469,30.07859396732522,0.15432222364543166,0.35114515797323614,0.6111111111111112,0.2222222222222222,0.0277777777777777,0.1388888888888889,81.15197278911565,36,341,4.115375331885108,465,5.611875452570602," I don't owe any...  And I have vowed to them we're going to do everything to protect them.  will help in any way possible.  busing him in from San Diego.  It is the worst thing I've ever seen happen in my lifetime in this country.  We're sick and tired of it.  And this crap is going to stop.  Entity back east, I don't know any.  made an app to bring people here illegally.  And I'm ready to get in there and go to work.  And I don't know.  You know, the buses, if they can bring them in, they can certainly bring them out.  And when we're done with our campaign, I'm happy to take our tour bus here  and turn it into a bus where we load it up with people who invaded our country  and send them back home.  And I will do everything in my power to make it come to an end.  And I look forward to it.  It's going to be fun.  putting them up in four-star hotels and in apartment complexes and kicking Americans out.  It's absolutely disgusting.  It's treasonous.  bringing them in over the app.  And frankly, we're pissed off.  Any lobbyist, any money, Ruben Gag was sleeping with a lobbyist.  I'm not.  government  And it is the biggest insult to the people of this country and the people of Arizona.  And I'm going to stand up and fight these bastards every step of the way.  And I know President Trump is as well.  coming people over, coming over every night, 75, 100 people every night.  If that doesn't make your blood boil, I don't know what will.  There's an app out there for people in all these different countries.  You just go on that app and say, I want to come to America,  and they'll facilitate you coming here illegally.  That way you don't have to come through and we don't have to get the video of it.  consultant money i don't know anybody any favors except for the people of this state",L,F
2024-10-23_23-27-21_UTC_Eric_Hovde_DBfC0HNpdJz,2024/10/23,Eric Hovde,DBfC0HNpdJz,0.8599509276954503,-0.3896758092313091,188.77306491440788,749.6886541050701,1743.3763371586851,0.10128512602632249,0.6505767986443826,-0.016178756390917523,0.31051088542801636,0.000226310064194319,2.362685188227073e-05,0.05645554229302333,0.6321479978636132,5.498172527182115e-05,3.485736606520657e-05,17.498741212941056,0.16654157885191745,0.2850939638420788,0.4444444444444444,0.0,0.2222222222222222,0.3333333333333333,21.54,9,68,3.1569173630454967,99,4.596100278551532," I'm going to run until I collapse over the finish line.  On to victory.  And you know what's really cool driving around?  Seeing all the Trump up-dee signs everywhere.  And, uh...  Getting ready to go give a speech.  We're up in northern Wisconsin in Polk County.  Well, the bus tour is well underway.  Bombing every part of the state. We'll be going non-stop for the last 13 days.",L,M
2024-10-24_00-28-15_UTC_Dave_McCormick_DBfJqzQtw4I,2024/10/24,Dave McCormick,DBfJqzQtw4I,0.7744578464999998,-0.2420963680371642,126.80976187394702,633.9950926760383,1680.4437915452452,-0.014485277189991716,0.6466375141704545,-0.14774963944655412,0.16717937902085706,0.0023568492531747414,0.0010386511599693067,0.2870958625675632,0.523726536231962,0.001221786991429964,3.755008367102566e-05,28.112155889697938,0.28340089214141,0.21740123041719855,0.6,0.0,0.2,0.2,17.6,5,59,3.352272727272727,96,5.454545454545454," And I've got a tough race myself.  Bob Casey has never faced anybody like Dave McCormick.  Captain of the wrestling team at West Point, then went on to serve his country in combat,  went into business, phenomenally successful, created an awful lot of jobs here in Pennsylvania.  He's the kind of Republican that can win general elections in Pennsylvania.",W,M
2024-10-24_01-37-25_UTC_Colin_Allred_DBfRqi6vbyh,2024/10/24,Colin Allred,DBfRqi6vbyh,0.8449681103838003,-0.15628385910712164,142.09282488400186,638.0924282455746,1684.634633697053,-0.056503962930533426,0.638751296619985,-0.13421968760955574,0.0021664133789451767,0.0002365286694407745,2.86969253474558e-05,0.04241340972425513,0.9542942085451577,9.61767775098086e-05,8.441932627607555e-06,26.237160429478948,0.09820182197666416,0.23279578257458727,0.1875,0.4375,0.125,0.25,52.84,16,237,4.485238455715367,326,6.169568508705526," And that also is triggering a backlash.  And so we are doing our work in terms of organizing.  And there are literally tens of thousands of doors that are being knocked on and phone calls that are being made.  And that's important.  But it's also true that Texans are waking up to the fact that their vote must be so powerful that they're trying to stop you from doing it.  And so that's what I think we're going to see in this election.  We're already seeing signs of it in the early voting.  It's going to continue, I think, through Election Day.  Houston and Harris County are certainly not going to be held down by these folks.  And we're looking forward to making sure we get folks out to vote.  Well, it's actually Harris County, Joy, but the point is right, right?  And which is that it's been a focus for so long because it's our biggest, most diverse county.  And what we're already seeing in the early voting numbers is that Texans are saying, you're not going to stop me from voting.  When I first got involved with voting rights, and I was doing that long before I ran for office,  the conversation was much different because the attacks on the right to vote were much more subtle at that time.  Now they're pretty much openly saying that we don't think certain folks should be voting.",L,M
2024-10-24_02-55-18_UTC_Sherrod_Brown_DBfalAwvuS7,2024/10/24,Sherrod Brown,DBfalAwvuS7,0.7622564404483569,-0.18964019864914183,169.96998402834055,711.7951357475015,1836.1447388195504,-0.03255774789629979,0.6381391635954616,-0.11441381427158531,0.0001813496152547584,0.00023263682443345828,3.714097828235403e-05,0.02524257200772905,0.8877965570354603,0.0001398203276065856,0.0002723904062628898,38.90557727754096,0.10872385952325307,0.21663874478079548,0.1818181818181818,0.3636363636363636,0.0909090909090909,0.3636363636363636,51.12,11,163,3.188575899843505,247,4.831768388106416," Well, there's the contrast is clear. I fought for the dignity of work my whole career.  My opponent, Bernie Marino, is he stiffed his own workers out of four hundred thousand dollars in overtime.  Then he destroyed the evidence that the court demanded and to pay them back.  And how do you trust somebody that stiffs his own workers to look out for workers in Ohio?  Now, Martin saw today in Gahanna and saw in Columbus going to see in Dayton and Cincinnati and Cleveland the incredible enthusiasm of so many volunteers.  Part of that is abortion rights. Bernie Marino wants a national abortion ban.  No exceptions. I fought for issue one last fall.  The constitutional amendment for abortion rights. Fifty seven percent of Ohioans agree with me.  And Bernie thinks he knows better. So this contrast is really clear.  And in Martin, because of what's in his core and in his gut and in his heart,  helps us get that message across.",L,M
2024-10-24_15-06-20_UTC_Colin_Allred_DBguPvgPb7W,2024/10/24,Colin Allred,DBguPvgPb7W,0.8100730614402986,-0.2440534406658231,134.58189054635696,663.8675357868312,1711.0494064434815,-0.1765141734933178,0.6024266650829188,-0.035990189177736075,9.001672531695783e-09,5.926268221847216e-09,5.157799130609915e-09,9.452359646185048e-07,0.9999959086304281,3.041156541484108e-06,6.53607910529882e-10,32.75393845591427,0.0521615092144713,0.27969451762251213,0.0,0.5,0.3333333333333333,0.1666666666666666,24.12,6,97,4.021558872305142,132,5.472636815920398," I've talked to young women who've talked about, told me how they have a plan to leave the state with their friends if they have to.  I mean, these are the conversations that are going on here in Texas.  And this is on Ted Cruz.  And this is his abortion ban.  He is uniquely responsible for it here in Texas because of his career working towards this.  The federal level putting judges on the courts to do this, but also at the state level backing extreme legislators, you know, calling for and cheering on the Dobbs decision.",L,M
2024-10-24_18-13-26_UTC_Eric_Hovde_DBhDrxDSU14,2024/10/24,Eric Hovde,DBhDrxDSU14,0.8462335993249178,-0.32625493282936796,218.59538519276617,631.442647131465,1664.4906600634226,0.5496277142684622,0.8697536290889132,-0.004927131309510469,0.27478938031715205,0.0025165154680820935,0.00030848136287629085,0.4396705353549763,0.2732434301917224,0.000121806464347185,5.238419743904027e-06,29.863221710269478,0.12128622892617856,0.34872633696483474,0.0,0.3333333333333333,0.6666666666666666,0.0,18.22,3,51,2.799121844127333,69,3.787047200878156," I love my country. That's why I made the decision to get in this race nine months ago. I need you  to call your friends, your neighbors, your colleagues. We've got to restore our great  country. We will win in November. We will restore America and make this country great again.",L,M
2024-10-24_19-02-50_UTC_Colin_Allred_DBhJRr2v1x2,2024/10/24,Colin Allred,DBhJRr2v1x2,0.8585223173432972,-0.27128307711656974,126.18553575481916,539.1899274407256,1481.9544735767997,-0.1634694195751594,0.6051644236413044,-0.19277643917521736,0.00042939680623222553,0.00250250756789489,1.2590521174479014e-05,0.0002648906370374475,0.9961398676901624,0.000612684327306519,1.8697547871339002e-05,28.661530996479804,0.07056707775171983,0.26677152332942894,0.3333333333333333,0.1666666666666666,0.1666666666666666,0.3333333333333333,22.08,6,90,4.076086956521739,128,5.797101449275363," It's not being done by him.  done by other people.  When the rubber meets the road, and you have to actually pass a bill to help Texans and to help Americans, he's not there.  Whether it's the Chips and Science Act that John Cornyn helped us pass, that really no state is benefiting more from than Texas, Ted Cruz votes against it.  Then he wants to show up later at semiconductor manufacturers and talk about the work that we're doing at the federal level.  Well, he's a free rider there.",L,M
2024-10-24_19-12-17_UTC_Dave_McCormick_DBhKZq9SnC6,2024/10/24,Dave McCormick,DBhKZq9SnC6,0.6793560281478103,-0.2795250116963022,183.44982572268697,706.1627502349324,1941.8305037108587,0.09238816581751016,0.6745020746167883,-0.22188445882137572,5.63833623863495e-05,1.2459552074439572e-05,1.4730764797238312e-06,0.11290252298849196,0.8869478570981691,4.523165055158071e-05,7.254336486190593e-07,16.095488613005745,0.1507691335451796,0.12831780461947945,0.5,0.1666666666666666,0.1666666666666666,0.1666666666666666,32.88,6,84,2.554744525547445,146,4.440389294403894," basically telling a Pennsylvania McDonald's franchisee that he's to blame for high prices.  And this week, Bob Casey decided to further twist the knife.  The very next day, Senator Casey sent a letter to the CEO of McDonald's attacking McDonald's for high prices.  I wonder if there's a connection between President Trump's visit and the attacks by Senator Casey.  It was a vindictive move to score political points, attacking small businesses and employees instead of accepting the responsibility.  This was after President Trump's visit.",W,M
2024-10-24_21-43-59_UTC_Elissa_Slotkin_DBhbwL1g58Q,2024/10/24,Elissa Slotkin,DBhbwL1g58Q,0.8055623244897503,-0.3031633432323585,192.46417721676778,824.1032688194043,2187.769663972086,0.05734731533297997,0.6788718234890292,-0.11851550650244963,0.12297958453352612,0.004663407257428275,0.001662068561400845,0.03699000688189248,0.782887883256916,0.0013532800912416415,6.970603968395634e-05,22.045913984165534,0.14507913842240303,0.145070754486411,0.5,0.4,0.05,0.05,53.12798185941043,20,181,3.406097101994731,268,5.043281896876176," We are in a 10-year period of political...  Engaged citizens who do a little bit more than they're used to doing, they say, oh my gosh, I got to help my country.  And they get involved.  They do some volunteer work.  They come to an event.  They engage.  instability in the United States of America. Historians will write  We need to wear our patriotism on our sleeves.  You are all here.  You're not here for your health, right?  You are here because you want your country to be better, because we want to get past  this period of zero sum politics where we can't even discuss, you know, uh, kind of,  you know, chicken coop policy with our neighbors because of politics, right?  This is not how it's always going to be.  and then principled leaders ready to receive the ball  and do something about it.  engaged citizens, and principled leaders.  books about this time, but it will not be forever.  And the way that we get through it every single time,  every single period of our history is two things.",W,F
2024-10-24_22-31-13_UTC_Kari_Lake_DBhhJs9oT-N,2024/10/24,Kari Lake,DBhhJs9oT-N,0.8066800914022014,-0.18494473387637847,163.54713061096427,834.2054304779708,2259.1378065945046,-0.1542479484481416,0.5901416689415749,0.04695347600676542,4.9070410863607584e-05,1.5721933518538567e-05,1.7227032533733114e-06,3.86708155438249e-05,0.9998690851859172,1.736127003692042e-05,5.128528683345831e-07,12.23709930654909,0.07973593235050386,0.10066681588388281,0.7142857142857143,0.1428571428571428,0.0,0.1428571428571428,23.62,7,98,4.149026248941574,138,5.84250635055038," And I know the people of this country are ready for it.  So I've been really trying to stay out of telling people how to vote.  When President Trump gets into office, no matter what we vote on,  I want to see border security. I know that in January of 25, border security is coming.  come hell or high water.  No matter what we do, we are going to have border of security.  I think that the people of this country and this state are smart enough to vote, to read the propositions and vote the right way.",L,F
2024-10-25_00-43-36_UTC_Bernie_Moreno_DBhwP3dNeCv,2024/10/25,Bernie Moreno,DBhwP3dNeCv,0.8833054605593296,-0.21519256735351538,121.36286742900883,571.2056381689541,1617.747774191491,0.019023878828302965,0.6632079591312869,0.037987461346680136,0.01750031637902357,0.002227489623034629,0.0011926223469320612,0.02972254604723495,0.9285870184757544,0.006071581739960871,6.374068947772815e-05,8.288706298426451,0.07812916226675815,0.218062087038791,0.3870967741935484,0.1290322580645161,0.1935483870967742,0.2903225806451613,91.86,31,332,3.614195514913999,483,5.258001306335727," Well, the problem with that approach is that he has a record.  He has a record in which we've lost 200,000 manufacturing jobs.  This guy's the grim reaper for corporations here in Ohio.  If he shows up in a factory, it's probably because it closed.  What I'm going to do is the opposite, Laura.  I'm going to make certain that we bring companies here that provide opportunity to people,  allow them to live a good life where they can own a home, own a car,  and live a life that's free of a government that's intrusive to them.  That's the difference between me and my opponent.  He's all talk, no action.  We're going to get things done.  That's what I've done my entire life in the private sector.  It's why I'm running, Laura, because we need people in Washington, D.C.,  who know how to get things done and how business works.  Well, again, thanks to a lot of support, people going on BernieMarino.com.  We're knocking on 150,000 doors a week.  We have a ballot-chasing operation.  We have a great ground game.  We've registered new voters.  And so far, Laura, over two weeks of early voting, we're leading.  There's more Republicans voting early in Ohio than Democrats,  but we need the support so that we can get back on TV  and fight him back on the airways where he's swamping us.  Well, remember, he wanted to be her vice presidential nominee in 2019 because the two of them were the most liberal senators in America.  So he hasn't changed.  What happens is he just pretends to be a moderate.  He has President Trump in his ads.  He wants you to believe he's bipartisan.  But, Laura, what's different this time is thanks to our ability to raise money, we've got him on the ropes.  We need more.  We need all your viewers to go on BernieMarino.com and help us because he's spending a fortune here to try to convince people he's something he's not.",W,M
2024-10-25_02-16-03_UTC_Kari_Lake_DBh6tczPMzt,2024/10/25,Kari Lake,DBh6tczPMzt,0.8929915056091325,-0.24340636948614855,194.19025002594597,910.0380695492975,2207.375066282383,0.1396696812525827,0.7014438686636106,-0.05937687818749841,0.03497221133077236,0.015992469255756418,0.002485827642266524,0.05414611577982712,0.8311882298173742,0.0008091768235544621,0.00023224963640832284,20.082821403798217,0.11385218969945496,0.26526106037359853,0.3478260869565217,0.1304347826086956,0.0,0.5217391304347826,113.44,23,417,3.675952045133991,586,5.165726375176304," I guess Bill Clinton never changes, right?  Well, look, I'm a middle-aged mom, so anybody who gives me a compliment, I'm flattered.  But I'm happily married, Laura, and I'm probably too young for him.  And frankly, I don't want to get on Hillary Clinton's bad side.  That's a dangerous place to be.  100 percent. They know President Trump made our border safe.  They know I'll do the same. Go to Carrie Lake dot com. See where I stand on all the issues.  I want to put America first and make our state safe, secure and affordable again.  Well, he just lies. I mean, he comes right out and now he's trying to say he's for the border wall when he called it the dumb, stupid border wall and said he would never, ever, ever build it.  And he has voted to have open borders every step of the way.  We just came from the border. We were in Yuma 24 hours ago.  And they still have this huge area where about 100 people, 75 people a night come in.  And the federal government has put up a banner there basically telling them to go to the CB1 app and telling them how to get housing and where to go.  It's insane. We're paying for that. The federal government put that app together.  But I will tell you this. In January of 25, when President Trump is elected, when I'm elected in the Senate, we're going to use that CBP1 app and we're going to use it the other way.  We're going to find out who came in and we're going to send them back to their homeland, Laura, because in order to save our homeland,  they got to go back to theirs.  Truly, our country depends. I mean, we won't have a country if we have to do any more of these these people who are trying to destroy us.  You know, my internal polling looks much closer and better. I know what the polling is by talking to the people and the people are very active right now.  They're activated to vote for Trump and me, and they're learning finally a little bit more about Ruben Gallego.  The media hasn't covered him well. He spent one hundred million dollars doing an extreme makeover,  trying to paint himself into a moderate when he's the most radical left member of Congress that nobody's ever heard of.  He's voted with Kamala and Joe a hundred percent of the time.",L,F
2024-10-25_14-12-53_UTC_Eric_Hovde_DBjM8mwsYgO,2024/10/25,Eric Hovde,DBjM8mwsYgO,0.7650302347394397,-0.41581438047720254,215.19501369158488,653.9188624500267,1746.1542077478605,0.2710609552864671,0.7454343943468017,-0.3633167991324624,0.507905791588028,0.0021562176754573235,0.00018505203272914877,0.0006007202705014969,0.3806693841575629,0.05825898953862749,2.1726818257186493e-05,23.04966849503097,0.09321951632827748,0.2641128426838801,0.5,0.0833333333333333,0.1666666666666666,0.25,34.91299319727891,12,106,3.0337721808815106,141,4.035489410417859," I will only be your senator. I will never be bought and owned by special interests.  And how about big tech? She says she's standing up to big tech.  What has she ever done to stand up to big tech?  She's taking millions from big tech.  She takes it hand over fist.  She says she's running, fighting against Wall Street.  She's taken massive amounts of money from Wall Street.  She says she's fighting against big pharma  and rising drug prices.  Look at what drug prices have done under her.  And look at how much money she's taken from big pharma.  I'm not taking special interest money.",L,M
2024-10-25_14-35-09_UTC_Sherrod_Brown_DBjPdrNMaaU,2024/10/25,Sherrod Brown,DBjPdrNMaaU,0.9072704554270904,-0.13333693528883467,237.53321679033743,671.8478971628715,1732.727343308453,0.2528842828846813,0.6624122684402026,0.10482939276665787,0.00658875211334114,0.005230626359019507,0.003272919461050303,0.03623814726750084,0.7961902905177525,0.005219855551508917,0.14002273770089005,43.351913977860924,0.23998544674134703,0.21231493912935293,0.4285714285714285,0.4285714285714285,0.0,0.1428571428571428,8.127981859410431,7,34,3.854875283446712,36,4.081632653061225," Good to see you.  How's it going?  Good to see you.  Thank you.  She was so right!  A long time friend of ours, Martin Sheen's in town.  Let me hear it for you, Sharon.",L,M
2024-10-25_15-27-31_UTC_Colin_Allred_DBjVdGBhnh8,2024/10/25,Colin Allred,DBjVdGBhnh8,0.7320275537421335,-0.10905188080316053,134.89192715032308,839.8804993876495,1917.2867469819842,-0.059104234769207606,0.6366766486530672,-0.1195977308753834,0.04840824347405465,0.004382832777341098,0.012419697871400476,0.03186395617667123,0.8680924475988414,0.016621846134344156,8.216031716699479e-05,36.27069500289594,0.09975401711802595,0.21316139195510442,0.1818181818181818,0.5454545454545454,0.0909090909090909,0.1818181818181818,57.86002267573696,22,221,3.8195644659522983,307,5.305910819218804," Molly, we've had 20% of Texas OBGYNs who are saying they're planning on leaving the state,  13% saying they're planning on retiring early.  Among folks who are residencies to be OBGYNs in Texas,  many of them are saying they're not going to practice in Texas.  This is a crisis for us.  It already is.  We're not talking about what's coming.  We're talking about what's happening right now.  And if you want to start a family in Texas, it has become dangerous,  and it's becoming much more difficult.  And as somebody who, my wife and I, we've had two boys here in Dallas in the last five years,  I can tell you this is just not what anybody wants.  And so this is what we have to do is we have to talk about this on the national stage  because what Ted Cruz has done to women and families in Texas,  he does want to do nationally whatever he says.  Everybody knows this.  He spent his entire career on this.  When he ran for president, he went further and was saying that we should ban things like IVF  and certain forms of birth control.  So this is what we have to stand up to.  We've seen an enormous spike in infant death.  We've had a 56% increase in our maternal mortality rate.",L,M
2024-10-25_22-21-26_UTC_Kari_Lake_DBkE1kPP4oS,2024/10/25,Kari Lake,DBkE1kPP4oS,0.7532601578117338,-0.289456573499272,160.77798219053298,937.3828073082055,2320.070616291624,0.04975741670617275,0.6603613314623468,-0.17737254250936196,7.010058592693434e-05,2.53808088001101e-05,2.9583647548366526e-05,3.898980072964984e-05,0.9995952725619234,0.00015202750818427382,9.302948833163995e-07,14.116220133259398,0.09329787858947813,0.2001941558951003,0.2,0.0,0.4,0.4,22.84,5,89,3.896672504378284,126,5.516637478108582," to us by actually looking at how you could bring down costs. But why haven't you done that, Ruben?  He wants to act like he's bipartisan. He's voted with Kamala Harris and Joe Biden 100% of the time,  printing money like it's going out of style. And that's why your dollar is only worth 75 cents.  The price of everything has gone up. The price of eggs up over 100%. Nobody can afford housing  anymore. His vote caused a disaster. That is what this gentleman did, sold us out.",L,F
2024-10-26_01-42-15_UTC_Ted_Cruz_DBkb0gsp5Jo,2024/10/26,Ted Cruz,DBkb0gsp5Jo,0.8570418150468212,-0.35050154246386195,146.65679228746154,620.5168475121177,1650.7846192059392,0.06097614638154632,0.6705301301922129,-0.16044412091689342,0.015280627593837803,0.0033204603002471933,0.00019587321366147653,0.0008616551661941845,0.9691431877235874,0.00012533496703220844,1.5327949979277694e-05,17.3894023490357,0.13029934355788356,0.17220660176521663,0.25,0.375,0.125,0.25,40.58,8,130,3.203548546081814,191,4.706752094627896," Well, look, it illustrates just how the entire world has gotten more dangerous.  The incredible weakness of Joe Biden, Kamala Harris as commander in chief.  Look, when Donald Trump was president, we had peace and prosperity. In fact, we had peace  flowering in the Middle East and the Abraham Accords being signed. Now, we've had Israel at  war for over a year. We had October 7th. And I got to say, this was funded by Joe Biden and Kamala  Harris. They gave over $100 billion to Iran. And right now, what the president should say that Joe  Biden has not said is America stands unequivocally with Israel, period, the end. That's what we  should say. And you know what? When Donald Trump is reelected, that's what he's going to say.",W,M
2024-10-26_03-29-31_UTC_Colin_Allred_DBkn0Ygsrxd,2024/10/26,Colin Allred,DBkn0Ygsrxd,0.9357007728037066,-0.14162930657031814,230.85042348541162,659.5569940428999,1736.0159021209438,0.4716916336971365,0.807325034372396,-0.1961407112952339,0.2742179070670997,0.01279513572892985,0.0040725003321518145,0.29704646945240804,0.392030927220357,0.003857220493402966,0.006874272637341687,34.47620346795642,0.18040962177153186,0.27620663899796394,0.3898305084745763,0.1864406779661017,0.1101694915254237,0.3135593220338983,255.72791383219956,118,1061,4.14712320200125,1432,5.5972482801751084," We're going to make Roe v. Wade the law of the land again.  The point is, there shouldn't have been a mob.  That's what you gotta do.  That's what's gotta happen.  the public school teacher.  Because we need the only former NFL linebacker in the room.  For all the Texas families.  We're coming to Texas and we're shining a light on what's happening to Texas families and Texas women.  We got 10 days to knock on doors.  We gotta make sure Kamala Harris is the next president of the United States.  I will protect your fundamental rights.  I will bring us together around our shared values.  I'll remind us that we have more in common than what divides us.  We might have come here on different ships, but we're in the same boat now.  We're all Texans.  12 years is long enough.  I know many of y'all probably know where you were on January 6th.  I know where I was.  Can you imagine having the privilege and the responsibility of representing our great state,  and a crisis hits our state, and you think, I need to go check out the Ritz-Carlton in Cancun?  And when we do, it won't be a win for me or for a party.  It'll be a win for our state.  Y'all ready?  Because I know there are heroes out here right now.  who went to work maybe for one or two jobs like my mom used to do.  after he'd gone around the country lying about the election.  Ted Cruz was hiding in a supply closet.  And what do we do?  There shouldn't have been one.  And if you summon one, and you run for United States Senate, you've got to lose your job.  We gotta make sure we send Ted Cruz packing.  Everybody's like, what you gonna do, Colin?  Can you imagine that?  I'll tell you what, if you did and you ran for office again, you gotta lose your job.  He's too small for Texas.  In 10 days!  of what they've gone through here in this state.  And there's a mob at the door.  And he's too small for Texas because when 30 million Texans were relying on him.  who are looking for a senator is looking out for them.  I will never abandon you when you need me most.  My time in Congress, I've been the exact opposite of Ted Cruz.  Here's what we're gonna do, Texas.  You wouldn't do it.  We're going to beat Ted Cruz.  If your neighbor needed help in a crisis, you would go check on them.  I was on the House floor doing my job.  Took off my suit jacket and I was prepared to defend the house floor from that mob.  We're all Americans.  We have to have a leader who understands that.  The exact roots.  after he'd been the objector to the results in Arizona.  I don't want him to get hurt by the mob.  So I took off my suit jacket.  For all the Texas families.  But there's nothing I can do.  You know, it shouldn't be lost on us.  And so I relied on my community, on my teachers and my coaches, folks who went above and beyond for me.  They poured themselves into me.  Because of them, I became captain of the football team at Baylor, was a linebacker in the NFL,  became a civil rights lawyer, and have served us in Congress for the last six years.  Whatever happens, I love you.  You know, Allie and I have been blessed with two healthy babies in Dallas in the last five years.  I can't imagine.  Can you imagine that?  And so here's what we gotta do, Texas.  Make phone calls!  They locked all the doors.  When you lose an election, you think, you know what, I'm going to try and overturn that election.  Hey, let's give it up for Amanda and Josh.  And I know you're hoping that your elected officials are working as hard as you are.  That's what we elect people to do.  because Ted Cruz thinks he knows better.  No more of this!  If at one of our appointments the doctor comes in and says there's a problem with the baby, or with my wife,  In God's grace.  For all the Texas families,  All right, let's do it, Texas.  God bless you.  May God bless the great state of Texas.  when the lights went out.  I went to public school in Texas, I'm not just gonna sit there.  if you are singularly responsible  Listen, I'm Congressman Colin Allred.  telling their own personal story.  There's one thing I know for sure after that debate.  You know what small people do?  I was raised by a single mother.  And we don't pay our teachers enough.  In 10 days, we're going to beat Ted Cruz.  for taking away a fundamental freedom from Texas women.  It's too small!  Thank you, Amanda and Josh.  It's that everything is bigger in Texas, but Ted Cruz is too small for Texas.  who dropped their kids off at school,  I don't know if y'all saw the debate the other night.  For all the families.  because you think you know better than sexist women and their families and their doctors.  And you put in place this abortion ban, and you celebrate this abortion ban.  You introduce at the national level five times a nationwide abortion ban.  Then you have to lose your job.  Hey Houston, how you doing?  I never forgot the folks who gave me a chance.  I've been the most bipartisan Texan in Congress because that's how you get things done.  He decided to go to Cancun.  Because I never forgot where I came from.  We're all Texas women.  I texted my wife, Allie, who was seven months pregnant with our son, Cameron.  So here's what we're gonna do.  That's not who we are.  There's one thing I know about us as Texans, and I'm a fourth-generation Texan.  It's that we believe in freedom.  that they were just up here.  But Ted Cruz has been all about himself for too long.  We bar the doors the president walks through to deliver the State of the Union with furniture that we usually use to hold paper.  I remember when...  I believe in a very different Texas than Ted Cruz does.  And I want to thank Vice President Harris.",L,M
2024-10-26_05-52-13_UTC_Kari_Lake_DBk4agEPC_b,2024/10/26,Kari Lake,DBk4agEPC_b,0.8740847227587227,-0.3093085947030769,247.24098415606616,826.6299075398904,2158.745820388596,0.11794272566125878,0.6840247128082917,-0.11861249505394234,0.1263008972704018,0.005531936773109333,0.03632967756886508,0.16140815440062145,0.5642182537695442,0.007114877078809057,0.003288860297341683,34.67934331432667,0.18578221269239972,0.30279505012519864,0.5625,0.1041666666666666,0.0208333333333333,0.3125,101.04399092970522,48,351,3.4731842469819907,482,4.7694438947160105," Democrats, independents, and republicans are united to save our country. Do you know that?  Who's got three friends?  Well, the Democrats are coming over to the America First side.  That's a true story.  How many of you have one friend?  There's always that one who's got one friend.  You've got to vote early.  We cannot wait until Election Day, guys.  How many of you, this is your first time voting?  All right, if you've got one friend or 10 friends,  in the next 11 days, you've got to reach out and talk to them.  You guys.  Where? Where's a Democrat? Right there.  We got a Democrat. Welcome in.  I don't think so.  You're not tuning into MSDNC, right?  are voting in the most historic election in this entire history of our country.  You're probably not even tuning into Fox or the local stations.  That's not where you're getting your information online.  They want us to think that it's Democrats versus Republicans.  And you've got to be very discerning about where the information is coming from.  This country is so united.  I'm going to tell you this because I've been around for 55 years.  I've never seen our country more united.  First of all, you're not listening to the mainstream media, right?  You're not tuning in to CNN, are you?  You better have three.  We need more than three votes for you.  This is amazing.  You're voting in the most historic election.  I'm so excited for you.  I'm so excited for our country.  I know the people are with us.  The biggest lie is that we're 50-50.  How many of you used to be Democrat, used to be anti-Trump?  Wow, look at this.  Keep your hands up.  How many of you were brainwashed into being anti-Trump?  Raise your hands.  This is amazing, and you're no longer brainwashed.  You've woken up.  All right, that's not bad.  All right, let's change it up a little bit.  How many of you have five friends?  you have 10 friends.  All right, we're getting there.  Wait, keep your hands up.  Oh my gosh, keep your hands up.",L,F
2024-10-26_05-53-11_UTC_Kari_Lake_DBk4hmftDy1,2024/10/26,Kari Lake,DBk4hmftDy1,0.8507417871872304,-0.2949617996336161,232.00109780579504,785.3352656668009,2153.1003846368544,0.019876592517935037,0.6515908604378775,-0.15807371289179123,0.013835707726076545,0.019171571270972194,0.02180868103075799,0.015592824815379996,0.8295463661836872,0.001197095840713542,1.7558197385682262e-05,25.207429848244605,0.13259641481021484,0.2267587971284556,0.5588235294117647,0.088235294117647,0.088235294117647,0.2647058823529412,92.72,34,340,3.6669542709232097,466,5.0258843830888695," Nothing worked.  The machines didn't work, the printers didn't work. If we wait until election day,  We're going to stop the invasion at the border.  We are going to fully fund our police.  If somebody asks you, what is the best class I should be taking here at ASU?  Have you voted and have you voted early?  If somebody asks you, hey, what's the weather going to be like tomorrow?  Your answer is, did you vote early?  So we have safe streets and you guys can walk all through Tempe no matter what time, a day or night, and not have to worry.  And we're going to make sure that we are pushing people who've invaded our country back home to their homeland.  Are you okay with that?  In the next 11 days, our goal is to get people to vote early.  We cannot afford a traffic jam on election day like we had in 2022.  Do you guys realize what happened in 22, right?  And then we're going to save our country.  We are going to secure the border.  How many more people have woken up between 2020 and now?  After COVID, after Ukraine, after Afghanistan, after an open border,  we've got millions of Americans who've woken up.  We have a massive group of Americans who are ready to vote for our country.  And it's going to be massive.  But we have to get out and vote, and you've got to vote early.  I need you to vote early.  How many of you are willing to vote early?  Okay, that's fine.  We got one.  That's fine.  I need you to vote early, though.  Get your friends out.  If you've got 10 friends, get them to vote.  If somebody asks you, hey, what's the best restaurant in Tempe?  The answer to that is, have you voted and have you voted early?  How many of you are going to vote election day?  We're not going to win this. We're not going to save our republic. So we've got to vote early.",L,F
2024-10-26_05-54-13_UTC_Kari_Lake_DBk4pOitnh9,2024/10/26,Kari Lake,DBk4pOitnh9,0.8812007308331905,-0.2997387607883834,242.14796940914766,781.6323857785279,2094.54829472138,0.0830861019385513,0.6769640641252143,-0.14707780625325828,0.024589451884802375,0.00569101117116237,0.010416379995700607,0.07944069760377097,0.8041783749437496,0.0012760140451419507,6.581816809013319e-05,28.412144982981484,0.1366812524346206,0.33741511943019414,0.6111111111111112,0.1666666666666666,0.1666666666666666,0.0555555555555555,46.64,18,178,3.816466552315609,254,5.4459691252144085," But in order to save our homeland and our loved ones,  we've got to send these people who invaded our country back to their homeland  and back to their loved ones.  And we're going to start that in January of 25.  They asked me, they said, who's going to fill the jobs?  All these people who've come in and taken the jobs.  I said, you know who's going to, we're going to have Americans fill the jobs.  And then we're going to have, you know what, when Vivek's talking about it,  we're going to downsize the federal government.  We are going to have tens of thousands of federal government workers who are out of work,  and we are going to usher them into the jobs that are opened up.  That's perfect.  They're going to have plenty of jobs to find.  We're the most compassionate people in the world here in America.  I always say this.  The largest repatriation operation this country's ever seen.  Somebody said tonight, I was talking to the European media.  Are you okay with that?",L,F
2024-10-26_05-55-22_UTC_Kari_Lake_DBk4yRmvEl2,2024/10/26,Kari Lake,DBk4yRmvEl2,0.8814345475005514,-0.4182835137502361,260.7625528542618,778.8198801582244,2117.399365664786,0.10343001886447643,0.6686014487596472,0.014510169975948771,0.0753616868451056,0.006057762368730964,0.0029621271206963676,0.22435717131576635,0.6070339267696856,0.0004940780206143422,0.010353744461308495,61.347973113757845,0.2003917708979734,0.29885970919081545,0.3684210526315789,0.2631578947368421,0.1578947368421052,0.2105263157894736,36.28,19,133,3.66593164277839,172,4.74090407938258," And I want to speak to the people who are 25 years, 30 years, and younger.  I want you to think of your biggest dream, and then I want you to make it 10 times bigger than that.  Guys, our brightest days are ahead of us.  I truly believe that.  Vote, vote, vote, vote.  Thank you, Tempe.  I love you so much.  Thank you for being here.  Thank you.  That is what is available to you when you get out and vote for Donald Trump.  We are going to save our country.  We're going to get that man in the White House.  We're going to get me in the Senate.  We're going to save our country.  Let's go Tempe.  Let's go ASU.  Vote Republican.  Vote, vote, vote.  I want you to dream big.",L,F
2024-10-26_15-18-02_UTC_Colin_Allred_DBl5I7BhklN,2024/10/26,Colin Allred,DBl5I7BhklN,0.7813534071111038,-0.2467603338928203,127.28096578743691,681.4597230976555,1691.903767185716,-0.10784303202332576,0.6260882537118249,-0.28221515500326433,0.0004755132443238233,0.00027676267721712423,1.1129247231754888e-05,6.076269960824115e-05,0.873221615207138,0.12568271873978495,6.1088207756910564e-06,18.374173056192884,0.15154646655855084,0.20700910648537987,0.1875,0.5,0.0,0.3125,71.19997732426305,16,258,3.623595505617977,367,5.154494382022472," 13% are considering retiring early.  And more of the residents who are here are planning on not practicing here to be OB-GYNs.  We're going to have a huge shortage of folks to actually serve as OB-GYNs in our state.  This is—we're at the beginning of feeling the impacts of this extreme ban.  And we have to reverse it now.  And by beating Ted Cruz, we're going to make Roe v. Wade the law of the land again.  We're going to restore freedom to Texas women.  They really are. And, you know, it's the Houston Chronicle that I was reporting on that in 26,000 Texas women have been forced to give birth to their rapist child.  It's these individual stories that have gotten the traction and gotten the coverage.  And also because these incredibly strong women came forward and also filed a lawsuit or lawsuits to challenge these laws that it's put it in front of people.  And, you know, Lawrence, over the course of this campaign, I've come in front of a lot of Texans who don't realize how extreme this ban is.  You know, they think that there is an exception for rape or incest. No, there's not.  I think there's an exception for the health of the mother. It's not for the health of the mother.  It's for the life of the mother, which is an incredibly narrow exception.  And who is making that determination? It's lawyers, not doctors.  And this is outrageous. You know, 20 percent of OBGYNs in Texas are considering leaving the state.",L,M
2024-10-26_15-33-23_UTC_Sherrod_Brown_DBl67hXPeIc,2024/10/26,Sherrod Brown,DBl67hXPeIc,0.8339289426116322,-0.21537497016211604,213.9678649737295,639.4384309466639,1778.0135577161343,0.1863486110915304,0.7130881554409005,0.23255241203296934,9.629635138137124e-05,1.1106797606379205e-05,6.151055335895131e-07,7.846795184659425e-05,0.9997961976291091,3.907533072331838e-06,2.623777661458069e-06,21.209447041976798,0.13886153686851344,0.14515621127777328,0.0,0.3333333333333333,0.3333333333333333,0.3333333333333333,10.66,3,40,3.75234521575985,55,5.159474671669794," These are the best volunteers who are knocking on doors, who are making such a difference,  who are organizing new workers, nurses' aides and all that.  And so I just wanted Martin to meet you and you to meet Martin.",L,M
2024-10-26_15-41-04_UTC_Bob_Casey_DBl7yEHNgEC,2024/10/26,Bob Casey,DBl7yEHNgEC,0.8822486691880477,-0.24962964296985812,105.59745861633081,550.1977623557319,1702.965233914968,-0.3420618413513199,0.527227481262236,0.019339697558479283,0.006872766078694342,0.024153681837992786,0.0007738202413693412,0.14029295994558044,0.8107389563719916,0.006204407817925411,0.000490138212846977,30.615010306430136,0.2088526509233805,0.2506164226197623,0.2592592592592592,0.2222222222222222,0.2592592592592592,0.2592592592592592,38.82,28,155,3.992787223080887,226,5.821741370427616," We're so grateful Patty Murray's here at Lavery Brewing in Erie, Pennsylvania.  Boss Bevy?  Yeah.  Okay, it's Boss Bevy.  Okay.  Keep that in.  Don't edit that out.  Cheers, Patty.  Cheers.  Thanks for being here.  Workers' rights, you led the PRO Act.  My opponent, he's wrong in a couple ways.  Number one is he doesn't believe we should hold companies accountable for price gouging.  He's also wrong to continue to reward these big companies with more tax breaks.  So I guess we have to drink more beer here.  Let's see, number two.  Cheers.  Protecting the Right to Organize Act.  If the Republicans get the majority,  See, women's rights.  If the other side wins, that's not going to happen.  No way that passes.  in the aftermath of the Dobbs decision.  If we prevail in my race and we have a majority,  we can restore the protections of Roe v. Wade.  Every lager.  Okay.  Okay, let's try it.",L,M
2024-10-26_18-41-37_UTC_Sherrod_Brown_DBmQbz2unGM,2024/10/26,Sherrod Brown,DBmQbz2unGM,0.7743819341115413,-0.2261441428932822,146.42564786791314,735.4975369947801,1821.3465877537028,-0.13257909069004292,0.5716087864910923,-0.20061410038641708,0.04820190116732911,0.014245792078064328,0.0001398351466515941,0.02578944403352794,0.9097142329415031,0.001294576727100837,0.00020629866739196482,23.056085743351115,0.19918249595005566,0.22578756629798302,0.2727272727272727,0.3636363636363636,0.0909090909090909,0.2727272727272727,25.82,11,96,3.718048024786986,137,5.305964368706428," because a bunch of Southern segregationist senators had time to give him the vote.  to us and say, hey, I think we should start Social Security, take care of seniors.  We fought for it.  We demanded it.  We got it.  The polluters didn't come to us and say, it's time to clean up Lake Erie.  I want to help.  We had to force them, demand it, and make it happen.  We didn't create Medicare.  A hundred years ago, Wall Street didn't come to...  because the health insurance interest wanted to help us. Civil rights didn't happen.",L,M
2024-10-26_19-17-47_UTC_Ted_Cruz_DBmUoBjSLa3,2024/10/26,Ted Cruz,DBmUoBjSLa3,0.8354103640469158,-0.35915769456677804,146.66019564506726,606.7146705573322,1639.7445739776726,0.04907375314313513,0.6653063855256299,-0.124952205284922,0.0018314800944793696,0.000943305879696075,0.0006458890323863105,0.20853549538799357,0.7808587781560618,9.493777807344201e-05,3.54882029298243e-05,8.027483552904995,0.049655402851123964,0.35690695718779014,0.6666666666666666,0.0,0.1666666666666666,0.1666666666666666,23.02,6,62,2.6933101650738487,110,4.7784535186794095," Well, you had both presidential candidates in Texas.  I was with President Trump today in Texas.  He gave a fantastic press conference focused on the human tragedy of the border invasion  and illegal immigration, focused on the victims of illegal immigrants, people like Jocelyn  Nongare, the beautiful 12-year-old girl raped and murdered by illegal aliens, released by  Joe Biden and Kamala Harris.",W,M
2024-10-26_19-35-10_UTC_Colin_Allred_DBmWjw6vV-C,2024/10/26,Colin Allred,DBmWjw6vV-C,0.8134106084147655,-0.13108756715928976,126.67851200116728,682.4954321689851,1784.4906966921526,0.024116502147757228,0.681794428708838,-0.1049217781259769,0.17361115201942295,0.0033693581137601673,0.001363608911870997,0.11546216499780432,0.6685061306451456,0.0008932023288479302,3.1800184331373984e-05,26.44628547797177,0.22148640000726572,0.21225568650807816,0.3333333333333333,0.3333333333333333,0.1666666666666666,0.1666666666666666,74.16002267573697,14,276,2.649769585253457,382,3.667434715821813," That's right. Amanda and Josh are friends of mine.  And I do want to just note, Allie, that it's very difficult to tell a personal story in any setting.  It's incredibly difficult to go out there in front of 30,000 people in a stadium with millions of people watching on TV and talk about the worst moment in your life.  And the bravery that that shows and the commitment that that shows to make sure that other Texans don't have to go through what you went through is, to me, something we should all be pointing to as saying,  if these women and these families are willing to go through this, if they're willing to step out and talk about their most difficult moments, then what can we do in our personal capacity as knocking on doors or making phone calls or going to my website at ColinAllred.com?  What can we do to make sure this doesn't happen anymore?  Because if they're doing that, then we certainly are being called by them as fellow Americans and as Texans to get involved, too.  And so I think it has to be a rallying cry, and I think it is.  There are so many people who have told me.  There's so many people who have told me.  There's so many people who have told me.  I was just telling you, Ali, this is something that is happening in Texas because this is not who we are.  And folks are understanding that we can change this by beating Ted Cruz in this election.  And folks are understanding that we can change this by beating Ted Cruz in this election.",L,M
2024-10-26_20-15-00_UTC_Mike_Rogers_DBmbKXnv79i,2024/10/26,Mike Rogers,DBmbKXnv79i,0.8701096370440728,-0.30948981731043035,126.47330481132313,639.4020098162246,1737.041888852838,-0.19293310531146224,0.5760073484346504,-0.11840824277418249,0.15197790940081535,3.4406862358748416e-06,1.3043375534787427e-06,0.05331105254846295,0.7946249334192925,6.807365475198933e-05,2.5168895223316886e-07,14.946555134639087,0.1615800326193326,0.14810497458589633,0.4,0.1,0.0,0.5,26.32,10,94,3.571428571428572,129,4.901215805471125," Hey, Mike Rogers here.  Listen, we just got out of the Trump rally.  We are off doing some tailgating at the Michigan-Michigan state game.  I can't think of a more important thing for you to do today than to go vote.  It's the first day of early voting.  The earlier we all vote, the earlier we bank those votes,  the more resources we can spend on getting people who are still on the fence.  So get out, vote, grab a neighbor, grab 10 neighbors,  and let's get this thing done.  We are so close.",L,M
2024-10-26_20-42-52_UTC_Sherrod_Brown_DBmePbztwIX,2024/10/26,Sherrod Brown,DBmePbztwIX,0.8251429089693593,-0.3526605422450307,199.00156572400707,667.2218708394154,2000.82671010566,0.10630939559470366,0.6564508962674094,-0.13238820149499503,0.0006477818865506016,0.000689394308415038,0.00013171907763671892,0.05726227081140171,0.940230970693079,0.00013255707022983502,0.000606264531372367,6.351270140304705,0.09833560295488875,0.11197480540888753,0.6666666666666666,0.0,0.0,0.3333333333333333,7.18,3,34,4.735376044568246,46,6.406685236768802," There has been more money spent against me in this race than any race in the history of the United States, except for the President.  And they know how good you are.  Thank you.",L,M
2024-10-26_23-50-06_UTC_Mike_Rogers_DBmzr4pPAn5,2024/10/26,Mike Rogers,DBmzr4pPAn5,0.8647380134035875,-0.2777856574999378,158.28636028425217,762.5314403049478,1861.9216783353613,0.13387988472798745,0.6623823965919282,0.31745853674803076,0.011313424536189285,0.011779569368649025,0.001976820874082667,0.10627749955685212,0.6354707719866738,0.001254238278058058,0.22966784887133582,12.511836877128834,0.1682319683289381,0.32293331176860257,0.5,0.25,0.0,0.25,8.92,4,32,3.587443946188341,47,5.269058295964125," Listen, we've had a great day campaigning. People are fired up.  We are going to win this thing on November 5th.  And today I say, go blue.  at the Michigan-Michigan State game.",L,M
2024-10-27_00-00-13_UTC_Sherrod_Brown_DBm073sSwNp,2024/10/27,Sherrod Brown,DBm073sSwNp,0.8032953156382978,-0.1501027719161904,135.74943737844717,652.4366957631848,1730.8544180811557,0.07214904496905955,0.6815062123731588,-0.18706079599621336,1.7110844208368806e-07,6.926447885181452e-08,1.2347904395207776e-08,1.7560152650798312e-07,0.9999994072703408,4.2076296886468804e-08,6.7499203911797015e-09,17.375630356059794,0.08376632023148534,0.305899637167944,0.5,0.3333333333333333,0.0,0.1666666666666666,24.44,6,81,3.3142389525368245,118,4.828150572831424," Bernie Murillo thinks he knows better, so he wants a, when you said he wants a 100%  abortion ban, 100% pro-life, wants an abortion ban, he also said no exceptions for rape,  incest, or the health of the woman, or the life of the woman.  People don't feel like they're well represented and they don't want to send somebody to Washington.  It's going to sort of arrogantly dismiss what the voters want, and abortion is that, but  certainly on other issues.",L,M
2024-10-27_04-01-05_UTC_Colin_Allred_DBnQfsvqWOu,2024/10/27,Colin Allred,DBnQfsvqWOu,0.876542910544301,-0.2710285623913673,219.7971726993132,634.773273425804,1668.1537793642203,0.5355914960775273,0.8486145360202706,-0.4042597504842908,0.04410681324146264,0.0002718886384560192,0.0036564858847146333,0.05956638342331642,0.8862746436352632,0.0019296849791940456,0.0023472422234577326,27.26716988809207,0.14166567674866332,0.4464636959182165,0.5,0.1666666666666666,0.0,0.3333333333333333,19.69299319727891,6,87,4.416243654822336,121,6.142131979695432," It's more powerful than me.  We believe in the fundamental promise that if you work hard and play by the rules, you should be able to take care of your family, buy a home, join a union, send your kids off to school, and retire with dignity.  We can get a new one.  And we don't have to be embarrassed by our senator.  In my Texas, we believe that we...  We believe in the freedom to make your own health care decisions, including access to an abortion.",L,M
2024-10-27_13-04-53_UTC_Colin_Allred_DBoOuxwKiIt,2024/10/27,Colin Allred,DBoOuxwKiIt,0.8615740083269638,-0.1863729573485704,144.1588672121441,594.3428788209917,1650.4501352863526,0.12923956773846587,0.6963338163057325,-0.2919237291582917,0.00805723557401035,0.0025611292750004036,0.003096266794761561,0.18141923446176567,0.6817586175195731,0.0010327702430128272,4.643121325173316e-05,107.47673632889654,0.10288280243104637,0.3248938296560523,0.5,0.25,0.25,0.0,4.71,4,21,4.449152542372881,30,6.35593220338983, Because you're a threat to democracy.  And for the officers.  You can't.  You can't be for the mob on January 6th.,L,M
2024-10-28_03-33-04_UTC_Colin_Allred_DBpyFIBSqgJ,2024/10/28,Colin Allred,DBpyFIBSqgJ,0.93683273458477,-0.1388875558380023,233.50072131794727,650.1558901072364,1713.0675366649298,0.5682766321729023,0.8593542048611111,-0.17226207406617602,0.29241713815662274,0.025420651014066042,0.00031289883827380485,0.3390169142058298,0.3407928622975757,0.001075044906161031,0.0006888019316583745,26.064060821505066,0.14678461263147904,0.22118746095420797,0.4285714285714285,0.2142857142857142,0.0,0.3571428571428571,41.76,14,157,3.759578544061303,203,4.861111111111112," For all the families who are looking for a senator who's looking out for them,  I will never abandon you when you need me most.  And I know you're hoping that your elected officials are working as hard as you are.  But Ted Cruz has been all about himself for too long.  12 years is long enough.  We're all Americans. We have to have a leader who understands that.  Because I know there are heroes out here right now who dropped their kids off at school,  who went to work maybe for one or two jobs like my mom used to do.  In 10 days, we're going to beat Ted Cruz.  I will protect your fundamental rights.  I will bring us together around our shared values.  I'll remind us that we have more in common than what divides us.  We might have come here on different ships, but we're in the same boat now.  We're all Texans.",L,M
2024-10-28_13-06-18_UTC_Bernie_Moreno_DBqzh5TO2z5,2024/10/28,Bernie Moreno,DBqzh5TO2z5,0.8869170401416461,-0.21773483841411964,115.28715077320446,549.3095909780299,1636.7035380307507,0.040123820364665094,0.6743286809393005,0.11476471343642947,0.0005723140253964412,0.0020121998292017694,0.0025142837817661635,0.24491748881724557,0.7027245257812574,0.012878285759561764,2.244981000076007e-05,12.212729321451214,0.12916400081903254,0.34337612803375966,0.6071428571428571,0.1785714285714285,0.1071428571428571,0.1071428571428571,96.04002267573696,28,356,3.7067888379841736,535,5.570595585172845," Yeah, J.D.'s great. You know, the one element that really shows in that interview is that President Trump made a brilliant choice in selecting J.D. Vance.  He's a good friend. He's a great senator. He's going to make an amazing vice president.  You saw him dissect the fake news. Look, people are sick and tired of seeing activists who pretend to be journalists.  These people aren't interviewing J.D. Vance. They're trying to engage him in a silly argument.  J.D. highlighted that. And I think that's one of the main reasons why you're going to see J.D. and President Trump reelected in eight days.  Well, you got to remember, two or three years ago, Lawrence, nobody knew who that guy was.  I was a business guy my whole life.  So name ID was very low.  President Trump is very well known, very popular in Ohio.  I think we're going to do well.  I mean, the polls were tied in my primary and I won by 18 points.  So I think we're going to have a good victory.  We're working really hard.  We go to every corner of Ohio every single day.  My opponent is old and tired, barely does any events.  Look, this guy's been in elected office for 50 years.  He ran for the first time when Richard Nixon was in the White House.  We're going to win this race.  We're going to win it by a decent margin.  Thank you. Now your viewers can find that at BernieMarino.com. So if they can go on there and help out, that'd be fantastic.  Yeah, absolutely, because the answer is unequivocally no.  You see the high prices of the grocery store, fast food, the cost of insurance, the cost of housing,  affordability of a car today is impossible, the business I was in.  So objectively, in every measure, economically it's bad, but also instability around the world.  We see what's going on at the border.  Everything is objectively a disaster.  What you saw last night is an optimistic, positive, and patriotic President Trump  laying out an agenda that's going to fix these things over the next four years.",W,M
2024-10-28_13-12-35_UTC_Elissa_Slotkin_DBq0TiGPNHJ,2024/10/28,Elissa Slotkin,DBq0TiGPNHJ,0.739505051201476,-0.24435379066370505,189.05215491535327,1057.5680968590173,2479.2501530197355,0.1837351193653642,0.7301909110774908,-0.19824755619090223,0.00060233804613407,8.293154744377268e-05,5.45377037532482e-05,0.019099498344943597,0.9765150425618865,1.6472503520033073e-05,3.110756849749625e-05,15.966723510373983,0.11314275758607419,0.2929246414835668,0.5,0.0,0.0,0.5,27.1,10,103,3.8007380073800734,140,5.1660516605166045," I'm Alyssa Slotkin.  It's been a long campaign.  So let's cut through the noise.  I want to be your senator because I understand what it means to serve.  Three tours in Iraq alongside the military, working for two presidents, one from each party.  And I know what it means to be tested, fighting the insurance companies when my mom battled cancer.  Look, no one knows the future.  What I can tell you is I will always say what I mean and mean what I say.  That's who I am.  It's why I'm asking for your vote and why I approve this final message.",W,F
2024-10-28_15-41-06_UTC_Bob_Casey_DBrFXdZqOHw,2024/10/28,Bob Casey,DBrFXdZqOHw,0.8210853984604141,-0.21401641083184747,129.84406682425225,709.9006531295734,1869.7938478783663,-0.6063372562152689,0.4334796161023142,0.008057690990988107,0.00024696714977196253,8.989461553407085e-05,2.4729204900844425e-06,0.026562064421315795,0.9729040505389492,8.26172264563504e-05,0.00010748210620975784,60.33473189008883,0.1704945529974083,0.24720322285162727,0.2,0.3,0.1,0.4,16.42,10,61,3.714981729598052,83,5.054811205846529," We got some work to do.  giving both of us both information and insight.  when the most powerful people in the world,  the billionaires and people like them,  they get huge tax breaks,  the middle class gets the crumbs,  and we're just supposed to be happy with that.  I'm not going to tolerate that.  Thank you, Donald.  but also some assignments.",L,M
2024-10-28_16-29-03_UTC_Bob_Casey_DBrK28QC99j,2024/10/28,Bob Casey,DBrK28QC99j,0.8528273024909846,-0.2771666335580087,216.0433611051819,803.8318333147063,1795.3388875736923,0.31875554270556994,0.7362264366158112,-0.16720024369341058,0.015461350831540054,2.7435729527249158e-05,1.914649251523606e-06,9.730960068944843e-05,0.984227243392378,2.8814842043577855e-05,0.0001425979845539823,23.55156743363513,0.17339459160227705,0.35193982994707046,0.0,0.25,0.5,0.25,14.42,4,41,2.8432732316227463,55,3.814147018030513, And we're going to take something out of the tax code.  that unfortunately is still the law of the land.  that big companies get a tax break for busting unions.  We've got to change the tax code to remove that provision.,L,M
2024-10-28_17-36-04_UTC_Mike_Rogers_DBrSQF9vpfl,2024/10/28,Mike Rogers,DBrSQF9vpfl,0.8356946157377209,-0.2419786453201052,124.1911124504784,617.5831405516918,1581.4684524933382,0.04740679645268634,0.6639532354572469,-0.09677395264192931,0.01647236511011355,0.0030944820682039234,0.0007118540711145648,0.03426267045558436,0.9132982148164694,0.0004503407570486219,2.6369147988535598e-05,19.66482073883516,0.1283986485862496,0.22454511269110378,0.5076923076923077,0.1538461538461538,0.0615384615384615,0.2769230769230769,256.70004535147393,65,874,3.404752629528633,1206,4.698091156992598," The stakes are huge. The Cook Political Report has us as a toss-up, and I'll tell you, our internal polling has us tied going into this last week.  So we think we're in the right kind of that poll position to get this thing done.  And it is a big deal, and the reason is the government mandates telling our car companies what kind of cars they need to buy  and what kind of cars we're going to have to buy is having a tremendous impact here in Michigan.  The rest of the country might get a cold on this issue. We're going to get pneumonia.  Forty percent less labor in building an EV automobile, according to the CEO of Ford.  And it is having a huge negative impact.  2,400 layoffs at Stellantis, 1,000 layoffs at General Motors.  Ford charged off, Maria, $5 billion.  And so these things tend to matter here in Michigan for people who are wondering if they're going to have a job next year or not.  I do. I really do. All of our independents are starting to break our way.  We've done a massive ground campaign here in the state of Michigan.  And you can find out about that at Rogers for Senate dot com.  Love to have you on board in this. This is going to come right down to the wire.  It's going to be close, but we're going to win because independents are coming over and we have all these diverse coalitions starting to come in.  And, you know, Trump brought something like 10 or 12 imams on stage in Oakland County.  And that is a really critical voting bloc.  Hey, Maria, it's great to be here.  Is that going to be enough?  Thanks for having us.  I think he's up. Our internal polling has the president is up in Michigan, which is great news.  As I said, independents are moving our way. I tell you what, I think there is an under polling issue here in a state like Michigan.  I think it's other states as well that you're going to see some surprises on November 5th.  You know, it's, you know, four years or six months of really negative and false campaign ads can't make up for four years of bad policy.  And families here in Michigan are hurting because of that policy.  And he's talking about a reciprocal tariff here.  So if somebody else is charging us whatever, 25%, we're going to charge 25%.  That's just about fairness here.  And I think that's really, really important.  That's why we're going to win this race next week.  Well, first of all, a public official should not be signing a nondisclosure agreement.  That kind of goes against the grain of transparency for your constituents.  But part of this agreement, that company, it's a Chinese Communist-connected, Chinese  Party, Communist-connected company, got over a billion dollars in cash and prizes from  the people of the state of Michigan to build a factory, think of this, the logic of this,  in a place that doesn't want it, to force our car companies to buy these products, to  build a car that they don't want to build, and by the way, they don't have a customer  base, they don't want to buy them.  And so none of this makes sense to the average Michigan citizen.  So why a nondisclosure agreement?  Why did you sign it?  What's in those deals that you don't want to talk about?  And that's really concerning to a lot of people.  So you get north of Lansing in Michigan, this is a hot, hot topic.  And if you get close to the southeast where we actually build a lot of these cars, the  autoworkers, the teamsters, this is why they're coming over to our campaign.  They understand this is not the right direction for the future of the country.  We just skipped right past hybrid vehicles, which would mean we could keep automobile,  you know, UAW workers, we could keep teamsters hauling cars.  All of these things are starting to play in in this last week of the election.  And people are saying, man, we're just not better off than we were four years  ago.  Our groceries are higher.  The border's a mess.  Internationally, it's chaos.  And oh, by the way, they're trying to take our jobs right here at home.  I do. There's a reason that these polling numbers, when the Teamsters took a poll internally, it was 60-40 Donald Trump.  When the UAW, they didn't really take that same kind of poll.  What we're finding is they're doing rallies at plants by former UAW members,  and they're coming back saying, hey, it's about 60-40 of these folks leaving the plant and giving thumbs up, taking signs.  So I do think something's up.  They know that something's going on, and it's not good for their future and their economic future.  And, oh, by the way, add all the other problems, high gas, high groceries, all of the other things that came with it.  And people are saying, hey, we have to have a change.  That's why I think this is going to change, and that's why we're going to win this election next month.",L,M
2024-10-28_17-37-56_UTC_Tammy_Baldwin_DBrSpVGRVAl,2024/10/28,Tammy Baldwin,DBrSpVGRVAl,0.8231460833988752,-0.26174632985334834,174.34661636906594,772.5989853102288,2083.798011514572,-0.14436113979101445,0.6076448395753344,-0.06217851579959021,0.014885179185773449,0.0004112126630587836,0.0010959451447229288,0.001744113744015258,0.9705331264620306,0.002145381456312944,0.007067830197241627,15.867991038574162,0.13731360437749848,0.21680871189584106,0.3478260869565217,0.3478260869565217,0.0869565217391304,0.217391304347826,103.14,23,306,2.966841186736475,475,4.605390731045182," Unbelievable. I was actually there when he said that. That was during our debate.  You know who is an expert on the Farm Bill? The Wisconsin Farm Bureau.  I was proud to receive their endorsement.  I'm the first Democrat in nearly 20 years to have received that endorsement.  This is absolutely outrageous.  Eric Hovde has a proposal that would cut Social Security benefits.  These are earned benefits.  By $500 a month, $6,000 per year.  It is so clear that this multimillionaire doesn't know the lives of real working people  who pay into Social Security with every paycheck.  I was raised by my grandparents.  I learned at a very young age the value of Medicare and Social Security,  and I'm going to fight to make sure that they are stronger and last for generations to come.  Tell that to people in Milwaukee where there are 70,000 lead pipes going into people's homes.  We have children facing lead poisoning.  This is why I fought so hard in the infrastructure bill to make sure that we provided the resources to get the lead out of our drinking water systems.  It is so clear to me that Eric Havry spends so much time in California that he doesn't know the real challenges facing communities in Wisconsin.  Absolutely not. You know, it almost looks like some new wave trend happening in California. He  asked, let's really see who's from Wisconsin. It's obvious who the Wisconsinite is here. That's me.  He's obviously very defensive about people associating him with his $3 billion California  bank, his $7 million Laguna Beach, California home. And the fact that he's been named among  the more influential residents of Orange County three years in a row. You know, Wisconsin,  we have a green County. We have a Brown County. We do not have an Orange County, Wisconsin.",W,F
2024-10-28_18-58-57_UTC_Kari_Lake_DBrcDMXAtRO,2024/10/28,Kari Lake,DBrcDMXAtRO,0.8345539742389061,-0.2870325668339143,243.29868235303914,755.8505492476575,2100.6063641364044,0.08704092491031619,0.665269190242518,-0.1814999197487279,0.0007076069931370124,0.005429954490309502,0.110154094205967,0.05340992510065676,0.7077294938155808,0.11526434023541664,7.362326219705162e-05,32.29068743898966,0.11594784071799863,0.27157422502301615,0.6,0.0,0.0,0.4,38.76,15,136,3.5087719298245617,178,4.592363261093912," But honest to God, if we don't get out there and vote and save this country  and get Donald Trump in and get America first patriots like Carrie Lake for U.S. Senate,  you're not going to have the freedoms.  And I don't care what they say.  They can call me a monster.  If I'm a monster, I'm a monster fighting for my kids.  I'm fighting for your generation.  You're not going to have this country.  And I'm really worried about you.  I'm in this not because it's fun, because they drag me down.  I had 20 hit pieces in the Arizona Republic in like three days.  20 hit pieces in a row.  We've got to save you guys.  I'm standing here.  I want to lift you up right now, but I'm really nervous about your future.",L,F
2024-10-28_19-02-52_UTC_Ruben_Gallego_DBrcgU8S0rM,2024/10/28,Ruben Gallego,DBrcgU8S0rM,0.9172095441334702,-0.17215713567159746,186.90199314311823,580.157432978711,1589.6922781397998,0.13684525526948302,0.6382190567761807,-0.09053662236887935,0.0012684346277981092,0.0020698062908139215,0.0008072873592236217,0.43024057744110217,0.5586672738114147,0.0032798809079618986,0.003548982249700382,16.877734310509478,0.3552117396427861,0.14789021401986582,0.0,0.1666666666666666,0.3333333333333333,0.5,9.74,6,41,4.209445585215605,46,4.722792607802875," Well, I can take care of you.  I'll take care of it. Come on.  Go home and vote. I got this.  Alright, who's next?  Who's next? Get over here.  I tell you how to vote, you tell me how to cut.",W,M
2024-10-28_19-08-46_UTC_Elissa_Slotkin_DBrdF2qAtUG,2024/10/28,Elissa Slotkin,DBrdF2qAtUG,0.8558642982420154,-0.132703569715224,222.3735383296693,834.746596109768,2330.9096105625786,0.17888082701159141,0.7096205711694106,-0.13241932028383793,0.1371609198650786,0.006639608989926887,0.003624999956693343,0.02980075309402033,0.6735746880644118,0.0008872436219015767,0.001410147323510216,25.40666762504941,0.13318586135366783,0.2324050039931701,0.4848484848484848,0.1515151515151515,0.1212121212121212,0.2424242424242424,105.30995464852607,33,379,3.558017273751408,501,4.703342095381149," And every single day including just this today  We I was dropping off a couple of yard signs and it's just a we were in Warren and it was just Trump sign Trump sign  Trump sign and we come across a family that is like we just wanted to put something up  We'll put it close to the house. So it doesn't get stolen right the act of bravery  She pulls the door shut, steps down the stoop,  gets out of earshot of the family and says,  But we got to run through the tape.  First of all, as what Liz Cheney said the other day,  no one gets to know what happens inside the voting booth.  Keep repeating that to people.  You knock on a woman's door,  So we're seeing signs of the secret women's vote everywhere.  And I want you and you all in Rochester and Rochester Hills  are in a great position to amplify  that secret women's vote.  I'm the only open-minded person on this block, right?  And you say, that's what the woman five doors down just told me.  Like, they're there.  These women are making an act of bravery by even talking to us.  But the anecdotal things are now becoming like a mountain of information.  We have, who's seen or have heard of this movement to put stickers and post-its and notes on the back of the stalls, right?  So this is getting to women where, quite literally, the men cannot go or should not go.  And it says, hey, your vote is private.  You don't have to tell anybody, but vote like your daughter's life is on the line, right?  So we know that's going on, and you can make those at home and put them up wherever you go, right?  She brought them.  Okay, they're in the bathroom of the house of the community center here.  Good.  The other thing we're seeing is people do what I saw in my first race, the pull and step.  I'm not alone.  So the secret woman's vote is a real thing in this election.  of them putting out a sign allows all the other people in that neighborhood  who don't feel like they can be the first one to actually say, I'm not alone.",W,F
2024-10-28_19-12-48_UTC_Colin_Allred_DBrdlqgvL06,2024/10/28,Colin Allred,DBrdlqgvL06,0.8229954321823321,-0.2618267049460025,138.03633773849705,699.3196300907828,1782.0004944224834,-0.032735665817362716,0.664249058902439,-0.10525964256775908,4.884426207593099e-05,0.00029225785681494444,0.00027153704467929236,0.0024944461009558266,0.9769918154706266,9.433197910821935e-05,5.43566708929611e-06,20.788836131703402,0.0853331693340507,0.15318534525572453,0.0,0.4666666666666667,0.1333333333333333,0.4,67.24,15,256,3.8072575847709698,367,5.458060678167758," Well, this is not about our past. It's about our future. This is a different election, a different time.  And to be quite honest, Senator Cruz has continued to show how he should not be placed in a position of authority for six more years.  With going to Cancun when we needed him most, that's happened since the last election.  We're trying to overturn the last presidential election with being uniquely responsible for this abortion ban that we have here in Texas.  We're taking down a bipartisan border bill that no state would have benefited more from than Texas.  And I'm also a different opponent on the most bipartisan section in Congress.  I've got a record of winning in tough races, and we're going to beat Ted Cruz on November 5th.  Honestly, I leave that to my team.  To me, we're way past polling.  We've had hundreds of thousands of votes already banked, and this is a time where Texans are voting right now.  And what Texans need to know and what folks watching this need to know is that they can go to ColinAllRed.com,  get involved with us, knock on doors, make phone calls, turn out the vote, contribute to our campaign.  This is how we win down the final stretch, is that we have built a machine that we can now turn out this vote,  but it takes all of us and every single person getting involved.  So for anyone watching this who understands how important this race is, I hope you'll do that.",L,M
2024-10-28_19-13-26_UTC_Kari_Lake_DBrdseTKuVn,2024/10/28,Kari Lake,DBrdseTKuVn,0.7197118041108601,-0.2398331846798684,168.10041214577151,886.9359082300376,2277.727657082311,-0.11186515381377092,0.6005704538040967,-0.1416895482623574,0.07084481191479317,0.01704313447374987,0.006911618381013308,0.0996857835960906,0.7793836005708766,0.0037088763286388256,6.137821162997514e-05,17.37498667181723,0.07827619091056262,0.20000237484888506,0.4,0.2666666666666666,0.0,0.3333333333333333,61.88,15,222,3.587588881706529,317,5.122818358112476," Every night we still see hundreds, sometimes up to hundreds of illegals coming across right here in the Yuma sector, right where the border wall ends, turning themselves in.  We're getting word from Border Patrol agents that I've spoken to who cannot be here with me today because of their jobs.  They can't come out and speak publicly that between 75 and 100 are coming in every night and turning themselves in.  You all know about this problem because you've been covering it for so long.  And just a couple of miles down the road in San Luis, every night you've got the cartels working their ladder groups, their ladder gangs and crews where they're sending dozens of people over the wall.  And basically our Border Patrol is stuck just processing more people.  And we have a better way.  We have a better way.  And we've got to get back to the policies that President Trump had, that we're working, that we're keeping us safe.  We've seen an incredible surge in people coming here illegally.  And it's not stopping.  We're using our Border Patrol resources.  To help illegals come into our country illegally.  And that's not why we have Border Patrol.  And I know from talking to the good men and women in Border Patrol, they are sick and tired of it.",L,F
2024-10-28_19-14-54_UTC_Kari_Lake_DBrd3oJpppZ,2024/10/28,Kari Lake,DBrd3oJpppZ,0.7167346068163806,-0.2149344690272011,168.70025464529175,887.8415814235753,2271.1585994490456,-0.11199780562239435,0.6034532804887716,-0.15005849690617623,0.008694175519242961,0.04522646415909766,0.008089014956593523,0.014476580025015512,0.8818147791203318,0.0009077807832601918,3.201048302310172e-05,17.674291863042313,0.11960673695039119,0.25446550380555844,0.6111111111111112,0.2777777777777778,0.0,0.1111111111111111,60.56,18,203,3.352047556142668,318,5.250990752972258," busting people into Yuma.  Working areas like this at night and dealing with the processing of people here illegally,  we have the gotaways coming in, and that's what keeps me up at night.  The gotaways are people who are the most dangerous coming in,  the ones who don't want to be detected, who don't want to be processed.  These are the members of the cartel.  These are the drug traffickers.  These are the child sex traffickers.  These are the human smugglers, the rapists, the felons, the criminals, and the terrorists,  which should terrify all of us, the thought of the terrorists that are here in our country.  And my opponent supports every little bit of it.  We just found out this last couple of days, Supervisor Jim Desmond with San Diego County said,  in order to improve the optics in California, the Kamala Harris administration,  rubber-stamped by my opponent Ruben Gallego, is now actually  from the San Diego County sector into Yuma and letting them out here or putting them on airplanes heading to places outside of Arizona and in Arizona.  And it's got to stop.  In the open areas, they're still basically completely unmanned.  So when we've got our Border Patrol busy.",L,F
2024-10-28_19-35-09_UTC_Kari_Lake_DBrgNJxhfmO,2024/10/28,Kari Lake,DBrgNJxhfmO,0.8305253335459474,-0.23878473551588772,164.06741327395954,761.6480198537081,2173.064308250744,-0.10517906366537812,0.6162532034108928,-0.09136142331804331,0.015170639891421879,0.0013514499469662454,0.0014141484727831519,0.0571142296577095,0.9103158611856584,0.0015813355712459712,6.874980940601426e-06,8.022509579442016,0.13506676364742015,0.20295478172838344,0.7142857142857143,0.2857142857142857,0.0,0.0,15.778979591836734,7,69,4.372623574144487,94,5.956907477820025," into our country in the past three and a half years.  We're sending them back to their loved ones, back to their homeland,  so that we can save our homeland.  And then we're going to work on getting the...  criminal gangs out and sending them back to their country as well.  We are going to finish the wall. We are going to repatriate these people who've poured in,  unvetted.",L,F
2024-10-28_19-46-20_UTC_Kari_Lake_DBrhLJViwfG,2024/10/28,Kari Lake,DBrhLJViwfG,0.8531799992030594,-0.44008618977702485,179.9434811143653,644.3492512803289,1951.3433932566672,-0.2072846472249498,0.5445061492726831,-0.14631413737248183,0.02350455581684899,0.006999754568080834,0.0012075364768489112,0.06352903483241869,0.8382298777453967,0.02490857165028007,0.028776591277506643,39.67364646230367,0.17952267529151467,0.23958379911971972,0.2803738317757009,0.2897196261682243,0.0841121495327102,0.3457943925233644,231.73294784580497,107,921,3.9606089274963447,1220,5.246409219919154," The healthcare system has so many levels of bureaucracy that  Pay for the symptoms.  Push it forward.  Push it forward.  Yeah, push it forward.  Push it out.  Somebody else will deal with it.  Kick the can.  You might die when we don't have to pay.  And so I just appreciate your service to our country.  I'm sorry for all of the things that you had to endure when you got back.  I want to be your voice back in DC.  I want to take these problems so that you don't have to worry and you have a voice for you back there.  so many weeks or so many days to get into a doctor.  They deserve better.  And that's something I want to see change in Washington, D.C.  But I want to hear from you guys.  and said if you have to wait  They should all be out of jobs.  Well, I'm so happy to hear that.  And I'm sorry that.  Well, and it seems like D.C. always wants to, Washington, D.C. always wants to.  You were talking a little bit about the VA health care system.  Absolutely.  And it's gotten so big that the bloat has just gotten almost dangerous where the bureaucrats are running the show.  These were, these are not entitlement, I mean these were earned.  Hey everybody, I'm here with Dave, Mike, and Rod, three veterans, heroes.  They served our nation, they served our country, and I'm just honored that you're here talking  about some of the issues that you're facing because our veterans...  you had to wait that long.  I mean, rather than, so typical of the government,  rather than fix the problem.  It'll be cheaper in the long run.  Well, I'm glad you're feeling better.  Is it okay now?  Why don't we talk...  I'm not going to be representing the lobbyists.  Actually, I don't care if the lobbyists hate me.  I want to make it so that you don't have to go back and fight for your rights.  Fight for...  I'm happy to hear that.  and give that choice back to the Veterans.  If they want to go to the VA, that's great.  But if that's not the best fit for them,  you know, are willing to lay down their lives for our country.  And when they come home and as they get older,  they go to the VA hospital perhaps, and they don't get the best treatment.  try to knock on the door of a lawmaker.  Why did you have to wait 14 years to get that surgery?  It seems that the VA  Yes.  And it's really appalling that you had to wait that long.  So I'm so glad you're off it. That gives people hope that they can get off it.  VA health care. The first instinct is to cut Social Security or Medicare.  You know, their first instinct is to go after and cut.  When did you finally get the surgery?  Tell us a little bit about you.  What are your kind of frustrations with the federal government?  From what I'm hearing from other veterans, sometimes they just give up.  They just say it's...  Really?  In Arizona.  and the VA system can't accommodate you,  then you need to, you get to go somewhere else.  Yeah.  oh, you're not really truly living, are you?  A lot of times you hear it's just impossible to get off of it.  the things that you've earned, that you served our country, fought for this country,  and I want to make sure that you're treated properly as veterans and respected.  That's one class of people I wouldn't mind seeing on the other point.  You guys go learn to code.  Bedbound for 11 months?  Yes, ma'am.  Because they wouldn't do the surgery?  Yes, ma'am.  that you shouldn't have had to and I want to help turn this government around.  I don't know about you, I'm tired of begging for my freedoms.  There you go.  I'm tired of begging for our inalienable rights.  working against us.  We're going to restore those freedoms and rights, restore the Constitution,  get the government off our back, and I want to be your voice there.  So thank you so much.  How about these are the things that were heard?  and really all over the country, and they just say,  Thank you guys.  would give them choices. It'll be cheaper in the long run.  So we need to make some serious changes.  Yeah, and I'm 100%.  can't go through so many hoops and then they suffer.  Tell us a little bit about where you served and what are some of the issues you have?  the systems that are actually helping people.  I hope they're embarrassed.  We need to make sure that there's choice and I think President Trump introduced that.  cut where it's hurting the true patriots and the true people who fought for this country  and did everything right.  And then people who haven't done anything are being thrown in jail.  Absolutely.  You're right. It does seem very upside down.  Well, we need to definitely, I call it defanging the federal government,  because it seems as if they've been...  Our lives are busy. Our lives are already difficult. I don't have time to go to DC and...  And how about we cut some of the waste?  There's a ton of waste.  We can start cutting true waste and not going after.  Well, let's get some attention on it.  It's starting in January of 25, and I talk to people all over the state.",L,F
2024-10-29_00-31-23_UTC_Eric_Hovde_DBsCFc3oDVx,2024/10/29,Eric Hovde,DBsCFc3oDVx,0.8796700508057035,-0.2638275434516247,190.02099632665644,599.0432078934149,1674.6921569298165,0.04767235325895993,0.6687271972074145,-0.12208104319741299,0.09111187277799271,0.008294908208897,0.0034837458294903964,0.09229025355284964,0.7870065188729432,0.0009171310587925946,2.0235610043972066e-05,32.051089144515885,0.14779027868140865,0.1696442263972165,0.5294117647058824,0.2352941176470588,0.0,0.2352941176470588,47.783968253968254,17,161,3.366792137181096,246,5.144291091593476," to restore the American dream  Now, Senator Baldwin, who's been a lifelong politician, 38 years in politics, 26 years in Washington, has been a big part of this problem.  to change America. Remember, before the 20 election, we're going to change America.  Well, they sure have, and it sure hasn't been for the better.  What do President Trump and I want?  And I'm telling you, we need change.  and grow our free market capitalist system that made us the wealthiest country in the history of mankind?  and to make America great again.  You think, what does President Trump and I want?  Kamala Harris and Senator Baldwin want?  We want to preserve.  We've got a lot of problems.  We've got a broken health care system where the costs continue to rise  and access to care continues to fall.  We have a shortage of affordable housing for young people.  The litany of problems are extensive.  And the choices could not be more different.",L,M
2024-10-29_01-04-41_UTC_Colin_Allred_DBsF0DzvfNv,2024/10/29,Colin Allred,DBsF0DzvfNv,0.8314864785483669,-0.23644773063370142,170.77932077238805,706.3010464926081,1802.3757678737677,-0.017132821783823922,0.5856100871136869,0.06989883167746404,0.031197554822994498,0.016739778862690003,0.01112201167856374,0.07801328748594598,0.6837464326648766,0.07348382065400025,0.06892005055838482,86.17463736848626,0.2673733483170605,0.24220530654204064,0.2564102564102564,0.2051282051282051,0.3333333333333333,0.2051282051282051,38.858979591836736,39,187,4.792414146591491,238,6.099436186570989," I'm gonna have to get my son out.  Not sure.  He's eight.  And you know who he told me to vote for?  You.  You got the youth vote.  Yeah, that's right.  I know.  Who are you voting for?  We're trying to flip the script.  Yeah.  Gotta get out the boat.  He's the real star and he's on TV every 15 minutes. I'm like once a week at best  Alright brother, we got your vote!  My wife ain't gonna believe it, man.  Calling already?  Yeah.  Thank you.  Real quick.  You know you can be whatever you want to be, right?  Yeah.  Yeah.  You can be whatever you want to be.  You just got to work hard.  You can do it.  Right?  Right?  All right.  Give me a hug.  Appreciate you.  All right.  Appreciate you.  Thank you.  Hey everybody, I'm here in historic Third Ward,  knocking on doors, and I brought a special friend.  What's up y'all, how you feeling?  My name is Jason George, you may have seen me on TV,  but today I'm hanging out in Texas here,  knocking on doors with my man Colin Allred because",L,M
2024-10-29_02-03-40_UTC_Colin_Allred_DBsMkvSobf7,2024/10/29,Colin Allred,DBsMkvSobf7,0.8533471572049179,-0.12352364990039162,100.92212957991015,822.5599847467989,1815.520776966249,-0.1942229044916159,0.6020465128779598,-0.058262329779399324,0.0013213639900030545,0.0026667557716365487,3.7331780338751345e-05,0.0008036401431905284,0.9940804675737148,0.00012088125292195036,5.207328136120773e-06,4.062945740042169,0.1042205393441095,0.10550390188732485,0.25,0.0,0.125,0.625,21.96,8,82,3.734061930783242,128,5.828779599271402, I believe in our public education system here in Texas.  Ted Cruz wants to take that away.  That's incredibly important for our rural communities.  We've had a lot of hospitals closing in rural Texas.  That's partly because we have the highest uninsured rate in the country.  I want to expand health care coverage and lower costs.  Ted Cruz is responsible partly for where we are right now.  And so I think his policies have been terrible for Abilene and for rural Texas.,L,M
2024-10-29_02-24-51_UTC_Sherrod_Brown_DBsPEStIB2z,2024/10/29,Sherrod Brown,DBsPEStIB2z,0.8013291358072371,-0.16899325261754788,158.2873277898468,672.3946720831221,1770.8518776336164,-0.10600260980311145,0.5930104523406765,-0.22304713173832202,0.0011445388569806527,0.0014535789504502934,0.0010915574674755621,0.0014927993274993121,0.9865195578543372,0.0010225332919246639,2.3919452099347985e-05,13.34995489554471,0.056723180289502455,0.14322528832990788,0.0714285714285714,0.2857142857142857,0.2142857142857142,0.4285714285714285,45.96002267573696,14,165,3.590078328981724,231,5.026109660574413," He's been hiding from Ohioans the whole election.  He always thinks he knows better.  He's one of those kind of candidates.  His own staff clearly doesn't trust him to go out and talk to people and answer questions.  I fight for the dignity of work.  He stiffs his employees and then refuses to talk about it or his staff steps between him and the question.  He doesn't seem to want to answer questions from much of anybody.  When he does, he gets in trouble.  So he doesn't really want to ask answer questions about voting.  Ohioans voting 57 percent for abortion rights.  About how he stiffed his employees out of their overtime, $400,000 worth, how he shredded documents.  When you're that out of step with the public, the only way to win is to spend a whole lot of money.  There's been more money against me in this race than any Senate race in history.  And so it's going to be a very close race.",L,M
2024-10-29_04-01-41_UTC_Kari_Lake_DBsaJlsiSWz,2024/10/29,Kari Lake,DBsaJlsiSWz,0.832639174673487,-0.2907627953827043,184.12032369250014,842.5354372919817,2161.6418630543744,0.010763387990696477,0.6386317962821071,-0.06108991676368793,0.009793071652856694,0.00411199260351569,0.004228332867952833,0.10612010378078811,0.8355703234044501,0.0007263825991515399,0.0002707199529039017,21.54228592087524,0.11966388696559817,0.23456000781297176,0.3333333333333333,0.1666666666666666,0.1666666666666666,0.3333333333333333,45.94,18,167,3.6351763169351328,225,4.897692642577275," That was proven yesterday.  And the people are struggling economically in New York.  And it's just a real mess.  And everywhere we went, whether it was an Uber driver or a taxi driver, they would say, oh, they would figure out who I was.  And they would say, oh, my gosh, we miss Trump so bad.  We got to get Trump in office.  We have to turn this around.  And the city is in disarray.  Crime is up.  You don't feel safe walking on the streets.  There's lines of people there illegally.  They're staying in four-star hotels.  So I think New York is much more MAGA than anyone would believe.  Oh, I had so many people who were there texting me and they said it's just electric inside.  And we were watching a bit of it yesterday.  Of course, I'm busy on the campaign trail here in Arizona.  But I'm not surprised at all.  I've been to New York several times in the past few months, actually.",L,F
2024-10-29_04-03-10_UTC_Kari_Lake_DBsaUZNsWpI,2024/10/29,Kari Lake,DBsaUZNsWpI,0.8269114759383326,-0.2890932316033023,177.93972144768918,806.2675245609463,2117.1433241678506,-0.010329675774802788,0.6513503036261828,-0.07900650666207544,0.014580739006082043,0.0007856796949236066,7.411284940965563e-05,0.136673022578019,0.8298806184287908,0.01640858713858273,0.0004191982435623265,15.323759941383534,0.11273528531758585,0.3121105404614294,0.52,0.2,0.08,0.2,93.97299319727892,25,321,3.4156203447542035,466,4.958501808895511," people pouring across illegally, fentanyl pouring into our communities, killing our young people.  for the good people of this country.  destroy the housing market, and the mortgage rate shot up to now about 8%.  It's impossible for a young person to get ahead, get a down payment, and buy a house right now.  Instead of living the American dream, our young people are wondering if they're going to have to live in a small apartment  with two or three or four roommates for the rest of their life.  So we have the plans.  We are going to put America first.  We're going to secure the border, bring back that strong Trump economy, energy independence,  a great quality education for our kids so they're ready to tackle the jobs that are out there when they get out of school.  And we're going to bring peace and prosperity, not war and poverty.  I'm looking forward to President Trump getting in office and joining him in Washington, D.C., in the U.S. Senate  and making sure that we accomplish all of those things and more.  the worst people in the world.  Can you imagine?  They helped...  And now he wants to represent the people of this state, and he's called more than half of us the worst people in the world.  He's called them dumb, all these different names.  You know, they don't have a plan, because if they did, in the case of Kamala Harris, that plan would have been rolled out four years ago.  But instead, what happened four years ago is when they got into office three and a half years ago, they rolled out the opposite.  They rolled out the beginning of the destruction of America.  They opened up the border.  They coddled the cartels, empowered the cartels, left Americans dealing with.  I'm feeling the same thing here in Arizona with my radical, radical opponent.  You know, he's called Trump voters.",L,F
2024-10-29_04-55-50_UTC_Kari_Lake_DBsgFamMje9,2024/10/29,Kari Lake,DBsgFamMje9,0.8755257413267995,-0.24881251489149608,182.7557234181604,847.1717099884268,2147.1432031784043,0.002225459154280039,0.649973479658278,-0.12205108850699506,0.011660680594464014,0.002239600765345611,0.008013622149074822,0.047758188022552585,0.8623684535831287,0.011398321090678313,0.0012810006785932144,22.912212226263023,0.15561635286235934,0.2318907893111108,0.4539473684210526,0.2631578947368421,0.0723684210526315,0.2105263157894736,533.3989569160998,152,1910,3.554811092499535,2705,5.034431416340965," I'm actually thinking you meant to ask me about the issues that people cared about.  And people care about our wide open border.  They care that 21 million people have poured in to your city, to my city, all across this country.  Do you think people care if you're willing to accept the results?  I did just explain that. I've put out a lot, I've talked a lot about this, and I just explained that I'm running for federal office.  So I explained how I voted, I'm running for federal office.  So which office you're running for?  Really quickly, though, Caitlin, Caitlin, I was just Caitlin. I was just in New York City. I believe that's where you are broadcasting live from tonight. The streets aren't safe anymore. The subways aren't safe anymore. I care about the border and we're going to make sure we we're going to make sure we secure the border.  I don't think that we'll ever be able to afford a home in our generation  because the housing prices have soared, especially in the past four years.  They've gone up 35% in Arizona.  I did vote early. I did vote early. And I planned to my husband plans to vote early. My daughter voted early. My son will be voting on Election Day. I've never changed my position. I've always said vote however you're comfortable. I do wish we had Election Day, but we don't. So we have to vote in that way. And we're going to make sure that we get everybody out to vote.  And if you look at the stats, I don't know if you've covered this yet because it doesn't go in the Democrats direction, but we are seeing a huge turnout right now in Republicans voting early. It's incredible what we're seeing here on the ground.  And at this rate.  abortion on this issue.  Well, I think what you meant to ask is, Carrie, things are really tough right now.  And I know that people that are watching tonight.  ports of entry.  And Caitlin, it doesn't help that we've had 21 million people here that have poured across  the border.  Why are we looking backward?  I'm looking forward, Caitlin.  I already know what your head like.  I voted for the law that we have.  The current law is 15 weeks, and it provides abortion up to 15 weeks.  But the beauty of this is that the people of Arizona get to decide.  We get the choice in this, and my opponent wants to take that choice away from us,  drag it back to some back room with Chuck Schumer,  and decide what the law is here in Arizona.  And the people of Arizona get to decide.  They'll either decide to keep the current law or go with his proposition.  And the one thing I will tell the folks in Arizona that are watching tonight  is that when I am in the U.S. Senate, I will not vote for a federal abortion ban.  I believe it should fall into the people of the state to decide,  nor will I vote for federal dollars to go toward abortion.  But I will, Caitlin, do everything in my power to make sure that we are pushing laws that help women.  We want to make sure we have women's health care.  We want to make sure that women, if they want to keep their babies, know that there's help and options.  I heard of a statistic that broke my heart the other day,  that 60% of women who have an abortion would have not had that abortion  if they would have known there was a little bit of financial.  Yes, because in the federal office, we're not going to decide that, Caitlin.  But I'm really concerned more about, I'm concerned just as much about the children that are going missing, the women that are being raped.  And I wish the media cared about them.  I haven't heard a lot of questions being asked of my opponent or Kamala Harris about the 325,000 children who've gone missing.  I haven't heard a lot of questions coming from the mainstream media about the women who are being killed at the hands of people here who are murderers and rapists.  I was in New York City.  Well, your opponent, of course, voted for the Lake and Riley Act.  I don't really think those voters exist.  I actually look at the good polling, our internal polling, which shows I'm ahead a little bit, and this is a tied-up race.  So I'm actually looking forward to the election.  It's going to be a voter turnout election.  And right now we're seeing a great turnout with Republicans, much higher than Democrats right now.  And then we're going to see people show up on Election Day as well.  But what I really want to do is get to securing our border, bringing back a strong economy, making our streets safe in New York, in Phoenix, in Scottsdale, in Flagstaff.  I do believe in exceptions for rape and incest and the life of a mother.  Unfortunately, the other proposition really, I believe, goes too far.  It really takes it right up until nine months in some circumstances.  But again, the people of Arizona are going to decide, and I'm going to live with whatever.  i want to secure the border i want a strong economy i want schools that are  teaching our kids lessons that actually help them get ahead  my opponent has done an extreme makeover  he's we voted for open borders he's voted against the border wall he called  trump supporters  domini called trump supporters and republicans the worst people in the  world but i think he's also both of the city i know but i'm telling you i'm  about to explain this he's also voted for  defunding the police he's done an extreme makeover  Well, no, it's just that I know what office I'm running for.  I'm running for a federal office.  This has been sent back to the state.  And while I appreciate that you're concerned about this,  I know many women are concerned about it.  I'm a woman.  I have a daughter.  I came from a family of eight girls, so I understand the issue of women.  I want to make sure that women have options and affordable health care.  And women do care about this, but they also care about being able to afford groceries.  They care about the fact that not too far from here,  just a few hours south of where I'm sitting right now,  we have a wide open border and people are coming in.  Women care about the concern of World War III starting up.  You know, I was just at the border a couple of days ago,  and it breaks my heart because this little shoe right here I picked up,  it was probably the shoe that a little two- or three-year-old boy wore.  Thank you, Caitlin. Appreciate you having me on.  I care about them.  You've asked zero questions about inflation and the cost of living.  In Arizona, we can't afford to live anymore.  We have the fastest growing rent prices in the country in three of our cities.  So you're not going to answer the question.  passed a law to push for over-the-counter birth control pills and birth control so that women never have to be without that,  and they can actually get that birth control in a much easier form, much cheaper, so they don't have to make that choice.  Hold up, Caitlin. We've had 10 questions probably, and you've had all of them being about elections or abortion.  And while those are big issues.  You know what, Caitlin?  You've seen thousands of interviews from me.  I've answered that a million times.  I'm looking forward.  You've actually yet to answer the question.  They decide it's not going to be up to the U.S. senator in this state.  And my opponent has spent $40 million trying to lie to the people and saying that it is up to the U.S. Senate.  And it's not. It's up to we the people.  So whatever people decide in Arizona, I will respect.  or emotional health.  And if that's the case, we're failing.  I'm really proud of the Republicans in our state, Caitlin,  because what we're trying to do is prevent women from ever having to make that choice,  and we are the ones, Republicans in Arizona, who...  Caitlin, hold up, hold up.  The media can't get over it.  You say I can't get over it, and it looks like you can't.  No, listen, I want to see.  Caitlin, I'm looking forward to what is coming up.  I'm looking forward to November 5th and this huge election.  And the people of our state are caring about what's coming up, what's going forward.  How are we going to make sure we secure the border?  What can we as Republicans do to make sure we bring back that thriving economy  where we have record low unemployment?  So you're not going to say whether or not you want to.  I don't think I said that.  They are worried about that, and it doesn't help.  First of all, I want to go back to a question you just answered.  I have not changed my position on early voting.  We have to vote for the entire season.  He came on your show and you never interrupted him once.  And I'm here to tell you we have a lot of issues as women we care about.  I care deeply about the little boy who was possibly wearing this shoe when he crossed our border who's now missing.  I worry about where he is right now.  I worry about the people who are sex trafficked into our country and across our border.  And most importantly, one of the most important issues I worry about is the weapon of mass destruction pouring across our border.  It's called fentanyl and it's killing about 100,000 young people about your age every year.  I'm worried about your generation.  I have kids that are probably about your age.  And they've told me my son just came home from college the other day and he said, Mom.  I've answered them before.  It's just sitting there at the border.  And I thought to myself, there's 325,000 children that have been trafficked across our border,  many of them sex trafficked, that have been lost.  Can I stop?  I think what you meant to ask is how can we get through this difficult time where people are pouring across our border and people can't afford to live right now?  I know that you're probably doing OK.  You probably have a pretty good salary.  I once sat in the chair like you did.  But people are really struggling right now.  I've talked to so many parents, dozens of parents who've lost somebody about your age or younger, a child from fentanyl.  They're no longer willing to have our border be wide open.  I'm glad you asked about the election.  I'm looking forward to November 5th.  We're seeing a huge turnout in voters here in Arizona, Democrats, Independents and Republicans.  Well, I want to make sure our elections are run properly, and I'm still in litigation, so I don't want to speak to that.  But I do want to look forward, and it's so funny that the media – Caitlin, hold up. Hold up.",L,F
2024-10-29_13-02-45_UTC_Colin_Allred_DBtYGK-vOCN,2024/10/29,Colin Allred,DBtYGK-vOCN,0.8162231359556786,-0.17914307426527096,147.24017142181702,740.4139816449618,1744.611814130868,-0.08944071773701169,0.6355487698199446,0.09599839405956373,0.004399002509760359,0.003468376256678456,9.671097626641313e-05,0.12206223075351424,0.8660085048733557,0.002948065845518873,0.00014170643968590985,76.17381050578864,0.1403097023770331,0.2506655624997387,0.2857142857142857,0.2857142857142857,0.2857142857142857,0.1428571428571428,14.44,7,45,3.116343490304709,68,4.709141274238227," who spoke  Well, thanks for having me on, Lawrence.  That event was incredible.  Houston was on fire.  And we were talking about the stories of Texas women.  and sexist families.  And I just want to note that I was introduced by Amanda and Josh Zyrowski.",L,M
2024-10-29_14-20-15_UTC_Colin_Allred_DBtg9W-xRx2,2024/10/29,Colin Allred,DBtg9W-xRx2,0.890710388,-0.2689037621021271,236.9882803135878,700.2260827899141,1577.4796173786688,0.6089956680110866,0.8708755,-0.6877652182249353,0.5277709364891052,0.0213563758879899,0.0011633887188509,0.1408804655075073,0.28897154331207264,0.0044568609446287,0.0002008938463404,0.0,0.0,0.0,1.0,0.0,0.0,0.0,1.86,1,8,4.301075268817204,11,5.913978494623656," This November, we're going to shock the world.",L,M
2024-10-29_16-22-05_UTC_Dave_McCormick_DBtu3IKO2sE,2024/10/29,Dave McCormick,DBtu3IKO2sE,0.8771666264559783,-0.16826870095499372,187.55398364675287,710.4909529918084,1919.1982296916026,0.23640851105066382,0.7309207568366395,-0.04205157069901213,0.1843282202391348,0.01599949906131666,0.0054213023265216095,0.03704897189843464,0.6451394627700033,0.018313214414578973,8.234416944724241e-05,14.166473315788544,0.13607500556756968,0.2385276539687724,0.2777777777777778,0.2777777777777778,0.1111111111111111,0.3333333333333333,33.91897959183674,18,118,3.47877358490566,180,5.306603773584905," 98%. He's voted for sanctuary cities.  a guy who's doing this for one reason.  I grew up in Bloomsburg, my folks had a farm, I baled hay, I trimmed Christmas tree.  Anybody been to Bloomsburg and remember the McGee Hotel?  I was a busboy at the McGee Hotel, right?  I was a paperboy.  I wrestled.  I played football.  And wrestling took me...  One reason, right?  And he's voted 98% of the time with the radical liberal agenda of Biden and Harris.  One reason.  That's why I'm doing this.  Seventh generation Pennsylvanian.  He's voted for all the reckless spending.  He's voted for biological men competing in women's sports.  Does this sound like Pennsylvania to you?  And he's running against.",W,M
2024-10-29_16-31-19_UTC_Eric_Hovde_DBtv7_pK6Wp,2024/10/29,Eric Hovde,DBtv7_pK6Wp,0.8130380032203388,-0.29836322226703665,237.5256430663503,733.2711181864103,1799.2144859834352,0.5381436723479563,0.8449508476165253,-0.3011961522984864,0.5326060704798404,0.008534079537263385,0.0025253147130777642,0.12476987410471707,0.13733167666979235,0.000357463976177594,0.0004923191767091048,50.48857385261013,0.248946795696997,0.1846785269289218,0.6666666666666666,0.3333333333333333,0.0,0.0,18.88,6,52,2.754237288135593,71,3.760593220338983," This election is so consequential.  We cannot do it without you.  You have to help us get over that finish line.  I've got to ask you, not only do you have to get out and vote,  let's get out there, talk to your friends,  and take this country back and restore America.",L,M
2024-10-29_17-15-58_UTC_Kari_Lake_DBt1DDVsxiO,2024/10/29,Kari Lake,DBt1DDVsxiO,0.8390233043537565,-0.30453094490073535,175.5037229805927,827.8865943568336,2108.682140952068,0.025684873887704712,0.6586411611646001,0.15122531762192645,0.0029060115323436345,0.0016053695963102472,0.00042006316446511257,0.15220723599634145,0.8081124525300358,0.0003441060221143249,6.541073024040619e-06,16.261086681777037,0.11701070027227703,0.2573438553614029,0.4166666666666667,0.125,0.1666666666666666,0.2916666666666667,82.26,24,314,3.8171650863116953,438,5.324580598103575," if we continue along this destructive path that the Democrats have put us on.  the greatest, greatest years in our history.  I really believe that.  I believe the future is incredibly bright.  We're at a crossroads of, as Ronald Reagan said, a thousand years of darkness.  We can sit back. Everyone's got to get out and vote. President Trump is up. I'm up.  But we have to get out.  out of this world bright, but we have to get through the next eight days, and that's going  to require everybody out there to get out and vote. If you vote early in your state, vote early.  If you're here in Arizona, vote early. Take a friend, call a friend, call all of your contacts,  get them out to vote. We have got to make it too big to rig, and we're actually doing a pretty  good job of that right now in Arizona, and we're looking good here. Our internal polling shows me up.  and bringing back  But we need to make sure we get out and vote.  We can't look at internal polling and then say, well.  and just an American spirit that will propel us into the next years and decades.  It's absolutely huge. I mean, he is the great inventor of our time, the great visionary of our time.  And for him, who's I mean, think about it.  He's almost seen the future because he's been able to bring us such great inventions that have brought us into the future.  For him to say the future is not good if we don't get President Trump and and MAGA Republicans in office.  So we got it. We got to make this happen.  President Trump needs the Senate.  He needs the House to accomplish all of these great things he wants to accomplish for our country,  like that secure border, that strong economy.",L,F
2024-10-29_17-20-24_UTC_Kari_Lake_DBt1hVct-Gq,2024/10/29,Kari Lake,DBt1hVct-Gq,0.839276261445151,-0.3142672144104994,174.9743889831094,770.0573845824279,2054.9145793723046,0.0407801714534276,0.6668591117715194,-0.08679413734036338,0.01484448838959682,0.013275772931588605,0.0025764509831360818,0.023248014872782552,0.8171628418033435,0.0012990509673756342,0.00010004590524699783,26.688478712086518,0.09228858674190966,0.22859351876558823,0.3846153846153846,0.1923076923076923,0.1538461538461538,0.2692307692307692,88.06,26,328,3.7247331364978415,499,5.666590960708608," You know, I can't imagine any American out there wants an open border once the cartels controlling are.  Yeah, I mean, this is such basic stuff.  I mean, I'm sitting here.  My husband's in the room with me here.  I love him.  I don't agree with everything that he agrees with.  You know, we don't agree on everything, but we are moving toward a common vision.  And that's what President Trump offers.  You don't have to agree 100 percent with them.  That's impossible.  I think we agree on 95% of everything, maybe even more.  Donald J. Trump, and I think in Arizona, I know they're going to vote for Carrie Lake for U.S. Senate as well.  And we're going to get to work immediately rolling up our shirt sleeves and going to work to get the business of the American people accomplished and turn things around.  our borders. I really don't believe there's any American who wants that. I think all Americans  want to have voter election integrity. They want to make sure there's no fraud. I would think they  would want that. I would think the majority of Americans want to make sure when we send our  children to school, they're getting a really solid education for the money we're pouring into it,  not an indoctrination. I think the vast majority of Americans believe that. Sure, there's a sliver  who are so radicalized they don't. But I really believe the vast majority. And I think the vast  majority are going to go out and they're going to vote for the man you see on your screen there,  that incredible leader.  But I think as Americans, we actually agree.  I'm going to say something probably pretty radical here.  I would take all Americans, even the Democrats and the Republicans.  I think even as all Americans, we agree on probably 80 percent.  I think the people who are more in our camp that are voting Republican for Donald Trump.",L,F
2024-10-29_18-00-54_UTC_Ruben_Gallego_DBt6KUfyVE4,2024/10/29,Ruben Gallego,DBt6KUfyVE4,0.8026586360138314,-0.15428094288661434,145.27402963895125,693.4274170695215,1948.950780337824,-0.0866977820024259,0.6370241266908716,-0.03412529775551935,0.059141714732467446,0.0005859786223554544,7.041898865730387e-05,0.008473285590361833,0.9297684192255571,0.00019203578314172873,3.37475851670687e-05,28.113800285072866,0.10633595040169887,0.15434557903449955,0.1,0.3,0.2,0.4,57.84,10,207,3.57883817427386,327,5.653526970954359," Well, I think the difference between me and Carrie Lake is I approach this from an Arizona perspective, not a Democratic perspective, not a Republican perspective.  So, you know, working with our community leaders, our border mayors, this is why I've been endorsed by more border mayors than Carrie Lake has.  We've been supported, are being supported by the largest police union in the state because they know that we're going to work in a bipartisan manner and not just play politics with the border.  Remember, there was a good border security compromise bill by the most conservative Republicans and Democrats together, and she rejected it.  Why? Not because there was a better bill coming, but because she needed the border problem.  She needed to continue to do this to the point where, you know, we had one mayor who started the campaign with her and is now endorsing us because they understand that I'm here to actually get the work done.  She's been to Mar-a-Lago more than she has to the border.  And in Arizona, Arizona voters understand that.  And they.  Want someone who's going to take the border seriously and not to use it, just use it as a political football like Carrie Lake has.",W,M
2024-10-29_19-02-59_UTC_Colin_Allred_DBuBCnYPcH0,2024/10/29,Colin Allred,DBuBCnYPcH0,0.9226149452761729,-0.20306600022220797,196.05817645206,643.4435855264425,1915.164406854927,0.3725369802761222,0.7609126520328653,-0.07095663130185233,0.17025179347279532,0.0038590567164758743,0.00012306395498355347,0.5127388523419113,0.31114382316027234,0.00045922398545063513,0.00018053369798324073,25.68032072402832,0.19391668798380832,0.3242573304506891,0.2105263157894736,0.2368421052631578,0.2105263157894736,0.3421052631578947,75.46,38,344,4.558706599522926,432,5.724887357540419," You know what I mean?  Because I was raised by a single mother.  And I played football.  And so, listen, the folks who I grew up around, you just can't get away with that kind of nonsense.  You know?  If somebody starts saying something, you've got to say something else.  Like, hey, it's not funny.  Alright, alright, how y'all doing?  Don't interrupt me and don't be over there chuckling.  So make a plan to vote.  Make sure you get your friends to vote.  When we come out to vote, when we fight.  If you take away a woman's right to choose, you gotta lose your job.  If you go to Cancun when 30 million people are freezing in the dark, you gotta lose your job.  Did I win or lose?  Let's go win, and I appreciate y'all.  Not one who goes to Cancun when we need him most.  I know that's right.  Come on now.  Y'all gonna make a plan to vote? We starting on Monday, early voting.  That's right, we won.  We won.  You know, I had a good time calling him out on his BS.  My goodness, thank y'all so much.  You got a great crowd.  I'm good to see y'all.  Did y'all watch the debate?  The man is a living legend, y'all.  Give it up for him.  And if you're trying to cut taxes for the rich so you can make it harder on working folks, you've got to lose your job.  And listen, we got so much to fight for in this election.  We need a senator who cares about all 30 million of us.  So listen, y'all, we got like 17 days, okay?  And then listen, when we talk about something serious, we're talking about something serious.  Hey listen, give it up for Jim Clyburn.  And you know what? If you just act like you think you know better than everybody,  you don't need to represent us, you don't need to show up for us,  then get out of the way and let someone else do the job, right?",L,M
2024-10-29_19-56-50_UTC_Colin_Allred_DBuHdyqOORc,2024/10/29,Colin Allred,DBuHdyqOORc,0.8761562052366864,-0.19889788338418535,138.75752083674652,804.9977547279038,1787.6596321870663,0.16730662729782195,0.7038093995266271,-0.1640020982581723,0.06312711332128555,0.09929982268609144,0.00022510924109480095,0.0038866922354843132,0.7934593805194605,0.003091281100147582,0.03666817934522739,28.062932243823962,0.013621482810205334,0.2403603812171416,0.6666666666666666,0.0,0.0,0.3333333333333333,3.38,3,19,5.621301775147929,27,7.988165680473372," I'm Colin Allred, and I approve this message.  Because we don't need talk on the border.  We need action.",L,M
2024-10-29_20-08-48_UTC_Sherrod_Brown_DBuI2YJy2Mn,2024/10/29,Sherrod Brown,DBuI2YJy2Mn,0.8494624662461662,-0.16367327270967713,152.6162368651814,617.9904104367513,1697.4837335463715,-0.11081993077638971,0.5928109468119451,-0.343849073177681,4.7519761047397057e-08,1.3193873349071388e-08,4.435079230725407e-09,9.021715470243306e-08,0.9999997563858587,4.337256651243829e-08,2.878635841283529e-08,15.797783575174869,0.12864314655666398,0.05866249342673114,0.0,0.1666666666666666,0.6666666666666666,0.1666666666666666,24.78,6,104,4.196933010492332,139,5.609362389023405," Politics to me is not so much left or right, it's who's side you're on.  And the reason they're spending $200 million is I take on the drug companies and I hold Wall Street accountable and I stand up for workers and unions.  I take on the railroads when they committed a disaster in East Palestine.  And the contrast is clear on abortion rights.  No matter how liberal or conservative, in the end, they want to know who's on their side.  And I think when they go to vote, in their own minds, they understand that I'm on their side on all these issues.",L,M
2024-10-29_21-31-36_UTC_Colin_Allred_DBuSQxsgPuc,2024/10/29,Colin Allred,DBuSQxsgPuc,0.8432562859384674,-0.2527203108602125,168.12400004600184,640.4289639614275,1725.7863148908855,0.08272459698490323,0.6734143894388546,-0.21715163901282444,0.07196519556349157,0.013908125879193671,0.0007304910570505123,0.03749319846509589,0.8562232373320519,0.003023943453823203,0.002324997559700949,63.655603942566735,0.19096047359564589,0.23862403464650173,0.3157894736842105,0.4210526315789473,0.2105263157894736,0.0526315789473684,51.68,19,189,3.657120743034056,268,5.185758513931889," We deserve a senator whose team is Texas.  an independent or Republican, but I want to serve you in the United States Senate.  It's official. I'm on the balance. We're going to get set through.  I want every Texan to know.  The race for U.S. Senate is heating up.  With recent polls showing a close race.  And there was a poll today that actually showed me leading in the race.  If you're a Ted Cruz supporter, it's too close for comfort.  Republican Senator Ted Cruz says members of his own party are voting against him.  There's a lot of people in the GOP that are embarrassed by Ted Cruz.  You can't be for the mob on January 6th and for the officers.  You can't.  And it's not funny.  And while I will be the Democratic nominee,  This November, we're going to shock the world.  We're going to beat Ted Cruz.  Zero threat to democracy.  Hey, Houston, how you doing?  One year from now, on Election Day 2024, Texans will go to the polls and replace Ted Cruz with a senator who actually cares about all 30 million of us.",L,M
2024-10-29_22-03-20_UTC_Sherrod_Brown_DBuV2PoyJCS,2024/10/29,Sherrod Brown,DBuV2PoyJCS,0.8041558168607765,-0.2467223764523126,152.56449976815315,627.1494724363696,1678.30689512789,-0.31591775292790863,0.5402074334323963,-0.3367530772228831,0.015524891248038233,8.287940067710347e-06,1.2333356249782688e-06,1.0755738634565197e-05,0.984320473908341,0.0001279860593856358,2.689633625322044e-06,15.640658424093125,0.11126079014006714,0.21526439607207198,0.3333333333333333,0.4583333333333333,0.0416666666666666,0.1666666666666666,74.7,24,240,3.2128514056224904,358,4.792503346720215," While I've spent my career fighting for workers, my opponent has made it clear he only looks out for himself and his rich friends.  by cracking down on the chemical suppliers in China.  where you live, what kind of work you do.  get the health care they deserve.  But while my opponent may have the special interests in the millionaires and the billionaires on his side,  He mocked Ohio women for caring about their right to make their own health care decisions.  Ohioans know I'll always be on their side. I'll always fight for Ohio workers.  and the drug traffickers in Mexico.  of 100,000 Ohioans.  to leading the fight to ensure that Ohio veterans exposed to toxic burn pits.  on this issue with 57% of the vote.  from passing the Butch Lewis Act, saving the pensions.  And despite Ohioans making their voices clear,  Elections come down to one question.  It's not left or right, it's whose side are you on.  Working across the aisle to protect Ohio families and law enforcement from dangerous fentanyl.  Absolute pro-life, no exception.  I mean all Ohioans, no matter who you are.  he would overturn the will of Ohioans by voting for a national abortion ban.  He doesn't have all of you.  So why should Ohio workers trust him to fight for them?  Those are the stakes in this race.  He stole overtime wages from his own employees.  after Wall Street gambled away their retirement.",L,M
2024-10-29_22-25-51_UTC_Bob_Casey_DBuYfLVhtYx,2024/10/29,Bob Casey,DBuYfLVhtYx,0.8027099086216216,-0.3033903773614386,107.27579926383157,570.6094622584515,1857.9957537931775,-0.6370804260282784,0.43511415908961587,-0.159113676077348,0.00020675481862351248,0.0009249235596346155,0.00015259460273344053,0.07052562435653592,0.9267240797101942,0.0011276954764846666,2.215393759738839e-05,21.691767908715928,0.0773675511910941,0.24588020567488006,0.2,0.2,0.4,0.2,14.06,5,51,3.6273115220483634,69,4.907539118065433," Yeah, they went through a lot just to get to that point.  families to have.  I mean, it's as if there's a miracle and they're knocking the legs out from under a miracle.  I mean, it's just outrageous.  that anyone would question efforts to protect IVF and make it possible for",L,M
2024-10-29_23-40-34_UTC_Bob_Casey_DBuhE9Wsrlg,2024/10/29,Bob Casey,DBuhE9Wsrlg,1.0,-0.2160334885120391,189.00648299250065,573.062921359291,1742.349160673249,0.30877524286043756,0.7667762,-0.12062989886414599,0.0001558867807034,0.0002164087782148,6.538791058119386e-05,0.0049794958904385,0.9930336475372314,0.0006614726735278,0.00042331888107580005,0.0,0.0,0.0,0.0,0.0,0.0,1.0,1.54,1,7,4.545454545454545,10,6.493506493506493," Hey Pennsylvania, you know what to do.",L,M
2024-10-30_03-24-54_UTC_Colin_Allred_DBu6pM7v37r,2024/10/30,Colin Allred,DBu6pM7v37r,0.810026116203802,-0.2843759833269728,137.29788877252668,578.6350020710836,1566.9384771875998,-0.05989027146956945,0.6407921732132972,-0.1873227918061561,0.05568913016365524,0.013302792658462728,0.011416343514012186,0.019382401541897954,0.8515489638078441,0.0018794436495129633,0.008328258645414907,28.82691214406136,0.13522407624665897,0.23571831728529372,0.2777777777777778,0.4722222222222222,0.0277777777777777,0.2222222222222222,97.3339909297052,36,388,3.9128680919725696,551,5.556676079064139," But I can't imagine if the doctor would come in and said there's a problem with the baby or a problem with Allie,  but there's nothing I can do because Ted Cruz thinks he knows better.  So to every Texas woman at home, and every Texas family watching this,  understand that when Ted Cruz says he's pro-life, he doesn't mean yours.  or to the 26,000 Texas women who have been forced to give birth to their rapist child  under this law that you call perfectly reasonable.  It's not.  This is not freedom.  I trust Texas women to make their own health care decisions.  You know, Allie and I had two baby boys here in Dallas in the last five years.  You're scared the entire time.  You don't know what they're going to say.  That's not who we are as Texans.  When I'm in the United States Senate, we'll restore a woman's right to choose.  We'll make Roe v. Wade the law of the land again.  And we'll make these stories of seeing these horrific experiences going on all over our state something of the past.  That's my commitment to Texans.  It's not pro-life to deny women care so long that they can't have children anymore.  It's not pro-life to force a victim of rape to carry their rapist's baby.  It's not pro-life that our maternal mortality rate has skyrocketed up by 56%.  That's not pro-life, Senator.  Cruz just looked into a camera and lied to Texans about my position. Let's be  very clear, you should look into the camera and speak to Kate Cox, who's  watching right now, and explain to her why you said that this law that you said  is perfectly reasonable, why she was forced to leave her two children behind  and flee our state to get the care that she needed. Or look into the camera and  talk to Amanda Zyrowski, who's watching right now, and explain to her why it's  perfectly reasonable.  Exceptions like rape and assault.  that because she had a complication in her pregnancy  and was denied care so long  that she may never be able to have children of her own.  I want to be very clear to the people of Texas.  I support the protections and the restrictions under Roe.  But Senator Cruz just called himself pro-life.  You're not.",L,M
2024-10-30_11-32-56_UTC_Colin_Allred_DBvylfou4Zn,2024/10/30,Colin Allred,DBvylfou4Zn,0.9343351949034482,-0.2504492704676271,139.2205512801264,520.162960498456,1610.5652695912922,-0.10672764710853082,0.5681350230172413,0.23992617033879265,0.055655347045857916,0.010173667517791418,0.0018995146480774421,0.20093808165674043,0.7139066175244556,0.011460902905705886,0.004574241087292282,34.54498634155501,0.1548283160589453,0.3363275344664941,0.1111111111111111,0.1111111111111111,0.1111111111111111,0.6666666666666666,11.6,9,52,4.482758620689656,75,6.465517241379311," We just had an event with Beyonce in town in Houston.  Thank you, Mr. President. I appreciate you.  We're doing great. We're doing great.  We had a great debate the other day.  Folks are voting. It looks really good.  All right, man.  Hang in there.  Take care.  I appreciate you Mr. President.",L,M
2024-10-30_13-35-08_UTC_Sherrod_Brown_DBwAUm4Mxxu,2024/10/30,Sherrod Brown,DBwAUm4Mxxu,0.927311632611111,-0.4090135412468775,331.2705441111474,809.6100648807517,1722.8947222148818,0.09570519301506616,0.6428518725710595,0.15617888152975812,0.00792783378854179,0.0010287981872172509,0.09662028291127574,0.12238704122938193,0.7478625173596256,0.006398685084426316,0.010107251525148115,48.562842874062746,0.1812178880015675,0.21298295921881566,0.0,0.3333333333333333,0.1666666666666666,0.5,15.48,6,44,2.842377260981912,66,4.263565891472868," And the one line that I love in this letter, there's many things, but Dr. King said,  human progress never rolls in on wheels of inevitability.  Alright!  Dr. King's letter from Birmingham, J.O.A.  Every April.  I go to the center floor and I read.",L,M
2024-10-30_14-20-47_UTC_Elissa_Slotkin_DBwFm8Yg4vu,2024/10/30,Elissa Slotkin,DBwFm8Yg4vu,0.7766929006155956,-0.141285160198431,199.37003222793737,1113.9029734707683,2474.8909803519964,0.15455708370562352,0.7168080807432228,-0.1923495467635717,7.064998561663884e-05,9.785501936075654e-06,3.8974056645700485e-06,1.510044317498997e-05,0.9998590109045464,5.591207000748881e-07,1.6865673358913758e-05,13.421589605591786,0.10249102752298071,0.20126389727842675,0.5,0.2142857142857142,0.0,0.2857142857142857,65.66,14,233,3.5485836125494976,317,4.827901309777642," I think the issue of choice here in Michigan, even though we did our job in 2022, we codified Roe v. Wade in our Constitution.  You know, we voted on it here.  I think the issue of choice continues, one, because there has been no stop in the other side of the aisle pushing constant anti-choice initiatives constantly.  I mean, I voted 15 times, I think, in the past year and a half to block those things.  Real fear of a national ban, depending on who gets in.  But it's also a stand in for a bigger set of issues.  It's just the fundamental question of do you trust women?  And if you're willing to take away this right, what are the other rights you're willing to take away from women and from other people?  So it kind of represents something bigger than just the issue of Roe v. Wade.  It's a it's a stand in. And, you know, in Michigan, we live right next to Indiana.  And, you know, if you're driving to Chicago for a concert, you literally have a set of rights on one side of the dirt.  And a totally different set of rights on the other side of the dirt on this, you know, visible line.  So we feel it very acutely here.  It's still a very live issue in the state and I think in the country.",W,F
2024-10-30_15-33-03_UTC_Sherrod_Brown_DBwODYYS8Pb,2024/10/30,Sherrod Brown,DBwODYYS8Pb,0.794940466364453,-0.28230830594594214,156.33439012677985,621.3633290453135,1802.4224393687696,-0.11091389634998408,0.582072294637479,0.0454283456998466,0.025045415132223227,0.0017541401376531868,0.0012428483998344543,0.05691599987113665,0.8828391452344134,0.005137545200005919,0.024486698547849822,25.348791168495197,0.14696585770143814,0.2563990739655086,0.21875,0.34375,0.125,0.3125,87.38097505668934,32,263,2.8182597513930565,387,4.147021003000429," And who bestow.  More control over your work schedule means higher wages.  That's why carrying a union card is so important.  It doesn't matter whether you make candy or whether you make a car.  As we celebrate Halloween, as we mark Halloween,  these are Smarties to get union made.  So to close off this candy salad,  we have Dum Dums made in Ohio.  $400,000 to employees, overtime wages.  He destroyed the evidence when a judge ordered him to pay.  That's the difference between the dignity of work and somebody who cares about himself  and about his rich friends.  Hi, I'm Sheriff Brown. Today, we're going to make a candy salad, if you will,  made up of Union Made Candies. First, I'm throwing in Union Made Candies Jolly Rancher.  In so many ways, it's job protection, it's better benefits.  I'm going to add Sauerbach kids.  You know my opponent's about, he was a car dealer.  Enjoy union-made candy and thank you for fighting for the negative work.  We know what your union card means.  It means...  uh we recognize i've always recognized when i talk about the dignity of work that carrying a union  card  made by Spengler Candies in Northwest Ohio and in Bryan and Williams County.  Teamsters workers made these dum-dums.  They made them for years.  They now make another one that I don't have with me today.  They make Bitterhoney.  And it's those Teamsters whose pension we saved  because union workers fought together, stuck together,  worked with me and with others to protect their union.  So we'll close.  So happy Halloween.",L,M
2024-10-30_16-30-41_UTC_Bob_Casey_DBwUqpYoDd8,2024/10/30,Bob Casey,DBwUqpYoDd8,0.7567604225601364,-0.279150628215799,129.4876414764342,815.4261052026789,1918.1406465245614,-0.34574251914272,0.5472647066713092,-0.313734232175574,1.1954743885800264e-06,8.525708600709404e-06,1.3534257523217995e-06,1.4008500319537887e-05,0.9999272810102298,1.503176275224516e-05,2.5487274674477216e-07,31.871843042876282,0.2220922684035516,0.29140496186329184,0.3333333333333333,0.5,0.0,0.1666666666666666,15.922993197278911,6,55,3.4289276807980054,78,4.8628428927680805, And his life was taken far too soon.  That's why Bob Casey's Sturdy Act means the world to us.  His bipartisan law sets strict new safety standards  to prevent furniture tip-overs.  We know because Charlie was just two when a dresser tipped over and killed him instantly.  I'm Bob Casey and I approve this message.,L,M
2024-10-30_17-09-45_UTC_Eric_Hovde_DBwZIdwvihr,2024/10/30,Eric Hovde,DBwZIdwvihr,0.8432828778061873,-0.3701961199780348,201.61533529255766,643.1895368408988,1674.5484269906392,0.13858339025382654,0.6864670429034208,-0.22087579329531318,0.3015362993642158,0.001925517269368755,0.033655066177141674,0.002646702350534032,0.5862773761238469,0.001120563713277218,0.0004673500459908718,24.17000631317293,0.20627259919784693,0.21604335925463156,0.5,0.1666666666666666,0.0555555555555555,0.2777777777777778,54.26299319727891,18,169,3.112338858195212,224,4.125230202578269," And then say, if you're not,  cash payments to illegals and providing them housing when our veterans are on the streets.  all the loss of life to fentanyl.  Talk to them. Bring them over to our side.  If they're in the middle, just ask them questions.  Ask them, are you happy with our open border?  Are you happy with...  Are you happy that we're bankrupting our future?  Ask them those questions.  see the poll numbers, the momentum's on our side. President Trump and I are at the tips of the  spears. But I'll tell you, we can't do it without all of you.  Let them answer them.  It's time for change.  I'm, thank you.  Are you happy that we're giving?  I need all of your votes, but what I also need you to do is you all are people of influence.  You have friends, you have family members, you have colleagues, you have people you go to church with,  or go hunting or fishing with, or whatever you do.",L,M
2024-10-30_18-50-49_UTC_Mike_Rogers_DBwhMU0SNvS,2024/10/30,Mike Rogers,DBwhMU0SNvS,0.833323053902188,-0.1727096997441165,160.14178419755353,947.300305727702,2046.2241078884078,0.2673303704490162,0.7456275068211069,-0.011551777876835954,1.298378567229664e-05,5.697982458088098e-06,1.2784356849878634e-06,0.00033543809658033945,0.9995898870581058,1.0559836620075941e-05,7.026836653093819e-07,6.7479611258522105,0.2180339329790253,0.2800370586567767,0.75,0.25,0.0,0.0,15.54,4,55,3.539253539253539,72,4.633204633204633," Senator Scott has made huge inroads, huge waves here.  He is making a difference here in the state of Michigan.  Now we need you to make a difference in the state of Michigan.  get your friends even crazy uncle earl we all got one grab them get them to the pole amen let's do it",L,M
2024-10-30_19-22-41_UTC_Elissa_Slotkin_DBwoTKYA-9z,2024/10/30,Elissa Slotkin,DBwoTKYA-9z,0.7840666795598196,-0.13953944318286618,202.32087512906975,1150.9826841092245,2481.239221673072,0.2072044092751391,0.7249729988816155,-0.12748911809429178,0.029697140646109208,0.001838853854817652,0.00047681031359644404,0.004229279428802716,0.95607876206585,0.00014513089814689693,2.3224797348173425e-05,40.288240767338124,0.09152184157482761,0.2211560394896988,0.2941176470588235,0.3529411764705882,0.0588235294117647,0.2941176470588235,67.65995464852608,17,226,3.340230564587644,329,4.862548034289092," The issue of the next generation of vehicles, of electric vehicles, of hybrid vehicles became this political issue.  And again, in Michigan, like we don't care what you want to drive, but we want to make the next generation of vehicles.  And that plant that you're talking about, the Grand River plant, which I represent right now, it's being converted into an electric vehicle plant.  It's going to save, you know, 650 jobs and add another 50.  And if you're standing in front of those guys of local, you know, 652 UAW and we're talking about their jobs.  I do not understand this idea from the other side of the aisle for my opponent that, you know, China's eating our lunch on electric vehicles.  So we should just accept that and not invest in making those vehicles here.  And I think it's in the last few days, it's certainly come to people's notice that a big loan of 450 plus million dollars was given to Tesla years ago.  Right.  To help.  To help them get started.  And so why not GM?  Why not Ford?  Why not our, you know, Detroit based makers here?  So it's become a political issue.  I don't really understand the approach of the other side.  I'm on Team America, not Team China when it comes to building the next generation of vehicles.",W,F
2024-10-30_21-24-37_UTC_Bob_Casey_DBw2UpAhtBY,2024/10/30,Bob Casey,DBw2UpAhtBY,0.8627648344503042,-0.376267049786527,145.34419277491278,604.3668367728274,1609.6225258678412,-0.12938385228278912,0.5788287859837729,-0.05119004003824076,0.09570445432043409,0.0587012228710257,0.0005770795022612504,0.2448040222582814,0.4587520019449307,0.00016359913243299938,0.12369766389318615,49.32135600302391,0.28501518039765256,0.22140611494396345,0.3,0.3,0.1,0.3,9.86,10,24,2.434077079107505,35,3.5496957403651117," Get out and vote, please.  Yeah, Bob Casey.  Yeah, Bob Casey.  Bob Casey?  Yeah, Bob Casey.  Bob Casey!  Yes, Bob Casey.  Calvert.  Calvert.  Please.",L,M
2024-10-30_23-16-58_UTC_Dave_McCormick_DBxDKbnuVmb,2024/10/30,Dave McCormick,DBxDKbnuVmb,0.8267736096165503,-0.2656514307870454,171.01945381454277,745.2587277019942,2019.165850004436,0.24925590630396957,0.7088572295104896,0.3820245073810174,0.1884739508588126,0.0023414869991488416,7.744198667003922e-05,0.315615114329477,0.492224066725303,0.00047897183525772005,8.276076165442096e-05,9.1944611195333,0.1768235539659739,0.3247855654857793,0.5,0.375,0.0,0.125,17.16,8,66,3.8461538461538463,98,5.710955710955711," doing a couple of events in southeast Pennsylvania.  We're now in Allegheny County in Pittsburgh.  We're headed to Warrendale for a big rally.  Nikki, thanks so much.  We're great friends, and you're great to be here with.  Thank you, Nikki. Thank you.  I'm honored today to have Nikki Haley come into campaign with Dina and me and the great Commonwealth of Pennsylvania.  We spent the morning.",W,M
2024-10-30_23-41-03_UTC_Bob_Casey_DBxF1e3MgRB,2024/10/30,Bob Casey,DBxF1e3MgRB,0.9169682876420155,-0.27131802415114425,218.1988108880648,952.525319954687,1849.2835650804202,0.3890594127300166,0.7680488542015707,-0.045374849935815205,0.28277094378671697,0.0029906219791865887,0.0013797054605705098,0.30773157036090476,0.3569259865259621,0.001127814790814881,0.00012866534919433494,39.00657388654188,0.21938552892635738,0.1702410176979554,0.2666666666666666,0.2,0.0666666666666666,0.4666666666666667,30.56,15,108,3.534031413612565,145,4.744764397905759," I've been looking for the map that leads me home.  That map is the map.  Some of you are knocking on doors, most of you are, writing postcards, making phone calls, contributing.  of the Commonwealth of Pennsylvania.  is doing something already. You're here tonight.  He's helping us get there.  Are you ready to win this Senate race?  We've got to keep working like you all are.  So many people here, every one of you.  Bruce Springsteen!  That map he knows.  When Bruce says,  So we got some work to do.  There's a line in that song, We Take Care of Our Own.  And the reason he's here tonight.",L,M
2024-10-31_12-12-51_UTC_Bernie_Moreno_DByb8DaOLur,2024/10/31,Bernie Moreno,DByb8DaOLur,0.8074770193551469,-0.21197355872787088,117.82977781274725,724.4003399462997,1759.71584798114,0.05161356357264325,0.6903576163676469,0.12061592473386015,1.4568731700525042e-06,6.67247232281807e-05,0.0008489912037238337,0.11293727000758208,0.8290412643260102,0.0004493416779327575,6.026441277991815e-08,10.526048674684104,0.10402310131779609,0.27501298667889795,0.5555555555555556,0.3333333333333333,0.0,0.1111111111111111,27.2,9,81,2.9779411764705883,123,4.522058823529412," Tired of binge-watching Sherrod Brown ads?  He's run for office 18 times over the last 50 years.  But what do we have to show for it?  I'm Bernie Marino.  We can keep watching Sherrod Brown reruns of this,  Illegal Immigration and Rising Inflation, or vote for change.  I'm not a career politician.  I'm an outsider, businessman, and endorsed by President Trump.  I'm Bernie Marino, and I approve this message to give Ohio a break from Sherrod Brown and your TV, too.",W,M
2024-10-31_13-24-23_UTC_Mike_Rogers_DByjEEsuw6d,2024/10/31,Mike Rogers,DByjEEsuw6d,0.8464717891121054,-0.303675557032025,134.04566956433905,687.3735014367916,1734.8719222198556,0.14541182875017758,0.6992339834709358,-0.07036753837929616,0.02878554285162876,0.0031978050768373244,0.008181726440590875,0.056680270699968394,0.8722945411041635,0.0028443059625804313,0.00012499171206603813,27.066887943280143,0.1749995965355978,0.28254251046036216,0.3529411764705882,0.2352941176470588,0.088235294117647,0.3235294117647059,147.70997732426304,34,530,3.5878689412401847,738,4.995938261575955," Well, first of all, tell them thank you for his service.  That is a difficult job on a good day.  So the first thing we're going to do when President Trump is elected and I go into the Senate is we're going to do remain in Mexico right away.  Has to happen.  We're going to end sanctuary cities.  Right. So we're going to make it less interesting for them to do it.  We are going to make sure that the folks that are here, we find them and spin them around and send them home.  They are overwhelming communities, illegal immigrants.  So we need to empower the Customs and Border Protection officers and agents to do their jobs.  And they can do it.  If we empower them on the first day, you'll be surprised at the turnaround that happens on the southern border.  Yeah, this is a great question. And by the way, you're going to find here that there's more common sense in this diner than all the committee rooms back in Washington.  We're going to we're going to we're going to enforce Title nine.  It is absolutely ridiculous that women are losing scholarships to biological males, that they have to put up with biological males in their locker rooms.  And unfortunately, my opponent voted and was the lead author of the bill to do that.  Not representative of Michigan. We're going to end that. I'll protect your daughter, my daughter, my wife and all of our daughters.  Michigan against this guy.  Well, they outspent us early, but we did something. We did it the old fashioned way. We have a ground game that is the best in the United States. We think we've just last week, eighty eight thousand doors. We have touched over three million voters with phone calls and door knocks. And that was all happening under the radar. They were on TV saying all kinds of nasty things, calling us everything but by our Christian name.  And I'll tell you the good news. People weren't buying it. They were believing that the issues were more important than all the nastiness.  And what we found is four months of nasty and lying ads doesn't make up for four years of bad policy.  And so we find this. There we go.  I'm a huge fan of school choice.  Listen, if you think about 57% of our high school seniors last year couldn't read at  the sixth grade level, 80% of our students in Michigan are reading below grade level.  If we don't have school choice, we're going to lock these kids into a future of poverty  and we're going to have to change that.  So I'm a big believer.  School choice will give us the competition, get schools back going.  And by the way, get all the other nonsense out of schools and get reading, writing, and  arithmetic back.  Well, that's fantastic.  right now. Just give us an update. We're feeling great. If you hear the excitement in this room,  we're seeing that all across the state. We just had a poll this morning, has us up by  two points. First time we've been in the league.",L,M
2024-10-31_13-27-03_UTC_Bob_Casey_DBykayYI-S_,2024/10/31,Bob Casey,DBykayYI-S_,0.8712529382480446,-0.36947914202120047,192.7587849557495,1091.3885383574702,1849.061975681594,0.3682897521726727,0.7991495386033521,-0.23645432677251566,0.08564116967048038,0.0035285613441969226,0.0014021678906701374,0.03323033948484458,0.8738299174052168,0.0009494430169006738,0.0008118418468515229,23.141407014572643,0.09237641733362877,0.27597844945431005,0.25,0.375,0.125,0.25,35.8,8,119,3.3240223463687157,158,4.41340782122905," Between my opponent and me?  You're knocking on doors, you're making phone calls, you're making contributions, you're going to events, you're engaging your neighbors to continue to fight for these values, to continue to make sure that people know that we're on their side against these powerful forces and to work like hell to get the vote out.  So will you join me in working night and day to get out the vote for our entire ticket?  I need your help in this race.  We're going to win together.  God bless you.  All that's left is what you all are doing every day.  Look, we've got a lot at stake in this race. The choice has never been clearer.",L,M
2024-10-31_17-06-14_UTC_Kari_Lake_DBy8pxavAm1,2024/10/31,Kari Lake,DBy8pxavAm1,0.8427296370897689,-0.26353170603234966,172.2406519893879,833.4271508365786,2115.1243580722967,-0.061183658856944545,0.6417901568308224,-0.13221483309177096,0.012013577404453624,0.000765859015955512,0.010199371825782533,0.1323262205284047,0.8065071244378058,0.0005933433577524352,1.4492411971477518e-06,18.255683505714988,0.12151849379761002,0.22937238885637237,0.4705882352941176,0.2352941176470588,0.0588235294117647,0.2352941176470588,52.84002267573696,17,207,3.917486752460256,291,5.507191521574563," The symptoms of this border problem are so massive and they fall into every other aspect.  When it comes to safety, we obviously have people coming in who are known criminals.  I want to topple the cartels.  I don't want to even have people know what the word fentanyl means in the future.  You're a woman.  You know Donald Trump very well.  I believe his policies are actually very pro-woman.  When you look at just wanting to make sure that we have secure streets.  He wants to protect girls' sports.  My goodness, how many of us competed at some point in athletics?  I'm glad I didn't have to compete against men in athletics because that's just not a level playing field.  I think the issue they try to drive a wedge between us is on abortion.  President Trump is not going to pass a national abortion ban.  What I do believe he is going to do is work hard, and I want to help shepherd this as well,  to put forth policy that does support women.  I want to make sure that no woman is forced to make a decision like that based on just sheer economics,  saying I can't afford to take care of a baby.",L,F
2024-10-31_17-12-03_UTC_Mike_Rogers_DBy-D_EPvd2,2024/10/31,Mike Rogers,DBy-D_EPvd2,0.7469076624395796,-0.3420389802203287,145.66102128730154,879.8973422829212,1906.1349786882452,0.14416273760441178,0.7062454687127847,-0.21009394030929246,0.0497828770577225,1.1963012537560298e-05,1.0663655245647937e-06,0.00010095705019498768,0.950080460612703,1.123901010532364e-05,7.972438217084315e-07,9.31127055274861,0.10525635084666406,0.11774820765156133,0.8333333333333334,0.0,0.0,0.1666666666666666,22.84,6,72,3.1523642732049035,101,4.422066549912435," Hey, Mike Rogers here. We're at the Warren Tech Center where we lost a thousand jobs.  I'm going to challenge Alyssa Slotkin. Come here. Meet with the families of these thousand workers who lost their jobs because of a government EV mandate.  This is the time for change.  We're going to get these jobs back.  We're going to put Michigan back on the map.  We're going to build things in Michigan again.",L,M
2024-10-31_17-38-51_UTC_Dave_McCormick_DBzBPq1O0mq,2024/10/31,Dave McCormick,DBzBPq1O0mq,0.8184109749923574,-0.3386869394219427,160.8928014573834,653.7575872537221,1812.2618521325671,0.11045031377883734,0.6500529070132848,0.24407761703045658,0.10971107606276163,0.0010818135355029027,5.00310789905616e-05,0.01626341657044686,0.8717422242609381,0.0008183572659671132,0.00027005122757155453,3.980785315372747,0.10084205943536632,0.3049033105384225,0.5,0.5,0.0,0.0,9.078979591836736,4,42,4.605263157894736,61,6.688596491228069," All right, we're at Philadelphia today with the great Senator Tim Scott.  We're talking about school choice.  So glad to have you here, Senator.  This is the thing I think we can do here in Pennsylvania and America with the change of...",W,M
2024-10-31_18-00-38_UTC_Tammy_Baldwin_DBzDsJmRSAZ,2024/10/31,Tammy Baldwin,DBzDsJmRSAZ,0.9801134567112301,-0.21197543064678337,300.40407765064566,1361.4601528257908,2366.85590288147,0.5207819019032012,0.8355408280578792,-0.007162301746352662,0.7861089294804998,0.0007434905763122865,0.0003164265822875245,0.0419321358709898,0.16870396033505236,0.00025276987490687624,0.00018473011036033193,36.50789857308658,0.2021037814612635,0.2149568687109519,0.3636363636363636,0.0,0.1818181818181818,0.4545454545454545,20.78297052154195,11,53,2.5214081826831585,72,3.425309229305423, Early voting is happening right now.  or to let Eric Hovde take us backwards.  And together we will win!  So make your plan.  Bring your friends.  that together we will fight.  to embrace our state motto forward.  and get out there and vote.  We have the choice.  Say it with me.  Early voting.,W,F
2024-10-31_18-48-51_UTC_Mike_Rogers_DBzHF20vSMb,2024/10/31,Mike Rogers,DBzHF20vSMb,0.7248609608762235,-0.3383062756119655,159.1024380831714,898.941901163006,1810.0165567119639,0.1508297161727803,0.6889208767237676,-0.22593542252838303,0.009355596818812335,0.0003739037533630346,0.00013069712110200536,0.001754572359939318,0.9871601013420088,0.0008159234424204499,0.0003792187458159792,15.78309198075869,0.0823708158152921,0.2194501054381466,0.5454545454545454,0.0909090909090909,0.0,0.3636363636363636,28.193990929705212,11,87,3.085106382978724,126,4.468085106382979," their income.  Hi, Mike Rogers here at Warren Truck Assembly Plant.  2,500 jobs got laid off right here.  Challenge my opponent, Alyssa Schlockman.  Come and talk to these families.  and maybe even their future because of your EV mandates.  It's dangerous. It doesn't have to be this way.  Listen, markets, not mandates.  Let Americans, let Michiganders choose the kind of car that they want to drive  and the kind of car they want to buy, and let these companies build those cars.  We can make a difference.",L,M
2024-10-31_22-54-36_UTC_Colin_Allred_DBzlUodAZLV,2024/10/31,Colin Allred,DBzlUodAZLV,0.9567219643281004,-0.25142965110425564,151.78688193213827,553.3505616581754,1705.568918996542,-0.028457541484011493,0.6145603037227821,-0.010334801162106944,0.0002890374334397391,0.00012983215191105828,0.06718175157559286,0.017134574431147142,0.8277591551718969,0.0005223651107358041,0.08691515308437234,12.16385803188597,0.11863224557079664,0.30268882275019554,0.4285714285714285,0.2857142857142857,0.0,0.2857142857142857,17.735986394557823,7,64,3.607666290868095,84,4.735062006764375," that we've done our job, that every newspaper in this state has endorsed me,  that we had a debate where I kind of dragged them across the stage a little bit.  Every day, I'm living into my faith.  My faith in God.  My fellow Texans.  My faith in my fellow man.  We had a pretty good rally the other night, 30,000 folks were there.",L,M
2024-11-01_00-20-53_UTC_Dave_McCormick_DBzvH46twrB,2024/11/1,Dave McCormick,DBzvH46twrB,0.7216783521786961,-0.15424388457376464,110.0924159556703,598.329968895244,1772.4541525860063,-0.04491904836899026,0.6395668781660065,-0.03838293294166766,0.0002774885078936585,3.38454784084653e-05,1.6565632717590101e-06,0.0021009917315873102,0.9974716380013864,6.382491723751305e-05,2.3829152385925407e-06,8.87000219469323,0.08449387079225365,0.20764603533530773,0.125,0.25,0.25,0.375,35.9,8,119,3.314763231197772,187,5.20891364902507," my case, it's a choice between change that I represent and the status quo, which Senator Casey  represents. I'm running against a guy who's been in elected office for 30 years, a career politician,  a very famous political family, and someone who really hasn't been a leader in the Senate at a  time where Pennsylvania and America needs leaders and a guy who's voted 98.6 percent of the time  with Joe Biden and Kamala Harris for all these things, the wide open border, the reckless  spending, the assault on fossil fuels that have really hurt Pennsylvania. So most Pennsylvanians  think the country is going in the wrong direction and it's the result of these bad decisions and  bad leadership.",W,M
2024-11-01_01-30-58_UTC_Eric_Hovde_DBz3SxgpwzI,2024/11/1,Eric Hovde,DBz3SxgpwzI,0.7467727317079107,-0.3787348739314191,125.55897384846128,741.8456240482592,1760.5259217177577,-0.09783274670212547,0.6276150881000674,-0.1542315885555491,3.665247816401632e-09,1.2994516288684487e-09,3.126698613649929e-10,1.1128843069606332e-07,0.9999998805489064,1.3016729039832462e-08,5.472448899404743e-10,5.385408680418222,0.06743643577371215,0.2682542166716717,0.0,0.3333333333333333,0.0,0.6666666666666666,29.58,6,96,3.245436105476674,141,4.766734279918865," I'm running for the Senate because I love our country, but sometimes I don't recognize it  anymore. What is right has become wrong and what is wrong has become right. Politicians like Tammy  Baldwin have led us down the wrong path. It doesn't have to be this way. We can lower the  cost of food and medicine, close our border, and stop the flow of deadly drugs. Let's work together  to restore the American dream and give our children a brighter future. I'm Eric Hovde,  and I approve this message, and I'm asking for your vote.",L,M
2024-11-01_01-44-53_UTC_Colin_Allred_DBz449Kvmw0,2024/11/1,Colin Allred,DBz449Kvmw0,0.7199637543664966,-0.2393696263914003,121.28597115789317,744.4307631740048,1801.994470694306,-0.077131697015544,0.6100228859353742,0.19490174819416506,0.0001338324061004396,0.000786865013132577,6.8768140016273e-05,0.0003657605403504193,0.9967377860935366,0.0014744645268419546,8.20450192763444e-06,9.673477973297857,0.09762585590602088,0.14882540510755712,0.2857142857142857,0.4285714285714285,0.0,0.2857142857142857,23.52,7,96,4.081632653061224,157,6.67517006802721," Here in Texas, we have an all-of-the-above energy approach where we're number one in oil and gas.  We're number one in solar. We're number one in wind.  We're investing in the energy sources of the future like hydrogen, too.  So I want to make sure, as your senator, that we continue to invest in an all-of-the-above approach  that grows our energy jobs here in Texas, not takes any away.  Hey everybody, here in Houston County, going around and looking at some of the fields here,  talking about how important this is for our overall energy economy.",L,M
2024-11-01_03-08-17_UTC_Elissa_Slotkin_DB0Cbk3g7jT,2024/11/1,Elissa Slotkin,DB0Cbk3g7jT,0.8954703655778198,-0.1983652917671744,208.94731096274933,907.408538860996,2341.3436430770234,0.11437228120397146,0.6843831109451796,-0.12256596423269842,1.934134588035177e-05,7.891087002356058e-05,1.69986276404301e-05,0.049362458978124475,0.9496151899945909,2.5087787037154916e-05,1.592550108992118e-06,21.364359595091663,0.13710445601860696,0.36056267549979343,0.375,0.25,0.125,0.25,31.74,8,115,3.6231884057971007,166,5.229993698802772," Yeah, I mean, I think we're seeing amazing energy, first and foremost.  I mean, it's hard to deny between our absentee voting rates, our early voting rates, particularly in the city of Detroit.  We just are setting records for something that's relatively new for us.  But there's a lot of people who just avoid politics altogether.  They can't stand it. And so they they don't, you know, watch the programs and tune in and all that kind of stuff.  And they're still making their decisions.  So that's why you've got to be out pounding the pavement and talking about issues that people care about.  Which is what we're trying to do all day, every day.",W,F
2024-11-01_04-19-40_UTC_Ted_Cruz_DB0Kh5hgdFN,2024/11/1,Ted Cruz,DB0Kh5hgdFN,0.797324668780145,-0.2772079436491786,151.57677729102562,644.77449703092,1677.500049644873,0.10181700198781594,0.6853915513464325,-0.12265928267995024,0.06841817918534107,0.00035023135011575903,6.317615339616488e-05,0.000795798305530429,0.9284789695241705,0.000113290891905282,0.00016969131449291175,20.132145757382265,0.1089211548833782,0.22478040258280646,0.3448275862068966,0.3103448275862069,0.0344827586206896,0.3103448275862069,96.7,29,318,3.28852119958635,434,4.488107549120993," Well, listen, they're coming after me with everything they've got.  Chuck Schumer has been explicit.  I am his number one target in the country.  As you noted, Schumer and George Soros, they're spending over $100 million trying to take me out.  We've seen a dozen polls in the last month that show this is a one-point race or a two-point race or a three-point race.  There was a poll a couple of days ago that showed it tied.  And so I need help.  I want to encourage every one of your viewers, please come to TedCruz.org, TedCruz.org.  Contribute, give $10, $25, $50, $100, whatever you can,  because that's how we're standing up to the over $100 million from Schumer and Soros.  It's patriots across Texas and across the country going to TedCruz.org.  And I'll tell you, Laura, it's made even worse by the fact that Mitch McConnell has a $400 million super PAC,  and he spends zero in Texas.  He doesn't want strong conservatives who will stand up to the swamp,  which means the only help I get is...  Is from patriots across the country going to TedCruz.org.  not a penny and by the way in twenty eighteen the last time i read it  that was the most expensive senate race in u s history i was out spent three to  one i want to know less than three points  and mitch mcconnell spent zero  the swamp cannot stand principal conservatives who stand up  for their constituents and not for the swamp  which means you're going to ted crews dot org is is the only  reinforcements we get we need it were five days away let me say if you're in  texas  it's still early voting if you have an early voted yet  vote tomorrow and if not come out on election day we need everyone in texas  to stand up  and and fight to keep texas texas",W,M
2024-11-01_12-35-54_UTC_Dave_McCormick_DB1DaJtuGhg,2024/11/1,Dave McCormick,DB1DaJtuGhg,0.7588989580050569,-0.1505450127097659,121.51434528435776,597.9731047488254,1737.1656531803258,-0.16097651871418495,0.5804405062705437,0.14475481630181602,0.0003361022359015087,0.0024716135114730294,0.010128013087654495,0.23922569577423547,0.5676547633502771,0.1464217503824047,3.086709580408134e-05,12.290461190882798,0.14157303465303292,0.20882860509928172,0.0,0.5,0.25,0.25,15.82,4,70,4.424778761061947,93,5.878634639696586," Yeah, it sure is and I'm excited about it. You know, I wrestled  In college and I always knew if I get in the third period within a point or two  I'd have a real good shot of winning because the third period is about mental toughness. It's about heart  It's about staying on offense and going through the through the through the buzzer and that's what I'm gonna do",W,M
2024-11-01_13-18-24_UTC_Bob_Casey_DB1INfzP5Af,2024/11/1,Bob Casey,DB1INfzP5Af,0.9222416356680558,-0.25430565533842947,136.44910125708162,529.4546291172261,1616.23572470617,-0.05081537383189662,0.6489641735747229,0.05011964141702284,0.030857221851088978,0.0021342017635135693,0.0026227296456569856,0.15584704524962606,0.7074290967365071,0.08412128619996467,0.003874116119634673,11.26791395581858,0.11394795397590698,0.17654441615173247,0.3333333333333333,0.3333333333333333,0.0833333333333333,0.25,29.857981859410437,12,101,3.382451440053584,146,4.889484259879438," We'll be getting out the vote this weekend.  You'll be knocking on doors, making calls, sending texts,  and doing so much to make sure folks know about the election on Tuesday  and make their plans to return their mail-in ballots or vote in person.  And thank you for your hard work to come.  and for candidates up and down the ballot.  Across Pennsylvania, thousands of you  Together, we'll win this race.  Thank you to everyone who has volunteered for our campaign.  Hi everybody, Bob Casey here.  Election Day is just four days away.  We're heading into the final weekend of GOTV.",L,M
2024-11-01_16-11-45_UTC_Colin_Allred_DB1cFGRxjMG,2024/11/1,Colin Allred,DB1cFGRxjMG,0.9353458979925208,-0.1256909761184501,209.05717586151005,612.8925126575693,1762.8829427459193,0.4039364409328647,0.7882329375450945,0.1126423461483994,0.1962479732071051,0.0004337491459107894,0.00015907124395602516,0.3720576393308563,0.4279566132565245,0.0012872295590093895,0.0012117064616710483,42.91801730940822,0.21211970282939846,0.3823587930190638,0.4736842105263157,0.2631578947368421,0.0,0.2631578947368421,45.46,19,190,4.179498460184778,244,5.367355917289925," We're going to beat Ted Cruz.  And so here's what we got to do, Texas.  Gotta make sure we send tech crews packing.  Because I never forgot.  And when we do, it won't be a win for me or for a party.  It'll be a win for our state.  God bless you.  And may God bless the great state of Texas.  We all have to make our voice heard.  So thank you so much. I wish you health, happiness, and life.  Never forgot the folks who gave me a chance.  For all the families who are looking for a senator who's looking out for them,  I will never abandon you when you need me most.  And I hope that we can have a chance here in our state to have a senator who will represent all 30 million of us,  who appreciates and understands what has made our state great,  and will build on that instead of one who I think has been mostly about himself.  With Yahweh's help and God's grace.  My time in Congress, I've been the exact opposite of Ted Cruz.  I will protect your fundamental rights.",L,M
2024-11-01_17-22-51_UTC_Ruben_Gallego_DB1kKcry-ZK,2024/11/1,Ruben Gallego,DB1kKcry-ZK,0.9150445756780683,-0.22607102846735516,246.78730184880243,553.1451399495814,1802.0598759930385,0.47532878368659304,0.8362412936284374,-0.2661877071657517,0.41816324301377295,5.849343840842332e-05,1.1497665536688525e-05,0.05205142749191011,0.529620163304973,2.0735045301779008e-05,1.1336435586925254e-05,28.280647621276486,0.24780080158514137,0.23849996955745564,0.3333333333333333,0.4444444444444444,0.0,0.2222222222222222,29.82,9,94,3.1522468142186453,136,4.560697518443997," We are fighting to protect our democracy, our freedoms, and our future.  Cast that vote now!  Fight for a better future.  Arizonans are already voting.  Because if we do that, if we do that together, if we fight together, we can defeat Carrie Lake.  Go tell your friends, your family, and your neighbors to do the same.  But we need to push a little more, work a little harder, and run through that finish line.  So here's what we're going to do. Vote. And vote now.  Drop off your ballot or vote in person.",W,M
2024-11-01_18-28-52_UTC_Mike_Rogers_DB1rowdv5zN,2024/11/1,Mike Rogers,DB1rowdv5zN,0.831003924768992,-0.26782773336569365,122.42550643137292,674.509740986152,1650.4047934278233,0.018532667434018973,0.6410679273459609,-0.11399353216479119,2.4955330477335853e-05,3.669667856801143e-05,1.424176134147717e-05,0.03341634353166611,0.965970377528204,1.4600754180522266e-05,1.0354585020860006e-06,10.431753422941311,0.09934275903350227,0.22042168627653846,0.25,0.4166666666666667,0.125,0.2083333333333333,117.21995464852608,24,379,3.2332366490360007,550,4.692032076437468," I love that. That's a better rap.  And so we don't know how widespread it is.  We're just getting these initial calls.  But you start thinking, well, none of that's good.  Every stolen vote is a nick in a citizen's vote, and we don't think that's appropriate.  I don't know. Here's the here's the other bad news. It is a lot more expensive the way they're doing it.  So you get a lot more expense. They some cases are saying it may be multiple days before we know the result of the election.  That just hardly seems. And you have these folks who are coming in saying filling out affidavits to get into the election system.  I mean, obviously, the whole goal should have been, you know, easier to vote, harder to cheat.  I'm not sure that's where we're at in voting across America today. I need to fix this.  Oh, absolutely. In fact, my opponent voted to make it easier so you could be a non-citizen and get to vote in an election, which is just crazy.  And this is the exact example why you want proof of citizenship in some way, shape or form in these elections, because, again, we've been overwashed.  Fourteen million illegal aliens into the country. We don't know who they are.  And here's the crazy thing, Laura. We've seen other reports. People are reporting in like, hey, there's these people showing up that that aren't speaking English.  They can't prove who they are. They're being told to fill out what they're calling a provisional or an affidavit to get a provisional ballot to vote.  Well, here it is. Listen, to me, the choices are very clear.  If you want to create jobs in Michigan or you want to destroy jobs,  if you want lower prices for groceries and gasoline or higher prices, you want higher housing prices,  you want EB mandates in Michigan so the government picks your car and puts you out of work while they're doing it,  then you vote Democrat.  If you want a better way forward and you want cheaper rates,  a country that is actually prosperous for everybody going forward,  you're going to want Mike Rogers in the United States Senate,  and you can find us at rogersforsenate.com.",L,M
2024-11-01_18-29-03_UTC_Ted_Cruz_DB1psM8JanN,2024/11/1,Ted Cruz,DB1psM8JanN,0.840209910430165,-0.3283408545066036,151.00982293656912,602.5259087903287,1642.3809381999936,0.06560842949046805,0.6808555099660523,-0.20588671132153535,1.3222397256191021e-06,7.339591142570979e-08,1.2793854362140129e-08,5.799858649220533e-07,0.9999975747673634,1.9220627040345333e-07,1.1925284381902152e-08,19.14243175463712,0.15085576271812265,0.1689002927473351,0.5,0.25,0.125,0.125,41.24,8,138,3.346265761396702,196,4.75266731328807," You know, it doesn't. There's been bad blood between them from the beginning,  but there's a big difference. Look, look, Joe is senile now. He's a puppet. He's not aware of  what's going on. Kamala is a true believer. She is a zealot. I served with Kamala every day she  was in the Senate from the day she got elected, and she has always been hard left 100% of the  time. Her voting record is to the left of Bernie Sanders and to the left of Elizabeth Warren. Now,  I serve with Bernie and Elizabeth. There ain't much room to their left, and yet she managed to  get there. She is a hardcore ideologue, so everything you don't like about the Biden  administration, if Kamala is president, God forbid, it gets worse because she is a true believer.",W,M
2024-11-01_21-28-00_UTC_Dave_McCormick_DB1_7_cSEDQ,2024/11/1,Dave McCormick,DB1_7_cSEDQ,0.7472482070946882,-0.33467471705573265,148.58463572897463,732.2998849193797,1806.9118551339577,-0.04082803456126877,0.6062719048591225,-0.03158590483951359,0.05096807435662134,4.679050595133993e-05,7.211924083281907e-06,0.003084993288726779,0.8737386762948521,0.07198098151644791,2.906238447993069e-05,24.140121238017073,0.1423541586238999,0.244323606257756,0.2941176470588235,0.2941176470588235,0.0588235294117647,0.3529411764705882,43.3,17,150,3.4642032332563515,223,5.150115473441109," Instead, we added 12,000 new jobs.  But underneath the surface, it's much worse.  We had a loss of 28,000 private sector jobs, 46,000.  And excessive regulation is bad for our economy.  Bob Casey is not part of the problem.  He is the problem.  He doesn't know how to fix this economy.  I do.  I know what it's like to create jobs.  I did so as a CEO leading free markets where we created hundreds of jobs in Pennsylvania, in Pittsburgh.  And I'll do it again as Pennsylvania's next senator.  The new jobs report just came out.  It's bad news for America and bad news for our great Commonwealth of Pennsylvania.  We thought we had added 100,000 new jobs.  manufacturing jobs. We added 40,000 new jobs, but they were government jobs, of course,  under the failed policies of Biden, Harris, and Casey, the excessive spending that led to creation  of inflation.",W,M
2024-11-01_22-25-20_UTC_Colin_Allred_DB2G0RJS9F-,2024/11/1,Colin Allred,DB2G0RJS9F-,0.8490075331411541,-0.2275211813517224,125.76813654911726,594.6560283445335,1699.2411132982427,-0.23835268706554455,0.5655913647448737,-0.17099369898857347,0.0006339116773565582,0.0003825223058939919,0.0004910196906444878,0.09034767365815002,0.8730620193999709,0.0029535662769536583,0.003459832685400907,29.102695452172906,0.2188201032140988,0.24624127932337825,0.125,0.5,0.125,0.25,83.88,24,307,3.6599904625655695,455,5.424415832141153," unfortunately, these names to what we've seen in the data,  I do think is driving home even more for Texans.  I actually got an email this morning from another Texas woman telling me her story and just wanting to, I think, have someone to share it with and also offering to use her story in any way to make sure it doesn't happen to anyone else.  I just came back from the Rio Grande Valley where folks were talking about what happened to Jocely.  And the fear is very real, talking to people about how they are afraid of getting pregnant in Texas.  They're afraid of their children getting pregnant in Texas.  And this is something that is incredibly real right now.  These stories and now putting.  What is happening here?  We've seen that our maternal mortality rate has gone up by 56% over the last couple of years.  But we haven't had these individual stories.  Can you imagine?  Can you imagine?  As a husband, I can't imagine taking my wife to three different emergency rooms and begging someone to treat her.  Or in Jocely's case, to lie there for an hour, you know, praying that she would be able to make it home to see her daughter.  This is outrageous.  And every Texan who I think hears about it is outraged by it.  This is something that is very, very real.  And this is an issue in this campaign because this is Ted Cruz's life's work.  He has worked his entire career to get to this point with warnings, I will say, from experts saying that if you put these bans in place, this is what will happen.  They were forewarned.  And now we're seeing the unfortunately predictable outcome of these policies.  And there has to be accountability.  And in our system, that accountability is elections.",L,M
2024-11-02_00-46-08_UTC_Eric_Hovde_DB2W82vqBlS,2024/11/2,Eric Hovde,DB2W82vqBlS,0.895202120631,-0.3111988375112414,243.12414494536205,712.5215259615559,1909.0957867622703,0.48486500429946744,0.8459181708600001,-0.19548410110728862,0.11364779269278172,0.0038654984044897865,0.005068895964054769,0.17883731009316362,0.511783292276992,0.01286051606613153,3.33109980831756e-05,36.0997967809532,0.1277561308268064,0.30138938012657346,0.6363636363636364,0.1818181818181818,0.0,0.1818181818181818,40.0,11,106,2.65,142,3.55," But we can't do it without you.  The left, they have the media, they have big tech, they got public employee unions on their side.  If you go grab five, ten of them, get them out and get them voting.  We will take this country back.  We will restore our beautiful country.  With your help, not only you going out and voting,  Are you ready to take our country back?  but grabbing your friends, grabbing your neighbors, grabbing your colleagues,  grabbing the people you go fishing or hunting with or do social activities or watch Packer games with.  And with your help.  But we have you.",L,M
2024-11-02_00-54-39_UTC_Dave_McCormick_DB2X3eFNaHY,2024/11/2,Dave McCormick,DB2X3eFNaHY,0.742429695526756,-0.22246504486304858,154.13704195626096,635.448691832922,1748.4222017085885,0.06704857693795065,0.6543031660668895,-0.17229651391615788,0.04792598186773636,0.0017864412773440043,0.000682949897334887,0.04429803054188649,0.8971397050809004,0.0011701562149975372,1.4728339413848313e-05,28.102187503037623,0.0849671375506711,0.19150850177564904,0.3333333333333333,0.125,0.125,0.4166666666666667,59.8,24,221,3.695652173913044,319,5.334448160535118," Well, listen, I think the race has closed dramatically.  It's a tie by any estimate.  And I have the momentum.  And the reason is people are focused on a choice between change that I represent and the status quo.  Bob Casey's been in elected office for 30 years.  He's the guy who is not led.  He ducks when the bullets start flying.  And he's voted 98.6 percent of the time with this liberal agenda of Biden and Harris.  He's voted for reckless spending that's driven up skyrocketing prices.  He's voted for sanctuary cities.  He's voted for males competing in women's sports.  He's out of touch with Pennsylvania.  And I'm the candidate that's going to bring about change as a business guy, a seven-generation Pennsylvania,  someone who went to West Point and served in combat in Iraq.  And that's the way the race is framed.  And I'll say, I'll just give you a sense of this.  Someone said to me the other day, so are you running for the Casey seat?  And I said, this isn't the Casey seat.  This isn't an entitlement because his father was governor.  Senator Casey's got to earn this seat every day, every election.  He hasn't done that.  He's failed the people of Pennsylvania.  And I think that's the reason the race is closed.  They see it.",W,M
2024-11-02_01-30-10_UTC_Colin_Allred_DB2cAJYJFfK,2024/11/2,Colin Allred,DB2cAJYJFfK,0.8409742776072555,-0.17737520970286622,147.05011904777177,671.9445529378575,1759.7960431177985,0.07071218416186077,0.7135086817981072,-0.4558422896237631,0.00011499752323521835,0.00039025779642388076,0.00012890797938993714,0.0007601992425844004,0.9768096369335703,1.5984003730836086e-05,5.8312329807279e-07,47.80131151576483,0.09311589828048376,0.24850348573772987,0.0,0.6,0.4,0.0,12.68,5,42,3.3123028391167195,68,5.3627760252365935," There is nothing reasonable about these women's deaths.  This is Ted Cruz's fault.  This is his abortion ban.  He made it his life's work to put Texas women in these life-threatening situations.  And he praised Texas abortion law, calling it perfectly reasonable.",L,M
2024-11-02_01-45-32_UTC_Kari_Lake_DB2dePUv9NT,2024/11/2,Kari Lake,DB2dePUv9NT,0.8333963859729521,-0.302997066590774,189.46576889421658,781.2845200931474,1978.6125888470249,0.024561459026388333,0.6535650868337393,-0.15098671459153631,0.001889366420845291,0.0008595434906678062,0.0006838080611476816,0.05486708276968183,0.8902671450189565,0.01667250228681698,0.0008108763248694236,19.396976015065732,0.14075382468618905,0.2914608745683537,0.4210526315789473,0.2894736842105263,0.0,0.2894736842105263,156.02,38,555,3.5572362517625944,794,5.089091142161261," It's just a garbage bag.  But there's going to be people who don't vote for me, and I still want them to know I'm going to go to Washington, D.C., and work hard to represent you.  We're doing great. We are in the final days of this incredible campaign. We're in the most  liberal part of Arizona, Pima County. And guess what? I just listened to that segment, Jesse,  and I'm offended. I live, I happen to live with three Latinos, my husband and children,  who are Latino, and they are firmly behind President Trump. I'm here in one of our districts,  which has the biggest Latino population. And guess what? They don't find it racist to want  to be able to afford to put food on the table. And they don't find it racist. And they don't  consider themselves Nazis because they want to have a secure border. And they actually want to  know who's coming into our country. Arizona and Tucson, Arizona, where I am right now,  is the first major city where all of the fentanyl is hitting before it comes into the rest of this  country and is taking out a young generation. We were just at two voting centers in the past  couple of hours. One of the first people that came up to me was a mother who is a,  a Mexican immigrant. She came here and she's a legal immigrant. She's fed up with what's  happening. She's tired of not being able to afford clothing for her kids, groceries for her  family. She's tired of the open border. And she just said to me, I'm voting for you and Trump.  And I'm a registered Democrat. The Democrats are sick of the Democrat Party because the Democrat  Party has been taken over by, I don't know who, but they're not representing the hardworking  middle class and working class people.  But yeah, you can see where.  I think the continued difficulty with this economy where people can't afford anything.  You know, our kids that we're getting closer and closer to, you know, we just had Halloween and you can't afford a Halloween costume for your kids.  We're getting closer to the fall and things are just getting more expensive.  But when Joe Biden, our president, I guess he's our president.  I mean, I don't know who's running the country, Jesse.  I'm not sure anybody does.  But when he came out and called people who want to vote for President Trump garbage, I think that resonated with people.  It really resonated with people.  And my opponent, Ruben Gallego, has called the people who have voted for President Trump the worst people in the world and dumb.  And when you start calling people names like that, you know, listen, there's going to be people who don't vote for me in this election.  Our poll numbers look great.  We're winning this election.  Yeah, a garbage bag, the cheapest costume you could ever put on.  And, you know, and this is why people are reaching out and saying, we're voting for you and Trump.  Doesn't matter if you're a Democrat, Republican.  This is the America First movement.  Go to Carrie Lake dot com and help us out.  We could use the help and we got to bring down this radical leftist we're running against.",L,F
2024-11-02_03-17-02_UTC_Bob_Casey_DB2oORzApOs,2024/11/2,Bob Casey,DB2oORzApOs,0.8281062930866966,-0.3128428574991155,140.92496114367992,800.0922282395263,1972.1414151091553,-0.12240114310250198,0.6035312273841554,-0.1678177213989357,0.0007649776373646792,0.00018305856268038416,3.592779399535734e-05,9.39834087129937e-05,0.973822653522514,7.750254228490949e-05,0.019406887522333813,10.465844036304754,0.03405755807876862,0.2209900980113267,0.5,0.0,0.25,0.25,13.38,4,34,2.5411061285500747,57,4.260089686098654," They constantly want to repeal it.  No question about it. And Lawrence, it extends beyond that.  The Republicans, like my opponent, always say that positive things about some aspects of the affordable care.  Yet.",L,M
2024-11-02_03-49-25_UTC_Colin_Allred_DB2r5RPij2H,2024/11/2,Colin Allred,DB2r5RPij2H,0.7685159491257081,-0.14227655637172018,146.54326659673427,829.2633681517167,1913.1076799991642,0.06870509575031393,0.6954959567209652,-0.16677488862758238,0.020749617689160067,0.0008694282982850798,6.324373896123896e-05,0.0005176466537300916,0.9603016344194276,0.00010933105896519595,3.93573906982664e-06,35.4233408621429,0.1318628599712244,0.22414824869498948,0.0833333333333333,0.6666666666666666,0.1666666666666666,0.0833333333333333,40.751995464852605,12,152,3.729146221786064,228,5.593719332679097," in the Senate to talk about their experiences.  He didn't even show up.  Well, as I've said before, he might not want to hear from Texas women talking about this and telling their stories and these families that have been destroyed.  And Lawrence, as you and I have talked about before, when Texas women have come to his committee,  That's right. And this is the law that also is the product of his life's work.  Except for this one thing.  And now he doesn't want to talk about it.  He did succeed at putting extremists on the courts, backing in our state legislative races the most extreme candidates, calling for celebrating and leading this movement.  He spent his entire time in the Senate doing basically nothing.  He's accomplished almost nothing in his time in the Senate,  except getting attention for himself.  by this abortion ban, but he's going to on November 5th.",L,M
2024-11-02_15-14-02_UTC_Dave_McCormick_DB356aOuNlR,2024/11/2,Dave McCormick,DB356aOuNlR,0.9263317344968554,-0.23485666293205704,192.80711998543717,734.5345010682893,1802.7778663572471,0.38037436262533025,0.7491585678511531,0.4381734120949975,0.10266946848268096,0.0033710965032427024,0.0006393268800680594,0.36305335609760614,0.506463022223736,0.0004636435327276541,5.787586998755175e-05,16.92035486849957,0.21344065825012262,0.25122541268135146,0.2857142857142857,0.2857142857142857,0.1428571428571428,0.2857142857142857,19.08,7,78,4.088050314465409,105,5.503144654088051," make America great again.  on the track to excellent  All right, we're here in Happy Valley today for the game of the season, Penn State and Ohio State.  And I'm joined by my good friend Clay Travis, who's been an incredible, great leader for our country.  And I'm so glad to have you here, Clay.  We got a big turnout thanks to you.  We had a hell of a tailgate going, and we're going to beat Ohio State.",W,M
2024-11-02_18-01-57_UTC_Kari_Lake_DB4NNSlyNOt,2024/11/2,Kari Lake,DB4NNSlyNOt,0.8440141106898161,-0.46224217226205644,189.7783415401497,807.367309222502,2079.672066715434,-0.09348690703809207,0.6022419199404803,-0.06566354868811346,0.009710040768145843,0.004192991032977086,1.403007711536621e-05,0.09149216973872906,0.8884556545445957,0.0012744328377927619,1.5885656395011873e-05,23.407052557742716,0.16502170602530858,0.2895042703759526,0.3809523809523809,0.2857142857142857,0.0476190476190476,0.2857142857142857,53.53498866213152,21,200,3.735524841240194,294,5.491221516623086," Did you already go in and vote?  what we want for our country and what we want for our communities, and that's how we vote.  This is very similar to when Joe Biden went on one of the big radio shows and said,  you're not black if you don't vote for Biden.  and that's what i believe this is this election's about coming together as americans i'm so  Well, Ruben Gallego, I'm going to tell the media this,  he actually had the gall to tell a conservative.  We don't need Joe Biden to tell us how to vote.  We don't need Joe Biden to tell us if we're black or white.  We don't need Ruben Gallagher to tell us if we're Latino or.  Latina that she's not a Latina because she she's a conservative  Democrats, Democrats.  I've been told.  Come on, we are individuals. We decide who we vote for.  We take into account what experiences we've lived and we take into account...  As men and women.  Women.  Specifically.  are white, we know who we are. We're Americans.  thankful for your vote. I promise you that I'm going to go to Washington, D.C.,  and I'm going to make you proud.",L,F
2024-11-02_19-12-12_UTC_Elissa_Slotkin_DB4Rm_-P2x5,2024/11/2,Elissa Slotkin,DB4Rm_-P2x5,0.8910041540277357,-0.2943198803832445,233.52929055841298,720.7107172511263,2032.5812152186231,0.2005856136996064,0.7017174519414952,-0.04144750690044398,0.08394065885714334,0.000516015682142113,0.000802377674091831,0.1473866025683846,0.7299189224304898,0.0001751293648885654,3.71637921977595e-05,28.572437711364703,0.17828304043815232,0.2560353953695578,0.4615384615384615,0.1538461538461538,0.1923076923076923,0.1923076923076923,92.3,26,354,3.8353196099674975,461,4.994582881906826," I'm fourth generation, my grandpa strike, my dad struck, my like, you know, which one's your dad?  um and the example you all have set a whole new generation of young people  Here is Dan. Oh my gosh, that's amazing.  We invented that.  And as Michiganders, we understand that the unions are inextricably linked to the building  of the middle class in the United States.  And when we think about where we are now.  How old are you? I'm 19. Oh my god, you're a badass. I love that. They're gonna remember this the rest of their life and tell their grandkids about like being on the line, you know, continue that tradition. I was on a picket line with my dad. I don't know about you guys, but a lot of people who are like...  Of course. You guys, I mean, you guys have me, I have you.  I know you got our backs.  And we basically kicked off my campaign in 2018 in the parking lot of your hall.  I was there.  I filmed a commercial this last time on a scissor lift.  We're always, we did trunk or treat.  We've spent a lot of our lives in that parking lot.  If you want that key to the middle class, that middle class that we invented in Michigan,  we invented the idea where you could work at an auto plant and afford the car you were making.  That was a radical concept at the time.  It's like it is become this symbol of like, do you get to be in the middle class or not?  Right. Like that's it's not complicated for people to understand.  No. When when you guys need us, we're going to we're going to be here.  That's what we do. Thank you. I appreciate you guys.  And people ask me, well, okay, you know, why are you so pro-labor?  I say, well, first of all, I come from a district that is one of the most unionized districts in the country.  So I see it and breathe it every day.  How's it going? How's the morale up here?",W,F
2024-11-02_19-43-37_UTC_Eric_Hovde_DB4ZJ-pMvgB,2024/11/2,Eric Hovde,DB4ZJ-pMvgB,0.8130373784894811,-0.3794798735858347,196.24588661496006,695.2725321134599,1677.5763389973545,0.26879100630130154,0.7307573938429172,0.07835544533561324,4.216427372975242e-05,7.768665793671032e-06,3.120246978232376e-07,0.006739050721691432,0.993202158980082,3.1954573549676905e-06,2.893045142330338e-07,16.17173881292906,0.1639756989207095,0.10391592025179998,0.2,0.2,0.0,0.6,28.52,5,86,3.015427769985975,125,4.38288920056101," state all over. We've been up in Superior all the way down the western part of the state. Now we're  down in the southeast part of state and heading up to Green Bay later today and tomorrow. So hey folks.  November 5th. Remember, get out and vote. Donald Trump all the way down the line and definitely  vote yes on the referendum. It's so important because only U.S. citizens should vote in our  elections. Thank you, everyone. Let's go take back America. Let's win this thing.",L,M
2024-11-02_19-57-06_UTC_Bob_Casey_DB4ak_1I0UG,2024/11/2,Bob Casey,DB4ak_1I0UG,0.868081064825573,-0.27012360604797925,163.079936918318,588.9989146430175,1833.881263039631,-0.04600477669028916,0.6279757735107171,-0.35755770428747596,0.13272960633991598,0.0017322571423925735,2.1998610739854054e-05,0.0009090511049145093,0.8628554723509649,0.000525575586503172,0.0012133980925940814,21.442536613579495,0.2017705317999918,0.21248326413063212,0.2142857142857142,0.2142857142857142,0.1428571428571428,0.4285714285714285,27.06,14,96,3.547671840354768,144,5.321507760532152," My opponent said on the record, just...  The provision that allows young people to stay.  will be another vote.  Mr. McCormick  You're damn right they are.  policy until the age of 26.  that he doesn't agree with and doesn't support.  They're coming after the Affordable Care Act again.  It was just yesterday.  Are they really going to do this again?  I am not going to allow him to do that.  I am going to defeat him in this election to stop him from doing that.  Destroy and repeal the Affordable Care Act.  their parents' health care.",L,M
2024-11-02_20-57-49_UTC_Kari_Lake_DB4hQEKtApq,2024/11/2,Kari Lake,DB4hQEKtApq,0.92772766958771,-0.21781032192012087,230.9764738889715,1007.6682710031724,2067.177430697665,0.2637368667378871,0.7229742673581933,-0.007673642450551307,0.03067752821428924,0.011006715253924907,0.0029002122352457154,0.17500875989083026,0.5832357181020043,0.15194492485548536,0.00017276440915274318,33.09231554666073,0.1652985284352576,0.2609928686288903,0.4166666666666667,0.25,0.0833333333333333,0.25,38.08,12,125,3.2825630252100844,174,4.569327731092438," We're going to take a long, hard look at the FCC licenses that these people have.  We give them those licenses and they lie to us.  And we're tired of you guys lying to us.  So we're looking forward to giving those FCC licenses to people who are going to be honest with the American people.  which is reforming the fake news into real, honest press.  Is that okay?  And then I'm going to work on my pet project.  We're tired of the fake news.  The days of the fake news are numbered.  We're going to get some real journalists once again.  So I'm looking forward to that, and I'm looking forward to turning Arizona around  and making it strong and safe and affordable again.",L,F
2024-11-02_22-30-34_UTC_Eric_Hovde_DB4sQLRKXuo,2024/11/2,Eric Hovde,DB4sQLRKXuo,0.7847376547730768,-0.2990753256166592,134.79274443495362,552.6958632575385,1578.6751553698573,-0.10214201564753062,0.5833928522051282,0.08779528538290336,0.0015914301513161408,0.002282289743372395,0.0010706702762859597,0.10722940967475879,0.754139681208807,0.00025360710099947765,2.2759125734564145e-05,21.34099099399623,0.23234155488363162,0.2522664094731299,0.2727272727272727,0.1818181818181818,0.3636363636363636,0.1818181818181818,31.2,11,108,3.461538461538461,137,4.3910256410256405," in politics.  Yeah. Well, what did our founding fathers want?  They wanted citizen legislators.  They wanted people who had real-life skills to go serve for a term or two  and return back to their communities.  They did not want a political class.  Oh, God. The first thing I signed was the term limit pledge.  First of all, I'm 60, so by the time I'm getting into my 70s, the last thing I want to be doing,  I want to be sitting with my grandkids and having fun.  So, look, for me, it would be a term two at the most.  Oh, yeah, she's been there for 38 years.",L,M
2024-11-03_00-55-15_UTC_Ted_Cruz_DB48u16ACAh,2024/11/3,Ted Cruz,DB48u16ACAh,0.5636998577802442,-0.24369524281487123,299.88492597026203,783.6407171685303,1842.986362895361,-0.1133714767935388,0.5771291818054014,0.07121801717239827,0.1275247974629816,0.03770298034657157,0.00012611521427697162,0.08913522367655043,0.720821552269131,0.0027741356444156637,0.0066949866140981985,78.89362753894056,0.18573007964518784,0.2094177784178364,0.2777777777777778,0.3888888888888889,0.1111111111111111,0.2222222222222222,54.06,18,189,3.4961154273029966,264,4.8834628190899," to take pictures, but also importantly,  Well, we just finished our rally in Killeen.  We're now headed out to the bus.  At every event, we invite the folks who come out to come to the bus.  We're in Parker County now in Weatherford getting ready to do yet another rally.  It is incredible everywhere we go.  People are energized.  We're five days away.  We're going to keep Texas, Texas.  We're in Hamilton, Texas right now. It's Halloween. We've got kids out here trick-or-treating on the street.  It's a beautiful thing. We're going to stop in to a soda fountain right now.  Well, we're in the middle of our 53 stop bus tour.  We're in Killeen today, heading to a big rally.  So stick with us and you're going to see the excitement that we're seeing every part of the state to keep Texas, Texas.  Getting ready to do Laura Ingraham and then Newsmax.  to sign the bus and that lets folks who come to our rally come with us.  So all 53 stops all over the bus tour they come sign the bus.  That's what we're doing right now.",W,M
2024-11-03_01-34-50_UTC_Colin_Allred_DB5BVpliTkG,2024/11/3,Colin Allred,DB5BVpliTkG,0.8143505503373794,-0.2622709312859099,121.49489141750661,693.28085869752,1798.0176187473899,-0.029098183705947446,0.6575230576087264,-0.15224014640912012,0.015471215677350133,0.0009543008235087257,4.963691037844577e-05,0.0003543585323415206,0.9614757033414971,0.01961365827468964,0.00028177376008979555,20.698108035672337,0.16330920197732388,0.20233172150630013,0.3076923076923077,0.3846153846153846,0.0769230769230769,0.2307692307692307,49.34002267573696,13,170,3.445480340494528,236,4.783137413862992," And she passed away.  And so the stakes just get higher and higher.  Texas is a state that believes in freedom.  And this is not it.  And by beating Ted Cruz, we'll make Roe v. Wade the law of the land again.  We'll trust Texas women.  And we'll make these stories something of the past.  We've had this data telling us that we've had a 56% increase in our maternal mortality rate.  But now we are starting to hear the stories of the women who have died in childbirth or because they were denied care during miscarriages here in Texas.  Two women in particular, Jocely Barnica and Neviah Crane.  Jocely was a young mother who had to wait 40 hours to get care because the law was requiring her doctors not to treat her.  Neviah Crane was 18 years old and was at her baby shower, went to three emergency rooms, was turned away from the first two.  The third one accepted her, but she was an organ failure already.",L,M
2024-11-03_15-33-23_UTC_Dave_McCormick_DB6hOdSuPSi,2024/11/3,Dave McCormick,DB6hOdSuPSi,0.7700387335775192,-0.11358410031450498,222.50702694521692,737.1065524387905,2035.9036574844026,0.4059700911744767,0.7947128456589148,-0.18763564666345503,0.43138960450111913,0.018279885907296112,0.0004791827230038296,0.007881542740048975,0.5168975171322022,0.0076439672810672335,0.00016448310816818604,40.37907004428077,0.20196484683431876,0.18728780798691322,0.2857142857142857,0.5714285714285714,0.0,0.1428571428571428,15.48,7,59,3.811369509043928,78,5.038759689922481," Are you running for the Bob Casey seat?  And I said, that's not the Bob Casey seat.  That's not an entitlement.  He doesn't get to have that seat because his name's Casey.  He's got to earn that seat every single day.  He's got to earn it every election.  Somebody came up to me the other day and they said,",W,M
2024-11-03_16-38-54_UTC_Mike_Rogers_DB6nVT3P4Uj,2024/11/3,Mike Rogers,DB6nVT3P4Uj,0.7852364410542264,-0.2947385768856157,126.76080477618771,859.619931433416,1939.741101438339,0.007838449386234632,0.6893854098245613,-0.12860840673770024,0.0008070854683777284,8.751550197504401e-06,2.6506307698934296e-07,6.878267872459273e-06,0.9990570347465015,3.0132700343995517e-06,0.00011624911112188655,3.7287017448623745,0.08235118438230084,0.2881857510739169,0.4,0.2,0.2,0.2,12.54,5,40,3.189792663476874,56,4.465709728867624, Congresswoman Slotkin is focused on letting men into girls sports.  I'm focused on teaching kids how to read.  I'm Mike Rogers and I approve this message.  I'm a dad.  I'll keep fighting to fix our schools for all our kids.,L,M
2024-11-03_17-13-03_UTC_Dave_McCormick_DB6sm96u5dJ,2024/11/3,Dave McCormick,DB6sm96u5dJ,0.8442608521943042,-0.2009385027353726,177.93138430458856,665.9732221816603,1893.8412487332785,0.2588490033478295,0.7602467981943193,-0.004738204682787425,0.276987522532862,0.00029483312547578627,0.00024393158303287455,0.0005894693925171411,0.6854041761548063,2.714797235295372e-05,3.373970898678577e-06,29.86521083781487,0.15094991447802963,0.24966317475524227,0.5,0.0625,0.0625,0.375,30.19997732426304,16,120,3.4502587694077054,165,4.744105807935595," And look at the guy I'm running against.  is available for all our kids.  He was born with a political spoon in his mouth.  me look at the guy running against i've tried to run eight top  but very respectful campaign.  the son of a very famous governor.  And when the bullets start flying, Bob Casey ducks.  This is not a guy who's been a leader.  It's time for change.  You are absolutely right.  It is time for change.  but he was a honest respectful hard-hitting critique  30 years, 18 years in the Senate.  He's been in elected office for 30 years.  Dina and I have lived the American dream,  but we want to make sure that that American dream...",W,M
2024-11-03_18-45-45_UTC_Kari_Lake_DB63PUdyUWF,2024/11/3,Kari Lake,DB63PUdyUWF,0.9004038969504952,-0.2462652872989674,248.02423503201695,1053.9948721863805,2293.8893256138886,0.30188188041031266,0.7090551981078108,0.154575313583301,0.2122283391265849,0.012658373172886522,0.01663798664466115,0.10309579427920754,0.5657125133168341,0.0036715592864947724,0.001806743183275638,41.85146958705088,0.1411839076887438,0.19903053017700573,0.5714285714285714,0.1428571428571428,0.0,0.2857142857142857,18.18,7,73,4.015401540154015,105,5.775577557755774," Hey there, Arizona. We're at church this morning, and we are all ready for Election Day.  Everyone's getting out to vote. If you haven't already done so, get out on Tuesday.  We are fighting for our state and our country.  And beautiful babies just like Cameron.  Everything's on the ballot, and we need you to get out and vote.  And we love you, and we're going to save our country.  God bless you.",L,F
2024-11-03_21-03-17_UTC_Colin_Allred_DB7HAX3hl92,2024/11/3,Colin Allred,DB7HAX3hl92,0.9127558132861231,-0.2838376805965488,115.57937788902746,549.3174861148024,1556.3889475631804,-0.33887019912214017,0.5332126286245752,-0.10345091197559186,0.0005810666525034938,0.00341221021421887,0.0029153575999307595,0.17174554060548736,0.692907042123164,0.0022980846852601613,5.923667434356098e-05,25.17159323307125,0.12213192833388131,0.16562786811631766,0.3125,0.25,0.125,0.3125,46.492993197278906,16,194,4.01323955316508,282,5.833678113363674," Border security is going to have to be bipartisan, and working on this in a bipartisan way.  If you actually want to get something done, you have to roll up your sleeves and work  together.  It was a serious attempt, and Ted Cruz, when he had the opportunity, said, we don't need  a border bill.  And he took it down.  And he did it because he'd rather run on the issue than solve it.  And what does that actually mean?  It means that you think you're more important than Texas.  Cruz when he had the opportunity said we don't need a border bill.  What did Ted Cruz do when he took down the border bill that we had earlier this year?  It was $20 billion for technology to catch fentanyl, for 1,000 new Border Patrol agents,  for policy changes to the asylum system to make it so that more folks would be denied asylum at the initial stage,  and then also making it easier for us to process them faster to get through this backlog that we have.  That's actual border security.  It's not something that's a symbol trying to target a certain community.",L,M
2024-11-03_21-45-44_UTC_Sherrod_Brown_DB7L3ukOyFT,2024/11/3,Sherrod Brown,DB7L3ukOyFT,0.7937842011846503,-0.2473583028322229,165.05489314706082,682.9544857368559,1661.1668836047033,-0.010477704447727358,0.6315284999644099,-0.10929298319054992,5.110563852173222e-05,0.002325994220951279,4.702792568111136e-05,0.0001472748220724091,0.9199658092405484,0.04917760105074327,4.596321172108247e-07,18.75407642594086,0.11786147065130596,0.2341365114145208,0.1666666666666666,0.4166666666666667,0.0,0.4166666666666667,70.76002267573696,12,230,3.250423968343697,344,4.861503674392312," Well, we have the best ground operation we've ever seen in this state, in part because of what you just said, Reverend Sharpton, that we passed with 57 percent of the vote.  No last November constitutional amendment on abortion rights.  My opponent said I'm 100 percent pro-life. He wants an abortion ban.  No exceptions, no rape, no incest exceptions, no exceptions for health of the woman.  And so we make that contrast. And it's clear that that Bernie Marino thinks he knows better.  But I think the voters know better. And we're reminding voters every day of the differences.  Another one is I I spent my whole career fighting for dignity of work, as you know, Reverend Sharpton.  And my opponent stiffed as he's a luxury car dealer. He stiffed his workers out of four hundred thousand dollars and overtime pay and then shredded the records that the judge ordered him to turn over.  So even though the billionaires are all over this race, even though my opponent.  Is worth one hundred million dollars and has spent several million in this race.  I rely on small contributors and with our grassroots organization funded by these last dollars, I'm going door to door, going to union halls, doing all the things we're doing all over the state that that's what's going to win.  And that's what's going to make the difference.",L,M
2024-11-03_23-01-38_UTC_Colin_Allred_DB7UlN4pOta,2024/11/3,Colin Allred,DB7UlN4pOta,0.8399219872477477,-0.13565786390959678,136.61721391935123,920.7180229546088,1963.1235507575022,-0.143637716321349,0.6192565495045046,-0.08182046687353332,0.0047422874686227166,0.0031427132821706884,0.007577624265027086,0.022823333836519553,0.8784191941355799,0.0013452540981881461,3.919742590069006e-05,66.06534563659802,0.12879776861196718,0.21838225761176722,0.2,0.4,0.4,0.0,8.88,5,36,3.3834586466165417,54,5.075187969924813, dangerous to be pregnant in Texas  This is on the policies that he's pursued for decades.  He's called for and celebrated this law.  He said it was perfectly reasonable.  And this is what it looks like.,L,M
2024-11-03_23-26-41_UTC_Mike_Rogers_DB7UqOLvD2h,2024/11/3,Mike Rogers,DB7UqOLvD2h,0.8645102384045139,-0.3073983888086622,127.27472678553428,824.070149522144,1886.3000637940506,-0.0374937163343317,0.633403661510925,-0.02242924806844467,0.011225824734343751,0.00035565999266683684,0.0002443623441801488,0.03332168898029904,0.9426275172560341,0.0004869985058032244,8.013104895523733e-05,31.30855570538556,0.10724716764821153,0.25485088588151705,0.2830188679245283,0.3584905660377358,0.1320754716981132,0.2264150943396226,151.09995464852608,53,536,3.547319655857048,744,4.923891462607544," Hey, thank you. Rogers for Senate dot com. Still need some help.  They can't afford groceries.  Oh, and by the way, that pink slip goes through the end of the year.  So, you know, happy Thanksgiving and Merry Christmas to a whole bunch of families.  We're going to be struggling here coming up in the state.  That's made a huge, huge difference for us.  Well, this may be the most dishonest moment in politics, certainly I've seen in my career.  She voted for the EV mandate about maybe seven weeks ago now on the floor of the United States  House of Representatives and then came back and said, I don't support EV mandates.  You see what the impact of these are.  By the way, 5,000 auto dealers around the country wrote an open letter to the president  saying these are EV mandates and they're killing our business.  So the only people that don't believe that they're EV mandates are the people who are  voting for them.  It is having a tremendous negative impact on our working families here.  And listen, we have to add to mandates.  Markets work.  Mandates don't.  People don't want to buy them.  They do want to buy hybrids.  Why did we skip past hybrids?  Toyota and Honda are building hybrids and people are buying them like crazy and they  didn't invest billions of U.S. government dollars to do it.  700 just announced last week at Ford.  And Ford lost almost $4 billion on just EV sales unit alone.  And so it is having a tremendous negative impact on the auto industry here.  And in fact, impacting real families trying to put food on their table.  So not only did they just get pink slip.  Well, our internal polls show that we've closed that gap.  There was a public poll over the weekend that had us tied at 49-49.  Our internal numbers show us tied the last several polls.  So I can't speak to the Fox News poll, but our polling show tells a very different story.  And our ground game is a massive part of that.  Best ground game in the country today.  Last week alone, 88,000 doors.  Wow.  And it's unbelievable.  And so that energy, you can feel that energy when we're out there.  And we get a lot of people, this is important,  they go up to the door and they'll say,  yeah, I'm going to vote for Donald Trump.  I'm voting for Mike Rogers.  Hey, would you like a sign?  Would you like to fill out a little survey on that?  They say, nope, I'm not telling anybody.  So we march on down the street and it's happening over and over and over again.  I think there's under polling happening here.  We sense it in our ground game.  That's why I think we're going to win on Tuesday.  Yeah, well, the momentum is clearly on our side.  I'd rather be us than them right now with the momentum change we've seen in the last few weeks.  And why EVs are so, you know, when the rest of the country catches a cold on EV debates, we get pneumonia here in Michigan.  2,400 layoffs at Stellantis, 1,000 at General Motors.",L,M
2024-11-04_03-16-39_UTC_Bernie_Moreno_DB7xwlptnyD,2024/11/4,Bernie Moreno,DB7xwlptnyD,0.8233054032035265,-0.211579456568808,118.5267829573366,687.7369642337278,1744.161537698319,0.11477090283840959,0.7027383726797899,-0.0728731246521851,1.1769897217823327e-05,8.061522771178329e-06,1.150126537212292e-05,9.979036589084391e-05,0.9994772193754465,0.0002101209106703124,5.200531033077441e-08,7.4314326938032895,0.102977774276244,0.19109421760309922,0.125,0.25,0.0,0.625,52.15997732426304,8,167,3.2016871165644174,241,4.620398773006135," Well, he voted with Harris and Biden 100 percent of the time when it actually mattered and against President Trump 100 percent of the time when it mattered.  Look, Ohio's done with career politicians. This guy's been around for 50 years.  He was a Russian studies major at Yale, elected office his whole life, has run 18 campaigns, has never worked in the private sector.  I've been a business guy my whole life, Sean. We've got the momentum. We've got the wind at our back.  We're working really hard. We've campaigned all over the state of Ohio.  Look, your viewers can see his voting record. It's abysmal. It would be bad if we're Massachusetts or California with a senator or that kind of voting record.  Ohio absolutely deserves better. We want people who love this country and who love the people in this country and don't treat them like garbage,  which is what Sherrod Brown has done for 30 years while he's been in Washington, D.C., Sean.",W,M
2024-11-04_03-26-36_UTC_Mike_Rogers_DB7yxGCO8hz,2024/11/4,Mike Rogers,DB7yxGCO8hz,0.7526438583758013,-0.20817809857022107,116.20450435133048,869.620667650705,2007.8697819767203,0.020256554235179504,0.6693065349599359,-0.14947485986839035,0.1952253122563351,0.00042413236098611494,0.00010328784627941166,0.012108399367763789,0.788949924706965,0.0013914230939311128,1.3009525565426364e-05,6.364256622164564,0.08897114263650036,0.21749114166988354,0.25,0.3333333333333333,0.0,0.4166666666666667,49.92,12,152,3.0448717948717947,220,4.407051282051282," You know, Sean, listen, I think this race is going to be about compassion.  Last week, they announced 700 layoffs at Ford.  We've already had 2,400 layoffs at Stellantis, 1,000 at General Motors.  The rest of the country gets a cold in automotive manufacturing.  We get pneumonia.  This is killing our communities financially.  And, listen, we talk to people who are going to the food pantry the last two and three days of the month to feed their family, and they're both working.  This is a vote for change in Washington, D.C.  They've disrupted our automobile industry.  We're down 20,000 manufacturing jobs since Biden and Harris took office.  My opponent has voted 100 percent of the time with them.  We have to change if these folks are going to get their lives back and be able to afford eggs and bacon and gasoline and their rent at the end of the month.",L,M
2024-11-04_03-45-01_UTC_Dave_McCormick_DB70-iANlN9,2024/11/4,Dave McCormick,DB70-iANlN9,0.804299698185475,-0.15113066152653876,178.6186171290848,670.4362325295131,1766.5098180038312,0.2566794698539303,0.7331771365363129,-0.049603935536318526,0.21014351861669267,0.0015195285820834526,0.0008597442008206088,0.015989071107800807,0.6101468361859262,0.00029243702968562217,1.9702274910335844e-05,24.93382747470638,0.15953755175073883,0.24785426457988854,0.4,0.2,0.0,0.4,17.9,10,88,4.916201117318436,127,7.094972067039107," I'm not doing this because I want to stay in Washington.  I'm doing this because I want to change Washington.  So I'm as lucky as can be.  The only person more surprised by my success is my dad,  who is definitely surprised.  And Dina lived the American dream.  So we want to make sure that's available for our kids.  So that's why I'm a political outsider.  That's why I have turmoil into myself.  I've already said, if you elect me, I'm going to get out after two terms.",W,M
2024-11-04_03-47-25_UTC_Kari_Lake_DB7X-wSycqh,2024/11/4,Kari Lake,DB7X-wSycqh,0.7991091581952233,-0.21077024422310378,171.22423119104442,911.873643002939,2283.7661605666776,-0.055650106408326766,0.6232432930066788,0.06621778734834029,0.005046438153054538,0.010585580581416778,0.030336514176826587,0.10276552931083369,0.7520034331734486,0.006454085425411858,0.012446210765059423,16.403589908028973,0.14766979688195653,0.28178547583442604,0.4117647058823529,0.2941176470588235,0.0294117647058823,0.2647058823529412,99.93798185941044,34,391,3.85069923182982,494,4.865077801851487," appreciate that. Take some blessing in that, that God put you there for that moment.  I don't know about you guys. I wake up at three in the morning, oftentimes worried about the world.  And I try to take that fear and turn it into faith and know that God's got this. God's got this.  He really does.  Because we are the ones to help save this country.  I really believe that.  So that's kind of what I've learned.  Amen.  And I don't know how this whole thing ends.  All I know is that as long as we're with God, as long as we have Jesus, we're all going to be fine.  Yeah.  Amen.  campaigning now I feel like for three and a half years. You know I started when  I decided as a citizen to step in and to politics thinking that that was okay  only to realize that the machine doesn't really want just citizens to step  forward. But I have learned so much in the process of the last three and a half  years. I've learned that when when life deals you a blow you got to get back up  and you got to keep going.  I think all of us feel that way, and I've learned that this is such a beautiful state  where we are so much more together than we are divided.  If you watch the media, you think we're 50-50 at each other's throats.  That's not what I see on the ground in Arizona.  I see people of faith.  I see people who love one another, who are really concerned about our state.  And the one thing that I've learned, because it's one thing when you have difficulty.  So I've been praying a lot to find joy in it all and to find blessing in it all.  And I'm just happy that I'm here for this moment.  And, you know, you kind of keep fighting through it and you go, God, why so much difficulty in our lives?  When you're dealt a blow, when you're dealt difficulty,  and learn from the challenge.  I think it is in 1 James where, you know,  I've learned to actually appreciate all of the challenge.  You know, if you think about how difficult this world is, why did God put us here at this moment?  meant and um",L,F
2024-11-04_03-56-22_UTC_Kari_Lake_DB72RrUghhK,2024/11/4,Kari Lake,DB72RrUghhK,0.8923317252558787,-0.26288793568895885,172.00718899445226,809.7070770111147,2121.7764750944702,-0.04424147437628218,0.6410094440563117,-0.15543926329187283,0.003249483091268284,0.0013304101192293661,0.00022187718138929144,0.06922043941031587,0.8762271207881056,6.440995955619471e-05,0.02165156088363319,21.31650377038113,0.09924857825322442,0.17198346396203193,0.391304347826087,0.3478260869565217,0.0869565217391304,0.1739130434782608,64.64,23,214,3.3106435643564347,333,5.151608910891088," Congressman that no one's ever heard of.  And he's used that to his benefit because no one has heard of his name.  He is to the left of the squad.  He's to the left of AOC.  He's to the left of Bernie.  But if you look at his record, his voting record, he's voted 100 percent in line with Biden and Kamala.  He actually co-sponsored the George Floyd legislation, which during the summer of 2020, when our cities were burning and riots were taking place.  And all of his votes on Israel have been dismal.  He was in support of making sure that Iran had access to $6 billion, which ended up  supporting him and the ActBlue scheme supporting him.  and try to convince Arizonans.  nationwide and gotten rid of  He wanted to get rid of the filibuster to pass that legislation, which would have defunded the police.  qualified immunity.  He's managed to reinvent himself.  He's voted to have federal dollars support sanctuary cities.  He's voted against.  Now, my opponent is absolutely radical.  He's the most radical leftist.  closing the border. He's an open borders every single vote.  With all of this money from George Soros and leftist billionaires from across the country.  that he's some moderate.  financing the October 7th attack in Israel.",L,F
2024-11-04_05-57-09_UTC_Kari_Lake_DB8EGA8vc8i,2024/11/4,Kari Lake,DB8EGA8vc8i,0.8685512480423063,-0.24822580279396608,182.94375201588016,818.5930698950519,2142.2667597188984,0.08657483460231548,0.6862282332000978,0.05691286093645543,0.026218524705282575,0.0011088432283123848,0.00023821322024358534,0.037418208761120564,0.8921042973340028,0.001120779824485561,5.456727210612597e-05,20.432776666295286,0.12278539535818685,0.2625124860145321,0.46875,0.09375,0.03125,0.40625,102.86002267573696,32,383,3.723507680342213,530,5.152634649037528," There comes a point when we have to say to the American people.  to win the Senate seat. I know other candidates are as well.  And we have voting centers here.  If there's a big line and you have a little extra time, I always say if you live in a Republican area, you can drive to a Democrat part of town and vote there.  You'll probably be in and out in a matter of minutes.  And you can go to any voting center you want.  But we have to show up on Tuesday and vote like our life depends on it because it does.  If it continues raining like this, we might need to put a couple of garbage bags on us to keep us dry here in Arizona.  You know, they can call us all the names they want.  We love this country.  We love it dearly.  That's why moms and dads and grandparents.  I was at a church today, a Christian church.  It was standing room only, and we had about 200 people outside in an overfill lot watching.  We have Arab Americans.  We have Muslim Americans.  We have Jewish Americans.  We have moms and dads and Gen Z and Gen X and boomers who are all coming out to vote to save this country.  The beautiful thing about the struggles we've experienced in the past few years is I believe it has actually brought Americans together.  Kathy Hochul and Joe Biden and Mark Cuban, they can say what they want about us, but we love this country.  We're much more united than we are divided, and we're seeing a huge effort to come together and save this republic.  This is amazing.  Tuesday is the day we save our country or we let her go, and I don't believe we're going to let her go.  And it's going to be up to us, though.  You know, Donald Trump's an incredible man.  He's a friend.  He's working harder than anybody in this country.  I'm working as hard as humanly possible.  It's up to you guys now.  We need you to go out and vote.  And if you haven't already voted, we're having huge numbers, by the way, in early voting here in Arizona.  But we need a huge turnout on Tuesday.",L,F
2024-11-04_05-59-47_UTC_Kari_Lake_DB8EUh_t5Ei,2024/11/4,Kari Lake,DB8EUh_t5Ei,0.8215245109707229,-0.23801470028046437,178.80227409386302,841.303164609927,2171.2007476588524,-0.001381068696553781,0.6563845592153155,-0.10217356658275333,0.03665684067740892,0.0039577458321356195,0.0002343734630248179,0.03378547777368018,0.8629413056307228,0.0001496869960374551,2.1714918355925775e-06,15.09652723351986,0.08614639922825194,0.24225342185150556,0.4230769230769231,0.3076923076923077,0.0,0.2692307692307692,102.68002267573696,26,352,3.428126217374368,523,5.0934943513829385," We're at ground zero for, frankly, all of the main issues right now.  We're at ground zero when it comes to the border crisis.  And the border crisis plays into the economy as well, because when you allow upwards of 20 million people in illegally, of course, we have to compete for services, housing.  That's why in Arizona, three of our main, our biggest cities, Mesa, Tucson and Phoenix, are dealing with the fastest increase in rent prices because all these millions of people pouring in need a place to stay.  And now we're competing. It's basic supply and demand. It means the rent prices go up and everything goes up.  And not to mention our jobs, our job advantage goes down because all of a sudden we're competing with people who will come here and work for next to nothing.  Because our federal government, thanks to you and I and our tax dollars, are paying to set these people up who come here illegally.  They're paying for the monthly expenses for these people coming here illegally.  And that's why we're seeing huge voter turnout.  The American people understand what's going on.  They understand that millions have poured in.  There's no way to stop that unless we get President Trump in the White House.  And we're really at a critical point in our country, the most important election in the history of this country.  And I believe the American people understand now what's at stake.  And I'm inspired by what I'm seeing on the ground.  We were in Tucson, Stella, a couple of days ago.  We've got a headquarters down there.  It's the most liberal part of our state.  We had people running up to us at voting centers.  Democrats, several of them saying, I'm a Democrat.  First time in my life I voted all Republican.  I can't believe what's happened to the Democrat Party.  We want that Trump economy back.  We want you to go to D.C. and represent us.  We're seeing all kinds of changes and shifts in this electorate.  And we're just praying that everything goes smoothly on Tuesday.",L,F
2024-11-04_06-05-11_UTC_Kari_Lake_DB8E9zOsD1P,2024/11/4,Kari Lake,DB8E9zOsD1P,0.8815237137731127,-0.27967807511143566,168.52878329626617,820.2392466336855,2083.8274786068823,-0.00858083775394228,0.6572761835385741,-0.16194957188045167,0.01059650429554958,0.0018297365190633587,0.0032665639841493086,0.01325475076322053,0.9373064358199221,0.000995249037352302,1.6899130259963204e-06,16.951590961129895,0.1026552302463452,0.26721261078151587,0.3421052631578947,0.2894736842105263,0.1052631578947368,0.2631578947368421,124.31696145124717,38,428,3.442174682322664,653,5.251729129805373," You would think somebody with that background would want to secure the border so that they don't have to deal with.  This is a radical man. We've seen his background. He's lied about his background.  We're finding out now that his dad wasn't just a low-level drug dealer.  His dad was actually a convicted felon, Mexican drug trafficker.  stranded with no help.  for housing that we frankly don't have enough for American citizens.  for other families. Unfortunately, he's done just the opposite. And we know that he walked  out on his wife, served her divorce papers just days before Christmas and days before she gave  birth to their child. This is the kind of character of the man, Ruben Gallego, and he's far too left  for Arizona. And so we got to get the word out. I encourage you to go to CarrieLake.com and find  out more about where I stand on the issues, which are America first. I'm in line with President  Trump. We got to secure that border on day one. It's affecting so many different levels from  obviously our safety.  And on my opponent's own district in CD3.  with millions of people.  He's voted to send federal dollars to sanctuary cities.  He is forgiving the people who've poured across, the millions, Ben, who've poured across.  to our economics. I mean, we're competing now, Ben.  And he's the one who wrote that nasty letter to FEMA demanding.  He's actually voted to have biological men take part in women's sports.  I mean, this is.  There are literally people dying on the streets.  And you mentioned he's too radical for Arizona. He's too radical for America.  He has voted 100 percent of the time with Kamala Harris and Joe Biden's agenda, which has been absolutely disastrous.  Every single open borders piece of legislation that came in front of him.  homeless population.  asylum and voting rights, and he voted against the SAVE Act.  I've got a daughter. I don't want a man changing in the bathroom, in the locker room with my daughter, in the shower.  This is absurd stuff that the people are not for.  and use it to settle people who've poured into our country illegally.  leaving Americans now who are suffering in North Carolina and Tennessee.  the same kind of struggle.  cultural things that are so important if you're a mom or dad out there.  to our sovereignty.  that they take FEMA dollars.  because he doesn't really care about his district, nor does he care about Arizona.  of Phoenix, downtown Phoenix.  He has the fastest growing...",L,F
2024-11-04_11-55-52_UTC_Kari_Lake_DB8oo-PJINy,2024/11/4,Kari Lake,DB8oo-PJINy,0.7846793188212077,-0.1813334051537463,201.3555757027948,914.9995211722375,2384.226223785558,-0.005767165395412331,0.6303684569189983,-0.049959104975281894,0.011734304328982101,0.00244671833403942,0.0006884941952515923,0.0330931855157572,0.871941557940317,0.04547082289997426,0.0018268241851070145,49.377057615520755,0.1874174823631475,0.25361980347569824,0.5,0.2333333333333333,0.1333333333333333,0.1333333333333333,67.9,30,253,3.726067746686303,353,5.19882179675994," Vote for your family, vote for our economy, vote for our country.  We value Tucson. We value Pima County. We know that Pima County is suffering right now under terrible leadership.  This trip to Pima County marks the last stops of her.  Oh, I love it.  Thank you.  She just asked me what I would change about my campaign.  I think zero.  Zero.  She answered it for me.  I don't know what I could change. We've worked hard. We've left it all on the playing field.  I think we've spent more time in Pima County than almost any other county other than Maricopa County.  I think we've run an incredibly positive campaign.  We've talked about the issues.  We've told people what we want to do.  We want to secure the border.  We want to fund our police.  We want to make education world class so that you get to choose where you send your kiddos  to school.  We want to make sure that we're ending endless wars and bringing up peace and prosperity,  not war and poverty.  And I ask everybody to get out and vote.  Vote for yourself.  We're not giving up on any part of our country.  I'm going to go to the U.S. Senate and fight for Arizona,  but we're not giving up on blue cities and blue states.  And I thank you guys for being here today.  So no change.  We've got a lifelong Democrat voting Republican.  We get this every day, several times a day.  Then, we'll campaign.",L,F
2024-11-04_13-51-03_UTC_Dave_McCormick_DB86UQJOsxp,2024/11/4,Dave McCormick,DB86UQJOsxp,0.7879887213466229,-0.2119879835472209,140.36256949163038,607.9605643171861,1837.2417266584534,0.05184150988951562,0.6722875187054409,-0.006634809390481107,3.5964120412212225e-06,4.170279238269537e-06,1.1407966346009091e-06,0.0007222500096716338,0.9992274016868776,9.516107838116061e-06,7.673720075753197e-07,12.358508819770758,0.08099733637676096,0.22198346304238828,0.0,0.3333333333333333,0.3333333333333333,0.3333333333333333,42.64,6,133,3.119136960600376,189,4.432457786116324," This is a race between change in the status quo.  In the case of me, seventh generation Pennsylvanian, someone who was born and raised here, someone who played sports here, went to West Point, 82nd Airborne Division, successful business guy and a political outsider.  Against Bob Casey, who is a 30 year elected politician, has been really a weak senator and votes 98.6 percent of the time with Biden and Harris.  And he'll be a sure vote if Harris wins. And that message is resonating.  And all the polling across the board has the race tied.  A poll came out yesterday and I'm in the lead, but I've got to close strong and the voter turnout is going to decide who wins the election and will likely decide who's the president as well.",W,M
2024-11-04_14-07-37_UTC_Kari_Lake_DB88NN9O9Q_,2024/11/4,Kari Lake,DB88NN9O9Q_,0.8991005463906013,-0.2623962955577639,167.29203528406637,807.3751366588262,2124.496681964106,-0.018050786364498722,0.6465759705536395,-0.12645631149669462,0.0004342246197878063,0.0012154283768884197,0.013485179721582046,0.029121475286553098,0.8880475539695757,0.007908397159898826,2.773106064095017e-06,18.76841464973287,0.07983628413743518,0.22262034374986273,0.4583333333333333,0.2916666666666667,0.0416666666666666,0.2083333333333333,68.49297052154195,24,261,3.81021897810219,364,5.313868613138686," So I can tell you exactly who he's going to be looking after, and it's not going to be the good people of State 48.  And so that's why we've got to stop him and get the word out on who he is.  I can tell you exactly what he's going to do because we've seen it for 10 years.  You know, he.  So his priority is going to be his wife's lobbying firm.  And this is exactly what he is.  And he's lied about it every step of the way.  His ads make him look like a cross between Mr. Rogers and G.I. Joe.  He doesn't even live here most of the time.  He rents out his home and he's...  that have caused war.  listed on several federal documents that his main residence is Washington, D.C.  is unconscionable.  not the people of Arizona.  When he walked out on his nine months pregnant wife, he ran off with a D.C. lobbyist.  It has terrible judgment.  You know, we know, Ben, that we have terrorists coming across our Arizona border right now.  We've got terrorists inside.  came directly from her and her firm.  38 pieces of legislation that he shepherded through Congress.  Anybody who's going to push and vote for Iran to have access to $6 billion to fund terrorism in Israel.  and to actually cast votes that have killed people.  our country as we speak.  But we know the fact is he's more like Nancy Pelosi with the beard, and we cannot allow him to be our senator here in Arizona.",L,F
2024-11-04_14-26-33_UTC_Elissa_Slotkin_DB8-Y09PB3X,2024/11/4,Elissa Slotkin,DB8-Y09PB3X,0.7953277982324063,-0.24092301254282755,230.4923166953446,894.1385955053638,2362.516931024074,0.26225713788644395,0.7643470960429836,-0.17176125039414772,0.207955222847723,0.010570846845573684,0.0018956565214938077,0.01268397030493308,0.7146483905144965,0.012483774071829764,0.0008238825219860915,37.66793142898616,0.18553305951745616,0.27392624615090194,0.4074074074074074,0.1851851851851851,0.0,0.4074074074074074,94.92,27,285,3.002528445006321,440,4.635482511588706," Do not give an inch to pretenders who wrap themselves in the flag,  but spit in the face of freedoms it represents.  We are the damn United States of America.  We lead.  I have watched her know people, understand people, help people.  For Michiganders, the truth still matters.  She's got the skills to get things done.  Character still matters. Facts still matter.  I want to make more things in America so that we're in control of our own economic security.  I want to protect our kids from the things that are truly harming them.  I believe in our democracy and in our country.  We are healthier and we have stronger and more durable ideas when we have healthy, respectful debate.  But that is not what we have right now.  Alyssa don't play.  We've held hundreds of community meetings, meet and greets, canvases.  You heard me out.  You gave me new perspective and ultimately made me a better candidate and a better person  for understanding what I need to fight for.  We launched this campaign in February of 2023, and my goal from the beginning was to make it a home for everyone, whether you're a Democrat, Republican, or Independent.  So thank you to every single person who volunteered, who donated, who knocked doors, and came out  to support our campaign.  I'm grateful to every single Michigander, and I will do everything in my power to be  the principled leader that you deserve.  Alyssa Slotkin is going to serve us well as our next U.S. Senator, Alyssa Slotkin.  My focus is on protecting and expanding the middle class.  Job creation, bringing down the truly insane costs of housing,  education, child care, health care, and prescription drugs.",W,F
2024-11-04_16-05-15_UTC_Ted_Cruz_DB9JS3JRgCx,2024/11/4,Ted Cruz,DB9JS3JRgCx,0.8289194828430207,-0.2513490982502256,171.42102314688327,788.3590726824317,1799.561188559791,0.32448585049266654,0.7805915381926178,-0.28186389724701744,0.07479026778906767,1.8414029750453268e-06,1.0490517850356016e-06,0.04962098028484448,0.8755681209175022,5.850486826013037e-07,5.1302866601316415e-08,7.562268314299989,0.08879068217536584,0.255266861021079,0.2,0.4,0.0,0.4,47.14,10,140,2.9698769622401358,230,4.879083580823079," And Kamala Harris's voting record is virtually identical to my opponent, Colin Allred.  Colin Allred is Kamala Harris.  They are both hard left, open border, anti-Israel radicals who are desperately trying to cover up their record.  They're hiding in Joe Biden's basement together.  And they're counting on millions and millions of dollars from George Soros to try to convince the American people their voting record is different than it was.  By the way, Kamala's message in Pennsylvania, she actually meant it.  You ought to ask yourself, why didn't she pick Josh Shapiro as her VP?  And the answer is, in today's Democrat Party, they could not stomach a candidate who was Jewish.  Shapiro might well have won the state of Pennsylvania for her.  But the pro-Hamas wing of the Democrat Party could not imagine, could not tolerate such a thing.",W,M
2024-11-04_16-18-02_UTC_Colin_Allred_DB9LJ1OAepL,2024/11/4,Colin Allred,DB9LJ1OAepL,0.8065344744184155,-0.18602841892307392,149.44573913672656,687.9489237071385,1765.6946455007424,-0.051515743235004484,0.6460189653617289,-0.14089431136238767,0.03371534837801992,0.0007887977681779517,0.0005906882756070502,0.001800361756147111,0.913786957098181,0.00047056435541032707,0.0007461124775280564,28.88671009001594,0.12386509197468058,0.21200029146218952,0.1578947368421052,0.3157894736842105,0.3157894736842105,0.2105263157894736,63.86,19,241,3.773880363294707,320,5.010961478233636," If my wife is denied care for 40 hours, which is what happened to Jocely Barnigan.  Well, I just want to say, you know, my wife and I have had two boys here in Dallas in the last five years.  And, you know, I cannot imagine.  That's how Jocely died.  In Nevaeh's case, she was an 18-year-old who had to go from her baby shower to three different emergency rooms.  The first two turned her away.  The third one, she was in organ failure.  And so they finally accepted her.  And it was too late to save her life.  We've seen that our maternal mortality rate has skyrocketed here.  But we haven't had these stories.  And so this is now an issue that we have to address.  And I'm so thankful for these OBGYNs who have come forward, for all these Texas women who have come forward.  They have made this something that cannot be ignored.  And when I'm in the Senate, we'll make sure that we go back to the same standard that we had for the last 50 years under Roe.  And that will be one that will trust Texas women and trust Texas doctors.  And I just can't even take myself to that point of imagining how we would have felt or how I would feel.  for 40 hours while infection set in,  because a politician like Ted Cruz thought he knew better than her or her doctor.",L,M
2024-11-04_16-31-02_UTC_Dave_McCormick_DB9Mmetuw1O,2024/11/4,Dave McCormick,DB9Mmetuw1O,0.7377276668572973,-0.22187259961389896,158.69582667759428,629.0009981119136,1691.140534205571,-0.08370944355890961,0.606582644380138,0.051559221899735455,0.007917367056720028,0.007111196693830129,0.0019991599942122797,0.02603266951552142,0.9374367387280664,0.0028029671179087942,0.00019843505154960734,30.712455617822158,0.11893064628631703,0.2612780497415774,0.0833333333333333,0.2916666666666667,0.3333333333333333,0.2916666666666667,58.54897959183673,24,212,3.618982587913964,314,5.360191191532946," 82nd Airborne Division, combat tour in Iraq, came back to Pennsylvania and was a business guy for 25 years and ran a company here in Pennsylvania.  They created hundreds of jobs. So it's an outsider versus a career politician and change versus status quo.  And I think as people lock in on that.  And the contrast is with me, a guy who's a seventh generation Pennsylvanian.  And he's voted 98% of the time with Biden-Harris.  So this liberal agenda, the sanctuary cities, the reckless spending, the...  The polls have started to move in my direction because people want change.  18 years in the Senate, career politician.  He's been weak.  Every time the bullets start flying, he ducks.  Listen, I'm excited about it.  What's happened?  I wrestled at West Point.  I was the co-captain of the team.  Ranger school.  in my race couldn't be more clear.  Boys competing in women's sports.  Bob Casey's voted for all those.  It's the choice between change that I'll offer versus the status quo of Bob Casey.  This guy is a 30-year elected official.  is that voters have really started to zero in on the choice.  And the choice...  someone who worked baling hay and trimming Christmas trees as a kid during the summers,  went to West Point.",W,M
2024-11-04_16-46-36_UTC_Bob_Casey_DB9Od7vi3z8,2024/11/4,Bob Casey,DB9Od7vi3z8,0.8904320814964413,-0.39562033482717873,128.83588348494877,607.8026664927568,1514.250548565746,-0.06400011905339846,0.6364080090213524,0.21578298093423326,0.03192136112701129,0.0007826508194990378,2.230664797220582e-05,0.056903328555071714,0.909729830776276,0.0005459115428846489,8.60828611688057e-05,16.626083053990676,0.11489935451823353,0.17416848606872495,0.2,0.2,0.6,0.0,11.24,5,44,3.91459074733096,69,6.138790035587188," consequential election of our lifetimes. Please get out and vote.  Make sure you've got a plan to vote and you know exactly where you're going to go and how to do it.  Go to BobCasey.com slash vote.  Go to BobCasey.com slash vote.  Thanks, everybody.",L,M
2024-11-04_18-36-04_UTC_Ruben_Gallego_DB9a9iByB7F,2024/11/4,Ruben Gallego,DB9a9iByB7F,0.7541075889832336,-0.2826416395024625,149.54625297779168,741.6829895632405,1876.6505549943224,-0.07169443409392497,0.6329794273293414,-0.021944403522351944,0.0004690571499075233,0.0001270289158301136,0.0003656287719858892,0.1411744340325233,0.8576528470399135,3.7802437107110986e-05,2.4430091550835985e-05,49.528009056408784,0.1576109428524274,0.23774851690692572,0.2,0.3,0.3,0.2,16.7,10,62,3.712574850299401,85,5.089820359281437," Anything should be possible.  I wanted more for my kids so they can chase their dreams, have any job,  future they want.  I slept on the floor so my sisters could have the beds.  ¿Quieres ir para afuera?  We didn't have much.  just like every parent.  and I approve this message.  If you're willing to put in the work,  I'm Ruben Gallego.",W,M
2024-11-04_19-02-00_UTC_Colin_Allred_DB9d61BCDJa,2024/11/4,Colin Allred,DB9d61BCDJa,0.8359288447230391,-0.23129582180842462,136.59101167458374,613.2978677710277,1666.0719871134804,-0.15176178052898215,0.5898966489460784,-0.06187404225843327,8.279598005784988e-05,0.00016309160063593644,6.156833940074804e-05,0.024386020285197242,0.9639306735137806,0.00022907752767192265,3.106496035976096e-05,56.73869275199454,0.14207426624330072,0.21517820733956258,0.1176470588235294,0.2941176470588235,0.2352941176470588,0.3529411764705882,40.8,17,185,4.534313725490196,250,6.127450980392157," Just since that last election where he won by two points, what has he done?  Well, he's gone to Cancun when the lights went out.  He's tried to overturn an American presidential election.  He was the architect in the Senate of that attempt.  And he hid in a supply closet when the mob came while I was ready to fight the mob.  And he's responsible for this abortion ban that we have here in Texas.  And just earlier this year, he took down the toughest border security bill in a generation  in a state that we would have benefited more from it than any other state in the country.  He's earned it.  And we're going to beat him.  And when we do, I think it's going to surprise a lot of folks around the country.  And that's OK.  I'm used to surprising people with my elections.  Nobody thought I'd win in 2018 either.  And the Texans, I think, is a place where things can happen quickly.  And we've arrived at the, I think, appropriate decision that we're time to turn the page  on Ted Cruz.",L,M
2024-11-04_19-05-35_UTC_Bob_Casey_DB9eXO_tcGT,2024/11/4,Bob Casey,DB9eXO_tcGT,0.852947722515057,-0.2522980765452142,175.22911784932364,708.2784411922247,1731.1677210009423,0.2459480384942458,0.72845060807892,0.10657964004343211,0.08435525723626569,0.00023337546724420033,4.54755637423229e-05,0.177351147589991,0.7313753269779735,0.006235433916040225,7.845454054468093e-05,19.323134967296316,0.14726498030644855,0.263628856739674,0.25,0.3333333333333333,0.1666666666666666,0.25,19.26,12,84,4.361370716510904,124,6.438213914849429," Hey everybody, Bob Casey here in Philly today.  We're here with the chairman of the Democratic National Committee, Jamie Harrison.  Mr. Chairman, thanks for being here in Philly and in Pennsylvania.  Look, so much is on the line.  Voting rights, women's rights, workers' rights, on the line here in Pennsylvania.  We've got to get your vote.  We've got to have you go out and vote.  Make a plan to vote.  Thanks very much for your support.  Mr. Chairman, thank you.  Thank you.  Go vote!",L,M
2024-11-04_19-35-49_UTC_Kari_Lake_DB9h1hKuaZX,2024/11/4,Kari Lake,DB9h1hKuaZX,0.8647577660458136,-0.37864951538672387,180.83652583299923,770.3944332495779,2085.5212154570027,0.1196779046906482,0.7127890025987363,0.28902493607141083,0.00029128613162812575,0.00021216110633695835,8.542829084022081e-05,0.02558305589643914,0.9459381322888306,9.246678045996714e-05,3.422738774703344e-07,7.732136835367258,0.13306148329477877,0.2980954840083924,0.2222222222222222,0.2222222222222222,0.0,0.5555555555555556,50.64,9,146,2.8830963665086893,253,4.996050552922592," I love you, Arizona.  But it wouldn't be a special night if you weren't with us there.  Join us at 6 p.m. as we rally around President Trump, our incredible movement for the Senate, and the entire AZGOP ticket.  I can't wait to see you there.  Sixty years ago, Arizona's favorite son, Barry Goldwater, kicked off his run for president in Prescott at the Courthouse Square.  He started an incredible tradition for our Arizona Republican Party, where seemingly every meaningful moment takes us right back to that Yavapai County Courthouse.  As we head into the most important election of our lifetimes, we will be returning to those famous steps.  And I'm excited to announce that I will be joined by Charlie Kirk, Abe Hamadeh, Congressman Andy Biggs, and Prescott's own Congressman Eli Crane.  We will be celebrating making America great again and making Arizona grand again.",L,F
2024-11-04_20-33-23_UTC_Dave_McCormick_DB9oaBwS_lF,2024/11/4,Dave McCormick,DB9oaBwS_lF,0.8351485010873086,-0.09426543750640078,209.9677409998764,900.3303070083462,1898.5356738649537,0.4384431052217916,0.8092743559855986,-0.08844729155734295,0.3846887462412038,0.0003219861670467816,1.4287261233487716e-05,0.000939268385625078,0.6131748362954171,1.0542233690912741e-05,5.7902098837083444e-06,18.22885553831143,0.19454820862114972,0.24365972910230957,0.75,0.125,0.0,0.125,22.22,8,69,3.1053105310531053,114,5.1305130513051305," Someone who's a seventh generation Pennsylvanian.  Someone who grew up wrestling and playing football in towns like Chickalimmie and Chickshinney.  North Schuylkill and Sealands Grove.  My opponent was born with a political spoon in his mouth.  run a company in Pittsburgh that created hundreds of jobs.  It's the choice between an outsider.  Someone who went to West Point, co-captain of the wrestling team,  Ranger School, 82nd Airborne Division, Iraq.",W,M
2024-11-04_20-46-43_UTC_Ted_Cruz_DB9p1SVyuaQ,2024/11/4,Ted Cruz,DB9p1SVyuaQ,0.8481635350229313,-0.3989476883934359,150.71242195983675,609.1140708036679,1669.976580002426,0.04390813377131714,0.6482298732552344,-0.04398812504191768,0.22882967474382696,0.0029721827839942257,0.0020793028078498403,0.09263910541081921,0.6499565778858796,0.0007043174836735223,1.1081726991557834e-05,16.674425229320853,0.09075130948490924,0.2182922854410926,0.4615384615384615,0.3461538461538461,0.0,0.1923076923076923,40.12,26,160,3.988035892323031,221,5.508474576271186," We need to turn out in big numbers.  Come out tomorrow if you haven't voted yet.  Vote for Donald Trump.  Vote for me.  And vote for Republicans up and down the ticket.  Look, Texas is under assault.  The radical left, they want to take our state.  Chuck Schumer has named me the number one target in the entire country.  Well, I got a message for you, Chuck.  Come and take it.  You can't have Texas.  We're going to show up in big, big numbers.  So tomorrow on election day, come out and vote and bring somebody else with you.  Bring your brother.  Bring your son.  Bring your next door neighbor.  Bring your co-worker.  Bring anybody you can.  We need to show up in big numbers.  We need to fight.  Keep Texas, Texas.  Election day is tomorrow.  After an interminable two-year campaign,  all the ads, all the attacks, all the noise,  it's all going to be over tomorrow.  Here in Texas.",W,M
2024-11-04_21-30-34_UTC_Dave_McCormick_DB9u5zrSLdT,2024/11/4,Dave McCormick,DB9u5zrSLdT,0.8497051104151857,-0.2092144242059048,208.8306216222104,714.6645996367474,1865.6871990720576,0.3971815609957959,0.7866935850306946,-0.09095568102183045,0.2104818588082075,0.00939430742765398,0.015786279759414677,0.07454222993134348,0.6244033782775266,0.002133277634707079,0.026192798188059252,21.309692561104118,0.2250394552902563,0.2600812562049314,0.28,0.24,0.12,0.36,61.9,25,211,3.408723747980614,299,4.830371567043619," that represents Senator Bob Casey, a 30-year career politician.  He was born with a political spoon in his mouth.  Now, my mom's from Punxsutawney, so I can say I call him Punxsutawney Bob.  18 years, you never see Bob Casey, except six months before the election.  Then he gets through the election, he wins, he goes back in his home.  And your choice is for a guy that's a seven-generation Pennsylvanian,  born in Washington County.  I grew up in Bloomsburg.  I failed hay.  I trimmed Christmas trees.  I was a busboy at the McGee Hotel.  I had a paper route.  I played football.  I wrestled, and wrestling got me to West Point.  And West Point changed my life.  I went to Ranger School, 82nd Airborne Division, Combat Corps in Iraq.  change or the status quo.  and came back to Pittsburgh and helped run a company that created hundreds of jobs.  I have lived the American dream.  My wife's lived the American dream.  We know how lucky we are, and we want to make sure that American dream is available for every one of our kids.  is between strength, that guy you saw waving his fist saying,  fight, fight, fight, against the weakness of Biden.  Harris and Casey.  The choice is between",W,M
2024-11-04_22-30-59_UTC_Colin_Allred_DB913i7v3EW,2024/11/4,Colin Allred,DB913i7v3EW,0.9334291567113315,-0.17474907048114371,240.72284700674024,669.344084046848,1742.155466618123,0.49530724213062555,0.7966732135483872,-0.24463853931312957,0.14006096228276146,0.005221785824056314,0.0011900182327120217,0.406922963424422,0.3151411154404665,0.0013699062753047154,0.0011057149972013187,20.71061523444236,0.07114575214469551,0.20879324407958572,0.3076923076923077,0.3076923076923077,0.1538461538461538,0.2307692307692307,24.18,13,108,4.4665012406947895,135,5.583126550868487," Because I never forgot where I came from.  We run to help our neighbors.  We gotta make sure we send Ted Cruz packing.  Never forgot the folks who gave me a chance.  All right, let's do it, Texas.  But Ted Cruz has been all about himself for too long.  12 years is long enough.  We're going to beat Ted Cruz.  I believe in a very different Texas than Ted Cruz does.  And when we do, it won't be a win for me or for a party.  It'll be a win for our state.  Y'all ready?  In my Texas, we don't run to Cancun when the lights go out.",L,M
2024-11-05_04-38-38_UTC_Sherrod_Brown_DB-f-OSyIXp,2024/11/5,Sherrod Brown,DB-f-OSyIXp,0.8492609349907285,-0.15876410081489195,152.63557394251248,688.554516051625,1755.4136263665705,0.04375117470273948,0.646233792218543,-0.11141810712220354,0.0007560724428925221,0.000777386225512108,9.014446009471668e-05,0.0002549438589753291,0.9961556608313756,0.0001800962028214445,2.3784422391884707e-06,17.659466398660676,0.14996435486458087,0.1674927167806651,0.25,0.25,0.0,0.5,30.2,8,113,3.741721854304636,150,4.966887417218543," I've stood up for women's rights and reproductive rights,  and my opponent wants a national ban on abortion with no exceptions.  The way I do this job is I go home every weekend, I listen to people, I hear ideas, I go back to Washington, I find a partner to get them done, and I stand up to these interest groups.  It really comes down to who side you're on.  And as you know, I fought for the dignity of work.  My opponent is a car dealer.  He fleeced his own employees out of $400,000.  If he's going to do that to his employees, you can't really trust him to be a senator.",L,M
