party,state,name,keycode,post_date,caption,post_sentiment,post_score_pos,post_score_neu,post_score_neg,comment_count,comment_top_label,comment_positive,comment_neutral,comment_negative,comment_score_pos,comment_score_neu,comment_score_neg,whisper,whisper_sentiment,whisper_score_pos,whisper_score_neu,whisper_score_neg,cluster_a,cluster_v,issue,cluster_va,comment_count_0109,top_label_0109,positive_0109,neutral_0109,negative_0109,score_pos_0109,score_neu_0109,score_neg_0109
Democratic,Texas,Colin Allred,DB913i7v3EW,2024/11/4,One day left. Let’s leave it all on the field.,neutral,0.37994173,0.5796523,0.040405955,40,positive,0.65,0.2,0.15,0.657739949,0.192018688,0.150241361," I believe in a very different Texas than Ted Cruz does.  Because I never forgot where I came from.  Never forgot the folks who gave me a chance.  We're going to beat Ted Cruz.  In my Texas, we don't run to Cancun when the lights go out.  We run to help our neighbors.  But Ted Cruz has been all about himself for too long.  12 years is long enough.  We gotta make sure we send Ted Cruz packing.  And when we do, it won't be a win for me or for a party.  It'll be a win for our state.  Y'all ready?  All right, let's do it, Texas.",positive,0.55541867,0.36059415,0.08398714,Energetic & Bright,Positive & engaging,Others,Emotive & Engaging,38.0,positive,0.6842105263157895,0.1578947368421052,0.1578947368421052,0.68048818,0.1662899158947368,0.1532219018289473
Democratic,Texas,Colin Allred,DB9d61BCDJa,2024/11/4,Ted Cruz’s team is Ted Cruz. My team is Texas.,neutral,0.04805283,0.62356377,0.3283834,15,positive,0.666666667,0.2,0.133333333,0.691052843,0.142384296,0.166562858," Just since that last election where he won by two points, what has he done?  Well, he's gone to Cancun when the lights went out.  He's tried to overturn an American presidential election.  He was the architect in the Senate of that attempt.  And he hid in a supply closet when the mob came while I was ready to fight the mob.  And he's responsible for this abortion ban that we have here in Texas.  And just earlier this year, he took down the toughest border security bill in a generation  in a state that we would have benefited more from it than any other state in the country.  He's earned it.  And we're going to beat him.  And when we do, I think it's going to surprise a lot of folks around the country.  And that's OK.  I'm used to surprising people with my elections.  Nobody thought I'd win in 2018 either.  And the Texans, I think, is a place where things can happen quickly.  And we've arrived at the, I think, appropriate decision that we're time to turn the page  on Ted Cruz.",negative,0.033508446,0.25777763,0.70871395,Flat & analytical,Concerned & Empathic,Economic,Flat & Restrained,15.0,positive,0.6666666666666666,0.2,0.1333333333333333,0.6910528427333333,0.1423842957333333,0.1665628575599999
Democratic,Texas,Colin Allred,DB9LJ1OAepL,2024/11/4,"Texas women shouldn’t have to be in organ failure to get the life-saving care they need. This abortion ban is dangerous and Ted Cruz is responsible. When I’m in the Senate, we’ll codify Roe and restore reproductive freedom.",negative,0.013100125,0.1482984,0.8386015,18,positive,0.611111111,0.222222222,0.166666667,0.586930732,0.237883119,0.175186154," Texas, as you mentioned, has this draconian six-week abortion ban on the books.  ProPublica has released reports about at least two women who have died under this ban.  You've got 100 OBGYNs in the state releasing a letter saying that these deaths were preventable  and they're urging state leaders to change the abortion laws.  As senator, how would you address this very serious issue?  Well, I just want to say, you know, my wife and I have had two boys here in Dallas in the last five years.  And, you know, I cannot imagine.  And I just can't even take myself to that point of imagining how we would have felt or how I would feel.  If my wife is denied care for 40 hours, which is what happened to Jocely Barnigan.  for 40 hours while infection set in,  because a politician like Ted Cruz thought he knew better than her or her doctor.  That's how Jocely died.  In Nevaeh's case, she was an 18-year-old who had to go from her baby shower to three different emergency rooms.  The first two turned her away.  The third one, she was in organ failure.  And so they finally accepted her.  And it was too late to save her life.  We've seen that our maternal mortality rate has skyrocketed here.  But we haven't had these stories.  And so this is now an issue that we have to address.  And I'm so thankful for these OBGYNs who have come forward, for all these Texas women who have come forward.  They have made this something that cannot be ignored.  And when I'm in the Senate, we'll make sure that we go back to the same standard that we had for the last 50 years under Roe.  And that will be one that will trust Texas women and trust Texas doctors.",negative,0.009760624,0.15886952,0.8313698,Flat & analytical,Concerned & Empathic,Immigration,Flat & Restrained,18.0,positive,0.6111111111111112,0.2222222222222222,0.1666666666666666,0.5869307324444445,0.2378831191666666,0.1751861540722222
Republican,Pennsylvania,Dave McCormick,DB9u5zrSLdT,2024/11/4,"On Tuesday, Pennsylvania has a clear choice: change or the status quo.",neutral,0.07916109,0.8535153,0.06732359,1,positive,1.0,0.0,0.0,0.96429217,0.03108202,0.004625835," We gotta save America. We gotta make Pennsylvania great again. God bless you. Thank you. Thank you.  You're a big mix. You're great Americans. Thank you.  change or the status quo.  that represents Senator Bob Casey, a 30-year career politician.  He was born with a political spoon in his mouth.  Now, my mom's from Punxsutawney, so I can say I call him Punxsutawney Bob.  18 years, you never see Bob Casey, except six months before the election.  Then he gets through the election, he wins, he goes back in his home.  And your choice is for a guy that's a seven-generation Pennsylvanian,  born in Washington County.  I grew up in Bloomsburg.  I failed hay.  I trimmed Christmas trees.  I was a busboy at the McGee Hotel.  I had a paper route.  I played football.  I wrestled, and wrestling got me to West Point.  And West Point changed my life.  I went to Ranger School, 82nd Airborne Division, Combat Corps in Iraq.  is between strength, that guy you saw waving his fist saying,  fight, fight, fight, against the weakness of Biden.  and came back to Pittsburgh and helped run a company that created hundreds of jobs.  I have lived the American dream.  My wife's lived the American dream.  We know how lucky we are, and we want to make sure that American dream is available for every one of our kids.  Harris and Casey.  The choice is between",positive,0.7908714,0.18093488,0.028193746,Energetic & Bright,Angry & Confrontational,Campaign Endorsements,Emotive & Engaging,1.0,positive,1.0,0.0,0.0,0.96429217,0.03108202,0.004625835
Republican,Pennsylvania,Dave McCormick,DB9oaBwS_lF,2024/11/4,"I’m a political outsider who will challenge the status quo in Washington. 

Bob Casey is a career politician who was born with a political spoon in his mouth. 

Let’s choose change tomorrow.",neutral,0.080873735,0.60840386,0.3107224,5,neutral,0.2,0.8,0.0,0.31510194,0.650534787,0.034363255," It's the choice between an outsider.  Someone who went to West Point, co-captain of the wrestling team,  Ranger School, 82nd Airborne Division, Iraq.  run a company in Pittsburgh that created hundreds of jobs.  Someone who's a seventh generation Pennsylvanian.  Someone who grew up wrestling and playing football in towns like Chickalimmie and Chickshinney.  North Schuylkill and Sealands Grove.  My opponent was born with a political spoon in his mouth.",neutral,0.1793342,0.7777871,0.042878736,Assertive & Clear,Warm but Reserved,Voter Mobilization,Measured & Composed,5.0,neutral,0.2,0.8,0.0,0.31510194,0.6505347871,0.0343632547
Republican,Pennsylvania,Dave McCormick,DB9Mmetuw1O,2024/11/4,"The status quo has failed our commonwealth. 

Let’s make a change. 

Great to have @RobAstorino here in Pittsburgh!",positive,0.7694598,0.19434083,0.036199424,0,,,,,,,," So earlier this week, I sat down with Dave McCormick in his Pittsburgh home.  Dave, first of all, thank you for letting me come to your home.  Oh, it's great to have you here. Thank you.  So this race is really tightened up.  Kind of a jump ball right now.  Listen, I'm excited about it.  What's happened?  is that voters have really started to zero in on the choice.  And the choice...  in my race couldn't be more clear.  It's the choice between change that I'll offer versus the status quo of Bob Casey.  This guy is a 30-year elected official.  18 years in the Senate, career politician.  He's been weak.  Every time the bullets start flying, he ducks.  And he's voted 98% of the time with Biden-Harris.  So this liberal agenda, the sanctuary cities, the reckless spending, the...  Boys competing in women's sports.  Bob Casey's voted for all those.  And the contrast is with me, a guy who's a seventh generation Pennsylvanian.  someone who worked baling hay and trimming Christmas trees as a kid during the summers,  went to West Point.  I wrestled at West Point.  I was the co-captain of the team.  Ranger school.  82nd Airborne Division, combat tour in Iraq, came back to Pennsylvania and was a business guy for 25 years and ran a company here in Pennsylvania.  They created hundreds of jobs. So it's an outsider versus a career politician and change versus status quo.  And I think as people lock in on that.  The polls have started to move in my direction because people want change.",positive,0.94289553,0.05070153,0.006402914,Flat & analytical,Surprised & expressive,Economic,Subtle & Neutral,,,,,,,,
Republican,Pennsylvania,Dave McCormick,DB86UQJOsxp,2024/11/4,"Bob Casey is a career politician who has voted 98% of the time with the liberal Biden-Harris agenda. 

He is the status quo. 

Our movement represents change. 

Great to be on with @foxandfriends!",neutral,0.13549845,0.45386136,0.4106402,2,neutral,0.0,1.0,0.0,0.18771324,0.749960825,0.062325937," This is a race between change in the status quo.  In the case of me, seventh generation Pennsylvanian, someone who was born and raised here, someone who played sports here, went to West Point, 82nd Airborne Division, successful business guy and a political outsider.  Against Bob Casey, who is a 30 year elected politician, has been really a weak senator and votes 98.6 percent of the time with Biden and Harris.  And he'll be a sure vote if Harris wins. And that message is resonating.  And all the polling across the board has the race tied.  A poll came out yesterday and I'm in the lead, but I've got to close strong and the voter turnout is going to decide who wins the election and will likely decide who's the president as well.",neutral,0.27637607,0.66004455,0.06357937,Flat & analytical,Concerned & Empathic,Others,Flat & Restrained,1.0,neutral,0.0,1.0,0.0,0.14990292,0.8190563,0.031040793
Republican,Pennsylvania,Dave McCormick,DB70-iANlN9,2024/11/4,"Tonight in my hometown of Bloomsburg, I shared that I’m not running for Senate so I can stay in Washington — I’m running for Senate so I can CHANGE it.",neutral,0.13096654,0.8332545,0.035778955,4,positive,0.75,0.0,0.25,0.69358884,0.068697798,0.237713369," So I'm as lucky as can be.  The only person more surprised by my success is my dad,  who is definitely surprised.  And Dina lived the American dream.  So we want to make sure that's available for our kids.  So that's why I'm a political outsider.  That's why I have turmoil into myself.  I've already said, if you elect me, I'm going to get out after two terms.  I'm not doing this because I want to stay in Washington.  I'm doing this because I want to change Washington.",positive,0.8964334,0.08784284,0.015723731,Energetic & Bright,Warm but Reserved,Voter Mobilization,Measured & Composed,3.0,positive,1.0,0.0,0.0,0.9205439133333332,0.064602997,0.0148531016666666
Republican,Texas,Ted Cruz,DB9p1SVyuaQ,2024/11/4,"Tomorrow, patriotic Texans are going to vote to Keep Texas, Texas, and defend our way of life from the radical left’s assault.

Get out and vote!",positive,0.5202237,0.44064096,0.03913534,102,positive,0.62745098,0.176470588,0.196078431,0.605416297,0.213901586,0.180682116," Election day is tomorrow.  After an interminable two-year campaign,  all the ads, all the attacks, all the noise,  it's all going to be over tomorrow.  Here in Texas.  We need to turn out in big numbers.  Come out tomorrow if you haven't voted yet.  Vote for Donald Trump.  Vote for me.  And vote for Republicans up and down the ticket.  Look, Texas is under assault.  The radical left, they want to take our state.  Chuck Schumer has named me the number one target in the entire country.  Well, I got a message for you, Chuck.  Come and take it.  You can't have Texas.  We're going to show up in big, big numbers.  So tomorrow on election day, come out and vote and bring somebody else with you.  Bring your brother.  Bring your son.  Bring your next door neighbor.  Bring your co-worker.  Bring anybody you can.  We need to show up in big numbers.  We need to fight.  Keep Texas, Texas.",positive,0.48383492,0.4019565,0.11420859,Neutral & restrained,Flat & Neutral,Others,Subtle & Neutral,98.0,positive,0.6530612244897959,0.1428571428571428,0.2040816326530612,0.6209221227653061,0.1948418407959183,0.1842360361846939
Republican,Texas,Ted Cruz,DB9JS3JRgCx,2024/11/4,"Colin Allred is Kamala Harris.

They are both hard-left, open-border, and anti-Israel radicals.

They are both getting millions of dollars from George Soros to run ads covering up their records.

Get the truth about Colin Allred at crazy-colin.com",negative,0.015672062,0.30814135,0.67618656,62,positive,0.451612903,0.241935484,0.306451613,0.457136614,0.267515741,0.275347647," And Kamala Harris's voting record is virtually identical to my opponent, Colin Allred.  Colin Allred is Kamala Harris.  They are both hard left, open border, anti-Israel radicals who are desperately trying to cover up their record.  They're hiding in Joe Biden's basement together.  And they're counting on millions and millions of dollars from George Soros to try to convince the American people their voting record is different than it was.  By the way, Kamala's message in Pennsylvania, she actually meant it.  You ought to ask yourself, why didn't she pick Josh Shapiro as her VP?  And the answer is, in today's Democrat Party, they could not stomach a candidate who was Jewish.  Shapiro might well have won the state of Pennsylvania for her.  But the pro-Hamas wing of the Democrat Party could not imagine, could not tolerate such a thing.  Wow. All right, Senator, we'll be watching your work and certainly this race.  Thank you so much for joining us this morning.",negative,0.029153844,0.24092369,0.72992253,Neutral & restrained,Flat & Neutral,Economic,Subtle & Neutral,58.0,positive,0.4827586206896552,0.1896551724137931,0.3275862068965517,0.4731099278793103,0.2390088718103448,0.287881203637931
Republican,Arizona,Kari Lake,DB9h1hKuaZX,2024/11/4,"‼️ YOU’RE INVITED! 🇺🇸 

We have a rally TONIGHT in Prescott, AZ at the County Courthouse Square — this will be a HISTORIC event. Don’t miss out! 

For more information visit:
http://KariLake.com/events 

I hope to see you there! ❤️",positive,0.97316283,0.02535797,0.001479235,66,positive,0.666666667,0.151515152,0.181818182,0.636806445,0.180057453,0.183136103," Sixty years ago, Arizona's favorite son, Barry Goldwater, kicked off his run for president in Prescott at the Courthouse Square.  He started an incredible tradition for our Arizona Republican Party, where seemingly every meaningful moment takes us right back to that Yavapai County Courthouse.  As we head into the most important election of our lifetimes, we will be returning to those famous steps.  And I'm excited to announce that I will be joined by Charlie Kirk, Abe Hamadeh, Congressman Andy Biggs, and Prescott's own Congressman Eli Crane.  We will be celebrating making America great again and making Arizona grand again.  But it wouldn't be a special night if you weren't with us there.  Join us at 6 p.m. as we rally around President Trump, our incredible movement for the Senate, and the entire AZGOP ticket.  I can't wait to see you there.  I love you, Arizona.",positive,0.9634627,0.034770392,0.001766833,Emotional & reactive,Concerned & Empathic,Campaign Endorsements,Assertive & Direct,64.0,positive,0.6875,0.125,0.1875,0.6496590349375,0.1644072064265625,0.1859337597875
Republican,Arizona,Kari Lake,DB88NN9O9Q_,2024/11/4,"I can tell you what Ruben Gallego would do in the Senate. The same thing we've seen from him in Congress over the last decade

Self-dealing & corruption

This is a guy who walked out on his nine-month pregnant wife to run off with a DC lobbyist. He proceeded to co-sponsor or vote on 38 pieces of legislation supported by his wife

Ruben's priority is enriching himself & his wife's lobbying firm, not the people of Arizona",negative,0.021904018,0.28794548,0.6901505,38,negative,0.342105263,0.210526316,0.447368421,0.304904248,0.264437716,0.430658039," As you mentioned, Ruben Gallego is one of the most progressive members of Congress.  Obviously, if elected to the Senate, he would be far too left for the Arizona population.  Even Arizona's Democratic senators have tried to pose as moderate.  Gallego really has not attempted to do so.  And so I think one of the big questions, of course, is going to be whether he's going to represent the people of Arizona or whether he's going to represent big donors like, say, George Soros in the in the Senate seat from Arizona.  Kerry, what do you make of that?  I can tell you exactly what he's going to do because we've seen it for 10 years.  You know, he.  When he walked out on his nine months pregnant wife, he ran off with a D.C. lobbyist.  38 pieces of legislation that he shepherded through Congress.  came directly from her and her firm.  So his priority is going to be his wife's lobbying firm.  not the people of Arizona.  He doesn't even live here most of the time.  He rents out his home and he's...  listed on several federal documents that his main residence is Washington, D.C.  So I can tell you exactly who he's going to be looking after, and it's not going to be the good people of State 48.  And so that's why we've got to stop him and get the word out on who he is.  Anybody who's going to push and vote for Iran to have access to $6 billion to fund terrorism in Israel.  It has terrible judgment.  You know, we know, Ben, that we have terrorists coming across our Arizona border right now.  We've got terrorists inside.  our country as we speak.  and to actually cast votes that have killed people.  that have caused war.  is unconscionable.  And this is exactly what he is.  And he's lied about it every step of the way.  His ads make him look like a cross between Mr. Rogers and G.I. Joe.  But we know the fact is he's more like Nancy Pelosi with the beard, and we cannot allow him to be our senator here in Arizona.",neutral,0.08393771,0.6147987,0.30126357,Neutral & restrained,Concerned & Empathic,Voter Mobilization,Assertive & Direct,37.0,negative,0.3513513513513513,0.1891891891891892,0.4594594594594595,0.3070496721594595,0.2531829149189189,0.4397674162513513
Republican,Arizona,Kari Lake,DB8oo-PJINy,2024/11/4,"‼️ THIS is what fair & honest journalism looks like ‼️

I never could have imagined 12news capable of something like this…

I am impressed with the young journalist that worked on this project.

She did an incredible job and her future in news is BRIGHT! Well done, Bianca! 👍",positive,0.9586903,0.032557253,0.008752523,49,positive,0.632653061,0.204081633,0.163265306,0.62674818,0.21206861,0.161183203," Tonight we tag along with Republican candidate Carrie Lake as she works to reach voters in  the final stretch of her campaign.  12 News journalist Bianca Bona reports from Pima County.  I just realized we need people who are grounded in who they are.  and aren't going to be moved by other people's opinions.  And Cary Lake is one of those people.  I figured you were a bulldog. You had a good picture of a bulldog.  so important because we tend to get ignored from the big county up north.  Linc speaking with voters for about 30 minutes.  Oh, I love it.  Thank you.  I think we've run an incredibly positive campaign.  We've talked about the issues.  We've told people what we want to do.  We want to secure the border.  We want to fund our police.  We want to make education world class so that you get to choose where you send your kiddos  to school.  We want to make sure that we're ending endless wars and bringing up peace and prosperity,  not war and poverty.  And I ask everybody to get out and vote.  Vote for yourself.  Vote for your family, vote for our economy, vote for our country.  And I thank you guys for being here today.  So no change.  I don't know what I could change. We've worked hard. We've left it all on the playing field.  She just asked me what I would change about my campaign.  I think zero.  Zero.  She answered it for me.  I think we've spent more time in Pima County than almost any other county other than Maricopa County.  We value Tucson. We value Pima County. We know that Pima County is suffering right now under terrible leadership.  This trip to Pima County marks the last stops of her.  We're not giving up on any part of our country.  I'm going to go to the U.S. Senate and fight for Arizona,  but we're not giving up on blue cities and blue states.  We've got a lifelong Democrat voting Republican.  We get this every day, several times a day.  Then, we'll campaign.  More supporters and a few supporting her opponent waiting for her again.  More than a year after announcing her candidacy, Lake is trying to reach as many voters as she can, finally nearing the finish line.  Looking back over the past year as you approach the finish line, I'm just curious if there's anything that you would have done differently.  days before the election.  in Pima County.  Carrie Lake, the Republican candidate vying for a U.S. Senate seat, campaigns in a Democratic stronghold.  We are standing in a historically blue county in Pima County.  What was the decision behind, you know, determining to spend one of the final days of your campaign here in Pima County?  vote early tour and it's a county where she won 39.4% of the vote in her gubernatorial  bid back in 2022. Still, she views it as an opportunity.  12 News following Lake as she makes a final pitch to voters in southern Arizona.  bus was on the move.  We've just followed Carrie Lake's campaign bus about 30 minutes to Tucson, where she's greeted by more supporters, many who just voted.",positive,0.50228626,0.4853619,0.012351839,Assertive & Clear,Surprised & expressive,Voter Mobilization,Assertive & Direct,49.0,positive,0.6326530612244898,0.2040816326530612,0.1632653061224489,0.626748180387755,0.2120686096734693,0.1611832027346939
Republican,Arizona,Kari Lake,DB8E9zOsD1P,2024/11/4,"We have to secure that border because it's affecting us on so many different levels, from our safety to our sovereignty to our economy.

Take housing. We're competing with millions of people Ruben Gallego let into America when we didn't have enough housing for citizens to begin with.

Look at Ruben's district in downtown Phoenix. He has the fastest-growing homeless population. People are dying on the streets because he doesn't care about his district, nor does he care about Arizona.",negative,0.026482062,0.2923571,0.6811608,26,positive,0.384615385,0.346153846,0.269230769,0.407130987,0.329235292,0.263633731," And you mentioned he's too radical for Arizona. He's too radical for America.  He has voted 100 percent of the time with Kamala Harris and Joe Biden's agenda, which has been absolutely disastrous.  Every single open borders piece of legislation that came in front of him.  to our sovereignty.  to our economics. I mean, we're competing now, Ben.  with millions of people.  for housing that we frankly don't have enough for American citizens.  And on my opponent's own district in CD3.  of Phoenix, downtown Phoenix.  He has the fastest growing...  homeless population.  There are literally people dying on the streets.  because he doesn't really care about his district, nor does he care about Arizona.  He is forgiving the people who've poured across, the millions, Ben, who've poured across.  asylum and voting rights, and he voted against the SAVE Act.  cultural things that are so important if you're a mom or dad out there.  He's actually voted to have biological men take part in women's sports.  I mean, this is.  I've got a daughter. I don't want a man changing in the bathroom, in the locker room with my daughter, in the shower.  This is absurd stuff that the people are not for.  He's voted to send federal dollars to sanctuary cities.  And he's the one who wrote that nasty letter to FEMA demanding.  that they take FEMA dollars.  and use it to settle people who've poured into our country illegally.  leaving Americans now who are suffering in North Carolina and Tennessee.  stranded with no help.  This is a radical man. We've seen his background. He's lied about his background.  We're finding out now that his dad wasn't just a low-level drug dealer.  His dad was actually a convicted felon, Mexican drug trafficker.  You would think somebody with that background would want to secure the border so that they don't have to deal with.  the same kind of struggle.  for other families. Unfortunately, he's done just the opposite. And we know that he walked  out on his wife, served her divorce papers just days before Christmas and days before she gave  birth to their child. This is the kind of character of the man, Ruben Gallego, and he's far too left  for Arizona. And so we got to get the word out. I encourage you to go to CarrieLake.com and find  out more about where I stand on the issues, which are America first. I'm in line with President  Trump. We got to secure that border on day one. It's affecting so many different levels from  obviously our safety.",negative,0.01168559,0.14306375,0.84525067,Neutral & restrained,Concerned & Empathic,Campaign Endorsements,Assertive & Direct,24.0,positive,0.4166666666666667,0.2916666666666667,0.2916666666666667,0.4222649391666666,0.2999327873333333,0.2778022852625
Republican,Arizona,Kari Lake,DB8EUh_t5Ei,2024/11/4,"Arizona has been hit hard by Biden/Harris & Gallego's two biggest crises': the open border & record inflation.

The people understand there's no way to stop this unless we get President Trump in the White House & Kari Lake in the Senate.

The people are motivated.

We're at a critical point in our country, & I'm inspired by what I'm seeing on the ground here in Arizona.",negative,0.045062598,0.4025621,0.55237526,27,positive,0.592592593,0.222222222,0.185185185,0.535687324,0.24890832,0.215404356," And you know the borders in your backyard.  There's a huge Hispanic population as well in the state of Arizona, 31.6 percent.  So it's in your backyard.  We now no longer is it a border issue.  It's an American issue when it comes to all of the crime and violence we've seen.  But immigration and economy, Carrie, you know, are the two main issues and main drivers.  It seems like everyone in your state would understand the significance of what these disastrous policies have done to them and their families.  that comes down to everything.  We're at ground zero for, frankly, all of the main issues right now.  We're at ground zero when it comes to the border crisis.  And the border crisis plays into the economy as well, because when you allow upwards of 20 million people in illegally, of course, we have to compete for services, housing.  That's why in Arizona, three of our main, our biggest cities, Mesa, Tucson and Phoenix, are dealing with the fastest increase in rent prices because all these millions of people pouring in need a place to stay.  And now we're competing. It's basic supply and demand. It means the rent prices go up and everything goes up.  And not to mention our jobs, our job advantage goes down because all of a sudden we're competing with people who will come here and work for next to nothing.  Because our federal government, thanks to you and I and our tax dollars, are paying to set these people up who come here illegally.  They're paying for the monthly expenses for these people coming here illegally.  And that's why we're seeing huge voter turnout.  The American people understand what's going on.  They understand that millions have poured in.  There's no way to stop that unless we get President Trump in the White House.  And we're really at a critical point in our country, the most important election in the history of this country.  And I believe the American people understand now what's at stake.  And I'm inspired by what I'm seeing on the ground.  We were in Tucson, Stella, a couple of days ago.  We've got a headquarters down there.  It's the most liberal part of our state.  We had people running up to us at voting centers.  Democrats, several of them saying, I'm a Democrat.  First time in my life I voted all Republican.  I can't believe what's happened to the Democrat Party.  We want that Trump economy back.  We want you to go to D.C. and represent us.  We're seeing all kinds of changes and shifts in this electorate.  And we're just praying that everything goes smoothly on Tuesday.",neutral,0.12318167,0.64770573,0.2291126,Neutral & restrained,Concerned & Empathic,Economic,Assertive & Direct,26.0,positive,0.6153846153846154,0.1923076923076923,0.1923076923076923,0.5476166994807692,0.2322945879230769,0.2200887129807692
Republican,Arizona,Kari Lake,DB8EGA8vc8i,2024/11/4,"Kathy Hochul calls us ""un-American.""

Joe Biden calls us ""garbage.""

Kamala Harris calls us ""Nazis.""

Ruben Gallego says we're ""dumb"" & ""the worst people in the world.""

They can call us all the names they want. We love this country dearly.

Tuesday, we're going to take it back.",negative,0.016994748,0.1554789,0.8275264,104,negative,0.307692308,0.25,0.442307692,0.325520463,0.262176839,0.41230269," And you can go to any book.  It gave me a chance to tie the Republicans running in these seats, the incumbents, closer to Donald Trump.  And remind everybody, if you're voting for these Republicans in New York, you are voting for someone who supports Donald Trump.  And you're anti-woman, you're anti-abortion, and basically you're anti-American.  to win the Senate seat. I know other candidates are as well.  There comes a point when we have to say to the American people.  It's up to you guys now.  We need you to go out and vote.  And if you haven't already voted, we're having huge numbers, by the way, in early voting here in Arizona.  But we need a huge turnout on Tuesday.  And we have voting centers here.  If there's a big line and you have a little extra time, I always say if you live in a Republican area, you can drive to a Democrat part of town and vote there.  You'll probably be in and out in a matter of minutes.  And you can go to any voting center you want.  But we have to show up on Tuesday and vote like our life depends on it because it does.  If it continues raining like this, we might need to put a couple of garbage bags on us to keep us dry here in Arizona.  You know, they can call us all the names they want.  We love this country.  We love it dearly.  That's why moms and dads and grandparents.  I was at a church today, a Christian church.  It was standing room only, and we had about 200 people outside in an overfill lot watching.  We have Arab Americans.  We have Muslim Americans.  We have Jewish Americans.  We have moms and dads and Gen Z and Gen X and boomers who are all coming out to vote to save this country.  The beautiful thing about the struggles we've experienced in the past few years is I believe it has actually brought Americans together.  Kathy Hochul and Joe Biden and Mark Cuban, they can say what they want about us, but we love this country.  We're much more united than we are divided, and we're seeing a huge effort to come together and save this republic.  This is amazing.  Tuesday is the day we save our country or we let her go, and I don't believe we're going to let her go.  And it's going to be up to us, though.  You know, Donald Trump's an incredible man.  He's a friend.  He's working harder than anybody in this country.  I'm working as hard as humanly possible.  go. Biden only won Arizona in 2020 by just a little over 10,000 votes, 10,457 votes.  This week during some of the surrogates, we heard a lot of negative derogatory terms. We've talked  a lot about Mark Cuban. We've talked about garbage. But now we have Kathy Hochul on MSNBC  also weighing in on what she thinks about Donald Trump supporters. Let's play this.  It's pretty incredible. They actually are doubling down on this type of talk after all we saw.  And while all the Halloween costumes, everyone was just so proud to be wearing garbage costumes, they wore them to the polls, some of them.",neutral,0.26992992,0.6081238,0.1219464,Neutral & restrained,Concerned & Empathic,Economic,Assertive & Direct,103.0,negative,0.3106796116504854,0.2427184466019417,0.4466019417475728,0.3264913067281553,0.2581119023495146,0.415396783715534
Republican,Arizona,Kari Lake,DB72RrUghhK,2024/11/4,"Ruben Gallego is the most radical congressman no one's ever heard of

•He’s voted 100% in line with Biden & Kamala
•He's voted to have federal dollars support sanctuary cities.
•He's voted against closing the border.
•He co-sponsored legislation to defund the police nationwide & get rid of qualified immunity
•He voted FOR the Iran Deal & AGAINST Israel's Iron Dome

Gallego is truly extreme.",negative,0.045045637,0.3445121,0.6104422,40,positive,0.6,0.25,0.15,0.581110768,0.240184242,0.178704985," Now, my opponent is absolutely radical.  He's the most radical leftist.  With all of this money from George Soros and leftist billionaires from across the country.  supporting him and the ActBlue scheme supporting him.  He's managed to reinvent himself.  and try to convince Arizonans.  that he's some moderate.  But if you look at his record, his voting record, he's voted 100 percent in line with Biden and Kamala.  He's voted to have federal dollars support sanctuary cities.  He's voted against.  closing the border. He's an open borders every single vote.  He actually co-sponsored the George Floyd legislation, which during the summer of 2020, when our cities were burning and riots were taking place.  He wanted to get rid of the filibuster to pass that legislation, which would have defunded the police.  Congressman that no one's ever heard of.  And he's used that to his benefit because no one has heard of his name.  nationwide and gotten rid of  qualified immunity.  He was in support of making sure that Iran had access to $6 billion, which ended up  financing the October 7th attack in Israel.  And all of his votes on Israel have been dismal.  He is to the left of the squad.  He's to the left of AOC.  He's to the left of Bernie.",negative,0.04040564,0.3264407,0.6331537,Neutral & restrained,Concerned & Empathic,Abortion,Assertive & Direct,38.0,positive,0.631578947368421,0.2105263157894736,0.1578947368421052,0.5998258838263159,0.2169904997105263,0.1831836120289474
Republican,Arizona,Kari Lake,DB7X-wSycqh,2024/11/4,"Christians, this is our moment. God put us here, at this time, for a reason. 🙏 

As we face the challenges ahead, let’s remember the words of James 1:2-5: 

“Consider it pure joy, my brothers and sisters, whenever you face trials of many kinds, because you know that the testing of your faith produces perseverance. Let perseverance finish its work so that you may be mature and complete, not lacking anything. If any of you lacks wisdom, you should ask God, who gives generously to all without finding fault, and it will be given to you.”

This election, we must stand together in faith, knowing that good will conquer evil. 

Let’s show up on Tuesday with strength, conviction & hope for a brighter future. Our voices matter—let’s make them heard. 

I love you all so much. I would be honored to have your vote on Tuesday. ♥️",positive,0.86917216,0.12218092,0.00864691,103,positive,0.689320388,0.155339806,0.155339806,0.669765885,0.185882578,0.144351527," Yes, and James 1 does tell us to ask for wisdom.  It tells us that there's trials of many kinds  and that we need to go to him for wisdom  because he is the God of wisdom.  So thank you for doing that  because we appreciate that you're seeking him for wisdom.  campaigning now I feel like for three and a half years. You know I started when  I decided as a citizen to step in and to politics thinking that that was okay  only to realize that the machine doesn't really want just citizens to step  forward. But I have learned so much in the process of the last three and a half  years. I've learned that when when life deals you a blow you got to get back up  and you got to keep going.  And I don't know how this whole thing ends.  All I know is that as long as we're with God, as long as we have Jesus, we're all going to be fine.  Yeah.  Amen.  I think all of us feel that way, and I've learned that this is such a beautiful state  where we are so much more together than we are divided.  If you watch the media, you think we're 50-50 at each other's throats.  That's not what I see on the ground in Arizona.  I see people of faith.  I see people who love one another, who are really concerned about our state.  And the one thing that I've learned, because it's one thing when you have difficulty.  And, you know, you kind of keep fighting through it and you go, God, why so much difficulty in our lives?  I've learned to actually appreciate all of the challenge.  and learn from the challenge.  I think it is in 1 James where, you know,  When you're dealt a blow, when you're dealt difficulty,  appreciate that. Take some blessing in that, that God put you there for that moment.  I don't know about you guys. I wake up at three in the morning, oftentimes worried about the world.  And I try to take that fear and turn it into faith and know that God's got this. God's got this.  He really does.  meant and um  So I've been praying a lot to find joy in it all and to find blessing in it all.  And I'm just happy that I'm here for this moment.  You know, if you think about how difficult this world is, why did God put us here at this moment?  Because we are the ones to help save this country.  I really believe that.  So that's kind of what I've learned.  Amen.",positive,0.8225037,0.16187654,0.015619815,Assertive & Clear,Surprised & expressive,Economic,Assertive & Direct,103.0,positive,0.6893203883495146,0.1553398058252427,0.1553398058252427,0.6697658853019418,0.185882578,0.1443515273106796
Democratic,Pennsylvania,Bob Casey,DB9eXO_tcGT,2024/11/4,.@harrisonjaime is right. We must vote to keep PA blue to protect the rights of all Pennsylvanians.,positive,0.6161188,0.36380506,0.02007618,2,positive,1.0,0.0,0.0,0.703554495,0.25754367,0.038901861," Thank you, Senator. Listen, folks, we are in battleground Pennsylvania.  This is the most important presidential election state, but the most important Senate election state.  We got to make sure that we send Bob Casey back to the U.S. Senate.  We got to elect Kamala Harris and Tim Walz.  We got to make sure that we fight for the freedoms and the rights of all Pennsylvanians.  And we can do it right now in this election. Go and vote.  Hey everybody, Bob Casey here in Philly today.  We're here with the chairman of the Democratic National Committee, Jamie Harrison.  Mr. Chairman, thanks for being here in Philly and in Pennsylvania.  Look, so much is on the line.  Voting rights, women's rights, workers' rights, on the line here in Pennsylvania.  We've got to get your vote.  We've got to have you go out and vote.  Make a plan to vote.  Thanks very much for your support.  Mr. Chairman, thank you.  Thank you.  Go vote!",positive,0.8360484,0.15524228,0.008709294,Energetic & Bright,Flat & Neutral,Economic,Subtle & Neutral,2.0,positive,1.0,0.0,0.0,0.703554495,0.25754367,0.0389018612
Democratic,Pennsylvania,Bob Casey,DB9Od7vi3z8,2024/11/4,"My opponent is threatening to rip away health care for people under 26.

There is so much at stake for young people in this election — please, join me and @jackuno and get out the vote: bobcasey.com/vote",negative,0.036573205,0.26964664,0.69378006,62,positive,0.516129032,0.193548387,0.290322581,0.501363337,0.256039087,0.242597576," Hey, I'm Bob Casey.  I'm Jack Schlossberg.  This election is the most...  consequential election of our lifetimes. Please get out and vote.  Make sure you've got a plan to vote and you know exactly where you're going to go and how to do it.  Go to BobCasey.com slash vote.  Go to BobCasey.com slash vote.  Thanks, everybody.",neutral,0.46796975,0.48844284,0.043587364,Flat & analytical,Surprised & expressive,Immigration,Subtle & Neutral,58.0,positive,0.5172413793103449,0.1724137931034483,0.3103448275862069,0.4945057939310344,0.2495762033275862,0.2559180037137931
Democratic,Arizona,Ruben Gallego,DB9a9iByB7F,2024/11/4,"In Arizona, if you are willing to put in the work, anything should be possible.",positive,0.85469747,0.1384836,0.006818883,4,positive,0.5,0.25,0.25,0.556492008,0.205089948,0.238418067," I wanted more for my kids so they can chase their dreams, have any job,  future they want.  If you're willing to put in the work,  Anything should be possible.  I'm Ruben Gallego.  and I approve this message.  We didn't have much.  I slept on the floor so my sisters could have the beds.  ¿Quieres ir para afuera?  just like every parent.",positive,0.8046682,0.17252553,0.02280627,Flat & analytical,Surprised & expressive,Voter Mobilization,Subtle & Neutral,4.0,positive,0.5,0.25,0.25,0.556492008075,0.2050899484999999,0.2384180672499999
Democratic,Michigan,Elissa Slotkin,DB8-Y09PB3X,2024/11/4,"616 days ago, we launched this campaign. 1 day left to go. Let’s win this!",positive,0.92425007,0.072250895,0.003499033,8,positive,0.875,0.125,0.0,0.869096151,0.121579713,0.009324127," We launched this campaign in February of 2023, and my goal from the beginning was to make it a home for everyone, whether you're a Democrat, Republican, or Independent.  Alyssa Slotkin is going to serve us well as our next U.S. Senator, Alyssa Slotkin.  We've held hundreds of community meetings, meet and greets, canvases.  You heard me out.  You gave me new perspective and ultimately made me a better candidate and a better person  for understanding what I need to fight for.  My focus is on protecting and expanding the middle class.  Job creation, bringing down the truly insane costs of housing,  education, child care, health care, and prescription drugs.  I want to make more things in America so that we're in control of our own economic security.  I want to protect our kids from the things that are truly harming them.  I believe in our democracy and in our country.  We are healthier and we have stronger and more durable ideas when we have healthy, respectful debate.  But that is not what we have right now.  Do not give an inch to pretenders who wrap themselves in the flag,  but spit in the face of freedoms it represents.  We are the damn United States of America.  We lead.  Alyssa don't play.  She's got the skills to get things done.  I have watched her know people, understand people, help people.  For Michiganders, the truth still matters.  Character still matters. Facts still matter.  So thank you to every single person who volunteered, who donated, who knocked doors, and came out  to support our campaign.  I'm grateful to every single Michigander, and I will do everything in my power to be  the principled leader that you deserve.",positive,0.92270464,0.07280054,0.004494815,Assertive & Clear,Positive & engaging,Campaign Endorsements,Emotive & Engaging,8.0,positive,0.875,0.125,0.0,0.86909615125,0.121579712625,0.0093241270625
Republican,Michigan,Mike Rogers,DB7yxGCO8hz,2024/11/4,"There’s no denying that the EV Mandates have devastated Michigan’s auto industry, or that the rising cost of gas & groceries is forcing hard-working parents to rely on the food pantry at the end of the month to feed their kids. 

Elissa Slotkin rubber stamped the agenda that caused both of those crises. I’ll take an axe to it. 

That’s the choice you’re making on Tuesday — and I hope to have your vote! 🇺🇸",negative,0.021315727,0.21231198,0.7663723,4,negative,0.5,0.0,0.5,0.377256145,0.241024808,0.38171903," You know, Sean, listen, I think this race is going to be about compassion.  Last week, they announced 700 layoffs at Ford.  We've already had 2,400 layoffs at Stellantis, 1,000 at General Motors.  The rest of the country gets a cold in automotive manufacturing.  We get pneumonia.  This is killing our communities financially.  And, listen, we talk to people who are going to the food pantry the last two and three days of the month to feed their family, and they're both working.  This is a vote for change in Washington, D.C.  They've disrupted our automobile industry.  We're down 20,000 manufacturing jobs since Biden and Harris took office.  My opponent has voted 100 percent of the time with them.  We have to change if these folks are going to get their lives back and be able to afford eggs and bacon and gasoline and their rent at the end of the month.  Now we're also keeping an eye on the very important state of Michigan.  Insider Advantage now showing Republican Mike Rogers tied dead even with Elise Slocum.  And Trafalgar shows the two candidates also tied.  Mike Rogers joins us now.  Well, you've got to admit, couldn't get any closer.  What's it going to take for you to get that extra percentage?  Yeah, and when Ford loses $4.5 billion because of their EV mandate, those are high-paying  career jobs in the auto industry that are about to evaporate if this madness continues.",negative,0.027512008,0.26522,0.707268,Neutral & restrained,Flat & Neutral,Campaign Endorsements,Subtle & Neutral,4.0,negative,0.5,0.0,0.5,0.37725614475,0.2410248075,0.3817190299999999
Republican,Ohio,Bernie Moreno,DB7xwlptnyD,2024/11/4,"Sherrod Brown votes with Kamala Harris nearly 100% of the time and has helped usher in her radical agenda. On Tuesday, we will retire Sherrod after a 50-year career in politics.",positive,0.5377489,0.44677502,0.015476095,20,positive,0.45,0.2,0.35,0.417451018,0.242527441,0.340021523," The polls are also extremely close in the Buckeye State, Ohio.  Republican Bernie Marino challenging incumbent Senator Sherrod Brown.  That is a dead heat.  Bernie Marino joins us now.  As you close out this race, he started out with a big lead.  You have closed the gap.  I've even seen polls with you now ahead.  What is it going to take for you to pull this out and send Sherrod Brown, who is not in touch with the people of Ohio?  He's a Harris Biden guy, you know, 97 percent of the time.  Well, this would be a very important pickup, just like Dave McCormick in Pennsylvania.  And, you know, what I say to people is if you're going to vote for Donald Trump,  he needs the support of a Republican Senate with the biggest majority.  He needs the support of a House with the biggest majority.  Well, he voted with Harris and Biden 100 percent of the time when it actually mattered and against President Trump 100 percent of the time when it mattered.  Look, Ohio's done with career politicians. This guy's been around for 50 years.  He was a Russian studies major at Yale, elected office his whole life, has run 18 campaigns, has never worked in the private sector.  I've been a business guy my whole life, Sean. We've got the momentum. We've got the wind at our back.  We're working really hard. We've campaigned all over the state of Ohio.  Look, your viewers can see his voting record. It's abysmal. It would be bad if we're Massachusetts or California with a senator or that kind of voting record.  Ohio absolutely deserves better. We want people who love this country and who love the people in this country and don't treat them like garbage,  which is what Sherrod Brown has done for 30 years while he's been in Washington, D.C., Sean.",neutral,0.28049275,0.6923359,0.027171288,Emotional & reactive,Concerned & Empathic,Voter Mobilization,Flat & Restrained,20.0,positive,0.45,0.2,0.35,0.4174510182499999,0.2425274411,0.3400215227049999
Republican,Michigan,Mike Rogers,DB7UqOLvD2h,2024/11/3,"Radical EV mandates, the rising cost of gas and groceries, the wide-open southern border — it’s all on the ballot. 

This is the most consequential election of our lifetime, and we HAVE to Get America Back on Track! 🇺🇸",neutral,0.16641134,0.6071084,0.22648016,1,positive,1.0,0.0,0.0,0.67055595,0.26145676,0.067987256," Top issues facing Michiganders.  We're joined by Republican Senate candidate from Michigan and former House Intelligence Committee Chair Mike Rogers.  We should point out we reached out to his opponent, Congresswoman Alyssa Slotkin, with an invitation.  She chose not to do so.  So, Mike, let's get right to the top issues.  Clearly, across the country, we've seen the economy reigning king.  But there in Michigan, also, too, the issue of electric vehicles, the EVs and the EV mandate of sorts.  How is the race going and what do you see as the top issues in these final days?  Mike, I want to talk about, you started at the beginning of the interview talking about momentum.  I want to drill into that a little bit because among likely voters, the latest Fox News poll has you trailing by four points.  And it's somewhat similar to numbers we've seen back in the summer.  Why haven't you closed that gap?  We will be watching it and following Mike Rogers.  Thank you for taking time today and joining us.  We're out of time.  That'll do it for us, but good luck.  All right. Thanks, Mike.  And Mike, for our viewers, the Biden-Harris EPA has a very strict regulation pushing the automakers to have a certain number, in some cases half of their car fleet, to be EVs.  They don't outright ban gas vehicles, but yet Alyssa Slavkin is saying in a debate recently with you, she doesn't support the EV mandate.  Well, this may be the most dishonest moment in politics, certainly I've seen in my career.  She voted for the EV mandate about maybe seven weeks ago now on the floor of the United States  House of Representatives and then came back and said, I don't support EV mandates.  You see what the impact of these are.  By the way, 5,000 auto dealers around the country wrote an open letter to the president  saying these are EV mandates and they're killing our business.  So the only people that don't believe that they're EV mandates are the people who are  voting for them.  It is having a tremendous negative impact on our working families here.  And listen, we have to add to mandates.  Markets work.  Mandates don't.  People don't want to buy them.  They do want to buy hybrids.  Why did we skip past hybrids?  Toyota and Honda are building hybrids and people are buying them like crazy and they  didn't invest billions of U.S. government dollars to do it.  Well, our internal polls show that we've closed that gap.  There was a public poll over the weekend that had us tied at 49-49.  Our internal numbers show us tied the last several polls.  So I can't speak to the Fox News poll, but our polling show tells a very different story.  And our ground game is a massive part of that.  Best ground game in the country today.  Last week alone, 88,000 doors.  Wow.  And it's unbelievable.  And so that energy, you can feel that energy when we're out there.  And we get a lot of people, this is important,  they go up to the door and they'll say,  yeah, I'm going to vote for Donald Trump.  I'm voting for Mike Rogers.  Hey, would you like a sign?  Would you like to fill out a little survey on that?  They say, nope, I'm not telling anybody.  So we march on down the street and it's happening over and over and over again.  I think there's under polling happening here.  We sense it in our ground game.  That's why I think we're going to win on Tuesday.  Hey, thank you. Rogers for Senate dot com. Still need some help.  Yeah, well, the momentum is clearly on our side.  I'd rather be us than them right now with the momentum change we've seen in the last few weeks.  And why EVs are so, you know, when the rest of the country catches a cold on EV debates, we get pneumonia here in Michigan.  2,400 layoffs at Stellantis, 1,000 at General Motors.  700 just announced last week at Ford.  And Ford lost almost $4 billion on just EV sales unit alone.  And so it is having a tremendous negative impact on the auto industry here.  And in fact, impacting real families trying to put food on their table.  So not only did they just get pink slip.  They can't afford groceries.  Oh, and by the way, that pink slip goes through the end of the year.  So, you know, happy Thanksgiving and Merry Christmas to a whole bunch of families.  We're going to be struggling here coming up in the state.  That's made a huge, huge difference for us.",neutral,0.11103357,0.8081803,0.0807862,Flat & analytical,Concerned & Empathic,Abortion,Subtle & Neutral,1.0,positive,1.0,0.0,0.0,0.67055595,0.26145676,0.067987256
Republican,Michigan,Mike Rogers,DB6nVT3P4Uj,2024/11/3,"Congresswoman Slotkin is focused on a woke agenda that puts biological males in our daughters’ locker rooms. 

I’m focused on real issues, like improving the literacy rates in our state so that we can better set our children up for success. 

I’m a dad, and in the Senate I’ll fight for your kids just like I would my own.",negative,0.07111779,0.39579853,0.5330837,2,negative,0.5,0.0,0.5,0.490542397,0.034766161,0.474691487," Congresswoman Slotkin is focused on letting men into girls sports.  I'm focused on teaching kids how to read.  I'm Mike Rogers and I approve this message.  I'm a dad.  I'll keep fighting to fix our schools for all our kids.  Forcing schoolgirls to change in front of men, it's not normal.  But Alyssa Slotkin wrote the bill to do just that.  Slotkin wanted to force schools to let men into girls' locker rooms and onto girls' sports teams.  Our schools are failing and Slotkin's pushing this?",neutral,0.42154068,0.49576813,0.08269121,Neutral & restrained,Positive & engaging,Abortion,Subtle & Neutral,2.0,negative,0.5,0.0,0.5,0.4905423965,0.0347661605,0.474691487
Democratic,Texas,Colin Allred,DB7UlN4pOta,2024/11/3,"The news of the deaths of Josseli Barnica and Nevaeh Crain confirms that Ted Cruz’s abortion ban is dangerous and deadly. I will do everything I can to restore reproductive freedom, and that starts with beating Ted Cruz.",negative,0.009185425,0.110313006,0.88050157,19,negative,0.315789474,0.105263158,0.578947368,0.342018234,0.198629681,0.459352084," And I'm Jennifer Sanders.  Ryan Chandler spoke to both Texas senatorial candidates as her story puts a top issue of the Senate race under an intensified spotlight.  Doctors pretty quickly diagnosed her with an inevitable miscarriage.  There really was no chance of saving this pregnancy.  We reviewed the details of this case with more than a dozen maternal health experts  across the country, and they said her death looked preventable.  dangerous to be pregnant in Texas  This is on the policies that he's pursued for decades.  He's called for and celebrated this law.  He said it was perfectly reasonable.  And this is what it looks like.  And that story of a Texas mother who died due to an untreated miscarriage is gaining national attention.  Doctors say they couldn't treat her under the Texas abortion ban.  Thanks for joining us. I'm Daniel Muddy.  In 2021, Yosele Barnica was 28 years old with a much-wanted second child on the way until tragedy struck.  the standard treatment, and the pregnancy to prevent infection.  ProPublica reports the doctors said that would be illegal.  Three days later, she died of sepsis.  Her death highlighting the divides in the race for Senate.  Democratic candidate Colin Allred blames Ted Cruz.  For Senator Cruz, he also calls Yoselle's case heartbreaking and defends Texas's law.",negative,0.03149302,0.34165162,0.6268554,Flat & analytical,Concerned & Empathic,Others,Flat & Restrained,19.0,negative,0.3157894736842105,0.1052631578947368,0.5789473684210527,0.3420182341157895,0.1986296814736842,0.4593520844526316
Democratic,Texas,Colin Allred,DB7HAX3hl92,2024/11/3,"Talk vs. action. Texans deserve a Senator who will take action to solve the border crisis, not play political games. Ted Cruz will never be part of a solution. I will.",negative,0.024526764,0.2403344,0.73513883,15,negative,0.4,0.2,0.4,0.404907637,0.230820323,0.364272025," At the last press conference we had here, I described it as, quote, a steaming pile of crap.  Some people afterwards.  criticize that characterization.  And they said, well, you haven't read the text.  So how can you say that?  And you're right.  All I knew was what had been described.  This bill is a terrible bill.  Every once in a while, we have some good news.  The good news is this bill is dead.  Now, my views on this bill have not been ambiguous.  Cruz when he had the opportunity said we don't need a border bill.  What did Ted Cruz do when he took down the border bill that we had earlier this year?  It was $20 billion for technology to catch fentanyl, for 1,000 new Border Patrol agents,  for policy changes to the asylum system to make it so that more folks would be denied asylum at the initial stage,  and then also making it easier for us to process them faster to get through this backlog that we have.  That's actual border security.  It's not something that's a symbol trying to target a certain community.  Border security is going to have to be bipartisan, and working on this in a bipartisan way.  If you actually want to get something done, you have to roll up your sleeves and work  together.  It was a serious attempt, and Ted Cruz, when he had the opportunity, said, we don't need  a border bill.  And he took it down.  And he did it because he'd rather run on the issue than solve it.  And what does that actually mean?  It means that you think you're more important than Texas.",negative,0.012493136,0.1402936,0.8472132,Flat & analytical,Concerned & Empathic,Economic,Flat & Restrained,14.0,negative,0.4285714285714285,0.1428571428571428,0.4285714285714285,0.4177207849642857,0.1986742491428571,0.3836049499
Democratic,Texas,Colin Allred,DB5BVpliTkG,2024/11/3,"The only way we can restore reproductive freedom and make these heartbreaking stories something of the past is by beating Ted Cruz.

Join the team to make it happen: allred4tx.us/donate",neutral,0.4118149,0.47874182,0.1094433,13,positive,0.461538462,0.230769231,0.307692308,0.471014954,0.227562685,0.301422358," We've had this data telling us that we've had a 56% increase in our maternal mortality rate.  But now we are starting to hear the stories of the women who have died in childbirth or because they were denied care during miscarriages here in Texas.  Two women in particular, Jocely Barnica and Neviah Crane.  Jocely was a young mother who had to wait 40 hours to get care because the law was requiring her doctors not to treat her.  Neviah Crane was 18 years old and was at her baby shower, went to three emergency rooms, was turned away from the first two.  The third one accepted her, but she was an organ failure already.  And she passed away.  And so the stakes just get higher and higher.  Texas is a state that believes in freedom.  And this is not it.  And by beating Ted Cruz, we'll make Roe v. Wade the law of the land again.  We'll trust Texas women.  And we'll make these stories something of the past.",negative,0.013225944,0.2908955,0.69587857,Flat & analytical,Concerned & Empathic,Others,Flat & Restrained,13.0,positive,0.4615384615384615,0.2307692307692307,0.3076923076923077,0.4710149539615385,0.2275626854615384,0.3014223575692308
Republican,Arizona,Kari Lake,DB63PUdyUWF,2024/11/3,"After church, I had the joy of meeting a lovely young mom and her newborn, Cameron. 

The sermon was such a powerful reminder of what we’re fighting for! I’m asking every believer to make their voice heard and VOTE on Tuesday. 🙏 

Together, we will save our country! 🇺🇸",positive,0.972669,0.02420424,0.003126784,113,positive,0.734513274,0.185840708,0.079646018,0.730858133,0.177691766,0.091450087," Woo!  Hey there, Arizona. We're at church this morning, and we are all ready for Election Day.  Everyone's getting out to vote. If you haven't already done so, get out on Tuesday.  We are fighting for our state and our country.  And beautiful babies just like Cameron.  Everything's on the ballot, and we need you to get out and vote.  And we love you, and we're going to save our country.  God bless you.",positive,0.97233105,0.02511451,0.002554428,Assertive & Clear,Concerned & Empathic,Immigration,Assertive & Direct,111.0,positive,0.7477477477477478,0.1711711711711711,0.081081081081081,0.7399632601981982,0.1686255752477477,0.0914111503891891
Republican,Pennsylvania,Dave McCormick,DB6sm96u5dJ,2024/11/3,It’s time for a change.,neutral,0.1802599,0.68423116,0.135509,0,,,,,,,," Dina and I have lived the American dream,  but we want to make sure that that American dream...  but very respectful campaign.  but he was a honest respectful hard-hitting critique  He was born with a political spoon in his mouth.  the son of a very famous governor.  He's been in elected office for 30 years.  30 years, 18 years in the Senate.  And when the bullets start flying, Bob Casey ducks.  This is not a guy who's been a leader.  It's time for change.  You are absolutely right.  It is time for change.  is available for all our kids.  And look at the guy I'm running against.  me look at the guy running against i've tried to run eight top",neutral,0.4406195,0.47677028,0.08261021,Energetic & Bright,Angry & Confrontational,Campaign Endorsements,Emotive & Engaging,,,,,,,,
Republican,Pennsylvania,Dave McCormick,DB6hOdSuPSi,2024/11/3,Bob Casey has to earn his seat every day — and he has failed.,negative,0.016992511,0.16904594,0.81396157,5,negative,0.4,0.2,0.4,0.355098289,0.303788165,0.34111356," Somebody came up to me the other day and they said,  Are you running for the Bob Casey seat?  And I said, that's not the Bob Casey seat.  That's not an entitlement.  He doesn't get to have that seat because his name's Casey.  He's got to earn that seat every single day.  He's got to earn it every election.",neutral,0.07720253,0.7108086,0.2119889,Energetic & Bright,Warm but Reserved,Voter Mobilization,Measured & Composed,5.0,negative,0.4,0.2,0.4,0.3550982890999999,0.3037881645999999,0.34111356
Republican,Texas,Ted Cruz,DB48u16ACAh,2024/11/3,"A day on the campaign trail 🎥 

Let’s Keep Texas, Texas.",positive,0.66336954,0.33130255,0.00532791,107,positive,0.485981308,0.252336449,0.261682243,0.491012582,0.254075748,0.254911669," Well, we're in the middle of our 53 stop bus tour.  We're in Killeen today, heading to a big rally.  So stick with us and you're going to see the excitement that we're seeing every part of the state to keep Texas, Texas.  Well, we just finished our rally in Killeen.  We're now headed out to the bus.  At every event, we invite the folks who come out to come to the bus.  to take pictures, but also importantly,  to sign the bus and that lets folks who come to our rally come with us.  So all 53 stops all over the bus tour they come sign the bus.  That's what we're doing right now.  We're in Hamilton, Texas right now. It's Halloween. We've got kids out here trick-or-treating on the street.  It's a beautiful thing. We're going to stop in to a soda fountain right now.  Getting ready to do Laura Ingraham and then Newsmax.  We're in Parker County now in Weatherford getting ready to do yet another rally.  It is incredible everywhere we go.  People are energized.  We're five days away.  We're going to keep Texas, Texas.  Ladies and gentlemen, please welcome our United States Senator, Pat Phillips.  Good job!  God bless Mexico.",positive,0.8810794,0.11681403,0.002106571,Energetic & Bright,Flat & Neutral,Voter Mobilization,Emotive & Engaging,102.0,positive,0.5,0.2254901960784313,0.2745098039215686,0.4967800876186274,0.2395273957872549,0.2636925156803921
Republican,Wisconsin,Eric Hovde,DB4sQLRKXuo,2024/11/2,"My promise to you: I will not serve more than two terms if you elect me to the US Senate.

Tammy Baldwin has lost touch with Wisconsin because she’s been in politics for 38 years and Washington for 26 of them. That’s far too long.",negative,0.035757173,0.3193947,0.6448481,4,negative,0.25,0.25,0.5,0.346988494,0.271917766,0.381093726," Oh, yeah, she's been there for 38 years.  Yeah. Well, what did our founding fathers want?  They wanted citizen legislators.  They wanted people who had real-life skills to go serve for a term or two  and return back to their communities.  They did not want a political class.  in politics.  Oh, God. The first thing I signed was the term limit pledge.  First of all, I'm 60, so by the time I'm getting into my 70s, the last thing I want to be doing,  I want to be sitting with my grandkids and having fun.  So, look, for me, it would be a term two at the most.  years, decades and whatnot.  Like you said, I mean, sometimes politicians, they get in there and they're in there for  a practical life.  And it's like...  It's fine if they act like advisors or something, but after a while, it's time to step back.  to be in politics, do you think?",neutral,0.26899895,0.54420877,0.18679228,Flat & analytical,Surprised & expressive,Others,Subtle & Neutral,4.0,negative,0.25,0.25,0.5,0.3469884944999999,0.271917766,0.381093726
Republican,Wisconsin,Eric Hovde,DB4ZJ-pMvgB,2024/11/2,"Checking in from the trail in Elkhorn with Rep. Steil.

Working hard to earn everyone’s support ahead of Tuesday. 🇺🇸",positive,0.7662721,0.22833858,0.005389315,8,positive,0.5,0.25,0.25,0.497489714,0.282629927,0.219880353," Brian Stile here in Elkhorn.  We're crisscrossing southeast Wisconsin, getting out the vote for November 5th  because we've got to get everybody across the line, including my friend Eric Hovde.  Thank you, Brian.  state all over. We've been up in Superior all the way down the western part of the state. Now we're  down in the southeast part of state and heading up to Green Bay later today and tomorrow. So hey folks.  November 5th. Remember, get out and vote. Donald Trump all the way down the line and definitely  vote yes on the referendum. It's so important because only U.S. citizens should vote in our  elections. Thank you, everyone. Let's go take back America. Let's win this thing.",positive,0.8019276,0.19129457,0.006777799,Emotional & reactive,Angry & Confrontational,Voter Mobilization,Emotive & Engaging,8.0,positive,0.5,0.25,0.25,0.4974897135,0.282629926875,0.2198803534374999
Republican,Wisconsin,Eric Hovde,DB2W82vqBlS,2024/11/2,"Wisconsin, it’s up to you.

Make your plan to VOTE and let’s finish the job on Tuesday. 🇺🇸",neutral,0.47151807,0.50020623,0.028275698,17,positive,0.647058824,0.117647059,0.235294118,0.648924274,0.195243848,0.155831888," President Trump and I  Are the tips of the...  Are you ready to take our country back?  But we can't do it without you.  The left, they have the media, they have big tech, they got public employee unions on their side.  But we have you.  And with your help.  With your help, not only you going out and voting,  but grabbing your friends, grabbing your neighbors, grabbing your colleagues,  grabbing the people you go fishing or hunting with or do social activities or watch Packer games with.  If you go grab five, ten of them, get them out and get them voting.  We will take this country back.  We will restore our beautiful country.",positive,0.5767597,0.38829604,0.03494428,Energetic & Bright,Angry & Confrontational,Immigration,Emotive & Engaging,17.0,positive,0.6470588235294118,0.1176470588235294,0.2352941176470588,0.6489242735294117,0.1952438480588235,0.1558318876294117
Republican,Arizona,Kari Lake,DB4hQEKtApq,2024/11/2,This will be fun! 🤩,positive,0.9876243,0.009676453,0.002699229,215,positive,0.618604651,0.148837209,0.23255814,0.598646449,0.196155821,0.20519773," And then I'm going to work on my pet project.  We're going to take a long, hard look at the FCC licenses that these people have.  We give them those licenses and they lie to us.  And we're tired of you guys lying to us.  So we're looking forward to giving those FCC licenses to people who are going to be honest with the American people.  which is reforming the fake news into real, honest press.  Is that okay?  We're tired of the fake news.  The days of the fake news are numbered.  We're going to get some real journalists once again.  So I'm looking forward to that, and I'm looking forward to turning Arizona around  and making it strong and safe and affordable again.",negative,0.095513456,0.33849198,0.5659945,Assertive & Clear,Flat & Neutral,Immigration,Assertive & Direct,211.0,positive,0.6303317535545023,0.1327014218009478,0.2369668246445497,0.6057198686170616,0.1869670152701421,0.207313116370616
Republican,Arizona,Kari Lake,DB4NNSlyNOt,2024/11/2,COUNTRY OVER PARTY!,neutral,0.17553405,0.6667171,0.15774885,305,positive,0.816393443,0.131147541,0.052459016,0.772699661,0.160357774,0.066942564," I'm so happy.  Thank you so much.  My first year ever voting bread.  Wow.  And I think it's more just God needs us to do what we have to do.  Yes.  Blue, we've got blue, we've got blue.  Bye.  I've been personally offended by what the other parties are saying.  I don't think they line up with what God's will is for our lives, our country.  They're stripping the identity of who we are little by little.  And you guys have been the only.  party that has pushed.  reaffirming our identity as Americans.  as individuals.  Like it's as men and women.  So I really appreciate what you guys are doing.  I've already voted.  I'm excited to have voted this year.  And who did you vote for?  I voted for Carrie Lake.  because I've met Robin Gagel.  And I've made my choice based on that.  Thank you.  versus what people tell us we should be doing.  Yes.  I come from a long line of people who...  and that's what i believe this is this election's about coming together as americans i'm so  thankful for your vote. I promise you that I'm going to go to Washington, D.C.,  and I'm going to make you proud.  Democrats, Democrats.  I've been told.  As men and women.  Women.  Specifically.  Did you already go in and vote?  Well, Ruben Gallego, I'm going to tell the media this,  he actually had the gall to tell a conservative.  Latina that she's not a Latina because she she's a conservative  This is very similar to when Joe Biden went on one of the big radio shows and said,  you're not black if you don't vote for Biden.  Come on, we are individuals. We decide who we vote for.  We take into account what experiences we've lived and we take into account...  what we want for our country and what we want for our communities, and that's how we vote.  We don't need Joe Biden to tell us how to vote.  We don't need Joe Biden to tell us if we're black or white.  We don't need Ruben Gallagher to tell us if we're Latino or.  are white, we know who we are. We're Americans.",positive,0.95426786,0.03632794,0.009404244,Neutral & restrained,Flat & Neutral,Immigration,Subtle & Neutral,303.0,positive,0.8217821782178217,0.1254125412541254,0.0528052805280528,0.7763113842343234,0.1569220809174917,0.0667665343026402
Republican,Arizona,Kari Lake,DB2dePUv9NT,2024/11/2,"📺 WATCH: Kari Lake’s Full Interview With Jesse Watters on Fox News 🇺🇸 

Help FUEL Kari’s fight! ⤵️
Visit: KariLake.com/Donate",neutral,0.14923358,0.84158534,0.009181017,59,positive,0.644067797,0.169491525,0.186440678,0.593231448,0.207367054,0.199401502," I think the continued difficulty with this economy where people can't afford anything.  You know, our kids that we're getting closer and closer to, you know, we just had Halloween and you can't afford a Halloween costume for your kids.  We're getting closer to the fall and things are just getting more expensive.  But when Joe Biden, our president, I guess he's our president.  I mean, I don't know who's running the country, Jesse.  I'm not sure anybody does.  But when he came out and called people who want to vote for President Trump garbage, I think that resonated with people.  It really resonated with people.  And my opponent, Ruben Gallego, has called the people who have voted for President Trump the worst people in the world and dumb.  And when you start calling people names like that, you know, listen, there's going to be people who don't vote for me in this election.  Our poll numbers look great.  We're winning this election.  But there's going to be people who don't vote for me, and I still want them to know I'm going to go to Washington, D.C., and work hard to represent you.  It's just a garbage bag.  Yeah, a garbage bag, the cheapest costume you could ever put on.  And, you know, and this is why people are reaching out and saying, we're voting for you and Trump.  Doesn't matter if you're a Democrat, Republican.  This is the America First movement.  Go to Carrie Lake dot com and help us out.  We could use the help and we got to bring down this radical leftist we're running against.  We're doing great. We are in the final days of this incredible campaign. We're in the most  liberal part of Arizona, Pima County. And guess what? I just listened to that segment, Jesse,  and I'm offended. I live, I happen to live with three Latinos, my husband and children,  who are Latino, and they are firmly behind President Trump. I'm here in one of our districts,  which has the biggest Latino population. And guess what? They don't find it racist to want  to be able to afford to put food on the table. And they don't find it racist. And they don't  consider themselves Nazis because they want to have a secure border. And they actually want to  know who's coming into our country. Arizona and Tucson, Arizona, where I am right now,  is the first major city where all of the fentanyl is hitting before it comes into the rest of this  country and is taking out a young generation. We were just at two voting centers in the past  couple of hours. One of the first people that came up to me was a mother who is a,  a Mexican immigrant. She came here and she's a legal immigrant. She's fed up with what's  happening. She's tired of not being able to afford clothing for her kids, groceries for her  family. She's tired of the open border. And she just said to me, I'm voting for you and Trump.  And I'm a registered Democrat. The Democrats are sick of the Democrat Party because the Democrat  Party has been taken over by, I don't know who, but they're not representing the hardworking  middle class and working class people.  But yeah, you can see where.  Sure. Well, I mean, there was one Halloween costume you can afford.  It's not that expensive, even under Bidenomics.  It's just a garbage bag.  All right, Kerry Lake, good to see you.  Thanks so much.  You can see working class people of all races move away from the Democrats.  And the Democrat response to that is to call them names.  I'm not so sure that's working.  But let me ask you a question.  Put the policy aside for a second, because that's pretty much agreed upon over the last couple of weeks.  Has there been one thing that happened in the campaign that's kind of dropped like a bomb in Arizona?  Was it the MSG rally?  Rogan Kamala on the views saying I wouldn't do anything differently.  Was it garbage gate?  Is there anything that you've seen reverberate from people you've talked to?",negative,0.049918715,0.3354044,0.61467683,Neutral & restrained,Concerned & Empathic,Campaign Endorsements,Assertive & Direct,59.0,positive,0.6440677966101694,0.1694915254237288,0.1864406779661017,0.5932314483305086,0.2073670537288136,0.1994015024254237
Democratic,Pennsylvania,Bob Casey,DB4ak_1I0UG,2024/11/2,"David McCormick said it himself, he wants to take away health insurance for millions of young people, under 26 years old. In the Senate, he would be another vote to destroy the Affordable Care Act.

I’m not going to let him do that.",negative,0.011055477,0.1512669,0.8376776,1,positive,1.0,0.0,0.0,0.9013343,0.09030182,0.008363873," Are they really going to do this again?  that he doesn't agree with and doesn't support.  The provision that allows young people to stay.  their parents' health care.  policy until the age of 26.  Mr. McCormick  will be another vote.  Destroy and repeal the Affordable Care Act.  I am not going to allow him to do that.  I am going to defeat him in this election to stop him from doing that.  You're damn right they are.  They're coming after the Affordable Care Act again.  My opponent said on the record, just...  It was just yesterday.  I'm doing it.  That's right.",negative,0.014545478,0.15988591,0.82556856,Energetic & Bright,Angry & Confrontational,Immigration,Subtle & Neutral,1.0,positive,1.0,0.0,0.0,0.9013343,0.09030182,0.008363873
Democratic,Pennsylvania,Bob Casey,DB2oORzApOs,2024/11/2,"There's no doubt about it: Republicans, like my opponent, would repeal the Affordable Care Act and rip away health care from working families across Pennsylvania.",negative,0.019196132,0.14515115,0.8356527,4,positive,0.75,0.25,0.0,0.667044988,0.258085762,0.074869264," What about this 26 year old so they can stay on their parents insurance?  Is that Obamacare a result of Obamacare?  Yeah.  Why not for that?  I've got to get my kids working.  No question about it. And Lawrence, it extends beyond that.  The Republicans, like my opponent, always say that positive things about some aspects of the affordable care.  Yet.  They constantly want to repeal it.  Senator, I just want to go to that point about taking health insurance away from people 26 years old and younger.  This is the provision of the Affordable Care Act that allows, say, a kid who graduates from college to stay on the parents' health insurance policy until the age of 26.  This has been a very important provision in my family.  This has been an important position for millions of people all around the country.  And your opponent did say he wants to specifically rip that insurance away from those people 26 years old and younger.  He wants to rip that insurance away from those young people.",neutral,0.06667627,0.4979388,0.43538493,Neutral & restrained,Flat & Neutral,Others,Subtle & Neutral,4.0,positive,0.75,0.25,0.0,0.6670449875,0.25808576175,0.074869263625
Democratic,Michigan,Elissa Slotkin,DB4Rm_-P2x5,2024/11/2,"Michiganders know that unions and the middle class are fundamentally linked. 

Take a look back at some of our favorite moments from this campaign with our labor friends.",positive,0.73870075,0.2547731,0.006526127,4,negative,0.5,0.0,0.5,0.507733498,0.127706178,0.364560318," Melissa Slotkin has been amazing for us.  We couldn't have.  A better woman.  to hit the halls of Senate to carry on the mission.  Thank you so much for your support.  Of course.  You guys.  More American, like American apple pie, than joining a union.  We believe that our country is stronger when people are together, when they push and pull on ideas, when they bargain.  right? When they push for a better deal for themselves.  And people ask me, well, okay, you know, why are you so pro-labor?  I say, well, first of all, I come from a district that is one of the most unionized districts in the country.  So I see it and breathe it every day.  How's it going? How's the morale up here?  Here is Dan. Oh my gosh, that's amazing.  It's like it is become this symbol of like, do you get to be in the middle class or not?  Right. Like that's it's not complicated for people to understand.  No. When when you guys need us, we're going to we're going to be here.  That's what we do. Thank you. I appreciate you guys.  Of course. You guys, I mean, you guys have me, I have you.  I know you got our backs.  And we basically kicked off my campaign in 2018 in the parking lot of your hall.  I was there.  I filmed a commercial this last time on a scissor lift.  We're always, we did trunk or treat.  We've spent a lot of our lives in that parking lot.  If you want that key to the middle class, that middle class that we invented in Michigan,  we invented the idea where you could work at an auto plant and afford the car you were making.  That was a radical concept at the time.  We invented that.  And as Michiganders, we understand that the unions are inextricably linked to the building  of the middle class in the United States.  And when we think about where we are now.  um and the example you all have set a whole new generation of young people  How old are you? I'm 19. Oh my god, you're a badass. I love that. They're gonna remember this the rest of their life and tell their grandkids about like being on the line, you know, continue that tradition. I was on a picket line with my dad. I don't know about you guys, but a lot of people who are like...  I'm fourth generation, my grandpa strike, my dad struck, my like, you know, which one's your dad?",positive,0.96197987,0.03116863,0.006851501,Energetic & Bright,Surprised & expressive,Abortion,Emotive & Engaging,2.0,positive,1.0,0.0,0.0,0.96757379,0.027184647,0.0052415355
Republican,Pennsylvania,Dave McCormick,DB356aOuNlR,2024/11/2,"AWESOME Saturday here in Happy Valley with @claytravisoutkick and a bunch of great Pennsylvanians 🇺🇸

#WeArePennState",positive,0.9883698,0.009374628,0.002255562,8,positive,0.875,0.125,0.0,0.721653957,0.228880186,0.049465865," All right, we're here in Happy Valley today for the game of the season, Penn State and Ohio State.  And I'm joined by my good friend Clay Travis, who's been an incredible, great leader for our country.  And I'm so glad to have you here, Clay.  We got a big turnout thanks to you.  We had a hell of a tailgate going, and we're going to beat Ohio State.  make America great again.  on the track to excellent  It is an unbelievable turnout here.  Perfect football weather.  Penn State is going to win outright, under,  and they're also going to cover for those of you out there who might care about that.  In all seriousness, get out and vote.  Pennsylvania controls the fate of the nation.  I love you guys.  You got the right Senate candidate.  You know to go vote Trump to, or McTrump, to make America great again  and put us on the track to excellence all over the country.  It's on you, Pennsylvania.  All right, let's go save the country on Tuesday.  Thank you.",positive,0.9821259,0.015349516,0.002524659,Energetic & Bright,Positive & engaging,Immigration,Emotive & Engaging,8.0,positive,0.875,0.125,0.0,0.7216539574999999,0.22888018625,0.0494658652875
Republican,Pennsylvania,Dave McCormick,DB2X3eFNaHY,2024/11/2,"Bob Casey is a weak, career politician who votes 98% of the time with the disastrous Biden-Harris agenda. 

It’s time for a change. 

Great to be on with @LauraIngraham!",negative,0.09656884,0.23093358,0.6724976,7,negative,0.285714286,0.142857143,0.571428571,0.2599495,0.332327517,0.407722972," Well, listen, I think the race has closed dramatically.  It's a tie by any estimate.  And I have the momentum.  And the reason is people are focused on a choice between change that I represent and the status quo.  Bob Casey's been in elected office for 30 years.  He's the guy who is not led.  He ducks when the bullets start flying.  And he's voted 98.6 percent of the time with this liberal agenda of Biden and Harris.  He's voted for reckless spending that's driven up skyrocketing prices.  He's voted for sanctuary cities.  He's voted for males competing in women's sports.  He's out of touch with Pennsylvania.  And I'm the candidate that's going to bring about change as a business guy, a seven-generation Pennsylvania,  someone who went to West Point and served in combat in Iraq.  And that's the way the race is framed.  And I'll say, I'll just give you a sense of this.  Someone said to me the other day, so are you running for the Casey seat?  And I said, this isn't the Casey seat.  This isn't an entitlement because his father was governor.  Senator Casey's got to earn this seat every day, every election.  He hasn't done that.  He's failed the people of Pennsylvania.  And I think that's the reason the race is closed.  They see it.",neutral,0.101193696,0.5803798,0.31842652,Neutral & restrained,Concerned & Empathic,Immigration,Flat & Restrained,7.0,negative,0.2857142857142857,0.1428571428571428,0.5714285714285714,0.2599495000714286,0.3323275174285714,0.4077229718571428
Democratic,Texas,Colin Allred,DB2r5RPij2H,2024/11/2,"Families have been destroyed by Ted Cruz’s abortion ban. But he doesn’t want to talk about it.

He’s going to hear Texans loud and clear on November 5. Join our team to beat him: allred4tx.us/donate",negative,0.010687411,0.14925134,0.8400613,25,positive,0.56,0.24,0.2,0.608011479,0.220940255,0.17104827," Representative Allred, there is Senator Cruz saying that he believes this story only exists.  because the political press is obsessed with it.  He does not believe this story exists  because Texas women are dying because of the law he supports.  That's right. And this is the law that also is the product of his life's work.  He spent his entire time in the Senate doing basically nothing.  He's accomplished almost nothing in his time in the Senate,  except getting attention for himself.  Except for this one thing.  He did succeed at putting extremists on the courts, backing in our state legislative races the most extreme candidates, calling for celebrating and leading this movement.  And now he doesn't want to talk about it.  And Lawrence, as you and I have talked about before, when Texas women have come to his committee,  in the Senate to talk about their experiences.  He didn't even show up.  Well, as I've said before, he might not want to hear from Texas women talking about this and telling their stories and these families that have been destroyed.  by this abortion ban, but he's going to on November 5th.",negative,0.018800156,0.26455873,0.7166412,Flat & analytical,Concerned & Empathic,Others,Flat & Restrained,25.0,positive,0.56,0.24,0.2,0.60801147908,0.2209402548,0.171048269856
Democratic,Texas,Colin Allred,DB2cAJYJFfK,2024/11/2,"Nevaeh and Josseli should still be alive. But doctors can’t do their jobs in Texas because of Ted Cruz’s abortion ban. 

We must restore reproductive freedom in Texas.",negative,0.01188796,0.2002058,0.78790617,10,negative,0.3,0.3,0.4,0.286642674,0.310571342,0.402785971," There's nothing pro-family about extreme abortion bans.  There's nothing pro-life about forcing women to suffer and even die.  This is Ted Cruz's fault.  This is his abortion ban.  He made it his life's work to put Texas women in these life-threatening situations.  And he praised Texas abortion law, calling it perfectly reasonable.  There is nothing reasonable about these women's deaths.  Colin Allred spoke on abortion access with Texas abortion rights advocates.  This after a ProPublica report found that two Texas women died due to Texas's abortion ban.  They blamed Senator Ted Cruz for his role in enacting not just the near total abortion ban in Texas, but in other states across the country.",negative,0.005752721,0.10044663,0.8938007,Flat & analytical,Concerned & Empathic,Economic,Flat & Restrained,9.0,negative,0.3333333333333333,0.2222222222222222,0.4444444444444444,0.2934336868555556,0.2694275634444444,0.4371387363999999
Democratic,Texas,Colin Allred,DB2G0RJS9F-,2024/11/1,"This abortion ban is Ted Cruz’s life’s work. And because of it, Texas families are mourning the loss of their loved ones. It doesn’t have to be this way, and I will do all in my power to restore reproductive freedom and end this ban.",negative,0.006435491,0.079455726,0.91410875,11,positive,0.545454545,0.272727273,0.181818182,0.582796704,0.24741351,0.169789784," I actually got an email this morning from another Texas woman telling me her story and just wanting to, I think, have someone to share it with and also offering to use her story in any way to make sure it doesn't happen to anyone else.  I just came back from the Rio Grande Valley where folks were talking about what happened to Jocely.  And the fear is very real, talking to people about how they are afraid of getting pregnant in Texas.  They're afraid of their children getting pregnant in Texas.  And this is something that is incredibly real right now.  These stories and now putting.  unfortunately, these names to what we've seen in the data,  I do think is driving home even more for Texans.  What is happening here?  We've seen that our maternal mortality rate has gone up by 56% over the last couple of years.  But we haven't had these individual stories.  Can you imagine?  Can you imagine?  As a husband, I can't imagine taking my wife to three different emergency rooms and begging someone to treat her.  Or in Jocely's case, to lie there for an hour, you know, praying that she would be able to make it home to see her daughter.  This is outrageous.  And every Texan who I think hears about it is outraged by it.  This is something that is very, very real.  And this is an issue in this campaign because this is Ted Cruz's life's work.  He has worked his entire career to get to this point with warnings, I will say, from experts saying that if you put these bans in place, this is what will happen.  They were forewarned.  And now we're seeing the unfortunately predictable outcome of these policies.  And there has to be accountability.  And in our system, that accountability is elections.",neutral,0.07478343,0.63292927,0.29228726,Flat & analytical,Concerned & Empathic,Immigration,Flat & Restrained,11.0,positive,0.5454545454545454,0.2727272727272727,0.1818181818181818,0.5827967042363636,0.24741351,0.1697897844090909
Democratic,Texas,Colin Allred,DB1cFGRxjMG,2024/11/1,"When Texans show up, they show out! Together we are going to make history.",positive,0.957591,0.03790717,0.004501864,21,positive,0.619047619,0.142857143,0.238095238,0.605994332,0.205149614,0.188856051," We need to fight for Congressman Paul and Allred to be our next senators.  With Yahweh's help and God's grace.  For all the families who are looking for a senator who's looking out for them,  I will never abandon you when you need me most.  I will protect your fundamental rights.  We're going to beat Ted Cruz.  My time in Congress, I've been the exact opposite of Ted Cruz.  Because I never forgot.  Never forgot the folks who gave me a chance.  We all have to make our voice heard.  And I hope that we can have a chance here in our state to have a senator who will represent all 30 million of us,  who appreciates and understands what has made our state great,  and will build on that instead of one who I think has been mostly about himself.  So thank you so much. I wish you health, happiness, and life.  And so here's what we got to do, Texas.  Gotta make sure we send tech crews packing.  And when we do, it won't be a win for me or for a party.  It'll be a win for our state.  God bless you.  And may God bless the great state of Texas.",positive,0.82371265,0.16218087,0.014106504,Energetic & Bright,Positive & engaging,Campaign Endorsements,Emotive & Engaging,20.0,positive,0.65,0.1,0.25,0.62501787095,0.1813638273,0.19361829987
Democratic,Texas,Colin Allred,DBz449Kvmw0,2024/11/1,"Texas energy workers help make up the backbone of our economy. In the Senate, I’ll make sure that we continue to invest in an all-the-above energy approach that creates Texas jobs and grows our economy.",positive,0.86248744,0.13144445,0.006068102,2,negative,0.0,0.0,1.0,0.034824597,0.26463061,0.7005447," Hey everybody, here in Houston County, going around and looking at some of the fields here,  talking about how important this is for our overall energy economy.  Here in Texas, we have an all-of-the-above energy approach where we're number one in oil and gas.  We're number one in solar. We're number one in wind.  We're investing in the energy sources of the future like hydrogen, too.  So I want to make sure, as your senator, that we continue to invest in an all-of-the-above approach  that grows our energy jobs here in Texas, not takes any away.",positive,0.81408006,0.18166226,0.004257713,Flat & analytical,Angry & Confrontational,Others,Flat & Restrained,2.0,negative,0.0,0.0,1.0,0.0348245965,0.26463061,0.7005447
Republican,Pennsylvania,Dave McCormick,DB1_7_cSEDQ,2024/11/1,Kamala Harris and Bob Casey are failing hard-working Pennsylvanians.,negative,0.009632311,0.089409396,0.90095824,12,positive,0.583333333,0.166666667,0.25,0.515915453,0.252365374,0.231719163," The new jobs report just came out.  It's bad news for America and bad news for our great Commonwealth of Pennsylvania.  We thought we had added 100,000 new jobs.  manufacturing jobs. We added 40,000 new jobs, but they were government jobs, of course,  under the failed policies of Biden, Harris, and Casey, the excessive spending that led to creation  of inflation.  And excessive regulation is bad for our economy.  Bob Casey is not part of the problem.  He is the problem.  He doesn't know how to fix this economy.  I do.  I know what it's like to create jobs.  I did so as a CEO leading free markets where we created hundreds of jobs in Pennsylvania, in Pittsburgh.  And I'll do it again as Pennsylvania's next senator.  Instead, we added 12,000 new jobs.  But underneath the surface, it's much worse.  We had a loss of 28,000 private sector jobs, 46,000.",negative,0.030177947,0.15524514,0.814577,Neutral & restrained,Flat & Neutral,Others,Subtle & Neutral,11.0,positive,0.6363636363636364,0.0909090909090909,0.2727272727272727,0.5423147158181818,0.2134108308181818,0.2442744434272727
Republican,Pennsylvania,Dave McCormick,DB1DaJtuGhg,2024/11/1,"When I wrestled, I knew I could win if I got to the third period because that’s when your heart and mental toughness counts the most. 

We are in the third period.",positive,0.8591668,0.13564141,0.005191793,5,positive,0.8,0.0,0.2,0.732169064,0.119142082,0.148688868," Yeah, it sure is and I'm excited about it. You know, I wrestled  In college and I always knew if I get in the third period within a point or two  I'd have a real good shot of winning because the third period is about mental toughness. It's about heart  It's about staying on offense and going through the through the through the buzzer and that's what I'm gonna do",positive,0.96441656,0.03219848,0.003384984,Flat & analytical,Positive & engaging,Immigration,Flat & Restrained,4.0,positive,1.0,0.0,0.0,0.9115773625,0.0732898825,0.0151327604249999
Republican,Pennsylvania,Dave McCormick,DBzvH46twrB,2024/11/1,"Bob Casey represents the status quo. 

Our movement represents change.

Great to have you in Philadelphia, @BretBaier!",positive,0.56645596,0.3758609,0.057683107,0,,,,,,,," my case, it's a choice between change that I represent and the status quo, which Senator Casey  represents. I'm running against a guy who's been in elected office for 30 years, a career politician,  a very famous political family, and someone who really hasn't been a leader in the Senate at a  time where Pennsylvania and America needs leaders and a guy who's voted 98.6 percent of the time  with Joe Biden and Kamala Harris for all these things, the wide open border, the reckless  spending, the assault on fossil fuels that have really hurt Pennsylvania. So most Pennsylvanians  think the country is going in the wrong direction and it's the result of these bad decisions and  bad leadership.",neutral,0.04102116,0.4988401,0.46013874,Flat & analytical,Surprised & expressive,Campaign Endorsements,Subtle & Neutral,,,,,,,,
Republican,Texas,Ted Cruz,DB1psM8JanN,2024/11/1,"I served with Kamala Harris, and her voting record was to the left of Bernie Sanders and Elizabeth Warren.

She is an extreme leftist, and she is far too radical for our country.",negative,0.028309079,0.3890676,0.5826233,39,negative,0.384615385,0.102564103,0.512820513,0.377648374,0.205013306,0.417338319," Welcome in Texas Senator Ted Cruz, who is in the race of his life right now down in Texas.  Already one of the most expensive Senate races, by the way, we've ever seen.  Senator, great to see you. Glad you could be with me.  I just want to ask you, you served with Kamala in the Senate. You know her.  Did Joe and Kamala ever really like each other? Does any of this surprise you?  You know, it doesn't. There's been bad blood between them from the beginning,  but there's a big difference. Look, look, Joe is senile now. He's a puppet. He's not aware of  what's going on. Kamala is a true believer. She is a zealot. I served with Kamala every day she  was in the Senate from the day she got elected, and she has always been hard left 100% of the  time. Her voting record is to the left of Bernie Sanders and to the left of Elizabeth Warren. Now,  I serve with Bernie and Elizabeth. There ain't much room to their left, and yet she managed to  get there. She is a hardcore ideologue, so everything you don't like about the Biden  administration, if Kamala is president, God forbid, it gets worse because she is a true believer.",positive,0.94538826,0.048647,0.005964662,Neutral & restrained,Flat & Neutral,Campaign Endorsements,Subtle & Neutral,39.0,negative,0.3846153846153846,0.1025641025641025,0.5128205128205128,0.377648373925641,0.2050133061538461,0.417338319302564
Republican,Texas,Ted Cruz,DB0Kh5hgdFN,2024/11/1,"Chuck Schumer and George Soros are spending over $100 million to take me out.

I need patriots to go to tedcruz.org to help me fight back and Keep Texas, Texas.",negative,0.024565816,0.21443546,0.76099867,207,positive,0.415458937,0.280193237,0.304347826,0.410230617,0.297258904,0.292510477," expensive Senate race in the cycle, incumbent Republican Ted Cruz versus Democrat Colin Allred.  I saw a lot of those ads over the weekend when I was at A&M. More than 165 million have been  raised between both candidates, but the race is still tight. The RCP average there has cruised  up by four points. Joining me now, Texas Senator Ted Cruz. All right, Senator, Democrats desperate  to flip this seat. I saw all the ads over the weekend. I mean, that was painful to watch,  but they're throwing a lot of cash in there. What's your final pitch?  Yeah, if you like the status quo, you can vote for the other guy.  I mean, if the bad status quo in the country,  if you want Texas to remain Texas and not California, you got to vote for Cruz.  Ted, thank you very much.  Okay, wait a second. They wasted all that money on Larry Hogan, who's going down in flames, because liberal Republicans are the answer. They're always going to win. Not. So he's going down in flames. They wasted God knows how much money there. And they didn't give you any money?  not a penny and by the way in twenty eighteen the last time i read it  that was the most expensive senate race in u s history i was out spent three to  one i want to know less than three points  and mitch mcconnell spent zero  the swamp cannot stand principal conservatives who stand up  for their constituents and not for the swamp  which means you're going to ted crews dot org is is the only  reinforcements we get we need it were five days away let me say if you're in  texas  it's still early voting if you have an early voted yet  vote tomorrow and if not come out on election day we need everyone in texas  to stand up  and and fight to keep texas texas  Well, listen, they're coming after me with everything they've got.  Chuck Schumer has been explicit.  I am his number one target in the country.  As you noted, Schumer and George Soros, they're spending over $100 million trying to take me out.  We've seen a dozen polls in the last month that show this is a one-point race or a two-point race or a three-point race.  There was a poll a couple of days ago that showed it tied.  And so I need help.  I want to encourage every one of your viewers, please come to TedCruz.org, TedCruz.org.  Contribute, give $10, $25, $50, $100, whatever you can,  because that's how we're standing up to the over $100 million from Schumer and Soros.  It's patriots across Texas and across the country going to TedCruz.org.  And I'll tell you, Laura, it's made even worse by the fact that Mitch McConnell has a $400 million super PAC,  and he spends zero in Texas.  He doesn't want strong conservatives who will stand up to the swamp,  which means the only help I get is...  Is from patriots across the country going to TedCruz.org.",neutral,0.215393,0.675444,0.10916305,Neutral & restrained,Flat & Neutral,Campaign Endorsements,Subtle & Neutral,206.0,positive,0.4174757281553398,0.2766990291262136,0.3058252427184466,0.4111272536315534,0.2953967368786407,0.2934760084461165
Republican,Michigan,Mike Rogers,DB1rowdv5zN,2024/11/1,I joined Laura Ingraham last night to discuss the state of the race here in Michigan. You can watch the segment and join our movement to Get America Back on Track by visiting RogersForSenate.com!,neutral,0.23320977,0.76127553,0.005514648,3,negative,0.333333333,0.333333333,0.333333333,0.345464871,0.308466417,0.34606871," Congressman Mike Rogers. He's running against Democrat Congresswoman Alyssa Slotkin for the U.S.  Senate congressman. Now, the Democrats in Michigan voted against various voter integrity  measures that would have prevented this precise thing from happening, correct?  Right now, the RCP average has you down about three points.  In 20 seconds, your final pitch.  If you want an auto industry at all in Michigan,  if you want an auto industry at all...  Vote for Mike Rogers. How's that?  Congressman, it's great to see you.  That's a better rap.  All right. Great to see you. Thanks so much.  Well, Congressman, there are numerous reports now from across the country that we're not going to know the outcome of the election on November 5th.  Now, your AG also wasn't exactly reassuring when asked about it. Watch.  Results are not going to come in immediately after the election, but they should come in much quicker than before.  OK, what does that mean? And why does America not get the result on election night?  Like you and I growing up with paper ballots, we all got the results on election night.  What is going on here?  I don't know. Here's the here's the other bad news. It is a lot more expensive the way they're doing it.  So you get a lot more expense. They some cases are saying it may be multiple days before we know the result of the election.  That just hardly seems. And you have these folks who are coming in saying filling out affidavits to get into the election system.  I mean, obviously, the whole goal should have been, you know, easier to vote, harder to cheat.  I'm not sure that's where we're at in voting across America today. I need to fix this.  Well, here it is. Listen, to me, the choices are very clear.  If you want to create jobs in Michigan or you want to destroy jobs,  if you want lower prices for groceries and gasoline or higher prices, you want higher housing prices,  you want EB mandates in Michigan so the government picks your car and puts you out of work while they're doing it,  then you vote Democrat.  If you want a better way forward and you want cheaper rates,  a country that is actually prosperous for everybody going forward,  you're going to want Mike Rogers in the United States Senate,  and you can find us at rogersforsenate.com.  I love that. That's a better rap.  Oh, absolutely. In fact, my opponent voted to make it easier so you could be a non-citizen and get to vote in an election, which is just crazy.  And this is the exact example why you want proof of citizenship in some way, shape or form in these elections, because, again, we've been overwashed.  Fourteen million illegal aliens into the country. We don't know who they are.  And here's the crazy thing, Laura. We've seen other reports. People are reporting in like, hey, there's these people showing up that that aren't speaking English.  They can't prove who they are. They're being told to fill out what they're calling a provisional or an affidavit to get a provisional ballot to vote.  And so we don't know how widespread it is.  We're just getting these initial calls.  But you start thinking, well, none of that's good.  Every stolen vote is a nick in a citizen's vote, and we don't think that's appropriate.",neutral,0.08801071,0.7722109,0.13977835,Flat & analytical,Flat & Neutral,Immigration,Subtle & Neutral,3.0,negative,0.3333333333333333,0.3333333333333333,0.3333333333333333,0.3454648710666666,0.3084664166666666,0.3460687095
Democratic,Arizona,Ruben Gallego,DB1kKcry-ZK,2024/11/1,4 days left to fight for our future. Cast that vote now!,neutral,0.29094476,0.65901214,0.050043095,10,positive,0.7,0.2,0.1,0.656807612,0.262411099,0.08078128," Arizonans are already voting.  Go tell your friends, your family, and your neighbors to do the same.  Because if we do that, if we do that together, if we fight together, we can defeat Carrie Lake.  But we need to push a little more, work a little harder, and run through that finish line.  So here's what we're going to do. Vote. And vote now.  Drop off your ballot or vote in person.  Fight for a better future.  We are fighting to protect our democracy, our freedoms, and our future.  Cast that vote now!  Arizona!  ¡Juntos vamos a ganar! ¡Gracias!",positive,0.6462398,0.32059884,0.033161346,Energetic & Bright,Warm but Reserved,Voter Mobilization,Measured & Composed,10.0,positive,0.7,0.2,0.1,0.6568076119999999,0.2624110987,0.0807812795
Democratic,Pennsylvania,Bob Casey,DB1INfzP5Af,2024/11/1,"Thousands of volunteers will be out across Pennsylvania over the next four days, knocking on doors and making calls to get out the vote. 

Thank you all for your hard work — we’re in this fight to the finish together.",positive,0.6179722,0.37167493,0.010352878,2,negative,0.5,0.0,0.5,0.497517871,0.030692594,0.471789525," Hi everybody, Bob Casey here.  Election Day is just four days away.  We're heading into the final weekend of GOTV.  Thank you to everyone who has volunteered for our campaign.  and for candidates up and down the ballot.  And thank you for your hard work to come.  Together, we'll win this race.  Across Pennsylvania, thousands of you  We'll be getting out the vote this weekend.  You'll be knocking on doors, making calls, sending texts,  and doing so much to make sure folks know about the election on Tuesday  and make their plans to return their mail-in ballots or vote in person.",positive,0.94189805,0.05544388,0.002658129,Flat & analytical,Positive & engaging,Immigration,Emotive & Engaging,2.0,negative,0.5,0.0,0.5,0.4975178705,0.030692594,0.471789525
Democratic,Michigan,Elissa Slotkin,DB0Cbk3g7jT,2024/11/1,"4 days and a wakeup is an eternity. We’re pounding the pavement and talking to voters about the issues they care about. 

Join us: https://www.mobilize.us/2024mivictory/",positive,0.58332664,0.40722445,0.009448935,1,positive,1.0,0.0,0.0,0.94464177,0.048539147,0.006819057," Talk to me about what you are hearing on the ground and what can make a difference with five days to go, because five days in an election is actually an eternity.  Yeah, I mean, I think we're seeing amazing energy, first and foremost.  I mean, it's hard to deny between our absentee voting rates, our early voting rates, particularly in the city of Detroit.  We just are setting records for something that's relatively new for us.  But there's a lot of people who just avoid politics altogether.  They can't stand it. And so they they don't, you know, watch the programs and tune in and all that kind of stuff.  And they're still making their decisions.  So that's why you've got to be out pounding the pavement and talking about issues that people care about.  Which is what we're trying to do all day, every day.",positive,0.66465807,0.3063739,0.028968055,Assertive & Clear,Concerned & Empathic,Economic,Assertive & Direct,1.0,positive,1.0,0.0,0.0,0.94464177,0.048539147,0.006819057
Republican,Wisconsin,Eric Hovde,DBz3SxgpwzI,2024/11/1,"NEW 📺 AD: Career politicians like Tammy Baldwin have led our country down a dangerous path.

It doesn’t have to be this way. 

I’m asking for your vote because it’s time for change.",negative,0.010307988,0.16355644,0.8261355,7,negative,0.428571429,0.0,0.571428571,0.385576003,0.099078996,0.515344989," I'm running for the Senate because I love our country, but sometimes I don't recognize it  anymore. What is right has become wrong and what is wrong has become right. Politicians like Tammy  Baldwin have led us down the wrong path. It doesn't have to be this way. We can lower the  cost of food and medicine, close our border, and stop the flow of deadly drugs. Let's work together  to restore the American dream and give our children a brighter future. I'm Eric Hovde,  and I approve this message, and I'm asking for your vote.",negative,0.11251163,0.41395974,0.47352856,Emotional & reactive,Angry & Confrontational,Economic,Subtle & Neutral,7.0,negative,0.4285714285714285,0.0,0.5714285714285714,0.3855760025714286,0.0990789964285714,0.5153449892285714
Democratic,Texas,Colin Allred,DBzlUodAZLV,2024/10/31,Houston is ready to send Ted Cruz back to Cancun!,neutral,0.078136325,0.5886283,0.33323538,13,positive,0.461538462,0.153846154,0.384615385,0.469565261,0.221940905,0.308493827," Congressman Allred  is the bright shining star that the great state of Texas needs.  Am I right?  A vote is a kind of prayer.  for the world we desire for ourselves.  and for our children and our prayers are stronger when we pray together  Texas, you are on the precipice.  I'm ready to play fun!  engineering  We're doing it, 2024.  What Georgia did in 2021.  Where can I find you?  There have been no...  Great movement.  In America.  Every day, I'm living into my faith.  My faith in God.  My faith in my fellow man.  My fellow Texans.  that we've done our job, that every newspaper in this state has endorsed me,  that we had a debate where I kind of dragged them across the stage a little bit.  We had a pretty good rally the other night, 30,000 folks were there.",positive,0.9110708,0.08052585,0.00840335,Neutral & restrained,Positive & engaging,Economic,Emotive & Engaging,12.0,positive,0.5,0.0833333333333333,0.4166666666666667,0.4899020694166667,0.1836972007249999,0.3264007227
Republican,Michigan,Mike Rogers,DBzHF20vSMb,2024/10/31,"At the Chrysler Warren Truck Assembly Plant. 2,500 jobs — GONE! 

Elissa Slotkin needs to come and give these folks an answer as to why she values EV mandates more than she does Michiganders’ livelihoods.",negative,0.009519435,0.12058098,0.8698996,3,negative,0.0,0.333333333,0.666666667,0.018102797,0.306246342,0.675650867," Hi, Mike Rogers here at Warren Truck Assembly Plant.  2,500 jobs got laid off right here.  Challenge my opponent, Alyssa Schlockman.  Come and talk to these families.  their income.  and maybe even their future because of your EV mandates.  It's dangerous. It doesn't have to be this way.  Listen, markets, not mandates.  Let Americans, let Michiganders choose the kind of car that they want to drive  and the kind of car they want to buy, and let these companies build those cars.  We can make a difference.",negative,0.018905563,0.23077972,0.7503147,Neutral & restrained,Angry & Confrontational,Economic,Subtle & Neutral,3.0,negative,0.0,0.3333333333333333,0.6666666666666666,0.0181027973333333,0.306246342,0.6756508666666666
Republican,Michigan,Mike Rogers,DBy-D_EPvd2,2024/10/31,"1,000 jobs at the Warren Tech Center — GONE! And it’s all thanks to Slotkin’s EV mandates. 

I’m calling on @ElissaSlotkin to come talk to the families who have had their livelihoods stripped away because she prioritized radical California values over Michigan workers.",negative,0.00865345,0.08836488,0.90298164,2,negative,0.5,0.0,0.5,0.447937249,0.075449029,0.476613779," Hey, Mike Rogers here. We're at the Warren Tech Center where we lost a thousand jobs.  I'm going to challenge Alyssa Slotkin. Come here. Meet with the families of these thousand workers who lost their jobs because of a government EV mandate.  This is the time for change.  We're going to get these jobs back.  We're going to put Michigan back on the map.  We're going to build things in Michigan again.",neutral,0.111031346,0.61876464,0.27020398,Neutral & restrained,Angry & Confrontational,Voter Mobilization,Subtle & Neutral,2.0,negative,0.5,0.0,0.5,0.4479372485,0.075449029,0.4766137785
Republican,Michigan,Mike Rogers,DByjEEsuw6d,2024/10/31,"BREAKING: I just joined Pete Hegseth and a group of fired up Michiganders at Four Corners’ Diner in Romeo! 

Let me tell you, there is more common sense in this diner than there is all of the committee rooms in Washington, DC combined!",positive,0.70889574,0.279646,0.011458243,4,positive,1.0,0.0,0.0,0.81941816,0.162814803,0.017767051," Absolutely. I'm a single father of three daughters. I raised my daughters right here in Romeo, Michigan, small town America.  And my question for Mike is, in a day and age where your opponent says that she stands for women's rights and freedoms,  but really stands for what she calls the rights of men to use the restrooms, locker rooms, and compete in women's sports,  what are you going to do to protect my daughters and the daughters of America?  This is a great question.  Well, my wonderful wife who passed away last year and I raised our four children, homeschooled them.  They're all in their 20s now doing extremely well.  What is your stance on school choice?  Yeah.  Well, that's fantastic.  Well, first of all, tell them thank you for his service.  That is a difficult job on a good day.  So the first thing we're going to do when President Trump is elected and I go into the Senate is we're going to do remain in Mexico right away.  Has to happen.  We're going to end sanctuary cities.  Right. So we're going to make it less interesting for them to do it.  We are going to make sure that the folks that are here, we find them and spin them around and send them home.  They are overwhelming communities, illegal immigrants.  So we need to empower the Customs and Border Protection officers and agents to do their jobs.  And they can do it.  If we empower them on the first day, you'll be surprised at the turnaround that happens on the southern border.  I'm a huge fan of school choice.  Listen, if you think about 57% of our high school seniors last year couldn't read at  the sixth grade level, 80% of our students in Michigan are reading below grade level.  If we don't have school choice, we're going to lock these kids into a future of poverty  and we're going to have to change that.  So I'm a big believer.  School choice will give us the competition, get schools back going.  And by the way, get all the other nonsense out of schools and get reading, writing, and  arithmetic back.  Yeah, this is a great question. And by the way, you're going to find here that there's more common sense in this diner than all the committee rooms back in Washington.  We're going to we're going to we're going to enforce Title nine.  It is absolutely ridiculous that women are losing scholarships to biological males, that they have to put up with biological males in their locker rooms.  And unfortunately, my opponent voted and was the lead author of the bill to do that.  Not representative of Michigan. We're going to end that. I'll protect your daughter, my daughter, my wife and all of our daughters.  Michigan against this guy.  right now. Just give us an update. We're feeling great. If you hear the excitement in this room,  we're seeing that all across the state. We just had a poll this morning, has us up by  two points. First time we've been in the league.  Well, they outspent us early, but we did something. We did it the old fashioned way. We have a ground game that is the best in the United States. We think we've just last week, eighty eight thousand doors. We have touched over three million voters with phone calls and door knocks. And that was all happening under the radar. They were on TV saying all kinds of nasty things, calling us everything but by our Christian name.  And I'll tell you the good news. People weren't buying it. They were believing that the issues were more important than all the nastiness.  And what we found is four months of nasty and lying ads doesn't make up for four years of bad policy.  And so we find this. There we go.  We find this stuff.  There we go.  All right, Mike, we're going to get some questions from voters.  I've got Liz and Tony here.  Immigration's a big issue for you.  Liz, why?  And Liz, you've got a, or Tony, you've got a border control agent signed.  Welcome back to Woohoo!  Liz and Tony, thank you very much.  All right, we're going to talk to Paul.  You homeschool your kids. You're concerned about school choice. What's your question for Mike?  The village of Romeo.  And we've been talking a lot about the presidential race,  but right now we're going to talk a little bit about a big Senate race happening here in Michigan  because Representative Alyssa Slotkin is running to be the next senator of Michigan against this guy,  former Representative Mike Rogers.  Everybody welcome Mike Rogers.  That's a question real quick.  Scott, you're a father of three.  Mike, thank you very much.  Appreciate it.  Mike, the race is close.  Real quick before, and we're going to get questions from voters here in a second.  What do you attribute the momentum?  Because that was, you have not had other polls that show you up to.  Why the difference?  Yes, my son Chris has been in the Border Patrol over 20 years.  He works out of Selfridge right now.  He actually personally called me, and he wants to know what you're going to do so he can finally do his job again.  Yeah.",positive,0.5033906,0.44109377,0.055515576,Energetic & Bright,Flat & Neutral,Economic,Subtle & Neutral,4.0,positive,1.0,0.0,0.0,0.81941816,0.16281480275,0.0177670511
Democratic,Wisconsin,Tammy Baldwin,DBzDsJmRSAZ,2024/10/31,"Wisconsin—

I know that together, we will fight, and in 5 days, we will win.

Thank you, Madison! 👐",positive,0.94633096,0.046912566,0.006756476,4,positive,1.0,0.0,0.0,0.845082673,0.147051127,0.0078662, We have the choice.  Early voting.  Early voting is happening right now.  So make your plan.  Bring your friends.  and get out there and vote.  to embrace our state motto forward.  Say it with me.  that together we will fight.  And together we will win!  or to let Eric Hovde take us backwards.,positive,0.73555183,0.25261837,0.011829784,Assertive & Clear,Positive & engaging,Voter Mobilization,Emotive & Engaging,4.0,positive,1.0,0.0,0.0,0.8450826725,0.14705112725,0.00786619955
Republican,Pennsylvania,Dave McCormick,DBzBPq1O0mq,2024/10/31,"Honored to have Senator @votetimscott with us in Philly today for a roundtable on how important school choice is for our communities. 

Senator Scott is a champion for school choice, and we need it in PA to provide a better future for our kids.",positive,0.9753435,0.022282591,0.002373844,6,positive,0.666666667,0.333333333,0.0,0.691952122,0.270608711,0.037439168," You're 100% right, number one.  Number two, I can't think of a better place to be than Philadelphia, PA,  the city of brotherly love with Dave McCormick,  the 51st Republican vote to change the lives of the future of the poorest kids  right across this building.  God bless every single one who will take the time.  All right, we're at Philadelphia today with the great Senator Tim Scott.  We're talking about school choice.  So glad to have you here, Senator.  This is the thing I think we can do here in Pennsylvania and America with the change of...",positive,0.97961366,0.01693238,0.003453925,Neutral & restrained,Positive & engaging,Campaign Endorsements,Emotive & Engaging,5.0,positive,0.8,0.2,0.0,0.785237834,0.1885573834,0.02620478564
Republican,Arizona,Kari Lake,DBy8pxavAm1,2024/10/31,"The election is just days away and here in Arizona republican @karilake is running for senate. However, this wasn’t just a conversation about this wonderful state we live in, this was about issues the whole country faces. As well as what issues @realdonaldtrump wants to solve FOR WOMEN! 
•
These long format interviews are where you actually get to know the candidate as well as how smart they are. Kari is a very smart, strong, passionate, rational, hardworking American that wants better for this state and this country. 🇺🇸",positive,0.6279276,0.3535939,0.018478531,246,negative,0.308943089,0.150406504,0.540650407,0.312884061,0.206302442,0.480813496," The symptoms of this border problem are so massive and they fall into every other aspect.  When it comes to safety, we obviously have people coming in who are known criminals.  I want to topple the cartels.  I don't want to even have people know what the word fentanyl means in the future.  You're a woman.  You know Donald Trump very well.  I believe his policies are actually very pro-woman.  When you look at just wanting to make sure that we have secure streets.  He wants to protect girls' sports.  My goodness, how many of us competed at some point in athletics?  I'm glad I didn't have to compete against men in athletics because that's just not a level playing field.  I think the issue they try to drive a wedge between us is on abortion.  President Trump is not going to pass a national abortion ban.  What I do believe he is going to do is work hard, and I want to help shepherd this as well,  to put forth policy that does support women.  I want to make sure that no woman is forced to make a decision like that based on just sheer economics,  saying I can't afford to take care of a baby.",negative,0.053325627,0.2737736,0.6729008,Neutral & restrained,Concerned & Empathic,Abortion,Assertive & Direct,244.0,negative,0.3114754098360656,0.1475409836065573,0.5409836065573771,0.3144546575516393,0.2048547269483606,0.4806906145618853
Democratic,Pennsylvania,Bob Casey,DBykayYI-S_,2024/10/31,"If we work like hell, we’ll win this race — together.

Let’s leave it all on the field.

bobcasey.com/vote",positive,0.7344745,0.24113892,0.024386577,6,positive,0.666666667,0.166666667,0.166666667,0.659094166,0.20417521,0.13673061," Look, we've got a lot at stake in this race. The choice has never been clearer.  You're knocking on doors, you're making phone calls, you're making contributions, you're going to events, you're engaging your neighbors to continue to fight for these values, to continue to make sure that people know that we're on their side against these powerful forces and to work like hell to get the vote out.  So will you join me in working night and day to get out the vote for our entire ticket?  I need your help in this race.  We're going to win together.  God bless you.  Between my opponent and me?  All that's left is what you all are doing every day.",positive,0.5804486,0.38006678,0.039484594,Assertive & Clear,Positive & engaging,Immigration,Emotive & Engaging,6.0,positive,0.6666666666666666,0.1666666666666666,0.1666666666666666,0.6590941656666667,0.2041752095,0.1367306095666667
Republican,Ohio,Bernie Moreno,DByb8DaOLur,2024/10/31,"50 years in office, 18 campaigns, and 0 private sector experience.

While in DC, Ohio lost 200,000 manufacturing jobs, suffers under generationally high debt and inflation, and allowed an invasion of illegals.

It’s time to change the channel and cancel the Sherrod Brown show.",negative,0.012124719,0.136419,0.8514562,17,positive,0.705882353,0.058823529,0.235294118,0.637852202,0.155527418,0.206620378," Tired of binge-watching Sherrod Brown ads?  He's run for office 18 times over the last 50 years.  But what do we have to show for it?  I'm Bernie Marino.  We can keep watching Sherrod Brown reruns of this,  Illegal Immigration and Rising Inflation, or vote for change.  I'm not a career politician.  I'm an outsider, businessman, and endorsed by President Trump.  I'm Bernie Marino, and I approve this message to give Ohio a break from Sherrod Brown and your TV, too.",negative,0.043866135,0.32869846,0.6274354,Neutral & restrained,Surprised & expressive,Abortion,Subtle & Neutral,16.0,positive,0.6875,0.0625,0.25,0.62908881478125,0.1530097233125,0.217901463375
Democratic,Pennsylvania,Bob Casey,DBxF1e3MgRB,2024/10/30,"We take care of our own in the Commonwealth of Pennsylvania.

Thank you, @springsteen and @BarackObama, for an incredible night in Philly.",positive,0.92230546,0.07334416,0.004350327,12,positive,0.75,0.083333333,0.166666667,0.750044234,0.090293611,0.159662138," There's a line in that song, We Take Care of Our Own.  And the reason he's here tonight.  That map is the map.  of the Commonwealth of Pennsylvania.  He's helping us get there.  Bruce Springsteen!  So we got some work to do.  We've got to keep working like you all are.  So many people here, every one of you.  When Bruce says,  is doing something already. You're here tonight.  Some of you are knocking on doors, most of you are, writing postcards, making phone calls, contributing.  I've been looking for the map that leads me home.  Are you ready to win this Senate race?  That map he knows.  I can tell you, there is nobody who is more humble.  more honest,  more rooted in his community, more dedicated.  to this great state than Bob Casey.",positive,0.77915424,0.21334472,0.00750111,Energetic & Bright,Angry & Confrontational,Others,Emotive & Engaging,12.0,positive,0.75,0.0833333333333333,0.1666666666666666,0.7500442343333334,0.0902936113333333,0.1596621377666666
Democratic,Pennsylvania,Bob Casey,DBw2UpAhtBY,2024/10/30,"Yes, it’s Bob Casey. 

bobcasey.com/vote",neutral,0.19202718,0.7696892,0.038283583,41,positive,0.512195122,0.317073171,0.170731707,0.491303005,0.3249116,0.183785395," Mmm, Bob Casey?  Get out and vote, please.  Yeah, Bob Casey.  Get out and vote, please.  Calvert.  Calvert.  Please.  Yeah, Bob Casey.  Bob Casey?  Yeah, Bob Casey.  Bob Casey!  Yes, Bob Casey.",positive,0.7372743,0.25302556,0.009700154,Energetic & Bright,Warm but Reserved,Abortion,Measured & Composed,39.0,positive,0.5128205128205128,0.3333333333333333,0.1538461538461538,0.4912217711410256,0.3393617823589743,0.1694164475333333
Democratic,Pennsylvania,Bob Casey,DBwUqpYoDd8,2024/10/30,"Stories like that of Brett and Jenny, who lost their two-year-old son Charlie when a dresser overturned and fell on him, are why I fought so hard to pass the STURDY Act.

I will never stop fighting to keep our children safe.",neutral,0.075096406,0.4702919,0.45461175,0,,,,,,,," As Brett says, you can fix a hole in the wall,  but you can't fix a hole in your heart.  You're just an easygoing kid.  Happy.  Bob Casey honored our son in the best way possible by helping save other children's lives.  And his life was taken far too soon.  That's why Bob Casey's Sturdy Act means the world to us.  His bipartisan law sets strict new safety standards  to prevent furniture tip-overs.  I'm Bob Casey and I approve this message.  We know because Charlie was just two when a dresser tipped over and killed him instantly.",positive,0.49887967,0.32077655,0.18034384,Flat & analytical,Angry & Confrontational,Voter Mobilization,Subtle & Neutral,,,,,,,,
Republican,Pennsylvania,Dave McCormick,DBxDKbnuVmb,2024/10/30,"Awesome to have @NikkiHaley in the Keystone State! 🇺🇸

6 days to go — chip in here to help us get through the final stretch ➡️➡️ Davemccormickpa.com",positive,0.9770632,0.02035409,0.002582732,20,negative,0.4,0.2,0.4,0.406659725,0.206592795,0.386747478," Thank you.  Six days to go.  It is go time.  We have a country to save.  We are all over Pennsylvania, but we need to pitch in $5, $10, $25.  Let's get him over the finish line.  We need a Senate majority.  Dave can do it.  God bless you.  I'm honored today to have Nikki Haley come into campaign with Dina and me and the great Commonwealth of Pennsylvania.  We spent the morning.  Thank you, Nikki. Thank you.  doing a couple of events in southeast Pennsylvania.  We're now in Allegheny County in Pittsburgh.  We're headed to Warrendale for a big rally.  Nikki, thanks so much.  We're great friends, and you're great to be here with.",positive,0.9457321,0.048378464,0.005889452,Neutral & restrained,Surprised & expressive,Voter Mobilization,Emotive & Engaging,20.0,negative,0.4,0.2,0.4,0.406659724875,0.20659279467,0.386747477745
Democratic,Michigan,Elissa Slotkin,DBwoTKYA-9z,2024/10/30,"In Michigan, we don't care what kind of car you want to drive, but we DO care about making the next generation of vehicles. I dare @mikerogersformi to stand in front of UAW Local 652 from the Grand River plant in Lansing and tell them he’s okay letting China eat our lunch when it comes to building that next generation of vehicles.",neutral,0.20045692,0.61299086,0.18655221,5,negative,0.2,0.2,0.6,0.187997032,0.270813704,0.541189259," The issue of the next generation of vehicles, of electric vehicles, of hybrid vehicles became this political issue.  And again, in Michigan, like we don't care what you want to drive, but we want to make the next generation of vehicles.  And that plant that you're talking about, the Grand River plant, which I represent right now, it's being converted into an electric vehicle plant.  It's going to save, you know, 650 jobs and add another 50.  And if you're standing in front of those guys of local, you know, 652 UAW and we're talking about their jobs.  I do not understand this idea from the other side of the aisle for my opponent that, you know, China's eating our lunch on electric vehicles.  So we should just accept that and not invest in making those vehicles here.  And I think it's in the last few days, it's certainly come to people's notice that a big loan of 450 plus million dollars was given to Tesla years ago.  Right.  To help.  To help them get started.  And so why not GM?  Why not Ford?  Why not our, you know, Detroit based makers here?  So it's become a political issue.  I don't really understand the approach of the other side.  I'm on Team America, not Team China when it comes to building the next generation of vehicles.",neutral,0.09070439,0.72177804,0.18751757,Assertive & Clear,Concerned & Empathic,Campaign Endorsements,Assertive & Direct,4.0,negative,0.25,0.25,0.5,0.23291502325,0.3235850625,0.44349989925
Democratic,Michigan,Elissa Slotkin,DBwFm8Yg4vu,2024/10/30,"The issue of abortion is incredibly important in Michigan, but it's also a stand-in for a bigger set of issues: If you're willing to take away this right, what are the other rights you're willing to take away?

It’s a fundamental issue of trust.",neutral,0.08201341,0.7133441,0.20464249,11,positive,0.727272727,0.181818182,0.090909091,0.686257864,0.224613754,0.08912836," I think the issue of choice here in Michigan, even though we did our job in 2022, we codified Roe v. Wade in our Constitution.  You know, we voted on it here.  I think the issue of choice continues, one, because there has been no stop in the other side of the aisle pushing constant anti-choice initiatives constantly.  I mean, I voted 15 times, I think, in the past year and a half to block those things.  Real fear of a national ban, depending on who gets in.  But it's also a stand in for a bigger set of issues.  It's just the fundamental question of do you trust women?  And if you're willing to take away this right, what are the other rights you're willing to take away from women and from other people?  So it kind of represents something bigger than just the issue of Roe v. Wade.  It's a it's a stand in. And, you know, in Michigan, we live right next to Indiana.  And, you know, if you're driving to Chicago for a concert, you literally have a set of rights on one side of the dirt.  And a totally different set of rights on the other side of the dirt on this, you know, visible line.  So we feel it very acutely here.  It's still a very live issue in the state and I think in the country.",neutral,0.0714419,0.70265114,0.22590692,Assertive & Clear,Concerned & Empathic,Voter Mobilization,Assertive & Direct,10.0,positive,0.8,0.1,0.1,0.732331294,0.1789885945,0.08868008838
Republican,Michigan,Mike Rogers,DBwhMU0SNvS,2024/10/30,"I had a great day in Detroit yesterday with my good friend, Mike Rogers! Michigan, it’s time to vote for your values, vote for your future, and, most importantly, vote for the future of your children. Let’s Get America Back on Track!

VOTE @MikeRogersForMI!",positive,0.9732512,0.024288371,0.002460378,30,positive,0.5,0.233333333,0.266666667,0.510339515,0.25257246,0.23708803," Oh my goodness. Detroit, Michigan, here we are. I am so excited to be with my good friend  Mike Barger on the campaign trail. Seven days to go between now and November 5th.  You, your friends, your cousins, your brothers, your uncles, your aunts, heck everybody,  we need all your votes. November 5th between now and then, let's get it done.  Senator Scott has made huge inroads, huge waves here.  He is making a difference here in the state of Michigan.  Now we need you to make a difference in the state of Michigan.  get your friends even crazy uncle earl we all got one grab them get them to the pole amen let's do it",positive,0.9810029,0.016475502,0.002521618,Assertive & Clear,Positive & engaging,Immigration,Emotive & Engaging,29.0,positive,0.5172413793103449,0.2068965517241379,0.2758620689655172,0.5201607551724138,0.2378037399827586,0.242035511237931
Republican,Wisconsin,Eric Hovde,DBwZIdwvihr,2024/10/30,"You are all people of influence.

Ask your friends, neighbors & colleagues: Are they happy with where our country is headed? If they’re not, tell them:

It’s time for change.",neutral,0.11367974,0.74571085,0.14060935,6,neutral,0.0,0.666666667,0.333333333,0.153383362,0.50416203,0.342454597," see the poll numbers, the momentum's on our side. President Trump and I are at the tips of the  spears. But I'll tell you, we can't do it without all of you.  I'm, thank you.  I need all of your votes, but what I also need you to do is you all are people of influence.  You have friends, you have family members, you have colleagues, you have people you go to church with,  or go hunting or fishing with, or whatever you do.  Talk to them. Bring them over to our side.  If they're in the middle, just ask them questions.  Ask them, are you happy with our open border?  Are you happy with...  all the loss of life to fentanyl.  Are you happy that we're giving?  cash payments to illegals and providing them housing when our veterans are on the streets.  Are you happy that we're bankrupting our future?  Ask them those questions.  Let them answer them.  And then say, if you're not,  It's time for change.",positive,0.7822344,0.19601049,0.021755086,Energetic & Bright,Angry & Confrontational,Economic,Subtle & Neutral,3.0,negative,0.0,0.3333333333333333,0.6666666666666666,0.081243163,0.32745871,0.5912981146666667
Democratic,Texas,Colin Allred,DBvylfou4Zn,2024/10/30,"Thank you President @barackobama for your words of inspiration. Together, we are bringing hope and change back to the Lone Star State on November 5th.",positive,0.9752435,0.021892412,0.00286407,58,positive,0.982758621,0.0,0.017241379,0.921189092,0.056558264,0.022252638," We're doing great. We're doing great.  We had a great debate the other day.  Folks are voting. It looks really good.  We just had an event with Beyonce in town in Houston.  I appreciate you Mr. President.  Thank you, Mr. President. I appreciate you.  All right, man.  Hang in there.  Take care.  So that was, you know what?  It's hard to go wrong with Beyonce, but the...  Listen, I just wanted to let you know I could not be prouder of you, the kind of campaign you've conducted.  You know, you've been a leader on and off the field.  Hey, Mr. President.  Call it.  It's showing in terms of how you're  trying to reach out to everybody.  And, you know, you've got credibility.  And, you know, you're talking about the issues that matter,  the kitchen table issues.  Appreciate you, Mr. President.  So you hang in there.  Yes, sir.  Keep going.  Stay focused on the issues that matter.  I hope that the people of...  Texas.  regardless of party.  uh... recognize uh... that  In you, we've got a leader with a character, and that will do right by them.  Listen, I want to check in on the Lone Star State and see how our next senator is doing.",positive,0.97204417,0.022293003,0.005662807,Emotional & reactive,Positive & engaging,Abortion,Emotive & Engaging,58.0,positive,0.9827586206896552,0.0,0.0172413793103448,0.9211890919827588,0.0565582639051724,0.0222526384396551
Democratic,Texas,Colin Allred,DBu6pM7v37r,2024/10/30,There’s a stark difference between me and Ted Cruz. He fought to take away reproductive freedom. I have and will always fight to protect and restore it.,neutral,0.060809363,0.4769558,0.4622348,173,positive,0.630057803,0.10982659,0.260115607,0.596253379,0.169607433,0.234139191," Cruz just looked into a camera and lied to Texans about my position. Let's be  very clear, you should look into the camera and speak to Kate Cox, who's  watching right now, and explain to her why you said that this law that you said  is perfectly reasonable, why she was forced to leave her two children behind  and flee our state to get the care that she needed. Or look into the camera and  talk to Amanda Zyrowski, who's watching right now, and explain to her why it's  perfectly reasonable.  Exceptions like rape and assault.  I want to be very clear to the people of Texas.  I support the protections and the restrictions under Roe.  But Senator Cruz just called himself pro-life.  You're not.  It's not pro-life to deny women care so long that they can't have children anymore.  It's not pro-life to force a victim of rape to carry their rapist's baby.  It's not pro-life that our maternal mortality rate has skyrocketed up by 56%.  That's not pro-life, Senator.  So to every Texas woman at home, and every Texas family watching this,  understand that when Ted Cruz says he's pro-life, he doesn't mean yours.  that because she had a complication in her pregnancy  and was denied care so long  that she may never be able to have children of her own.  or to the 26,000 Texas women who have been forced to give birth to their rapist child  under this law that you call perfectly reasonable.  It's not.  This is not freedom.  I trust Texas women to make their own health care decisions.  You know, Allie and I had two baby boys here in Dallas in the last five years.  You're scared the entire time.  You don't know what they're going to say.  But I can't imagine if the doctor would come in and said there's a problem with the baby or a problem with Allie,  but there's nothing I can do because Ted Cruz thinks he knows better.  That's not who we are as Texans.  When I'm in the United States Senate, we'll restore a woman's right to choose.  We'll make Roe v. Wade the law of the land again.  And we'll make these stories of seeing these horrific experiences going on all over our state something of the past.  That's my commitment to Texans.  you want to dress, about saying whether you support or oppose.  Exceptions like rape and assault.  The question I want to ask to you again, do you support or oppose exceptions for rape or for incest?  Again, asking as a Texan and as a father tonight.  There's no exception for rape or for incest, as you know.  In 2021, you co-sponsored a bill in Congress that included those exceptions.  But a year later, when the Supreme Court overturned Roe v. Wade,  you said that you agree with the Texas law that has zero exceptions.  So tonight, the question is, where do you stand on this?  And we're asking for your personal opinion as a Texan and as a father.  I agree with the United States Supreme Court that under our Constitution, the way we resolve  questions like that, questions on which we have real and genuine disagreements, is at  the ballot box.  Why do you keep asking me that?  Now, as for what the law should be in Texas, that's a decision that will be made by the state legislature.",negative,0.0301201,0.4659228,0.5039571,Flat & analytical,Concerned & Empathic,Voter Mobilization,Flat & Restrained,171.0,positive,0.6374269005847953,0.0994152046783625,0.2631578947368421,0.6005894007239766,0.1636278078245614,0.2357827948730994
Democratic,Pennsylvania,Bob Casey,DBuhE9Wsrlg,2024/10/29,"We’ve got one week until Election Day. 
Pennsylvania, you know what to do. 

bobcasey.com/vote",neutral,0.3956054,0.59039974,0.013994865,5,positive,0.6,0.2,0.2,0.603440192,0.259750168,0.13680966," Hey Pennsylvania, you know what to do.",neutral,0.18550989,0.50594836,0.30854174,Emotional & reactive,Positive & engaging,Economic,Emotive & Engaging,5.0,positive,0.6,0.2,0.2,0.6034401922,0.2597501676,0.1368096596
Democratic,Pennsylvania,Bob Casey,DBuYfLVhtYx,2024/10/29,"Our family knows the importance of IVF firsthand.

I will never stop fighting to ensure all families can access this miracle.",positive,0.9571239,0.039184153,0.00369197,6,positive,1.0,0.0,0.0,0.935103612,0.055268132,0.009628246," Yeah, they went through a lot just to get to that point.  I mean, it's as if there's a miracle and they're knocking the legs out from under a miracle.  I mean, it's just outrageous.  that anyone would question efforts to protect IVF and make it possible for  families to have.  There are people out there saying you can't have a child if it doesn't happen naturally.  had trouble having a baby.  And so she was going through in vitro.  So we knew.  And another time and another age, she could not have had a child.  Yeah.  I mean, our daughter's a great mother, our son-in-law's a great father.  To say that they couldn't be parents is just outrageous.  I mean, we have doctors who have invented these procedures that have made it possible for families.",negative,0.05820615,0.32344928,0.6183446,Flat & analytical,Flat & Neutral,Others,Subtle & Neutral,6.0,positive,1.0,0.0,0.0,0.9351036116666668,0.0552681324999999,0.0096282460833333
Democratic,Texas,Colin Allred,DBuSQxsgPuc,2024/10/29,"TEXAS: Election Day is one week away and we need all hands on deck to win this race! 
Time to get off the sidelines and into the game to help us beat Ted Cruz ➡️ colinallred.com",positive,0.63080704,0.35710564,0.012087365,5,positive,0.6,0.2,0.2,0.592542018,0.221164876,0.186293148," We deserve a senator whose team is Texas.  One year from now, on Election Day 2024, Texans will go to the polls and replace Ted Cruz with a senator who actually cares about all 30 million of us.  It's official. I'm on the balance. We're going to get set through.  And while I will be the Democratic nominee,  I want every Texan to know.  an independent or Republican, but I want to serve you in the United States Senate.  This November, we're going to shock the world.  We're going to beat Ted Cruz.  The race for U.S. Senate is heating up.  With recent polls showing a close race.  And there was a poll today that actually showed me leading in the race.  If you're a Ted Cruz supporter, it's too close for comfort.  Republican Senator Ted Cruz says members of his own party are voting against him.  There's a lot of people in the GOP that are embarrassed by Ted Cruz.  You can't be for the mob on January 6th and for the officers.  You can't.  And it's not funny.  Zero threat to democracy.  Hey, Houston, how you doing?",positive,0.6068991,0.36026317,0.03283774,Energetic & Bright,Positive & engaging,Campaign Endorsements,Emotive & Engaging,5.0,positive,0.6,0.2,0.2,0.5925420178999999,0.2211648759999999,0.186293148
Democratic,Texas,Colin Allred,DBuHdyqOORc,2024/10/29,"Ted Cruz has had 12 years to secure our border and yet he's done nothing. He even blocked the bipartisan border bill. He's all talk and no action.

Texans deserve better, and I'm ready to deliver.",negative,0.010564615,0.10017954,0.8892558,10,positive,0.5,0.1,0.4,0.485004278,0.170557877,0.344437853," I'm Colin Allred, and I approve this message.  Because we don't need talk on the border.  We need action.  As a border law enforcement officer, I'm tired of politicians that just talk tough.  There was actually a good plan.  Backed by sheriffs and border officers.  Ted Cruz said we don't need a border bill.  We're tired of the talk.  We need action on border security.  When it comes to cartels, I need somebody that's going to be on my team.  And Collins got our back.  He's standing up to extremists in both parties.",neutral,0.3250104,0.45510143,0.21988817,Neutral & restrained,Flat & Neutral,Others,Flat & Restrained,10.0,positive,0.5,0.1,0.4,0.4850042782,0.1705578773,0.34443785256
Democratic,Texas,Colin Allred,DBuBCnYPcH0,2024/10/29,"Back on Oct. 19, we had an unforgettable night at Clay and Reecie Live: Beyond the Mic in Houston, Texas, with over 650 people at the Community Collective! We were joined by none other than Rep. James Clyburn and Rep. Colin Allred, who’s running to unseat Ted Cruz and bring change to the Lone Star State! 🌟 

Early voting in Texas ends on Nov. 1—make your voice heard and VOTE today! Let’s make history, Texas! 🗳️🔥

#EarlyVoting #VoteTexas #BeyondTheMic #ColinAllred #FlipTexas #MakeHistory #Election2024 #YourVoiceMatters #TexasPolitics",positive,0.9458204,0.052726857,0.001452682,24,positive,0.75,0.208333333,0.041666667,0.722958805,0.218989697,0.058051492," Let me tell you something.  All the divine nine who are here.  Between now.  And November 5th.  We are all AKAs.  And while we are doing...  What we need to do.  For the top of the ticket.  I just want you guys to know.  that several years ago I met a young man.  who came to Washington.  I watched him as he interacted with people on the floor.  in the hallways around Washington.  And I knew when I watched him that he was somebody special.  And I'm pleased to be here tonight.  to bring onto the stage somebody special.  And let me tell you how special he is.  that our country  is at the crossroads.  There are forces.  who would love to turn the clock back.  It is our duty and responsibility.  to move this agenda forward.  And we know.  that in order to do that  We got to go beyond those guys like me who just celebrated the 45th anniversary of my 39th birthday.  We've got to get some young people who have demonstrated to all of us that they are ready  to take the mantle and to move our country forward.  Ladies and gentlemen, one of the most magnificent people I have ever known.  Bring to the stage.  Colin Allred.  Thank you very, very much.  I am so pleased to be back in Houston and to be here on an evening like this.  I saw my fraternity brothers over there.  Uh-oh.  There they go.  There's some apples around here.  There's some cappers.  Some sigmas.  Iotas, AKA's.  Deltas.  Sigma Zetas.  Oh.  Simmer Gamma Roll.  Alright, alright, how y'all doing?  Hey listen, give it up for Jim Clyburn.  The man is a living legend, y'all.  Give it up for him.  My goodness, thank y'all so much.  You got a great crowd.  I'm good to see y'all.  Did y'all watch the debate?  Did I win or lose?  That's right, we won.  We won.  You know, I had a good time calling him out on his BS.  You know what I mean?  Because I was raised by a single mother.  And I played football.  And so, listen, the folks who I grew up around, you just can't get away with that kind of nonsense.  You know?  If somebody starts saying something, you've got to say something else.  Like, hey, it's not funny.  And then listen, when we talk about something serious, we're talking about something serious.  Don't interrupt me and don't be over there chuckling.  And listen, we got so much to fight for in this election.  We need a senator who cares about all 30 million of us.  Not one who goes to Cancun when we need him most.  I know that's right.  Come on now.  If you go to Cancun when 30 million people are freezing in the dark, you gotta lose your job.  If you take away a woman's right to choose, you gotta lose your job.  And if you're trying to cut taxes for the rich so you can make it harder on working folks, you've got to lose your job.  And you know what? If you just act like you think you know better than everybody,  you don't need to represent us, you don't need to show up for us,  then get out of the way and let someone else do the job, right?  So listen, y'all, we got like 17 days, okay?  Y'all gonna make a plan to vote? We starting on Monday, early voting.  So make a plan to vote.  Make sure you get your friends to vote.  When we come out to vote, when we fight.  Let's go win, and I appreciate y'all.  It is an honor to be here in the great state of Texas two days before early voting.  Nice to meet you, brother.  Nice to meet you.  Yes, yes, yes.  Good to meet you.  running for senator of Texas to unseat Ted Cruz.  James Clyburn, come on down.  One and only South Carolina.  I want to say this really quickly.  In 1861,  The state constitution of Texas said,  they put in a law saying that  No enslaved people could be free.  I think about Juneteenth.  I think about James Byrd Jr.  I think about Botham Jean.  I think about Sandra Bland.  And I know in their names that we can make history.  We have the power and we can capitalize on our power.  Early voting is in two days.  Elect Rep. Colin Allred.  It's an honor.  Let's make history.  He is down here to support.  Thank you so much.  Appreciate you.  Showing up, y'all.  showing up!  He's down here to support.  Give it up for Adam Hernandez!  Yes, yes, yes.  Yes!  If you could please bless the audience with a few words, Congressman.  And I want to bring out somebody who has been in this fight for a long time, who understands the power of the vote,  and wants to come here to speak to y'all to make sure that you exercise that power and you spread the word to other people.  So let's bring him on, the one and only.  Give it up, give it up, y'all.  Your next U.S. Senator from the great state of Texas.  Keep it going, keep it going, keep it going, keep it going.  Early voting in two days. Keep it going.  The Godfather!  of the Congressional Black Caucus.  One and only.  They showed up.  We're going to kick Cruz out of the city.  Showing up, y'all.  And we're going to put Colin Allen in the Senate.  Congressman Clyburn in the house.  We can do more.  Yes, yes, yes.  Yes.",positive,0.71445507,0.2754084,0.010136525,Energetic & Bright,Concerned & Empathic,Voter Mobilization,Emotive & Engaging,24.0,positive,0.75,0.2083333333333333,0.0416666666666666,0.7229588053749999,0.2189896968416666,0.0580514915916666
Democratic,Texas,Colin Allred,DBtg9W-xRx2,2024/10/29,One week until we shock the world.,positive,0.91331536,0.08382736,0.00285724,18,positive,0.666666667,0.222222222,0.111111111,0.641338332,0.239319293,0.119342371," This November, we're going to shock the world.",positive,0.9478941,0.048258964,0.003846948,Neutral & restrained,Positive & engaging,Voter Mobilization,Emotive & Engaging,15.0,positive,0.8,0.0666666666666666,0.1333333333333333,0.7245012861333334,0.1510100817333333,0.1244886287066666
Democratic,Texas,Colin Allred,DBtYGK-vOCN,2024/10/29,"Ted Cruz thinks that he knows better than Texas women, but on November 5th they’re going to prove him wrong.",negative,0.02577283,0.22215651,0.75207067,11,positive,0.545454545,0.181818182,0.272727273,0.52468517,0.219854259,0.255460569," Joining us from the campaign trail in Texas, Democratic Congressman Colin Allred.  He is the Democratic nominee running for United States Senate in Texas against Senator Cruz.  Thank you very much for joining us tonight.  You know, when I was watching you Friday night, I just thought, you know, look, I haven't seen you give a lot of campaign speeches.  We're not able to cover them.  But that was as good as I've seen for any Senate candidate this year.  What do you think it meant, first of all, for those 30,000 Texans who were there,  who presumably are going to be part of your support team on Election Day and Vice President Harris's support team on Election Day?  But what has been the impact in Texas since then?  Well, thanks for having me on, Lawrence.  That event was incredible.  Houston was on fire.  And we were talking about the stories of Texas women.  and sexist families.  And I just want to note that I was introduced by Amanda and Josh Zyrowski.  who spoke",positive,0.91356444,0.08400627,0.002429351,Flat & analytical,Positive & engaging,Economic,Emotive & Engaging,10.0,positive,0.6,0.1,0.3,0.5546013311,0.17375315,0.27164551751
Democratic,Texas,Colin Allred,DBsMkvSobf7,2024/10/29,"From Abilene to Alamo, I will fight for Texans across our great state.",positive,0.7822517,0.20950185,0.008246422,10,negative,0.3,0.3,0.4,0.298983281,0.270393155,0.430623572," I believe in our public education system here in Texas.  Ted Cruz wants to take that away.  That's incredibly important for our rural communities.  We've had a lot of hospitals closing in rural Texas.  That's partly because we have the highest uninsured rate in the country.  I want to expand health care coverage and lower costs.  Ted Cruz is responsible partly for where we are right now.  And so I think his policies have been terrible for Abilene and for rural Texas.  While the rural areas of Texas, like Abilene and the big country, have been places Republicans have had success in previous elections,  Colin Allred telling KTAB he feels his policies align more with people in rural Texas than his opponents.",negative,0.07910691,0.3836334,0.5372597,Emotional & reactive,Concerned & Empathic,Others,Flat & Restrained,10.0,negative,0.3,0.3,0.4,0.29898328123,0.2703931552,0.43062357192
Democratic,Texas,Colin Allred,DBsF0DzvfNv,2024/10/29,"If you get a knock on your door, it might be me and @jasonwinstongeorge getting out the vote in your neighborhood! 🗳️",neutral,0.3556025,0.6342346,0.010162905,22,positive,0.681818182,0.090909091,0.227272727,0.642480205,0.145563509,0.211956271," Hey everybody, I'm here in historic Third Ward,  knocking on doors, and I brought a special friend.  What's up y'all, how you feeling?  My name is Jason George, you may have seen me on TV,  but today I'm hanging out in Texas here,  knocking on doors with my man Colin Allred because  We're trying to flip the script.  Yeah.  Gotta get out the boat.  My wife ain't gonna believe it, man.  He's the real star and he's on TV every 15 minutes. I'm like once a week at best  Alright brother, we got your vote!  All right.  Appreciate you.  Thank you.  I'm gonna have to get my son out.  Not sure.  He's eight.  And you know who he told me to vote for?  You.  You got the youth vote.  Yeah, that's right.  I know.  Who are you voting for?  Calling already?  Yeah.  Thank you.  Real quick.  You know you can be whatever you want to be, right?  Yeah.  Yeah.  You can be whatever you want to be.  You just got to work hard.  You can do it.  Right?  Right?  All right.  Give me a hug.  Appreciate you.  You got the  Yeah, that's right.  I know.  Yeah.  Thank you.",positive,0.6587527,0.3281275,0.013119771,Energetic & Bright,Positive & engaging,Immigration,Emotive & Engaging,22.0,positive,0.6818181818181818,0.0909090909090909,0.2272727272727272,0.6424802046818182,0.1455635085454545,0.2119562705
Democratic,Arizona,Ruben Gallego,DBt6KUfyVE4,2024/10/29,"There’s a reason I’ve been endorsed by more border mayors than Kari Lake.

They want a leader who’s focused on securing the border, not a talking point.",neutral,0.4417782,0.48780426,0.07041752,9,negative,0.333333333,0.222222222,0.444444444,0.368131438,0.223887571,0.407980977," Well, I think the difference between me and Carrie Lake is I approach this from an Arizona perspective, not a Democratic perspective, not a Republican perspective.  So, you know, working with our community leaders, our border mayors, this is why I've been endorsed by more border mayors than Carrie Lake has.  We've been supported, are being supported by the largest police union in the state because they know that we're going to work in a bipartisan manner and not just play politics with the border.  Remember, there was a good border security compromise bill by the most conservative Republicans and Democrats together, and she rejected it.  Why? Not because there was a better bill coming, but because she needed the border problem.  She needed to continue to do this to the point where, you know, we had one mayor who started the campaign with her and is now endorsing us because they understand that I'm here to actually get the work done.  She's been to Mar-a-Lago more than she has to the border.  And in Arizona, Arizona voters understand that.  And they.  Want someone who's going to take the border seriously and not to use it, just use it as a political football like Carrie Lake has.",neutral,0.36647463,0.575245,0.05828044,Flat & analytical,Surprised & expressive,Immigration,Assertive & Direct,8.0,negative,0.375,0.125,0.5,0.385957422875,0.1667653485,0.447277214675
Republican,Arizona,Kari Lake,DBt1hVct-Gq,2024/10/29,"The biggest lie the media tries to sell us is that we're divided.

We agree on FAR more than we disagree about.

A secure border, a strong economy, & a solid education. These things are common sense.

That's why the vast majority are going to vote Trump for President & Kari Lake for Senate to solve the problems affecting ALL Americans.",neutral,0.23457256,0.54489213,0.2205353,24,negative,0.375,0.208333333,0.416666667,0.393965636,0.256819032,0.349215337," I can be honest, because we have free speech in America.  I can be honest and say I don't like or agree everything that Donald J. Trump does or says.  Now, let me tell you what the critics are going to say when they hear me talking about this.  They're going to say, well, now, wait a minute. Come on.  Isn't Trump a bully?  And let me tell you why the answer to that question is no.  Because to be a bully, there has to be an imbalance of power.  And when there's not, it's just called a debate.  And he's just better at it than anybody else.  One thing I have been noticing, a lot of different people coming on board the Republican ticket, whether that be an Elon Musk type or former politicians like Tulsi Gabbard here.  We had another surprise endorsement last night at MSG.  Dr. Phil, the one, the only Dr. Phil here.  And I want to bring up what he said.  He put out a post that says, quote, or it's a soundbite.  We have it.  I want to play that for you.  job at the debate. But I love how he said that I don't necessarily agree with everything that  Donald Trump says or that he does. But this is the party has become open for debate and discussion  and free think. You're allowed to be different in the Republican Party today.  I think we agree on 95% of everything, maybe even more.  You know, I can't imagine any American out there wants an open border once the cartels controlling are.  our borders. I really don't believe there's any American who wants that. I think all Americans  want to have voter election integrity. They want to make sure there's no fraud. I would think they  would want that. I would think the majority of Americans want to make sure when we send our  children to school, they're getting a really solid education for the money we're pouring into it,  not an indoctrination. I think the vast majority of Americans believe that. Sure, there's a sliver  who are so radicalized they don't. But I really believe the vast majority. And I think the vast  majority are going to go out and they're going to vote for the man you see on your screen there,  that incredible leader.  Donald J. Trump, and I think in Arizona, I know they're going to vote for Carrie Lake for U.S. Senate as well.  And we're going to get to work immediately rolling up our shirt sleeves and going to work to get the business of the American people accomplished and turn things around.  Yeah, I mean, this is such basic stuff.  I mean, I'm sitting here.  My husband's in the room with me here.  I love him.  I don't agree with everything that he agrees with.  You know, we don't agree on everything, but we are moving toward a common vision.  And that's what President Trump offers.  You don't have to agree 100 percent with them.  That's impossible.  But I think as Americans, we actually agree.  I'm going to say something probably pretty radical here.  I would take all Americans, even the Democrats and the Republicans.  I think even as all Americans, we agree on probably 80 percent.  I think the people who are more in our camp that are voting Republican for Donald Trump.",neutral,0.20669617,0.5963408,0.19696309,Neutral & restrained,Concerned & Empathic,Abortion,Assertive & Direct,23.0,negative,0.391304347826087,0.1739130434782608,0.4347826086956521,0.4012892046260869,0.2383822360434782,0.3603285655739131
Republican,Arizona,Kari Lake,DBt1DDVsxiO,2024/10/29,"We are on the verge of accomplishing great things for America. President Trump & I need your VOTE to do it.

It's not enough to win the White House.

Trump needs the Senate. He needs Congress to help him deliver us a secure border. A strong economy & bring back an American spirit that will propel our country to great heights.",positive,0.8827919,0.10351591,0.013692195,21,positive,0.571428571,0.19047619,0.238095238,0.580728566,0.182490981,0.236780449," But we need to make sure we get out and vote.  We can't look at internal polling and then say, well.  We can sit back. Everyone's got to get out and vote. President Trump is up. I'm up.  But we have to get out.  President Trump needs the Senate.  He needs the House to accomplish all of these great things he wants to accomplish for our country,  like that secure border, that strong economy.  and bringing back  and just an American spirit that will propel us into the next years and decades.  It's absolutely huge. I mean, he is the great inventor of our time, the great visionary of our time.  And for him, who's I mean, think about it.  He's almost seen the future because he's been able to bring us such great inventions that have brought us into the future.  For him to say the future is not good if we don't get President Trump and and MAGA Republicans in office.  So we got it. We got to make this happen.  We're at a crossroads of, as Ronald Reagan said, a thousand years of darkness.  if we continue along this destructive path that the Democrats have put us on.  the greatest, greatest years in our history.  I really believe that.  I believe the future is incredibly bright.  out of this world bright, but we have to get through the next eight days, and that's going  to require everybody out there to get out and vote. If you vote early in your state, vote early.  If you're here in Arizona, vote early. Take a friend, call a friend, call all of your contacts,  get them out to vote. We have got to make it too big to rig, and we're actually doing a pretty  good job of that right now in Arizona, and we're looking good here. Our internal polling shows me up.  We're going to get the government off your back and out of your pocketbook.  America's just not going to be great.  America is going to reach heights that it has never seen before.  The future is going to be amazing!  Seriously, and he had his dog.  Terry, Elon Musk very much shares what you just shared as well.  He spoke of an American future under Donald Trump and what that would look like.  Pretty psyched up there.  I feel the same way.  Seriously, he had his dark MAGA gothic hat on.  He's setting trends there.  Carrie, I know you just said you feel the same way.  But also, how important is it or is it important that Elon Musk is out there stumping for Trump in such a vocal and visual way?",positive,0.57010984,0.38395768,0.045932498,Neutral & restrained,Concerned & Empathic,Abortion,Assertive & Direct,21.0,positive,0.5714285714285714,0.1904761904761904,0.238095238095238,0.5807285659190476,0.1824909807619047,0.2367804493
Republican,Arizona,Kari Lake,DBsgFamMje9,2024/10/29,"WATCH: Kari Lake's Full Interview With CNN… Notice ZERO Questions On Economy and Border… 👀 

Kari is laser-focused on solving the issues that matter the most to Arizonans.

DONATE: KariLake.com/Donate",positive,0.6572911,0.3388865,0.003822419,802,negative,0.220698254,0.12967581,0.649625935,0.225098326,0.202445858,0.572455816," Voters are also going to be deciding on a constitutional amendment to enshrine abortion access in the state's constitution.  I want to get straight to the source tonight with Republican Senate candidate Carrie Lake.  And Carrie Lake, thank you for being here.  I know that you've already voted.  How did you vote on that Arizona abortion measure?  So just to be clear for everyone watching, you voted no.  This is something that would essentially allow abortions to about around 24 weeks in your state.  Right now, the law is at 15 weeks.  It doesn't have any exceptions for rape or incest.  Would you like to see that be different in Arizona?  As you know, of course, abortions over 21 weeks are very uncommon.  It's about 1% of all abortions in the U.S.  But I ask, given your stance on this has been so fascinating, it's shifted quite a bit.  You first praised the 1864 law that banned nearly all abortions in Arizona.  It was ultimately repealed by the state legislature there, but you then had denounced that law.  I just wonder what you would say to voters in Arizona who see your changes on an issue  from that severe of a position to someone saying that someone maybe who's willing to say anything  just to get elected on this issue.  Can I stop you there? Because the question was, of course, about abortion on this issue and why your position has changed so much,  because it is quite a big reversal to go from saying a law that bans basically all abortions in your state was a great law that you praised to then saying that you believed it was out of step.  And voters are going to be wondering why you changed your position so much.  So which office you're running for determines what your position on abortion laws is?  But on the changing your position...  Really quickly, though, Caitlin, Caitlin...  about the border.  And we're going  We say we're going to make sure we secure the abortions on the question here.  And the question that we're talking about when it comes to you and your positions, you know, I just wonder, because you have changed your positions on many issues when it comes to that 1864 abortion law.  When it comes to early voting, you used to oppose early voting. You voted early in this election.  When it comes to courting McCain Republicans in your state, you once told them, you know, to leave an event of yours to get the hell out was the phrase you used.  You later said you were joking. I mean, some people may look at that and say, well, this is a candidate who has changed her position on a lot of things that we're looking at.  But I'm asking you about your position.  35% in Arizona.  A lot of people are worried.  They are worried about that.  And it doesn't help.  It comes through legal ports of entry.  And, Caitlin, it doesn't help that we've had 21.  that have poured across the border.  When I was talking about your positions on those key issues that also matter, obviously, you know, abortion is also going to be a big one in addition to the economy and immigration in your state.  On your race itself, have you changed your position on whether you lost the 2022 election for governor?  the entire season.  I did vote early.  And at this rate, 22, did you lose the 2022 election for governor?  And I already know what you're head like.  So you're not going to say whether or not you lost the 2022 race.  Is that what I'm hearing?  forward you question directly on whether you believe that you did lose the election  I don't want to talk.  Listen, I want to.  And I know you.  Hold up.  Hold up.  Hold up.  Have any of those lawsuits been successful?  Those are big issues.  You haven't a question about whether or not you lost the election.  Do you think I think you forgot the results of an election that was free and fair and that you filed multiple lawsuits that have not gone anywhere?  And I should note a defamation lawsuit that was filed against you.  You did not contest it from a top Arizona election official that says you lied about him repeatedly.  know that people that are watching tonight, I'm conducting this interview, but you're not  answering those questions. And if that's your answer, I've answered them before to follow up on that.  and Republicans who care?  Donald Trump is running ahead of Vice President Harris in that state.  You're running behind Ruben Gallego by a few points, according to the numbers.  We'll see if they bear out. Of course, it's polling.  But why do you think that is?  Why do you think there are supporters who say that voters that say they want to support Donald Trump, but also Ruben Gallego over you?  Thank you for your time tonight.  Thank you, Caitlin.  Appreciate having me.  passed a law to push for over-the-counter birth control pills and birth control so that women never have to be without that,  and they can actually get that birth control in a much easier form, much cheaper, so they don't have to make that choice.  I do believe in exceptions for rape and incest and the life of a mother.  Unfortunately, the other proposition really, I believe, goes too far.  It really takes it right up until nine months in some circumstances.  But again, the people of Arizona are going to decide, and I'm going to live with whatever.  They decide it's not going to be up to the U.S. senator in this state.  And my opponent has spent $40 million trying to lie to the people and saying that it is up to the U.S. Senate.  And it's not. It's up to we the people.  So whatever people decide in Arizona, I will respect.  I voted for the law that we have.  The current law is 15 weeks, and it provides abortion up to 15 weeks.  But the beauty of this is that the people of Arizona get to decide.  We get the choice in this, and my opponent wants to take that choice away from us,  drag it back to some back room with Chuck Schumer,  and decide what the law is here in Arizona.  And the people of Arizona get to decide.  They'll either decide to keep the current law or go with his proposition.  And the one thing I will tell the folks in Arizona that are watching tonight  is that when I am in the U.S. Senate, I will not vote for a federal abortion ban.  I believe it should fall into the people of the state to decide,  nor will I vote for federal dollars to go toward abortion.  But I will, Caitlin, do everything in my power to make sure that we are pushing laws that help women.  We want to make sure we have women's health care.  We want to make sure that women, if they want to keep their babies, know that there's help and options.  I heard of a statistic that broke my heart the other day,  that 60% of women who have an abortion would have not had that abortion  if they would have known there was a little bit of financial.  Well, no, it's just that I know what office I'm running for.  I'm running for a federal office.  This has been sent back to the state.  And while I appreciate that you're concerned about this,  I know many women are concerned about it.  I'm a woman.  I have a daughter.  I came from a family of eight girls, so I understand the issue of women.  I want to make sure that women have options and affordable health care.  And women do care about this, but they also care about being able to afford groceries.  They care about the fact that not too far from here,  just a few hours south of where I'm sitting right now,  we have a wide open border and people are coming in.  Women care about the concern of World War III starting up.  You know, I was just at the border a couple of days ago,  and it breaks my heart because this little shoe right here I picked up,  it was probably the shoe that a little two- or three-year-old boy wore.  It's just sitting there at the border.  And I thought to myself, there's 325,000 children that have been trafficked across our border,  many of them sex trafficked, that have been lost.  Can I stop?  abortion on this issue.  I did just explain that. I've put out a lot, I've talked a lot about this, and I just explained that I'm running for federal office.  So I explained how I voted, I'm running for federal office.  So which office you're running for?  Yes, because in the federal office, we're not going to decide that, Caitlin.  But I'm really concerned more about, I'm concerned just as much about the children that are going missing, the women that are being raped.  And I wish the media cared about them.  I haven't heard a lot of questions being asked of my opponent or Kamala Harris about the 325,000 children who've gone missing.  I haven't heard a lot of questions coming from the mainstream media about the women who are being killed at the hands of people here who are murderers and rapists.  I was in New York City.  Well, your opponent, of course, voted for the Lake and Riley Act.  Really quickly, though, Caitlin, Caitlin, I was just Caitlin. I was just in New York City. I believe that's where you are broadcasting live from tonight. The streets aren't safe anymore. The subways aren't safe anymore. I care about the border and we're going to make sure we we're going to make sure we secure the border.  i want to secure the border i want a strong economy i want schools that are  teaching our kids lessons that actually help them get ahead  my opponent has done an extreme makeover  he's we voted for open borders he's voted against the border wall he called  trump supporters  domini called trump supporters and republicans the worst people in the  world but i think he's also both of the city i know but i'm telling you i'm  about to explain this he's also voted for  defunding the police he's done an extreme makeover  He came on your show and you never interrupted him once.  And I'm here to tell you we have a lot of issues as women we care about.  I care deeply about the little boy who was possibly wearing this shoe when he crossed our border who's now missing.  I worry about where he is right now.  I worry about the people who are sex trafficked into our country and across our border.  And most importantly, one of the most important issues I worry about is the weapon of mass destruction pouring across our border.  It's called fentanyl and it's killing about 100,000 young people about your age every year.  I'm worried about your generation.  I have kids that are probably about your age.  And they've told me my son just came home from college the other day and he said, Mom.  I don't think that we'll ever be able to afford a home in our generation  because the housing prices have soared, especially in the past four years.  They've gone up 35% in Arizona.  They are worried about that, and it doesn't help.  ports of entry.  And Caitlin, it doesn't help that we've had 21 million people here that have poured across  the border.  First of all, I want to go back to a question you just answered.  I have not changed my position on early voting.  We have to vote for the entire season.  I did vote early. I did vote early. And I planned to my husband plans to vote early. My daughter voted early. My son will be voting on Election Day. I've never changed my position. I've always said vote however you're comfortable. I do wish we had Election Day, but we don't. So we have to vote in that way. And we're going to make sure that we get everybody out to vote.  And if you look at the stats, I don't know if you've covered this yet because it doesn't go in the Democrats direction, but we are seeing a huge turnout right now in Republicans voting early. It's incredible what we're seeing here on the ground.  And at this rate.  Why are we looking backward?  I'm looking forward, Caitlin.  I already know what your head like.  Caitlin, I'm looking forward to what is coming up.  I'm looking forward to November 5th and this huge election.  And the people of our state are caring about what's coming up, what's going forward.  How are we going to make sure we secure the border?  What can we as Republicans do to make sure we bring back that thriving economy  where we have record low unemployment?  So you're not going to say whether or not you want to.  You know what, Caitlin?  You've seen thousands of interviews from me.  I've answered that a million times.  I'm looking forward.  You've actually yet to answer the question.  Well, I want to make sure our elections are run properly, and I'm still in litigation, so I don't want to speak to that.  But I do want to look forward, and it's so funny that the media – Caitlin, hold up. Hold up.  The media can't get over it.  You say I can't get over it, and it looks like you can't.  I don't think I said that.  No, listen, I want to see.  Caitlin, hold up, hold up.  Hold up, Caitlin. We've had 10 questions probably, and you've had all of them being about elections or abortion.  And while those are big issues.  I care about them.  You've asked zero questions about inflation and the cost of living.  In Arizona, we can't afford to live anymore.  We have the fastest growing rent prices in the country in three of our cities.  So you're not going to answer the question.  I'm actually thinking you meant to ask me about the issues that people cared about.  And people care about our wide open border.  They care that 21 million people have poured in to your city, to my city, all across this country.  Do you think people care if you're willing to accept the results?  Well, I think what you meant to ask is, Carrie, things are really tough right now.  And I know that people that are watching tonight.  I've answered them before.  I think what you meant to ask is how can we get through this difficult time where people are pouring across our border and people can't afford to live right now?  I know that you're probably doing OK.  You probably have a pretty good salary.  I once sat in the chair like you did.  But people are really struggling right now.  I've talked to so many parents, dozens of parents who've lost somebody about your age or younger, a child from fentanyl.  They're no longer willing to have our border be wide open.  I'm glad you asked about the election.  I'm looking forward to November 5th.  We're seeing a huge turnout in voters here in Arizona, Democrats, Independents and Republicans.  I don't really think those voters exist.  I actually look at the good polling, our internal polling, which shows I'm ahead a little bit, and this is a tied-up race.  So I'm actually looking forward to the election.  It's going to be a voter turnout election.  And right now we're seeing a great turnout with Republicans, much higher than Democrats right now.  And then we're going to see people show up on Election Day as well.  But what I really want to do is get to securing our border, bringing back a strong economy, making our streets safe in New York, in Phoenix, in Scottsdale, in Flagstaff.  Thank you, Caitlin. Appreciate you having me on.  or emotional health.  And if that's the case, we're failing.  I'm really proud of the Republicans in our state, Caitlin,  because what we're trying to do is prevent women from ever having to make that choice,  and we are the ones, Republicans in Arizona, who...",neutral,0.15548258,0.80912614,0.035391264,Neutral & restrained,Concerned & Empathic,Others,Assertive & Direct,798.0,negative,0.2218045112781954,0.12531328320802,0.6528822055137845,0.225096194541604,0.2000477656102756,0.574856040518797
Republican,Arizona,Kari Lake,DBsaUZNsWpI,2024/10/29,"Biden/Harris & Gallego inherited a secure border & a prosperous economy & ripped them wide open.

They've never acted in our best interest, Ruben said, ""Trump voters are the worst people in the world.""

People who hate us can't represent us.

President Trump & I want to put America First. We want peace & prosperity, not war & poverty.

We're asking for your vote to do it.",negative,0.027398838,0.2232042,0.749397,31,positive,0.451612903,0.161290323,0.387096774,0.440001504,0.200655885,0.359342608," Terry, I'm just noticing this final stretch here, this final week, and it really began the last couple of days, but was hammered home last night at the at MSG.  There's the closing message. Are you better than you were four years ago?  And a lot of people think not in Kamala Harris's closing messages.  Donald Trump's a bad guy. Republicans are dangerous. The people that go to MSG for a Trump rally are neo-Nazis.  Two very stark differences in what we're hearing.  for the good people of this country.  I'm feeling the same thing here in Arizona with my radical, radical opponent.  You know, he's called Trump voters.  the worst people in the world.  Can you imagine?  And now he wants to represent the people of this state, and he's called more than half of us the worst people in the world.  He's called them dumb, all these different names.  You know, they don't have a plan, because if they did, in the case of Kamala Harris, that plan would have been rolled out four years ago.  But instead, what happened four years ago is when they got into office three and a half years ago, they rolled out the opposite.  They rolled out the beginning of the destruction of America.  They opened up the border.  They coddled the cartels, empowered the cartels, left Americans dealing with.  people pouring across illegally, fentanyl pouring into our communities, killing our young people.  They helped...  destroy the housing market, and the mortgage rate shot up to now about 8%.  It's impossible for a young person to get ahead, get a down payment, and buy a house right now.  Instead of living the American dream, our young people are wondering if they're going to have to live in a small apartment  with two or three or four roommates for the rest of their life.  So we have the plans.  We are going to put America first.  We're going to secure the border, bring back that strong Trump economy, energy independence,  a great quality education for our kids so they're ready to tackle the jobs that are out there when they get out of school.  And we're going to bring peace and prosperity, not war and poverty.  I'm looking forward to President Trump getting in office and joining him in Washington, D.C., in the U.S. Senate  and making sure that we accomplish all of those things and more.",neutral,0.14817025,0.4717583,0.38007152,Neutral & restrained,Concerned & Empathic,Economic,Assertive & Direct,29.0,positive,0.4827586206896552,0.1034482758620689,0.4137931034482758,0.4547930867965518,0.1675379904482758,0.3776689201137931
Republican,Arizona,Kari Lake,DBsaJlsiSWz,2024/10/29,"President Trump's rally in Madison Square Garden was something special.

I've always said New York is much more #MAGA than anyone would believe.

Yesterday, The America First Movement proved it.",positive,0.9699056,0.026237387,0.003856973,20,negative,0.35,0.25,0.4,0.387750191,0.253233639,0.359016179," Joining us now for more on the Trump rally and more than that is Republican Senate candidate for Arizona, Carrie Lake.  Carrie, always great to have you with us on American Agenda.  We've been talking about that rally at MSG yesterday.  Lots of positivity and very unexpected for such a blue city in a blue state like New York City.  What have you been hearing from the inside?  Oh, I had so many people who were there texting me and they said it's just electric inside.  And we were watching a bit of it yesterday.  Of course, I'm busy on the campaign trail here in Arizona.  But I'm not surprised at all.  I've been to New York several times in the past few months, actually.  And the city is in disarray.  Crime is up.  You don't feel safe walking on the streets.  There's lines of people there illegally.  They're staying in four-star hotels.  And the people are struggling economically in New York.  And it's just a real mess.  And everywhere we went, whether it was an Uber driver or a taxi driver, they would say, oh, they would figure out who I was.  And they would say, oh, my gosh, we miss Trump so bad.  We got to get Trump in office.  We have to turn this around.  So I think New York is much more MAGA than anyone would believe.  That was proven yesterday.",positive,0.8594823,0.13301565,0.007502047,Neutral & restrained,Concerned & Empathic,Campaign Endorsements,Assertive & Direct,20.0,negative,0.35,0.25,0.4,0.38775019065,0.2532336388,0.359016179255
Republican,Wisconsin,Eric Hovde,DBtv7_pK6Wp,2024/10/29,"We are down to ONE WEEK to go.

Momentum is on our side. Wisconsin is hungry for change.

We are going to WIN this race.",positive,0.79832625,0.18867987,0.01299384,6,positive,0.5,0.333333333,0.166666667,0.52823223,0.284046188,0.187721579," This election is so consequential.  We cannot do it without you.  You have to help us get over that finish line.  I've got to ask you, not only do you have to get out and vote,  let's get out there, talk to your friends,  and take this country back and restore America.",neutral,0.3369994,0.496777,0.16622357,Energetic & Bright,Angry & Confrontational,Campaign Endorsements,Emotive & Engaging,4.0,positive,0.75,0.0,0.25,0.67958656425,0.08563660625,0.234776828225
Republican,Wisconsin,Eric Hovde,DBsCFc3oDVx,2024/10/29,"The stakes in this election could not be higher, and the choice could not be more clear. 

It’s time for change.",neutral,0.29578823,0.5534492,0.15076254,4,negative,0.25,0.25,0.5,0.322098976,0.272271667,0.405629347," We've got a lot of problems.  We've got a broken health care system where the costs continue to rise  and access to care continues to fall.  We have a shortage of affordable housing for young people.  The litany of problems are extensive.  Now, Senator Baldwin, who's been a lifelong politician, 38 years in politics, 26 years in Washington, has been a big part of this problem.  And I'm telling you, we need change.  And the choices could not be more different.  You think, what does President Trump and I want?  to restore the American dream  and to make America great again.  Kamala Harris and Senator Baldwin want?  to change America. Remember, before the 20 election, we're going to change America.  Well, they sure have, and it sure hasn't been for the better.  What do President Trump and I want?  We want to preserve.  and grow our free market capitalist system that made us the wealthiest country in the history of mankind?",negative,0.016261982,0.1798128,0.80392516,Energetic & Bright,Angry & Confrontational,Voter Mobilization,Subtle & Neutral,3.0,negative,0.3333333333333333,0.0,0.6666666666666666,0.3542907806666666,0.1360737729999999,0.5096354356666667
Republican,Pennsylvania,Dave McCormick,DBtu3IKO2sE,2024/10/29,"Duty. Honor. Country.

That’s why I’m running for the U.S. Senate.",positive,0.6388164,0.3483839,0.012799712,3,positive,0.666666667,0.0,0.333333333,0.66794379,0.086671143,0.245385066," And he's voted 98% of the time with the radical liberal agenda of Biden and Harris.  And he's running against.  a guy who's doing this for one reason.  One reason, right?  One reason.  That's why I'm doing this.  Seventh generation Pennsylvanian.  I grew up in Bloomsburg, my folks had a farm, I baled hay, I trimmed Christmas tree.  Anybody been to Bloomsburg and remember the McGee Hotel?  I was a busboy at the McGee Hotel, right?  I was a paperboy.  I wrestled.  I played football.  And wrestling took me...  98%. He's voted for sanctuary cities.  He's voted for all the reckless spending.  He's voted for biological men competing in women's sports.  Does this sound like Pennsylvania to you?",neutral,0.06848937,0.59475255,0.3367581,Energetic & Bright,Warm but Reserved,Others,Measured & Composed,3.0,positive,0.6666666666666666,0.0,0.3333333333333333,0.6679437899999999,0.0866711426666666,0.2453850657
Republican,Arizona,Kari Lake,DBrhLJViwfG,2024/10/28,"WATCH: Kari Lake's Veterans Roundtable 🇺🇸

Thank you to all our veterans for your sacrifices and strength. Kari Lake is committed to working tirelessly to ensure that each of you receives the support, respect, and resources you deserve. #VeteransForKari",positive,0.85329586,0.13982953,0.006874652,5,negative,0.2,0.2,0.6,0.211052042,0.192790174,0.596157786," Yeah, I was a major, I was a squadron commander in the Iraq War.  And I ended up having a ruptured disc in my neck.  Went to a civilian ER, thanks to Trump.  But even with confirmed x-rays, a VA waited 11 months before they provided surgery.  Oh, my gosh.  So I couldn't move my neck.  I was bed-bound for that time.  Yeah, three years ago.  Yeah, and I'm 100% disabled combat veteran and  And I can't imagine what the care other veterans get.  Yeah, and especially as a nurse, being a patient advocate, it's really hard to see these guys.  that are just in terrible misery because they can't get basic care.  Oh, absolutely.  Yes.  I'm doing great now, yes.  Yeah, well, you know, these guys put their lives on the line for this country.  It's the least we can do for them.  We look forward to it. We have complete faith in you.  I served in Southeast Asia from 70 and 71.  I was hurt over there.  I was on oxycodone and morphine for 14 years through the VA.  for my back pain.  And then President Trump brought out choice and I could go to a surgeon and finally got fixed.  It took me four months.  to get off the oxycodone and morphine.  So I know what drug addiction is  and how difficult it is to get off of this.  We are allowing all these drugs, not just fentanyl, fentanyl is a killer, but morphine and oxycodone and all those other opioids and whatever.  And the pharmaceutical companies.  that manufactured these knowing that they were addicted.  If they said oxycodone wasn't addictive, well, I got news for you.  It's very addictive.  But I've been drug-free for about four years.  Yeah, drug free for a while.  And my family is happy to have me back.  Because when you're taking 60 milligrams of morphine and 60 milligrams of oxycodone per day,  and that's what I was taking at the end before my surgery, you're operating in a fall.  No, you're not really truly living.  Because they kept feeding me drugs instead of paying for the surgery.  They kept increasing the drug level.  The VA doctor that I was seeing just kept increasing the drug level.  you know, due to...  I've also had  six stints put in and open heart surgery and all that. Thank you, Agent Orange.  I've got diabetes.  Yeah.  My wife says that I'm a cat with nine lives.  And I say that I'm a classic car.  I'm completely rebuilt.  We really do appreciate you and Donald Trump.  and send him our blessing.  As far as old Biden is concerned, I think the news media has to be extremely embarrassed.  And I know you come from that sector.  They should be.  Yeah.  Absolutely.  I'm with the federal government.  Well, I spent 22 years in the Air Force. I retired from Luke Air Force Base in 2007. I moved up here to Payson to usher my in-laws through their last chapter. And my father-in-law is an Army veteran as well.  Something that happened years back when the VA was under the microscope.  Absolutely. And it was amazing because they were in such a microscope,  they really did fix things. And it seemed like it was good for a while.  But once again, once you don't stay on top of it.  The system has become broken once again.  So it really did, they were going to fix it.  They were really working hard to fix it.  And then it got broken again because there was no attention put on it.  I think the biggest thing, the biggest problem with...  our government at this point is accountability. It seems like  right is wrong and wrong is right.  Even when there is a...  no question guilt.  And it's really sad to hear it on the news that...  These people are...  caught being guilty and there is no accountability.  Caught for corruption, crime.  Push it forward.  Push it forward.  There you go.  Thank you.  Thank you.  I appreciate it.  Thank you so much.  Hey everybody, I'm here with Dave, Mike, and Rod, three veterans, heroes.  They served our nation, they served our country, and I'm just honored that you're here talking  about some of the issues that you're facing because our veterans...  You were talking a little bit about the VA health care system.  you know, are willing to lay down their lives for our country.  And when they come home and as they get older,  they go to the VA hospital perhaps, and they don't get the best treatment.  Bedbound for 11 months?  Yes, ma'am.  Because they wouldn't do the surgery?  Yes, ma'am.  When did you finally get the surgery?  So we need to make some serious changes.  Yeah, and I'm 100%.  It seems that the VA  The healthcare system has so many levels of bureaucracy that  From what I'm hearing from other veterans, sometimes they just give up.  They just say it's...  can't go through so many hoops and then they suffer.  We need to make sure that there's choice and I think President Trump introduced that.  and said if you have to wait  so many weeks or so many days to get into a doctor.  and the VA system can't accommodate you,  then you need to, you get to go somewhere else.  Yeah.  and give that choice back to the Veterans.  If they want to go to the VA, that's great.  But if that's not the best fit for them,  would give them choices. It'll be cheaper in the long run.  It'll be cheaper in the long run.  Well, I'm glad you're feeling better.  Is it okay now?  Yes.  And it's really appalling that you had to wait that long.  Well, and it seems like D.C. always wants to, Washington, D.C. always wants to.  cut where it's hurting the true patriots and the true people who fought for this country  and did everything right.  You know, their first instinct is to go after and cut.  They deserve better.  And that's something I want to see change in Washington, D.C.  But I want to hear from you guys.  VA health care. The first instinct is to cut Social Security or Medicare.  How about these are the things that were heard?  These were, these are not entitlement, I mean these were earned.  And how about we cut some of the waste?  There's a ton of waste.  We can start cutting true waste and not going after.  the systems that are actually helping people.  Tell us a little bit about you.  What are your kind of frustrations with the federal government?  Why don't we talk...  Tell us a little bit about where you served and what are some of the issues you have?  I'm happy to hear that.  oh, you're not really truly living, are you?  So I'm so glad you're off it. That gives people hope that they can get off it.  A lot of times you hear it's just impossible to get off of it.  Why did you have to wait 14 years to get that surgery?  Well, I'm so happy to hear that.  And I'm sorry that.  you had to wait that long.  I mean, rather than, so typical of the government,  rather than fix the problem.  Pay for the symptoms.  Push it forward.  Push it forward.  Yeah, push it forward.  Push it out.  Somebody else will deal with it.  Kick the can.  You might die when we don't have to pay.  Really?  In Arizona.  Well, let's get some attention on it.  It's starting in January of 25, and I talk to people all over the state.  and really all over the country, and they just say,  Our lives are busy. Our lives are already difficult. I don't have time to go to DC and...  try to knock on the door of a lawmaker.  I want to be your voice back in DC.  I want to take these problems so that you don't have to worry and you have a voice for you back there.  I'm not going to be representing the lobbyists.  Actually, I don't care if the lobbyists hate me.  I want to make it so that you don't have to go back and fight for your rights.  Fight for...  the things that you've earned, that you served our country, fought for this country,  and I want to make sure that you're treated properly as veterans and respected.  And so I just appreciate your service to our country.  I'm sorry for all of the things that you had to endure when you got back.  that you shouldn't have had to and I want to help turn this government around.  I don't know about you, I'm tired of begging for my freedoms.  There you go.  I'm tired of begging for our inalienable rights.  We're going to restore those freedoms and rights, restore the Constitution,  get the government off our back, and I want to be your voice there.  So thank you so much.  I hope they're embarrassed.  They should all be out of jobs.  That's one class of people I wouldn't mind seeing on the other point.  You guys go learn to code.  Thank you guys.  And then people who haven't done anything are being thrown in jail.  Absolutely.  You're right. It does seem very upside down.  Well, we need to definitely, I call it defanging the federal government,  because it seems as if they've been...  working against us.  Absolutely.  And it's gotten so big that the bloat has just gotten almost dangerous where the bureaucrats are running the show.",negative,0.0251386,0.16432458,0.81053686,Energetic & Bright,Warm but Reserved,Immigration,Measured & Composed,5.0,negative,0.2,0.2,0.6,0.2110520422,0.1927901742,0.5961577862
Republican,Arizona,Kari Lake,DBrgNJxhfmO,2024/10/28,"When you vote Kari Lake for Senate:

•We're going to finish the wall. 
•We're going to send the unvetted people who Biden/Harris & Gallego allowed to pour into our country over the past three & a half years back to their homelands.
•We're going to kick the criminal gangs out & go on offense against the Cartels.",neutral,0.075401,0.7244521,0.20014685,10,negative,0.1,0.2,0.7,0.134796196,0.270848105,0.59435572," We are going to finish the wall. We are going to repatriate these people who've poured in,  unvetted.  criminal gangs out and sending them back to their country as well.  into our country in the past three and a half years.  We're sending them back to their loved ones, back to their homeland,  so that we can save our homeland.  And then we're going to work on getting the...",neutral,0.109175116,0.6048768,0.28594804,Neutral & restrained,Angry & Confrontational,Others,Subtle & Neutral,10.0,negative,0.1,0.2,0.7,0.13479619596,0.2708481048,0.5943557198
Republican,Arizona,Kari Lake,DBrd3oJpppZ,2024/10/28,"To improve the optics in California, the Biden/Harris administration, rubber-stamped by Ruben Gallego, is bussing people from the San Diego County border sector into Yuma, releasing them on the streets or putting them on airplanes & sending them across the country.

They're playing an immigration shell game on the American people.

I’ve had enough of their games. I know the American people have too.",negative,0.012109005,0.3033709,0.68452007,19,positive,0.526315789,0.315789474,0.157894737,0.461441406,0.318130566,0.220428022," In the open areas, they're still basically completely unmanned.  So when we've got our Border Patrol busy.  busting people into Yuma.  from the San Diego County sector into Yuma and letting them out here or putting them on airplanes heading to places outside of Arizona and in Arizona.  And it's got to stop.  Working areas like this at night and dealing with the processing of people here illegally,  we have the gotaways coming in, and that's what keeps me up at night.  The gotaways are people who are the most dangerous coming in,  the ones who don't want to be detected, who don't want to be processed.  These are the members of the cartel.  These are the drug traffickers.  These are the child sex traffickers.  These are the human smugglers, the rapists, the felons, the criminals, and the terrorists,  which should terrify all of us, the thought of the terrorists that are here in our country.  And my opponent supports every little bit of it.  We just found out this last couple of days, Supervisor Jim Desmond with San Diego County said,  in order to improve the optics in California, the Kamala Harris administration,  rubber-stamped by my opponent Ruben Gallego, is now actually",negative,0.014244773,0.3245057,0.6612495,Neutral & restrained,Angry & Confrontational,Campaign Endorsements,Subtle & Neutral,19.0,positive,0.5263157894736842,0.3157894736842105,0.1578947368421052,0.4614414060526316,0.3181305660526316,0.2204280223157894
Republican,Arizona,Kari Lake,DBrdseTKuVn,2024/10/28,"Under Biden, Harris & Gallego, We've seen an incredible surge in people coming here illegally, & it's not stopping. 

Instead of being America’s first line of defense, we've effectively turned border patrol into a travel agency.

That's not their job. I've spoken to many of our Border Agents, & they're sick & tired of it.",negative,0.007499026,0.08445954,0.9080415,2,negative,0.0,0.0,1.0,0.017811606,0.220837125,0.76135133," Every night we still see hundreds, sometimes up to hundreds of illegals coming across right here in the Yuma sector, right where the border wall ends, turning themselves in.  We're getting word from Border Patrol agents that I've spoken to who cannot be here with me today because of their jobs.  They can't come out and speak publicly that between 75 and 100 are coming in every night and turning themselves in.  You all know about this problem because you've been covering it for so long.  And just a couple of miles down the road in San Luis, every night you've got the cartels working their ladder groups, their ladder gangs and crews where they're sending dozens of people over the wall.  And basically our Border Patrol is stuck just processing more people.  And we have a better way.  We have a better way.  And we've got to get back to the policies that President Trump had, that we're working, that we're keeping us safe.  We've seen an incredible surge in people coming here illegally.  And it's not stopping.  We're using our Border Patrol resources.  To help illegals come into our country illegally.  And that's not why we have Border Patrol.  And I know from talking to the good men and women in Border Patrol, they are sick and tired of it.",negative,0.010289494,0.20476025,0.78495026,Neutral & restrained,Angry & Confrontational,Voter Mobilization,Subtle & Neutral,2.0,negative,0.0,0.0,1.0,0.0178116055,0.220837125,0.76135133
Republican,Arizona,Kari Lake,DBrcDMXAtRO,2024/10/28,"The media makes me out to be a monster. If I'm a monster, then I'm a monster fighting for my kids, fighting for the next generation. 

This has always been about securing a better future for America.

If we don't get out & vote for Donald Trump & Patriots like Kari Lake for Senate, we're not going to have our freedoms. We won't have much of a country left to fight for.

So, let the fake news call me whatever they want. I won’t back down.",negative,0.033631906,0.2690627,0.69730544,16,positive,0.5,0.0625,0.4375,0.505965094,0.181631404,0.312403498," I'm standing here.  I want to lift you up right now, but I'm really nervous about your future.  And I don't care what they say.  They can call me a monster.  If I'm a monster, I'm a monster fighting for my kids.  I'm fighting for your generation.  We've got to save you guys.  But honest to God, if we don't get out there and vote and save this country  and get Donald Trump in and get America first patriots like Carrie Lake for U.S. Senate,  you're not going to have the freedoms.  You're not going to have this country.  And I'm really worried about you.  I'm in this not because it's fun, because they drag me down.  I had 20 hit pieces in the Arizona Republic in like three days.  20 hit pieces in a row.",negative,0.051447533,0.25880685,0.6897456,Neutral & restrained,Warm but Reserved,Economic,Measured & Composed,16.0,positive,0.5,0.0625,0.4375,0.50596509398125,0.1816314044999999,0.31240349839375
Democratic,Texas,Colin Allred,DBrdlqgvL06,2024/10/28,"In 8 days, we are going to beat Ted Cruz.",neutral,0.33599666,0.52395993,0.1400434,14,positive,0.928571429,0.0,0.071428571,0.818304694,0.111301678,0.070393614," Well, this is not about our past. It's about our future. This is a different election, a different time.  And to be quite honest, Senator Cruz has continued to show how he should not be placed in a position of authority for six more years.  With going to Cancun when we needed him most, that's happened since the last election.  We're trying to overturn the last presidential election with being uniquely responsible for this abortion ban that we have here in Texas.  We're taking down a bipartisan border bill that no state would have benefited more from than Texas.  And I'm also a different opponent on the most bipartisan section in Congress.  I've got a record of winning in tough races, and we're going to beat Ted Cruz on November 5th.  Honestly, I leave that to my team.  To me, we're way past polling.  We've had hundreds of thousands of votes already banked, and this is a time where Texans are voting right now.  And what Texans need to know and what folks watching this need to know is that they can go to ColinAllRed.com,  get involved with us, knock on doors, make phone calls, turn out the vote, contribute to our campaign.  This is how we win down the final stretch, is that we have built a machine that we can now turn out this vote,  but it takes all of us and every single person getting involved.  So for anyone watching this who understands how important this race is, I hope you'll do that.  And now joining us, Democratic Senate candidate from the state of Texas, Congressman Colin Allred.  Congressman, thanks for making time for us.  It is the home stretch, just eight days to go.  And the polls show essentially a toss-up race.  But Cruz has also faced quite a close race, as you'll remember, against Beto O'Rourke back in 2018.  He went on to win.  So why do you think the outcome of your race will be different this time?  I understand your internal polling shows the race essentially tied,  much tighter than even that New York Times within the margin of error stat we just gave.  What's your team seeing that other pollsters are missing?",negative,0.038635507,0.4639248,0.49743968,Flat & analytical,Concerned & Empathic,Voter Mobilization,Flat & Restrained,14.0,positive,0.9285714285714286,0.0,0.0714285714285714,0.8183046938571429,0.1113016784285714,0.0703936143357143
Democratic,Texas,Colin Allred,DBpyFIBSqgJ,2024/10/28,"Texans deserve a Senator who unites us, not divides us. We know the perfect guy. You can find him at colinallred.com.",positive,0.9276719,0.06711324,0.005214798,47,positive,0.680851064,0.127659574,0.191489362,0.616186494,0.21543537,0.168378134," In 10 days, we're going to beat Ted Cruz.  And I know you're hoping that your elected officials are working as hard as you are.  But Ted Cruz has been all about himself for too long.  12 years is long enough.  For all the families who are looking for a senator who's looking out for them,  I will never abandon you when you need me most.  I will protect your fundamental rights.  I will bring us together around our shared values.  I'll remind us that we have more in common than what divides us.  We might have come here on different ships, but we're in the same boat now.  We're all Texans.  We're all Americans. We have to have a leader who understands that.  Because I know there are heroes out here right now who dropped their kids off at school,  who went to work maybe for one or two jobs like my mom used to do.",neutral,0.25990325,0.4632186,0.27687815,Energetic & Bright,Angry & Confrontational,Others,Emotive & Engaging,46.0,positive,0.6956521739130435,0.108695652173913,0.1956521739130435,0.6246791662391304,0.2053173269347826,0.1700035051826087
Democratic,Michigan,Elissa Slotkin,DBrdF2qAtUG,2024/10/28,There’s a phenomenon I’ve been hearing about on the trail: the secret women’s vote here in Michigan.,neutral,0.031877603,0.92338437,0.044738058,13,positive,0.769230769,0.230769231,0.0,0.765017478,0.212314442,0.02266807," So we're seeing signs of the secret women's vote everywhere.  And I want you and you all in Rochester and Rochester Hills  are in a great position to amplify  that secret women's vote.  of them putting out a sign allows all the other people in that neighborhood  who don't feel like they can be the first one to actually say, I'm not alone.  I'm not alone.  So the secret woman's vote is a real thing in this election.  First of all, as what Liz Cheney said the other day,  no one gets to know what happens inside the voting booth.  Keep repeating that to people.  But we got to run through the tape.  But the anecdotal things are now becoming like a mountain of information.  We have, who's seen or have heard of this movement to put stickers and post-its and notes on the back of the stalls, right?  So this is getting to women where, quite literally, the men cannot go or should not go.  And it says, hey, your vote is private.  You don't have to tell anybody, but vote like your daughter's life is on the line, right?  So we know that's going on, and you can make those at home and put them up wherever you go, right?  She brought them.  Okay, they're in the bathroom of the house of the community center here.  Good.  The other thing we're seeing is people do what I saw in my first race, the pull and step.  You knock on a woman's door,  She pulls the door shut, steps down the stoop,  gets out of earshot of the family and says,  I'm the only open-minded person on this block, right?  And you say, that's what the woman five doors down just told me.  Like, they're there.  These women are making an act of bravery by even talking to us.  And every single day including just this today  We I was dropping off a couple of yard signs and it's just a we were in Warren and it was just Trump sign Trump sign  Trump sign and we come across a family that is like we just wanted to put something up  We'll put it close to the house. So it doesn't get stolen right the act of bravery",neutral,0.46843198,0.49447283,0.037095223,Assertive & Clear,Surprised & expressive,Voter Mobilization,Assertive & Direct,13.0,positive,0.7692307692307693,0.2307692307692307,0.0,0.7650174780000001,0.2123144419230769,0.0226680696846153
Democratic,Michigan,Elissa Slotkin,DBq0TiGPNHJ,2024/10/28,"With just 8 days until Election Day, please watch our final (!) ad of this campaign.",neutral,0.36208805,0.6327704,0.005141497,3,positive,1.0,0.0,0.0,0.808087967,0.157255238,0.034656796," I'm Alyssa Slotkin.  It's been a long campaign.  So let's cut through the noise.  I want to be your senator because I understand what it means to serve.  Three tours in Iraq alongside the military, working for two presidents, one from each party.  And I know what it means to be tested, fighting the insurance companies when my mom battled cancer.  Look, no one knows the future.  What I can tell you is I will always say what I mean and mean what I say.  That's who I am.  It's why I'm asking for your vote and why I approve this final message.",neutral,0.3888164,0.5181179,0.09306572,Assertive & Clear,Positive & engaging,Campaign Endorsements,Assertive & Direct,2.0,positive,1.0,0.0,0.0,0.92156105,0.0677842415,0.010654719
Democratic,Arizona,Ruben Gallego,DBrcgU8S0rM,2024/10/28,Let’s cut to the chase. GET OUT AND VOTE!,neutral,0.4746617,0.49750435,0.0278339,6,positive,0.5,0.333333333,0.166666667,0.588779459,0.267130998,0.144089527," You don't cut that way.  All right, looking good, looking good.  Thank you, Britt.  Not your vote yet?  I haven't had a chance yet.  I tell you how to vote, you tell me how to cut.  Well, I can take care of you.  I'll take care of it. Come on.  Go home and vote. I got this.  Alright, who's next?  Who's next? Get over here.  Alright, who's next?  Who's next? Get over here.",positive,0.6471455,0.31131202,0.041542433,Energetic & Bright,Surprised & expressive,Economic,Emotive & Engaging,6.0,positive,0.5,0.3333333333333333,0.1666666666666666,0.5887794591666666,0.267130998,0.1440895273166666
Democratic,Wisconsin,Tammy Baldwin,DBrSpVGRVAl,2024/10/28,"We asked Sen. @TammyBaldwinWI to watch clips of her Republican opponent — California mega-millionaire Eric Hovde — and give her unfiltered reaction. Here’s how it went 👀 

Follow @couriernewsroom for all the news and analysis you need to survive the 2024 election 🇺🇸",neutral,0.18236428,0.8105381,0.007097545,147,positive,0.489795918,0.19047619,0.319727891,0.480305673,0.22928451,0.29040981," This is absolutely outrageous.  Eric Hovde has a proposal that would cut Social Security benefits.  These are earned benefits.  By $500 a month, $6,000 per year.  It is so clear that this multimillionaire doesn't know the lives of real working people  who pay into Social Security with every paycheck.  I was raised by my grandparents.  Absolutely not. You know, it almost looks like some new wave trend happening in California. He  asked, let's really see who's from Wisconsin. It's obvious who the Wisconsinite is here. That's me.  He's obviously very defensive about people associating him with his $3 billion California  bank, his $7 million Laguna Beach, California home. And the fact that he's been named among  the more influential residents of Orange County three years in a row. You know, Wisconsin,  we have a green County. We have a Brown County. We do not have an Orange County, Wisconsin.  I learned at a very young age the value of Medicare and Social Security,  and I'm going to fight to make sure that they are stronger and last for generations to come.  Unbelievable. I was actually there when he said that. That was during our debate.  You know who is an expert on the Farm Bill? The Wisconsin Farm Bureau.  I was proud to receive their endorsement.  I'm the first Democrat in nearly 20 years to have received that endorsement.  Tell that to people in Milwaukee where there are 70,000 lead pipes going into people's homes.  We have children facing lead poisoning.  This is why I fought so hard in the infrastructure bill to make sure that we provided the resources to get the lead out of our drinking water systems.  It is so clear to me that Eric Havry spends so much time in California that he doesn't know the real challenges facing communities in Wisconsin.  So the Demps and Senator Baldwin keep saying I'm not from Wisconsin.  Which is a complete joke.  All right, Senator Baldwin, why don't you get out here in this frozen lake  and let's really see who's from Wisconsin.  All those programs absolutely positively need to be reformed.  Look, bring it on, guys.  Let's have this discussion.  Because you know what?  No politicians want to talk about it.  Would you like to scale back Medicaid, Medicare, disability, Social Security?  Do you think that those...  All those programs...  Well, I'm not an expert on the farm bill because I'm not in the U.S. Senate at this point in time.  So I can't opine specifically on all aspects of that farm bill.  Lead paint was stopped in the 1970s, but there's still homes that have lead paint.  Lead pipes are more dangerous.  The reality of it is there's not a lot of lead pipes anymore because typically a pipe will erode over a certain amount of time and they replace them.  So I think it's...  making, trying to act like there's a bigger issue.",negative,0.032859143,0.32669225,0.6404486,Neutral & restrained,Angry & Confrontational,Others,Subtle & Neutral,144.0,positive,0.5,0.1736111111111111,0.3263888888888889,0.4856136340402778,0.2198765754965277,0.2945097838819444
Republican,Michigan,Mike Rogers,DBrSQF9vpfl,2024/10/28,"It was great to join Maria Bartiromo this morning to talk about the state of the race here in Michigan, why so many different coalitions of voters are joining our movement and the NDA that Elissa Slotkin refuses to release herself from.",positive,0.75826395,0.22751711,0.014218953,5,neutral,0.4,0.4,0.2,0.500764164,0.265851833,0.233383983," Did you see her interviewed the other night?  She said, essentially, yeah, I'd keep it the way Biden had it.  Oh, that's great.  That's great.  He got out because of the way he kept it.  She'll keep it the same way.  U.S. car sales are down 38% since I left office.  But with victory in November, we're going to take back what is ours, and it is ours.  We're going to take it back.  We're going to bring back our jobs, our dignity, and our dreams.  By the end of my term, the entire world will be talking about the Michigan miracle and the stunning rebirth of Detroit.  More of the same. More of the same, Maria. I mean, more of the same of what China has been doing for the last four years here under the Biden administration.  And so that's what I'd say, you know, with regards to the voting base in Michigan.  I mean, do we really just the UAW, do the auto workers really get it by the time, say, they go to the polls or go to the voting booths?  Because that's what I get concerned about. You know, Joe Biden tried to be the friend of the auto workers when they were polling and protesting rather than striking.  And then he jumped on the lines with them and was carrying the sticks and saying, yeah, you need more. You need more.  Let me let me pick it with you. Do they have enough information now to know that they need to vote for Trump versus Kamala Harris right before November?  Well, first of all, a public official should not be signing a nondisclosure agreement.  That kind of goes against the grain of transparency for your constituents.  But part of this agreement, that company, it's a Chinese Communist-connected, Chinese  Party, Communist-connected company, got over a billion dollars in cash and prizes from  the people of the state of Michigan to build a factory, think of this, the logic of this,  in a place that doesn't want it, to force our car companies to buy these products, to  build a car that they don't want to build, and by the way, they don't have a customer  base, they don't want to buy them.  And so none of this makes sense to the average Michigan citizen.  So why a nondisclosure agreement?  Why did you sign it?  What's in those deals that you don't want to talk about?  And that's really concerning to a lot of people.  So you get north of Lansing in Michigan, this is a hot, hot topic.  And if you get close to the southeast where we actually build a lot of these cars, the  autoworkers, the teamsters, this is why they're coming over to our campaign.  They understand this is not the right direction for the future of the country.  We just skipped right past hybrid vehicles, which would mean we could keep automobile,  you know, UAW workers, we could keep teamsters hauling cars.  All of these things are starting to play in in this last week of the election.  And people are saying, man, we're just not better off than we were four years  ago.  Our groceries are higher.  The border's a mess.  Internationally, it's chaos.  And oh, by the way, they're trying to take our jobs right here at home.  I do. There's a reason that these polling numbers, when the Teamsters took a poll internally, it was 60-40 Donald Trump.  When the UAW, they didn't really take that same kind of poll.  What we're finding is they're doing rallies at plants by former UAW members,  and they're coming back saying, hey, it's about 60-40 of these folks leaving the plant and giving thumbs up, taking signs.  So I do think something's up.  They know that something's going on, and it's not good for their future and their economic future.  And, oh, by the way, add all the other problems, high gas, high groceries, all of the other things that came with it.  And people are saying, hey, we have to have a change.  That's why I think this is going to change, and that's why we're going to win this election next month.  I do. I really do. All of our independents are starting to break our way.  We've done a massive ground campaign here in the state of Michigan.  And you can find out about that at Rogers for Senate dot com.  Love to have you on board in this. This is going to come right down to the wire.  It's going to be close, but we're going to win because independents are coming over and we have all these diverse coalitions starting to come in.  And, you know, Trump brought something like 10 or 12 imams on stage in Oakland County.  And that is a really critical voting bloc.  I think he's up. Our internal polling has the president is up in Michigan, which is great news.  As I said, independents are moving our way. I tell you what, I think there is an under polling issue here in a state like Michigan.  I think it's other states as well that you're going to see some surprises on November 5th.  You know, it's, you know, four years or six months of really negative and false campaign ads can't make up for four years of bad policy.  And families here in Michigan are hurting because of that policy.  Hey, Maria, it's great to be here.  Is that going to be enough?  Thanks for having us.  And he's talking about a reciprocal tariff here.  So if somebody else is charging us whatever, 25%, we're going to charge 25%.  That's just about fairness here.  And I think that's really, really important.  That's why we're going to win this race next week.  The stakes are huge. The Cook Political Report has us as a toss-up, and I'll tell you, our internal polling has us tied going into this last week.  So we think we're in the right kind of that poll position to get this thing done.  And it is a big deal, and the reason is the government mandates telling our car companies what kind of cars they need to buy  and what kind of cars we're going to have to buy is having a tremendous impact here in Michigan.  The rest of the country might get a cold on this issue. We're going to get pneumonia.  Forty percent less labor in building an EV automobile, according to the CEO of Ford.  And it is having a huge negative impact.  2,400 layoffs at Stellantis, 1,000 layoffs at General Motors.  Ford charged off, Maria, $5 billion.  And so these things tend to matter here in Michigan for people who are wondering if they're going to have a job next year or not.  now of the campaign season as they work to flip the Senate and regain control of the House to win  the Senate. The GOP will need to flip two seats. The latest Fox News power rankings puts Republicans  in control with 51 seats and all but certain flip in West Virginia and an edge in Montana could get  them over the line. Former GOP Congressman Mike Rogers and Democrat Congresswoman Elise  Slotnick rather are vying for Michigan's open Senate seat in a hotly contested race  that right now leans Democrat. In the final days of the campaign, however, Rogers plans to focus  on nondisclosure agreements Slotkin and her staff signed for the development of a controversial  Chinese owned electric vehicle plant in the state. Joining me now is Michigan Senate candidate Mike  Rogers. Mike, great to have you this morning. Thank you so much for being here.  So what do you think these Chinese factory non-disclosure agreements say?  What do you want to know about this Chinese factory that your opponent is supporting?  Well, this is why President Trump went to Detroit the other day and he basically promised an auto revolution that he's going to ensure that he's using tariffs to stop China from sending in cheap vehicles.  But just to have this factory right there in the heart of Michigan, Scott, jump in here.  I mean, they're already conducting surveillance programs on America.  What is this factory going to do, having this Chinese factory there?  So you think the GOP takes the Senate and you're going to be part of that?  Yeah, I mean, increasingly you're hearing the Arab community stand with Trump.  I mean, that's why Vice President Kamala Harris is going to make a lot of campaign stops across the state of Michigan today.  She'll deliver remarks focused on manufacturing.  She's going to tour a semiconductor facility that received millions under the Biden-Harris administration's Chips and Science Act.  Former President Trump campaigned in the battleground state over the weekend as well.  He's promising to revitalize the city of Detroit, as I just mentioned.  Here's a bit of that watch.  So, Mike, prominent Muslim and Arab leaders in Michigan are backing Trump.  They joined him on the stage, as you just mentioned, during the rally in Michigan.  Trump also spoke about this support from the Arab community at his rally last night when he was at Madison Square Garden,  which, of course, commanded, what, 20,000 people or so.  How does this overall race feel to you right now in terms of the presidential level, Mike?  Yeah. And we should point out it's not just China. I mean, I know you're worried about this China plant, but, you know, President Trump said it's not just China.  He's going to stop cars made cheaply in Mexico, in Europe. You know, so, I mean, it's an overall strategy to make cars in America is what Trump is running on.  Not so for Kamala Harris, but we'll see what she says today on manufacturing.  Is that going to be enough, this EV mandate?  Tell me what the stakes are in Michigan right now.  All right. We will be watching. Good to see you. Thank you so much for being here.  Mike Rogers, Senate candidate.",positive,0.5506175,0.3769485,0.07243402,Neutral & restrained,Flat & Neutral,Abortion,Subtle & Neutral,4.0,positive,0.5,0.25,0.25,0.5444759745,0.20790154625,0.247622455675
Democratic,Pennsylvania,Bob Casey,DBrK28QC99j,2024/10/28,"Thank you for your kind words and ongoing support, Darrin.

I’ll always fight for our unions.",positive,0.96233493,0.032423787,0.005241328,1,neutral,0.0,1.0,0.0,0.2812654,0.6160698,0.10266476," that big companies get a tax break for busting unions.  We've got to change the tax code to remove that provision.  And we're going to take something out of the tax code.  that unfortunately is still the law of the land.  Every little one of this football thing, that's the first time that I've been-  You did right, my brother. You owe what you've done for Mississippi State. Absolutely.  And we are honored to have him here tonight.  We're going to win this win.",negative,0.07010846,0.4004394,0.52945215,Energetic & Bright,Angry & Confrontational,Voter Mobilization,Emotive & Engaging,1.0,neutral,0.0,1.0,0.0,0.2812654,0.6160698,0.10266476
Democratic,Pennsylvania,Bob Casey,DBrFXdZqOHw,2024/10/28,"We have two choices in this election, and only one will ensure that our families get the support they deserve.",positive,0.5216737,0.44631457,0.03201175,0,,,,,,,," when the most powerful people in the world,  the billionaires and people like them,  they get huge tax breaks,  the middle class gets the crumbs,  and we're just supposed to be happy with that.  I'm not going to tolerate that.  Thank you, Donald.  giving both of us both information and insight.  but also some assignments.  We got some work to do.  Thank you to all of you.  Thank you.  We appreciate it.  I thought I lost your job because Super Newborn Kid didn't sit.  How are we preparing future generations to earn right now?  One of the things that's important to me as I'm raising my son is to preserve my culture.  For that reason, it was important for me to enroll my son in a Spanish Immersion Learning  Center.  But that type of childcare is really expensive.  So it was treated as a luxury.  We sacrificed a lot to be a mom.  My daughter loves it.",negative,0.1583348,0.3729725,0.46869272,Flat & analytical,Flat & Neutral,Economic,Subtle & Neutral,,,,,,,,
Republican,Ohio,Bernie Moreno,DBqzh5TO2z5,2024/10/28,"Thanks to Kamala Harris and Sherrod Brown, Ohioans are worse off today than they were under President Trump.

There are 8 days left in this race and we have all the momentum. Go to berniemoreno.com and help us retire Sherrod Brown.",negative,0.111284316,0.2932079,0.5955078,19,positive,0.578947368,0.157894737,0.263157895,0.529361519,0.207499897,0.263138585," investigating it.  You talk to  picture they chose. Trump back candidate Bernie Moreno is looking to flip the seat and he's next.  So J.D. Vance was on the Sunday shows yesterday.  Here's a little bit of that.  Watch.  I mean, he's representing your state.  Brown, the Trump-backed candidate, Bernie Marino, is a statistical tie, making it a toss-up.  Here with his final pitch, Republican candidate Bernie Marino.  Sir, thanks so much for joining the program.  Bernie, I think you have an incredible story.  I hope people check you out, get to know you, and vote accordingly.  Thank you so much for joining the program.  So the former president, thank you, made it very clear yesterday on the stage, are you better off than you were four years ago?  Do you think that matters in Ohio for your race as well?  Yes. So tell me this. When it comes to those independent voters, it looks like Donald Trump is definitely going to win Ohio.  But you guys are so close. Why is your race so close compared to the former president?  Yeah, J.D.'s great. You know, the one element that really shows in that interview is that President Trump made a brilliant choice in selecting J.D. Vance.  He's a good friend. He's a great senator. He's going to make an amazing vice president.  You saw him dissect the fake news. Look, people are sick and tired of seeing activists who pretend to be journalists.  These people aren't interviewing J.D. Vance. They're trying to engage him in a silly argument.  J.D. highlighted that. And I think that's one of the main reasons why you're going to see J.D. and President Trump reelected in eight days.  Thank you. Now your viewers can find that at BernieMarino.com. So if they can go on there and help out, that'd be fantastic.  Yeah, absolutely, because the answer is unequivocally no.  You see the high prices of the grocery store, fast food, the cost of insurance, the cost of housing,  affordability of a car today is impossible, the business I was in.  So objectively, in every measure, economically it's bad, but also instability around the world.  We see what's going on at the border.  Everything is objectively a disaster.  What you saw last night is an optimistic, positive, and patriotic President Trump  laying out an agenda that's going to fix these things over the next four years.  Well, you got to remember, two or three years ago, Lawrence, nobody knew who that guy was.  I was a business guy my whole life.  So name ID was very low.  President Trump is very well known, very popular in Ohio.  I think we're going to do well.  I mean, the polls were tied in my primary and I won by 18 points.  So I think we're going to have a good victory.  We're working really hard.  We go to every corner of Ohio every single day.  My opponent is old and tired, barely does any events.  Look, this guy's been in elected office for 50 years.  He ran for the first time when Richard Nixon was in the White House.  We're going to win this race.  We're going to win it by a decent margin.  Meanwhile, the presidential race isn't the only one to watch.  The Ohio Senate race could determine the balance of power.  We've now spent five minutes talking about people in Donald Trump's staff who think he's not fit for office.  Who he fired.  Can we talk about how Americans can't afford groceries?  Can we talk about the fact that Americans can't afford the cost of housing?  Ask yourself a basic question about network integrity.  You guys talked about the Russia hoax nonstop.  The FBI was investigating it.  So you took the words of unnamed FBI agents and put them on your network as if they were the gospel truth.  You did it again and again.  Because you guys seem to care more about Donald Trump's past than the future of the American people.",neutral,0.21118683,0.75751287,0.03130027,Neutral & restrained,Concerned & Empathic,Voter Mobilization,Flat & Restrained,19.0,positive,0.5789473684210527,0.1578947368421052,0.2631578947368421,0.5293615194842105,0.2074998974210526,0.2631385852157895
Democratic,Texas,Colin Allred,DBoOuxwKiIt,2024/10/27,"There's nothing funny about the violent mob that attacked our nation’s Capitol on January 6, Ted.",negative,0.0067906,0.06662491,0.92658454,116,positive,0.474137931,0.137931034,0.387931034,0.445093217,0.203242985,0.3516638," You can't be for the mob on January 6th.  And for the officers.  You can't.  Because you're a threat to democracy.  Hey Glock, show me this, man.",negative,0.007205284,0.07535201,0.9174427,Energetic & Bright,Positive & engaging,Voter Mobilization,Emotive & Engaging,114.0,positive,0.4824561403508772,0.1228070175438596,0.3947368421052631,0.4489453163131578,0.1948636453771929,0.3561910404421052
Democratic,Texas,Colin Allred,DBnQfsvqWOu,2024/10/27,"Only 10 days until Election Day. Vote, y’all! 🗓️

What we do between now and Nov. 5th could change the future of our state. It’s time to get off the couch, and get to the polls. Visit http://mytexasvotes.com to make your plan to vote.",neutral,0.3730744,0.60914606,0.01777958,48,positive,0.5625,0.208333333,0.229166667,0.565024469,0.20363065,0.231344881," It's more powerful than me.  We believe in the freedom to make your own health care decisions, including access to an abortion.  We believe in the fundamental promise that if you work hard and play by the rules, you should be able to take care of your family, buy a home, join a union, send your kids off to school, and retire with dignity.  And we don't have to be embarrassed by our senator.  We can get a new one.  In my Texas, we believe that we...",positive,0.6453969,0.32463625,0.02996683,Energetic & Bright,Positive & engaging,Others,Emotive & Engaging,46.0,positive,0.5869565217391305,0.1739130434782608,0.2391304347826087,0.5797853779021739,0.182881315,0.2373333075065217
Republican,Michigan,Mike Rogers,DBmzr4pPAn5,2024/10/26,Don’t listen to Kristi… Go Blue!,neutral,0.1569511,0.5445052,0.29854372,8,positive,0.75,0.0,0.25,0.687426711,0.149171554,0.163401728," at the Michigan-Michigan State game.  Listen, we've had a great day campaigning. People are fired up.  We are going to win this thing on November 5th.  And today I say, go blue.  Go green!",positive,0.96832585,0.028157236,0.003516919,Neutral & restrained,Angry & Confrontational,Others,Subtle & Neutral,8.0,positive,0.75,0.0,0.25,0.6874267108750001,0.14917155425,0.163401728425
Republican,Michigan,Mike Rogers,DBmbKXnv79i,2024/10/26,"MICHIGAN: Today is the first day of early in-person voting! It’s so important that you bank your vote early if you’re able. Make sure you head to the polls on or before November 5th — and take a couple of friends with you! 

10 days to go, let’s Get America Back on Track!",positive,0.8239761,0.17148538,0.004538508,3,negative,0.333333333,0.0,0.666666667,0.337704227,0.12497914,0.537316646," Hey, Mike Rogers here.  Listen, we just got out of the Trump rally.  We are off doing some tailgating at the Michigan-Michigan state game.  I can't think of a more important thing for you to do today than to go vote.  It's the first day of early voting.  The earlier we all vote, the earlier we bank those votes,  the more resources we can spend on getting people who are still on the fence.  So get out, vote, grab a neighbor, grab 10 neighbors,  and let's get this thing done.  We are so close.  Thanks. Talk to you. See you on the trail.",positive,0.67062813,0.3114765,0.017895374,Emotional & reactive,Surprised & expressive,Immigration,Subtle & Neutral,3.0,negative,0.3333333333333333,0.0,0.6666666666666666,0.3377042273333333,0.1249791403333333,0.5373166462666666
Democratic,Texas,Colin Allred,DBmWjw6vV-C,2024/10/26,"Amanda and Josh Zurawski are so brave for sharing their story, but this never should have happened to them. It did because of Ted Cruz’s cruel abortion ban.

Together we will change that and restore reproductive freedom in Texas.",negative,0.04534579,0.32136652,0.63328767,16,positive,0.625,0.25,0.125,0.566959914,0.245412288,0.187627796," You were on stage last night. You shared a moment with Amanda Zyrowski and her husband.  Of course, we've heard her story many times. Texas abortion laws.  She wanted to have the baby she was having. It was not a viable pregnancy.  And they literally told her these stories that people make fun of that that you come back when you're close to dead.  And that's literally what happened. She came back to the hospital when she was close to dead.  She nearly died. She has lost some of her reproductive organs.  This is what Texas laws are doing to women, whether or not they want to terminate a pregnancy.  That's right. Amanda and Josh are friends of mine.  And I do want to just note, Allie, that it's very difficult to tell a personal story in any setting.  It's incredibly difficult to go out there in front of 30,000 people in a stadium with millions of people watching on TV and talk about the worst moment in your life.  And the bravery that that shows and the commitment that that shows to make sure that other Texans don't have to go through what you went through is, to me, something we should all be pointing to as saying,  if these women and these families are willing to go through this, if they're willing to step out and talk about their most difficult moments, then what can we do in our personal capacity as knocking on doors or making phone calls or going to my website at ColinAllred.com?  What can we do to make sure this doesn't happen anymore?  Because if they're doing that, then we certainly are being called by them as fellow Americans and as Texans to get involved, too.  And so I think it has to be a rallying cry, and I think it is.  There are so many people who have told me.  There's so many people who have told me.  There's so many people who have told me.  I was just telling you, Ali, this is something that is happening in Texas because this is not who we are.  And folks are understanding that we can change this by beating Ted Cruz in this election.  And folks are understanding that we can change this by beating Ted Cruz in this election.",neutral,0.07742363,0.6970285,0.2255478,Flat & analytical,Concerned & Empathic,Economic,Flat & Restrained,16.0,positive,0.625,0.25,0.125,0.56695991373125,0.2454122875,0.187627796175
Democratic,Texas,Colin Allred,DBl5I7BhklN,2024/10/26,"Under Ted Cruz’s abortion ban:

- 35k Texans were forced to flee the state for abortion care
- 26k Texans forced to give birth to their rapist’s child
- Pregnancy-related deaths rose by 56%

This isn’t freedom, and in 10 days, we will fire Ted Cruz.",negative,0.005890936,0.16235584,0.8317532,16,neutral,0.3125,0.375,0.3125,0.278529137,0.459994288,0.261476584," They really are. And, you know, it's the Houston Chronicle that I was reporting on that in 26,000 Texas women have been forced to give birth to their rapist child.  It's these individual stories that have gotten the traction and gotten the coverage.  And also because these incredibly strong women came forward and also filed a lawsuit or lawsuits to challenge these laws that it's put it in front of people.  And, you know, Lawrence, over the course of this campaign, I've come in front of a lot of Texans who don't realize how extreme this ban is.  You know, they think that there is an exception for rape or incest. No, there's not.  I think there's an exception for the health of the mother. It's not for the health of the mother.  It's for the life of the mother, which is an incredibly narrow exception.  And who is making that determination? It's lawyers, not doctors.  And this is outrageous. You know, 20 percent of OBGYNs in Texas are considering leaving the state.  13% are considering retiring early.  And more of the residents who are here are planning on not practicing here to be OB-GYNs.  We're going to have a huge shortage of folks to actually serve as OB-GYNs in our state.  This is—we're at the beginning of feeling the impacts of this extreme ban.  And we have to reverse it now.  And by beating Ted Cruz, we're going to make Roe v. Wade the law of the land again.  We're going to restore freedom to Texas women.  Is the Texas news media covering what has happened in that state after Dobbs in a way  that is very clear to voters?",neutral,0.041914612,0.5017778,0.45630756,Flat & analytical,Concerned & Empathic,Others,Flat & Restrained,15.0,negative,0.3333333333333333,0.3333333333333333,0.3333333333333333,0.2820628424,0.4452695509333333,0.2726676178666666
Democratic,Texas,Colin Allred,DBkn0Ygsrxd,2024/10/26,"Everything is bigger in Texas except for Ted Cruz. He’s too small for our state.

Let’s beat him on November 5th.",negative,0.04305218,0.19850065,0.7584472,205,positive,0.814634146,0.087804878,0.097560976,0.766524029,0.138282561,0.095193401," You hear that, Ted?  Let's go, Texas!  Hey Houston, how you doing?  I was raised by a single mother.  the public school teacher.  And we don't pay our teachers enough.  And so I relied on my community, on my teachers and my coaches, folks who went above and beyond for me.  They poured themselves into me.  Because of them, I became captain of the football team at Baylor, was a linebacker in the NFL,  became a civil rights lawyer, and have served us in Congress for the last six years.  My time in Congress, I've been the exact opposite of Ted Cruz.  Because I never forgot where I came from.  I never forgot the folks who gave me a chance.  I've been the most bipartisan Texan in Congress because that's how you get things done.  You know, it shouldn't be lost on us.  That's what we elect people to do.  Because I know there are heroes out here right now.  who dropped their kids off at school,  who went to work maybe for one or two jobs like my mom used to do.  And I know you're hoping that your elected officials are working as hard as you are.  that they were just up here.  But Ted Cruz has been all about himself for too long.  12 years is long enough.  I don't know if y'all saw the debate the other night.  There's one thing I know for sure after that debate.  It's that everything is bigger in Texas, but Ted Cruz is too small for Texas.  telling their own personal story.  It's too small!  He's too small for Texas.  You know what small people do?  When you lose an election, you think, you know what, I'm going to try and overturn that election.  I know many of y'all probably know where you were on January 6th.  I know where I was.  I was on the House floor doing my job.  I remember when...  They locked all the doors.  of what they've gone through here in this state.  We bar the doors the president walks through to deliver the State of the Union with furniture that we usually use to hold paper.  I texted my wife, Allie, who was seven months pregnant with our son, Cameron.  Whatever happens, I love you.  Because we need the only former NFL linebacker in the room.  And there's a mob at the door.  Everybody's like, what you gonna do, Colin?  I went to public school in Texas, I'm not just gonna sit there.  And I want to thank Vice President Harris.  So I took off my suit jacket.  Took off my suit jacket and I was prepared to defend the house floor from that mob.  after he'd gone around the country lying about the election.  after he'd been the objector to the results in Arizona.  We're coming to Texas and we're shining a light on what's happening to Texas families and Texas women.  Ted Cruz was hiding in a supply closet.  I don't want him to get hurt by the mob.  The point is, there shouldn't have been a mob.  There shouldn't have been one.  And if you summon one, and you run for United States Senate, you've got to lose your job.  That's what you gotta do.  And he's too small for Texas because when 30 million Texans were relying on him.  when the lights went out.  He decided to go to Cancun.  Can you imagine that?  Can you imagine that?  If your neighbor needed help in a crisis, you would go check on them.  Can you imagine having the privilege and the responsibility of representing our great state,  and a crisis hits our state, and you think, I need to go check out the Ritz-Carlton in Cancun?  You wouldn't do it.  I'll tell you what, if you did and you ran for office again, you gotta lose your job.  That's what's gotta happen.  Thank you, Amanda and Josh.  if you are singularly responsible  for taking away a fundamental freedom from Texas women.  because you think you know better than sexist women and their families and their doctors.  And you put in place this abortion ban, and you celebrate this abortion ban.  You introduce at the national level five times a nationwide abortion ban.  Then you have to lose your job.  Listen, I'm Congressman Colin Allred.  We're all Texas women.  For all the Texas families.  For all the Texas families,  You know, Allie and I have been blessed with two healthy babies in Dallas in the last five years.  I can't imagine.  If at one of our appointments the doctor comes in and says there's a problem with the baby, or with my wife,  But there's nothing I can do.  because Ted Cruz thinks he knows better.  That's not who we are.  There's one thing I know about us as Texans, and I'm a fourth-generation Texan.  It's that we believe in freedom.  So here's what we're gonna do.  Here's what we're gonna do, Texas.  In 10 days, we're going to beat Ted Cruz.  In 10 days!  And what do we do?  We're going to make Roe v. Wade the law of the land again.  No more of this!  The exact roots.  For all the Texas families.  For all the families.  who are looking for a senator is looking out for them.  I will never abandon you when you need me most.  I will protect your fundamental rights.  I will bring us together around our shared values.  I'll remind us that we have more in common than what divides us.  We might have come here on different ships, but we're in the same boat now.  We're all Texans.  We're all Americans.  We have to have a leader who understands that.  And so here's what we gotta do, Texas.  We got 10 days to knock on doors.  In God's grace.  Make phone calls!  We gotta make sure Kamala Harris is the next president of the United States.  We gotta make sure we send Ted Cruz packing.  And when we do, it won't be a win for me or for a party.  It'll be a win for our state.  Y'all ready?  We're going to beat Ted Cruz.  All right, let's do it, Texas.  God bless you.  May God bless the great state of Texas.  Hey, let's give it up for Amanda and Josh.  I believe in a very different Texas than Ted Cruz does.",positive,0.5889089,0.363451,0.047640096,Energetic & Bright,Angry & Confrontational,Economic,Emotive & Engaging,199.0,positive,0.8391959798994975,0.0603015075376884,0.100502512562814,0.7828356014155778,0.1219232813266331,0.0952411090743718
Republican,Texas,Ted Cruz,DBmUoBjSLa3,2024/10/26,"I was with President Trump in Texas. He gave a fantastic press conference focused on the victims of Joe Biden and Kamala Harris’s open border.

Texans cannot afford another four years of Democrats in power. The human cost of the border crisis is too high.",positive,0.7482234,0.18855529,0.063221335,65,negative,0.292307692,0.276923077,0.430769231,0.320834968,0.280519411,0.398645616," Well, you had both presidential candidates in Texas.  I was with President Trump today in Texas.  He gave a fantastic press conference focused on the human tragedy of the border invasion  and illegal immigration, focused on the victims of illegal immigrants, people like Jocelyn  Nongare, the beautiful 12-year-old girl raped and murdered by illegal aliens, released by  Joe Biden and Kamala Harris.  Texas seems to be the epicenter of the race right now.  You got Trump down there with Rogan.  You got Kamala with Beyonce.  Why is Texas the hot spot tonight?",positive,0.8320305,0.15559047,0.012378994,Neutral & restrained,Flat & Neutral,Economic,Subtle & Neutral,63.0,negative,0.3015873015873015,0.2539682539682539,0.4444444444444444,0.3238607271047619,0.2678100157777777,0.4083292525777778
Republican,Texas,Ted Cruz,DBkb0gsp5Jo,2024/10/26,"Rockets are currently flying all across the Middle East. 

This violence is a direct result of Joe Biden and Kamala Harris’s disastrous foreign policy. They have made the world immeasurably more dangerous for Americans and for our allies.

What Biden-Harris officials should be saying tonight, but won’t, is that America stands unequivocally with Israel.",negative,0.006284038,0.07613247,0.9175835,207,negative,0.270531401,0.236714976,0.492753623,0.283206123,0.259842504,0.456951371," Well, look, it illustrates just how the entire world has gotten more dangerous.  The incredible weakness of Joe Biden, Kamala Harris as commander in chief.  Look, when Donald Trump was president, we had peace and prosperity. In fact, we had peace  flowering in the Middle East and the Abraham Accords being signed. Now, we've had Israel at  war for over a year. We had October 7th. And I got to say, this was funded by Joe Biden and Kamala  Harris. They gave over $100 billion to Iran. And right now, what the president should say that Joe  Biden has not said is America stands unequivocally with Israel, period, the end. That's what we  should say. And you know what? When Donald Trump is reelected, that's what he's going to say.  You're seeing missiles flying all over the Middle East now into Tehran.  What is that going to do to this election?",negative,0.026295748,0.19836792,0.7753363,Flat & analytical,Flat & Neutral,Economic,Subtle & Neutral,199.0,negative,0.2814070351758794,0.2060301507537688,0.5125628140703518,0.2858146128180904,0.2430066516256281,0.4711787343979899
Democratic,Pennsylvania,Bob Casey,DBl7yEHNgEC,2024/10/26,"Last week, @teampattymurray and I shared some beers and talked about the stakes of this election at family-owned Lavery Brewing Co.",neutral,0.119189665,0.8757837,0.005026764,0,,,,,,,," Thanks for being here.  All right.  You have an amazing state.  I know that you always talk about what's happening to real people.  It's your opponent who just wants to give tax breaks to the wealthiest people.  Well, I think we should try this number four, Lavery Lager.  Okay, let's try that.  Yeah. Look, I got to ask you, what you do here is going to matter to my constituents.  Tell me what you think is at stake in this election.  Mine says raspberry.  Not going to happen.  So pretty much everything I care about.  and I've fought for all my life.  He's on the line.  He's on the line.  And one vote can make the whole difference for Pennsylvania, for our country, and for  our future.  Yep.  So tell me, which one shall we toast to that?  Well, go fight Wynn.  We're so grateful Patty Murray's here at Lavery Brewing in Erie, Pennsylvania.  My opponent, he's wrong in a couple ways.  Number one is he doesn't believe we should hold companies accountable for price gouging.  He's also wrong to continue to reward these big companies with more tax breaks.  So I guess we have to drink more beer here.  Every lager.  Okay.  Okay, let's try it.  Cheers.  See, women's rights.  in the aftermath of the Dobbs decision.  If we prevail in my race and we have a majority,  we can restore the protections of Roe v. Wade.  Boss Bevy?  Yeah.  Okay, it's Boss Bevy.  Okay.  Keep that in.  Don't edit that out.  Cheers, Patty.  Cheers.  Thanks for being here.  If the other side wins, that's not going to happen.  Workers' rights, you led the PRO Act.  Protecting the Right to Organize Act.  If the Republicans get the majority,  No way that passes.  Let's see, number two.",positive,0.77365834,0.17498371,0.051357962,Flat & analytical,Surprised & expressive,Others,Subtle & Neutral,,,,,,,,
Republican,Arizona,Kari Lake,DBk4yRmvEl2,2024/10/26,"I believe America's brightest days are ahead.

That's why I want our young Americans to dream BIG.

When you get out & vote to return President Trump to the White House & send Kari Lake to the Senate, we're going to get to work saving our country & making those BIG dreams a reality.",positive,0.9308264,0.063774325,0.00539923,12,positive,0.583333333,0.25,0.166666667,0.597293348,0.254787507,0.147919147," Guys, our brightest days are ahead of us.  I truly believe that.  I want you to dream big.  I want you to think of your biggest dream, and then I want you to make it 10 times bigger than that.  That is what is available to you when you get out and vote for Donald Trump.  We are going to save our country.  We're going to get that man in the White House.  We're going to get me in the Senate.  We're going to save our country.  Let's go Tempe.  Let's go ASU.  Vote Republican.  Vote, vote, vote.  Vote, vote, vote, vote.  Thank you, Tempe.  I love you so much.  Thank you for being here.  Thank you.  And I want to speak to the people who are 25 years, 30 years, and younger.",positive,0.9674575,0.028332394,0.004210108,Energetic & Bright,Warm but Reserved,Voter Mobilization,Measured & Composed,11.0,positive,0.6363636363636364,0.1818181818181818,0.1818181818181818,0.631090600909091,0.216053158,0.1528562437272727
Republican,Arizona,Kari Lake,DBk4pOitnh9,2024/10/26,"Americans are so compassionate, we take on so many of the world's problems, but it's about time we show compassion for the people who are struggling here at home.

To save our homeland and our loved ones, we've got got send these people who invaded our country back to their homelands and back to their loved ones. 

We need to put Americans First.",neutral,0.17309767,0.42127702,0.40562528,11,positive,0.454545455,0.181818182,0.363636364,0.461483954,0.213915115,0.324600929," I always say this.  The largest repatriation operation this country's ever seen.  Somebody said tonight, I was talking to the European media.  We're the most compassionate people in the world here in America.  They asked me, they said, who's going to fill the jobs?  All these people who've come in and taken the jobs.  I said, you know who's going to, we're going to have Americans fill the jobs.  And then we're going to have, you know what, when Vivek's talking about it,  we're going to downsize the federal government.  Are you okay with that?  We are going to have tens of thousands of federal government workers who are out of work,  and we are going to usher them into the jobs that are opened up.  That's perfect.  They're going to have plenty of jobs to find.  But in order to save our homeland and our loved ones,  we've got to send these people who invaded our country back to their homeland  and back to their loved ones.  And we're going to start that in January of 25.",positive,0.6817103,0.28250194,0.03578776,Energetic & Bright,Warm but Reserved,Others,Measured & Composed,10.0,positive,0.5,0.1,0.4,0.4850799929,0.1672200918,0.3476999134799999
Republican,Arizona,Kari Lake,DBk4hmftDy1,2024/10/26,"We've learned our lessons from 2022.

If we wait until election day, ANYTHING can happen.

To save our Republic, we're going to vote early.

And here's what we're going to do when we win.

We're going to stop the invasion at the border, and we're going to fully fund our police. 

We'll Make America Safe Again.",neutral,0.24798389,0.6532156,0.09880054,10,negative,0.3,0.2,0.5,0.334329583,0.228174568,0.437495838," How many more people have woken up between 2020 and now?  After COVID, after Ukraine, after Afghanistan, after an open border,  we've got millions of Americans who've woken up.  We have a massive group of Americans who are ready to vote for our country.  And it's going to be massive.  But we have to get out and vote, and you've got to vote early.  I need you to vote early.  How many of you are willing to vote early?  How many of you are going to vote election day?  Okay, that's fine.  We got one.  That's fine.  I need you to vote early, though.  Get your friends out.  If you've got 10 friends, get them to vote.  If somebody asks you, hey, what's the best restaurant in Tempe?  The answer to that is, have you voted and have you voted early?  If somebody asks you, hey, what's the weather going to be like tomorrow?  Your answer is, did you vote early?  If somebody asks you, what is the best class I should be taking here at ASU?  Have you voted and have you voted early?  In the next 11 days, our goal is to get people to vote early.  We cannot afford a traffic jam on election day like we had in 2022.  Do you guys realize what happened in 22, right?  Nothing worked.  The machines didn't work, the printers didn't work. If we wait until election day,  We're not going to win this. We're not going to save our republic. So we've got to vote early.  And then we're going to save our country.  We are going to secure the border.  We're going to stop the invasion at the border.  We are going to fully fund our police.  So we have safe streets and you guys can walk all through Tempe no matter what time, a day or night, and not have to worry.  And we're going to make sure that we are pushing people who've invaded our country back home to their homeland.  Are you okay with that?",neutral,0.39866695,0.5567659,0.04456719,Neutral & restrained,Warm but Reserved,Others,Measured & Composed,10.0,negative,0.3,0.2,0.5,0.3343295829,0.2281745683,0.4374958377899999
Republican,Arizona,Kari Lake,DBk4agEPC_b,2024/10/26,"The biggest lie that the media is trying to sell us is that this country is divided.

I've been all across this country and talked to people from all walks of life across Arizona, I've never seen our country more united. Democrats, independents, and Republicans are united to save our country.

We're going to prove it on November 5th.",neutral,0.3491204,0.47282112,0.17805846,17,negative,0.411764706,0.176470588,0.411764706,0.391957887,0.225458092,0.382584019," you have 10 friends.  They want us to think that it's Democrats versus Republicans.  Well, the Democrats are coming over to the America First side.  That's a true story.  All right, we're getting there.  Where? Where's a Democrat? Right there.  We got a Democrat. Welcome in.  How many of you used to be Democrat, used to be anti-Trump?  Wow, look at this.  Keep your hands up.  How many of you were brainwashed into being anti-Trump?  Raise your hands.  This is amazing, and you're no longer brainwashed.  You've woken up.  Who's got three friends?  You better have three.  We need more than three votes for you.  How many of you have one friend?  There's always that one who's got one friend.  All right, if you've got one friend or 10 friends,  in the next 11 days, you've got to reach out and talk to them.  All right, that's not bad.  All right, let's change it up a little bit.  How many of you have five friends?  You've got to vote early.  We cannot wait until Election Day, guys.  How many of you, this is your first time voting?  Oh my gosh, keep your hands up.  This is amazing.  Wait, keep your hands up.  You guys.  are voting in the most historic election in this entire history of our country.  You're voting in the most historic election.  I'm so excited for you.  I'm so excited for our country.  I know the people are with us.  The biggest lie is that we're 50-50.  First of all, you're not listening to the mainstream media, right?  You're not tuning in to CNN, are you?  I don't think so.  You're not tuning into MSDNC, right?  You're probably not even tuning into Fox or the local stations.  That's not where you're getting your information online.  And you've got to be very discerning about where the information is coming from.  This country is so united.  I'm going to tell you this because I've been around for 55 years.  I've never seen our country more united.  Democrats, independents, and republicans are united to save our country. Do you know that?",positive,0.6493381,0.32531556,0.025346298,Energetic & Bright,Warm but Reserved,Voter Mobilization,Measured & Composed,16.0,negative,0.4375,0.125,0.4375,0.40236003205625,0.1969951380625,0.40064482725625
Republican,Arizona,Kari Lake,DBkE1kPP4oS,2024/10/25,"Ruben Gallego talks like he's bipartisan. 

He's voted with Kamala and Biden 100% of the time, printing money like it's going out of style.

That's why EVERYTHING is more expensive now.

Ruben Gallego sold us out and caused this disaster. 

A vote for Kari Lake will reverse it.",negative,0.014649409,0.1479367,0.8374139,10,negative,0.4,0.2,0.4,0.371028745,0.243091894,0.385879375," to us by actually looking at how you could bring down costs. But why haven't you done that, Ruben?  He wants to act like he's bipartisan. He's voted with Kamala Harris and Joe Biden 100% of the time,  printing money like it's going out of style. And that's why your dollar is only worth 75 cents.  The price of everything has gone up. The price of eggs up over 100%. Nobody can afford housing  anymore. His vote caused a disaster. That is what this gentleman did, sold us out.  Mr. Gallego, how do you make living more affordable if you're considering?  When it backpack is responsible for the content of this ad.",negative,0.017903559,0.25410888,0.7279875,Neutral & restrained,Surprised & expressive,Others,Assertive & Direct,10.0,negative,0.4,0.2,0.4,0.3710287452299999,0.2430918944,0.38587937496
Republican,Arizona,Kari Lake,DBh6tczPMzt,2024/10/25,"It was wonderful to sit down with Laura Ingraham tonight to talk about the state of the Arizona Senate race and our urgent need to secure our border.

We MUST WIN & I need your help to do it. 

Fuel Our Fight! ⤵️
KariLake.com/Donate",positive,0.94633996,0.047932323,0.005727787,89,positive,0.505617978,0.202247191,0.292134831,0.510955984,0.231543167,0.257500847," Grew up under  sometimes challenging circumstances.  who made something of his life.  running against someone who is  attractive but believes  that politics is a performance art.  I guess Bill Clinton never changes, right?  Well, look, I'm a middle-aged mom, so anybody who gives me a compliment, I'm flattered.  But I'm happily married, Laura, and I'm probably too young for him.  And frankly, I don't want to get on Hillary Clinton's bad side.  That's a dangerous place to be.  100 percent. They know President Trump made our border safe.  They know I'll do the same. Go to Carrie Lake dot com. See where I stand on all the issues.  I want to put America first and make our state safe, secure and affordable again.  Well, he just lies. I mean, he comes right out and now he's trying to say he's for the border wall when he called it the dumb, stupid border wall and said he would never, ever, ever build it.  And he has voted to have open borders every step of the way.  We just came from the border. We were in Yuma 24 hours ago.  And they still have this huge area where about 100 people, 75 people a night come in.  And the federal government has put up a banner there basically telling them to go to the CB1 app and telling them how to get housing and where to go.  It's insane. We're paying for that. The federal government put that app together.  But I will tell you this. In January of 25, when President Trump is elected, when I'm elected in the Senate, we're going to use that CBP1 app and we're going to use it the other way.  We're going to find out who came in and we're going to send them back to their homeland, Laura, because in order to save our homeland,  they got to go back to theirs.  Truly, our country depends. I mean, we won't have a country if we have to do any more of these these people who are trying to destroy us.  You know, my internal polling looks much closer and better. I know what the polling is by talking to the people and the people are very active right now.  They're activated to vote for Trump and me, and they're learning finally a little bit more about Ruben Gallego.  The media hasn't covered him well. He spent one hundred million dollars doing an extreme makeover,  trying to paint himself into a moderate when he's the most radical left member of Congress that nobody's ever heard of.  He's voted with Kamala and Joe a hundred percent of the time.  Republican Carrie Lake running for Senate in Arizona against incumbent Ruben Gallego.  Carrie, it's great to see you.  There was a monster rally tonight that you did with Donald Trump and Tempe.  And the illegal population in your state is exploding.  So how does your opponent, like Harris, defend the party record on this?  How do they do it?  Yeah, that's worked out well for Arizona.  By the way, Kerry, first of all, I said he was a senator.  He's not a senator.  He's a candidate.  He's a congressman.  But, Kerry, you have a not-so-secret admirer.  Watch.  Well, finds you attractive, Carrie.  I mean, he's still the same old hound dog.  It's a dangerous place to be.  But Carrie, you think that this this Arizona is going to vote to save itself because of this onslaught of illegal immigration caused by the Democrat Party?  100 percent.  All right, Kerry, we are watching this race very closely.  Unbelievable rally tonight.  Kerry, thanks so much.  How is this state so close?  And, you know, you're down by some points against Gallego, who's a disaster senator.  So I don't understand this.  I always tell people, vote as if your life depends on it, because your life actually depends on it if this border stays open.",neutral,0.1497752,0.60874844,0.24147631,Assertive & Clear,Concerned & Empathic,Immigration,Assertive & Direct,87.0,positive,0.5172413793103449,0.1839080459770115,0.2988505747126437,0.5175176489287356,0.2212139212298851,0.2612684281402299
Democratic,Texas,Colin Allred,DBjVdGBhnh8,2024/10/25,"We've seen deadly consequences as a direct result of Ted Cruz's dangerous abortion ban. And on November 5, he's going to find out what happens when you mess with Texas women.",negative,0.00449518,0.06733256,0.92817235,18,negative,0.222222222,0.222222222,0.555555556,0.2885155,0.248509216,0.462975285," In Texas, SB 8 actually was enacted a year before the end of Roe.  And so you guys have had an abortion ban functionally for a year longer than the rest of the country.  It has led to this recent study from Johns Hopkins about increased infant death in your state.  Can you talk about that?  We've seen an enormous spike in infant death.  We've had a 56% increase in our maternal mortality rate.  Molly, we've had 20% of Texas OBGYNs who are saying they're planning on leaving the state,  13% saying they're planning on retiring early.  Among folks who are residencies to be OBGYNs in Texas,  many of them are saying they're not going to practice in Texas.  This is a crisis for us.  It already is.  We're not talking about what's coming.  We're talking about what's happening right now.  And if you want to start a family in Texas, it has become dangerous,  and it's becoming much more difficult.  And as somebody who, my wife and I, we've had two boys here in Dallas in the last five years,  I can tell you this is just not what anybody wants.  And so this is what we have to do is we have to talk about this on the national stage  because what Ted Cruz has done to women and families in Texas,  he does want to do nationally whatever he says.  Everybody knows this.  He spent his entire career on this.  When he ran for president, he went further and was saying that we should ban things like IVF  and certain forms of birth control.  So this is what we have to stand up to.",negative,0.014324254,0.27331755,0.7123582,Flat & analytical,Concerned & Empathic,Economic,Flat & Restrained,18.0,negative,0.2222222222222222,0.2222222222222222,0.5555555555555556,0.2885155004444444,0.2485092155,0.4629752851666666
Republican,Wisconsin,Eric Hovde,DBjM8mwsYgO,2024/10/25,"As your Senator, I work for YOU. 

I will NEVER be bought and owned by special interests like Tammy Baldwin.",neutral,0.20245425,0.60369164,0.19385411,6,neutral,0.333333333,0.5,0.166666667,0.355833371,0.428184229,0.215982387," I'm not taking special interest money.  And how about big tech? She says she's standing up to big tech.  What has she ever done to stand up to big tech?  She's taking millions from big tech.  She takes it hand over fist.  She says she's running, fighting against Wall Street.  She's taken massive amounts of money from Wall Street.  She says she's fighting against big pharma  and rising drug prices.  Look at what drug prices have done under her.  And look at how much money she's taken from big pharma.  I will only be your senator. I will never be bought and owned by special interests.",neutral,0.06499045,0.52333295,0.41167662,Neutral & restrained,Angry & Confrontational,Immigration,Subtle & Neutral,4.0,positive,0.5,0.25,0.25,0.420988276,0.301843668,0.2771680405
Republican,Ohio,Bernie Moreno,DBhwP3dNeCv,2024/10/25,"Sherrod Brown is lying to Ohioans because he can’t defend his own radical record.

In 12 days, we will send him into retirement. Help us get across the finish line at berniemoreno.com.",negative,0.011584025,0.14885296,0.8395631,42,negative,0.357142857,0.261904762,0.380952381,0.351176344,0.305185107,0.343638544," Well, again, thanks to a lot of support, people going on BernieMarino.com.  We're knocking on 150,000 doors a week.  We have a ballot-chasing operation.  We have a great ground game.  We've registered new voters.  And so far, Laura, over two weeks of early voting, we're leading.  There's more Republicans voting early in Ohio than Democrats,  but we need the support so that we can get back on TV  and fight him back on the airways where he's swamping us.  Well, remember, he wanted to be her vice presidential nominee in 2019 because the two of them were the most liberal senators in America.  So he hasn't changed.  What happens is he just pretends to be a moderate.  He has President Trump in his ads.  He wants you to believe he's bipartisan.  But, Laura, what's different this time is thanks to our ability to raise money, we've got him on the ropes.  We need more.  We need all your viewers to go on BernieMarino.com and help us because he's spending a fortune here to try to convince people he's something he's not.  Well, the problem with that approach is that he has a record.  He has a record in which we've lost 200,000 manufacturing jobs.  This guy's the grim reaper for corporations here in Ohio.  If he shows up in a factory, it's probably because it closed.  What I'm going to do is the opposite, Laura.  I'm going to make certain that we bring companies here that provide opportunity to people,  allow them to live a good life where they can own a home, own a car,  and live a life that's free of a government that's intrusive to them.  That's the difference between me and my opponent.  He's all talk, no action.  We're going to get things done.  That's what I've done my entire life in the private sector.  It's why I'm running, Laura, because we need people in Washington, D.C.,  who know how to get things done and how business works.  We're in Atlanta, Ohio, where GOP Senate candidate Bernie Moreno trying to unseat Dem incumbent Sherrod Brown.  Now, it's the most expensive race in the country.  And at one point it was leaning down.  Then it became a toss up.  Now, some say that Moreno has a slight edge.  The RCP has him up by a razor thin margin of point five percent.  Joining me now, Ohio Senate candidate Bernie Moreno.  Bernie, Ohio is going to go strong for Trump.  Brown knows this.  He didn't attend the DNC.  He's clearly trying to distance himself from Biden and Harris.  So why won't this work this time?  who know how to get things done.  Bernie, wait till you get here. You're not going to believe how corrupt Washington is.  I think everyone thinks they know how corrupt it is. Then they get to D.C. and like, oh,  my God, it's much worse than I ever thought. People say that Democrats and Democrats say  they have a much better ground game because they have a lot more money than Republicans do.  What about that in the state of Ohio where Trump should win handily?  Yeah, Republicans just have to volunteer.  I mean, volunteering and door knocking is really fun.  So everybody should just pitch in and help in Ohio.  Bernie, great to see you as always.  Thanks so much.  So he's trying to court Trump voters by basically saying he's a kind of a Democrat populist,  that he's strong on trade, trade protections for American corporations and so forth.  How does that seem as a strategy to close with as far as confidence for the Harris campaign and the Biden administration in general?",positive,0.799181,0.18662511,0.014193867,Flat & analytical,Concerned & Empathic,Immigration,Flat & Restrained,42.0,negative,0.3571428571428571,0.2619047619047619,0.3809523809523809,0.3511763443047619,0.3051851072380952,0.3436385439666666
Republican,Arizona,Kari Lake,DBhhJs9oT-N,2024/10/24,"We cannot let the destruction caused by Harris & Gallego's open border continue.

Come hell or high water, when I'm in the Senate and President Trump is in the White House, we WILL secure the border.",negative,0.06811452,0.3741325,0.5577529,28,positive,0.571428571,0.214285714,0.214285714,0.51924365,0.244537214,0.236219137," last dash to the finish line and so we are seeing a flurry of activity race for US Senate now  So yeah, there are a lot of questions with that proposition.  Who's going to fund it if local law enforcement is catching people coming across the border, etc.?  So Lake went on to call for the completion of a border wall.  Carrie Lake and Ruben Gallego hosting campaign events today.  Lake was down in Yuma, hosted a news conference right there at the border.  And she was asked about how she wants people to vote on Prop 314.  Now that's a proposition that would compel state law enforcement, Arizona law enforcement,  to arrest people seen coming across the border illegally.  and a return to the Remain in Mexico policy for immigrants who want to come across.  I want to see border security. I know that in January of 25, border security is coming.  come hell or high water.  When President Trump gets into office, no matter what we vote on,  No matter what we do, we are going to have border of security.  And I know the people of this country are ready for it.  So I've been really trying to stay out of telling people how to vote.  I think that the people of this country and this state are smart enough to vote, to read the propositions and vote the right way.",neutral,0.064050816,0.84338474,0.0925645,Neutral & restrained,Angry & Confrontational,Immigration,Assertive & Direct,27.0,positive,0.5925925925925926,0.1851851851851851,0.2222222222222222,0.5301221714,0.2283769131111111,0.2415009168037037
Democratic,Michigan,Elissa Slotkin,DBhbwL1g58Q,2024/10/24,The way that we get through political instability *every single time* is with engaged citizens and principled leaders.,neutral,0.37031204,0.5519568,0.07773115,1,neutral,0.0,1.0,0.0,0.36830527,0.55939674,0.072297975," We need to wear our patriotism on our sleeves.  You are all here.  You're not here for your health, right?  You are here because you want your country to be better, because we want to get past  this period of zero sum politics where we can't even discuss, you know, uh, kind of,  you know, chicken coop policy with our neighbors because of politics, right?  This is not how it's always going to be.  We are in a 10-year period of political...  instability in the United States of America. Historians will write  books about this time, but it will not be forever.  And the way that we get through it every single time,  every single period of our history is two things.  engaged citizens, and principled leaders.  Engaged citizens who do a little bit more than they're used to doing, they say, oh my gosh, I got to help my country.  And they get involved.  They do some volunteer work.  They come to an event.  They engage.  and then principled leaders ready to receive the ball  and do something about it.",neutral,0.08979014,0.5510169,0.359193,Neutral & restrained,Surprised & expressive,Economic,Assertive & Direct,1.0,neutral,0.0,1.0,0.0,0.36830527,0.55939674,0.072297975
Republican,Pennsylvania,Dave McCormick,DBhKZq9SnC6,2024/10/24,Attacking PA small business owners instead of taking responsibility for the inflation he created shows you that Bob Casey has been in DC way too long.,negative,0.007771922,0.12380159,0.86842656,2,negative,0.5,0.0,0.5,0.459607826,0.068826849,0.471565378," And this week, Bob Casey decided to further twist the knife.  It was a vindictive move to score political points, attacking small businesses and employees instead of accepting the responsibility.  This was after President Trump's visit.  The very next day, Senator Casey sent a letter to the CEO of McDonald's attacking McDonald's for high prices.  I wonder if there's a connection between President Trump's visit and the attacks by Senator Casey.  basically telling a Pennsylvania McDonald's franchisee that he's to blame for high prices.",negative,0.009652826,0.21859774,0.77174944,Neutral & restrained,Positive & engaging,Voter Mobilization,Emotive & Engaging,2.0,negative,0.5,0.0,0.5,0.4596078255,0.068826849,0.4715653775
Republican,Pennsylvania,Dave McCormick,DBfJqzQtw4I,2024/10/24,"Bob Casey is in the race of his life, and he knows it.

In 13 days, we are going to win PA and change the direction of our country.

CONTRIBUTE TODAY: davemccormickpa.com",positive,0.80991745,0.18149129,0.008591256,1,positive,1.0,0.0,0.0,0.9501315,0.045071118,0.004797463," for some of these senate candidates on the democratic side their internal  polling is up here that the public polling  I wish they did.  And I've got a tough race myself.  Bob Casey has never faced anybody like Dave McCormick.  Captain of the wrestling team at West Point, then went on to serve his country in combat,  went into business, phenomenally successful, created an awful lot of jobs here in Pennsylvania.  He's the kind of Republican that can win general elections in Pennsylvania.  The Washington Post poll out, has this race tied?  And UCN polling shows it is neck and neck.  That is a big deal.  Casey, the Democratic senators are the top race.  All eyes are on the Pennsylvania Senate race.  Pay attention to that senatorial race in Pennsylvania.  He is surging in the polls.  This is really important and remarkable.  Cook Political Report moving on Pennsylvania.  They've moved that Senate race from lean Democrat to toss up.  Do those numbers match your internal numbers, Senator?",neutral,0.38005888,0.5241324,0.09580866,Energetic & Bright,Angry & Confrontational,Economic,Subtle & Neutral,1.0,positive,1.0,0.0,0.0,0.9501315,0.045071118,0.004797463
Democratic,Texas,Colin Allred,DBhJRr2v1x2,2024/10/24,"Ted Cruz can try to take credit for the CHIPS Act, but Texans know the truth about his record: he didn’t vote for it. I did. Texans deserve a Senator who will actually invest in jobs in our state.",negative,0.038422707,0.42243263,0.53914464,16,negative,0.375,0.25,0.375,0.365792929,0.254833542,0.379373522," done by other people.  It's not being done by him.  When the rubber meets the road, and you have to actually pass a bill to help Texans and to help Americans, he's not there.  Whether it's the Chips and Science Act that John Cornyn helped us pass, that really no state is benefiting more from than Texas, Ted Cruz votes against it.  Then he wants to show up later at semiconductor manufacturers and talk about the work that we're doing at the federal level.  Well, he's a free rider there.  Congressman Colin Allred spoke with business and industry leaders about the CHIPS Act.  Congressman Allred supported the passing of the law two years ago.  Since then, it's led to billions of dollars in investments right here in Central Texas,  including money for Samsung to expand its operations here.  At one point, the U.S. was producing about 40 percent of the world's chips,  but that has since dropped down to about 10.  its projects. So look, the CHIPS Act actually had two components in it. It had a bill called  the FABs Act and a bill called the CHIPS Act. The FABs Act, I was a co-sponsor of. The work is being  This program was part of the CHIPS Act, which I believe you voted against.  So just walk me through how you get from opposing the bill to now promoting it.",neutral,0.05495713,0.5701773,0.37486556,Flat & analytical,Concerned & Empathic,Immigration,Flat & Restrained,14.0,negative,0.4285714285714285,0.1428571428571428,0.4285714285714285,0.3858314106428571,0.1939718556428571,0.4201967278
Democratic,Texas,Colin Allred,DBguPvgPb7W,2024/10/24,This is the reality of Ted Cruz’s extreme abortion ban.,negative,0.012862328,0.24460466,0.742533,6,neutral,0.333333333,0.5,0.166666667,0.401242581,0.412703448,0.186054023," I've talked to young women who've talked about, told me how they have a plan to leave the state with their friends if they have to.  I mean, these are the conversations that are going on here in Texas.  And this is on Ted Cruz.  And this is his abortion ban.  He is uniquely responsible for it here in Texas because of his career working towards this.  The federal level putting judges on the courts to do this, but also at the state level backing extreme legislators, you know, calling for and cheering on the Dobbs decision.",neutral,0.037987202,0.7304928,0.23152001,Flat & analytical,Concerned & Empathic,Others,Flat & Restrained,6.0,neutral,0.3333333333333333,0.5,0.1666666666666666,0.401242581,0.4127034476666666,0.1860540231666666
Democratic,Texas,Colin Allred,DBfRqi6vbyh,2024/10/24,Texans: your vote is so powerful. Don't let anyone stop you from making your voice heard. Head to colinallred.com/vote to make your plan to vote today.,positive,0.68224365,0.29821217,0.019544203,30,positive,0.6,0.233333333,0.166666667,0.564104864,0.27645487,0.15944027," How do you get around that voter suppression and get Houston out?  Texas also happens to be the source of the largest physical number of black voters in America.  How do you get them out and how do you get Latino voters out specifically?  Well, it's actually Harris County, Joy, but the point is right, right?  And which is that it's been a focus for so long because it's our biggest, most diverse county.  And what we're already seeing in the early voting numbers is that Texans are saying, you're not going to stop me from voting.  When I first got involved with voting rights, and I was doing that long before I ran for office,  the conversation was much different because the attacks on the right to vote were much more subtle at that time.  Now they're pretty much openly saying that we don't think certain folks should be voting.  And that also is triggering a backlash.  And so we are doing our work in terms of organizing.  And there are literally tens of thousands of doors that are being knocked on and phone calls that are being made.  And that's important.  But it's also true that Texans are waking up to the fact that their vote must be so powerful that they're trying to stop you from doing it.  And so that's what I think we're going to see in this election.  We're already seeing signs of it in the early voting.  It's going to continue, I think, through Election Day.  Houston and Harris County are certainly not going to be held down by these folks.  And we're looking forward to making sure we get folks out to vote.",neutral,0.040898055,0.6147044,0.3443976,Flat & analytical,Concerned & Empathic,Economic,Flat & Restrained,29.0,positive,0.6206896551724138,0.2068965517241379,0.1724137931034483,0.5757800814206897,0.2625096814137931,0.1617102423206896
Republican,Wisconsin,Eric Hovde,DBhDrxDSU14,2024/10/24,"Who’s ready to WIN?

EricHovde.com/vote 🇺🇸",positive,0.725132,0.2672334,0.007634635,14,positive,0.428571429,0.285714286,0.285714286,0.397557398,0.321866707,0.280575874," I love my country. That's why I made the decision to get in this race nine months ago. I need you  to call your friends, your neighbors, your colleagues. We've got to restore our great  country. We will win in November. We will restore America and make this country great again.",positive,0.9400453,0.05086176,0.00909295,Energetic & Bright,Angry & Confrontational,Voter Mobilization,Emotive & Engaging,12.0,positive,0.5,0.1666666666666666,0.3333333333333333,0.426229704875,0.2620335995833333,0.3117366725833333
Republican,Wisconsin,Eric Hovde,DBfC0HNpdJz,2024/10/23,Checking in from the road. The momentum is undeniable all over our state. 13 days until VICTORY! 🇺🇸,positive,0.94506484,0.051861793,0.003073382,10,positive,0.5,0.4,0.1,0.501296802,0.333948079,0.164755132," Well, the bus tour is well underway.  Getting ready to go give a speech.  And, uh...  Bombing every part of the state. We'll be going non-stop for the last 13 days.  I'm going to run until I collapse over the finish line.  On to victory.  We're up in northern Wisconsin in Polk County.  And you know what's really cool driving around?  Seeing all the Trump up-dee signs everywhere.",positive,0.481957,0.3786583,0.13938479,Energetic & Bright,Angry & Confrontational,Economic,Emotive & Engaging,9.0,positive,0.5555555555555556,0.3333333333333333,0.1111111111111111,0.5319382731111111,0.2954017152222222,0.1726600262333333
Republican,Wisconsin,Eric Hovde,DBeRaFPp-Oi,2024/10/23,NEW AD: It’s time to END the corruption. It’s time for change.,neutral,0.081998326,0.49638778,0.42161396,11,negative,0.181818182,0.363636364,0.454545455,0.273902463,0.337149637,0.388947894," Washington is corrupt. Senator Baldwin says she fights against Wall Street, and yet she lives with a Wall Street executive and gets all this money from Wall Street.  She says she's standing up to Big Pharma and Big Tech, but look at the money she rakes in from Big Pharma, Big Tech, and their executives.  Senator Baldwin doesn't work for you. She works for them.  Hi, I'm Eric Hovde. I approve this message. I'm not taking their special interest money. I'll only work for you.",negative,0.022160599,0.2574563,0.7203831,Neutral & restrained,Angry & Confrontational,Economic,Subtle & Neutral,9.0,negative,0.2222222222222222,0.2222222222222222,0.5555555555555556,0.2846533302222222,0.260768368,0.454578297
Republican,Arizona,Kari Lake,DBe-TZsy_4E,2024/10/23,Watch until the very end…,neutral,0.40277636,0.57089216,0.02633148,1065,positive,0.555868545,0.117370892,0.326760563,0.529938218,0.181206638,0.288855144," government  It's absolutely disgusting.  It's treasonous.  made an app to bring people here illegally.  And it is the biggest insult to the people of this country and the people of Arizona.  And I'm going to stand up and fight these bastards every step of the way.  And I know President Trump is as well.  We're sick and tired of it.  And frankly, we're pissed off.  And I'm ready to get in there and go to work.  And I don't know.  Any lobbyist, any money, Ruben Gag was sleeping with a lobbyist.  I'm not.  I don't owe any...  Entity back east, I don't know any.  consultant money i don't know anybody any favors except for the people of this state  And I have vowed to them we're going to do everything to protect them.  If that doesn't make your blood boil, I don't know what will.  There's an app out there for people in all these different countries.  You just go on that app and say, I want to come to America,  and they'll facilitate you coming here illegally.  That way you don't have to come through and we don't have to get the video of it.  And this crap is going to stop.  coming people over, coming over every night, 75, 100 people every night.  busing him in from San Diego.  bringing them in over the app.  putting them up in four-star hotels and in apartment complexes and kicking Americans out.  It is the worst thing I've ever seen happen in my lifetime in this country.  And I will do everything in my power to make it come to an end.  And I look forward to it.  It's going to be fun.  You know, the buses, if they can bring them in, they can certainly bring them out.  And when we're done with our campaign, I'm happy to take our tour bus here  and turn it into a bus where we load it up with people who invaded our country  and send them back home.  will help in any way possible.",negative,0.021632375,0.15964311,0.8187245,Neutral & restrained,Surprised & expressive,Abortion,Assertive & Direct,1056.0,positive,0.5606060606060606,0.1098484848484848,0.3295454545454545,0.5325326608995266,0.1769481835426136,0.2905191555637311
Republican,Arizona,Kari Lake,DBc_fwXp1IF,2024/10/23,I’d like to introduce to you to the “Pilot & Co-Pilot” of our #MakeArizonaGrandAgain Bus Tour… 🐾 🤪,positive,0.7888629,0.20890015,0.002236927,146,positive,0.760273973,0.143835616,0.095890411,0.706158591,0.194440002,0.09940141," Hey, Arizona. Contrary to popular belief, I'm not the one driving this bus on our tour.  I'd like to introduce you to the pilot and co-pilot of the Make Arizona Grand Again bus tour.  We're having a great time, and I need you to go out and vote.  Vote early and get your mail-in ballots turned in right away.  Let's make Arizona grand again and make America great again.",positive,0.8767862,0.11269407,0.010519723,Assertive & Clear,Positive & engaging,Others,Assertive & Direct,146.0,positive,0.7602739726027398,0.1438356164383561,0.0958904109589041,0.7061585905958904,0.1944400017705479,0.0994014096287671
Democratic,Texas,Colin Allred,DBe-CJ3uWVs,2024/10/23,"Clear eyes, full hearts, can’t lose… beat Cruz!",positive,0.82323337,0.16244218,0.014324448,35,positive,0.628571429,0.085714286,0.285714286,0.599548456,0.179213293,0.221238258," Clear eyes, full hearts.  Be Cruised!  Hey, Colin.  Election Day is just less than two weeks away. That's right. So everybody get out and vote. Yeah.  Hey Texas, I have somebody I want you to meet.",positive,0.9123307,0.081646144,0.006023148,Flat & analytical,Flat & Neutral,Economic,Flat & Restrained,34.0,positive,0.6470588235294118,0.0588235294117647,0.2941176470588235,0.6105491885,0.1644588204411764,0.224991999
Democratic,Texas,Colin Allred,DBe5QEuoxtm,2024/10/23,"Ted Cruz can try to hide, but Texans know who he really is. He's too small for Texas, and on November 5th, we're going to fire him.",negative,0.006227213,0.078694575,0.91507834,32,positive,0.59375,0.21875,0.1875,0.574659746,0.244821111,0.18051914," Yeah, I'm not really interested in our past. I'm interested in our future.  And the fact is, is that Ted Cruz is too small for Texas.  I've been endorsed by every major editorial board in our state.  We had a debate the other night where I think I exposed him for what he is.  We are working right now and seeing already fantastic early voting turnout.  And we don't have to have a senator who goes to Cancun when we need them most or who takes away a fundamental right from Texas women.  And this is not who we are. I'm a fourth generation Texan and I know who we are.  And so this is an election about our future. And on November 5th, we're going to turn the page and beat Ted Cruz.  So why do you think this year could be the year?  Democrats have been saying this now at least the last three election cycles.",neutral,0.14301023,0.54147214,0.3155176,Flat & analytical,Concerned & Empathic,Economic,Flat & Restrained,30.0,positive,0.6333333333333333,0.1666666666666666,0.2,0.59793549125,0.2157514949666666,0.1863130109066667
Democratic,Pennsylvania,Bob Casey,DBexm1FpKt3,2024/10/23,"What three items would you bring if you were stuck on an island?🏝️

Here are my top three.",neutral,0.08648383,0.8719443,0.04157191,27,neutral,0.222222222,0.407407407,0.37037037,0.303923,0.300857337,0.395219648," The first one is a food item.  Well, I think I can combine this into two food groups,  beer and cookies.  Lots of options on cookies, but India Pale Ale beer.  And there are lots of breweries in Pennsylvania.  I'm not gonna pick one.  Okay. Usually on a beach in America or on a desert island, most Americans are reading the history of Pennsylvania.  That's what I would want on the desert island.  And you can see it's a lot of reading, so you could be on that island for a while.  So if I'm on a desert island alone, I would need a lot of help.  So I would call the person who  is a jack of all trades, a multitasker par excellence.  That, of course, is my wife, Therese.",neutral,0.4057414,0.5685742,0.025684457,Neutral & restrained,Surprised & expressive,Campaign Endorsements,Subtle & Neutral,24.0,negative,0.25,0.3333333333333333,0.4166666666666667,0.3137229303333333,0.2533563349583333,0.4329207189375
Democratic,Pennsylvania,Bob Casey,DBeN2BxsttT,2024/10/23,This visit to the @theclementemuseum was a special one.,positive,0.97677714,0.020461248,0.002761633,5,positive,0.8,0.2,0.0,0.79428283,0.16693766,0.038779515," We look for the unique stories that nobody knows.  My name is Duane Reeder. I'm the curator of the Clemente Museum. I founded this back in the 90s  with a little photographer named Les Banos, and he was fantastic. And he took a photo.  of Senator Casey as a child with his father, the governor.  You're on the wall of the Clemente Museum.  The biggest, and we have them all right here.  And I let Major League Baseball players swing them, and they get the Clemente Mojo.  You don't need it.  I get to touch the mat.  But why don't you?  Yeah, it's just game, game.  1971 series?  about  If you look up the definition of a hero, someone who gives up their life helping others, that's Roberto Clemente.  Senator Casey and Roberto, you know, they have some things in common, and it's being good, decent people.  I wish my little-age humans could see me holding this bat.  Oh, there it is, yeah.  Yeah.  You can see Clemente holding the pen.  Yeah.  Look how big his hand is.  Oh, they're giant.  The amazing thing about Clemente is how big a bat he is.  So he uses that.  bat from 1971 series. I wish my little league teammates could see me holding this bat.  How are you?  Good to see you.  Good to be back here.",positive,0.7687725,0.22418253,0.007044978,Flat & analytical,Positive & engaging,Abortion,Emotive & Engaging,5.0,positive,0.8,0.2,0.0,0.79428283,0.1669376596,0.03877951534
Democratic,Ohio,Sherrod Brown,DBemP6LqCuF,2024/10/23,"""Workers are the center of what we should fight for in government."" - @sherrod 
#PodSaveAmerica #CrookedMedia #Unions",neutral,0.19088829,0.7413575,0.06775419,8,negative,0.125,0.25,0.625,0.143239873,0.277557917,0.579202206," I wear, when I have a suit on, I wear a pin.  It's a...  canary in a birdcage. Mine workers used to take a canary down to the mines when they  didn't have a union strong enough or a government that cared enough to help them.  He was really on his own.  I wear that pin signifies to me that workers are the center of what we should fight for in government.  I don't know that Democrats around the country have focused on that the way that we should.  And workers, that symbol also means to me that 100 years ago, Wall Street didn't come to us and say, hey, I think we should start Social Security and take care of seniors.  We fought for it.  We demanded it.  We got it.  The polluters didn't come to us and say, it's time to clean up Lake Erie.  I want to help.  We had to force them, demand it, and make it happen.  We didn't create Medicare because the health insurance interests wanted to help us.  Civil rights didn't happen because a bunch of Southern segregationist senators said it's time to give them the vote.  What do you make of a lot of unions in this cycle?  You see a lot of the leadership is for Kamala Harris and for Democrats, some of the rank  and file sort of drifting towards Trump.  Seen that in places in Michigan.  I've heard union members be interviewed.  Some of their fellow workers are a little more pro-Trump.  I've heard that in some other states.  What do you think is going on there?",neutral,0.13124776,0.7554083,0.11334397,Flat & analytical,Flat & Neutral,Immigration,Flat & Restrained,8.0,negative,0.125,0.25,0.625,0.14323987255,0.2775579165,0.579202205875
Republican,Pennsylvania,Dave McCormick,DBeHonPOfN3,2024/10/23,"I’m a seventh-generation Pennsylvanian, West Point Grad, and political outsider running against a 30-year career politician who’s out of touch with our commonwealth.

It’s time for a change. Great to be on with @seanhannity!",positive,0.43261093,0.42384082,0.14354831,4,negative,0.25,0.25,0.5,0.352066746,0.269785338,0.378147929," Yeah, this is ground zero. The Keystone State, you see it at the presidential race and you also see it in the Senate race.  I mean, President Trump has great momentum.  It's the race between strength and common sense policies versus the weakness of Kamala Harris in this radical San Francisco liberal agenda.  For me, my race has moved a lot. There's a huge momentum. I can feel a movement.  For those who want to learn more about me or support my campaign, it's DaveMcCormickPA.com.  And the race is really between a seventh generation Pennsylvanian, a West Point grad, a combat vet from the 82nd Airborne Division,  and someone who's a business guy and a political outsider versus a career politician.  Bob Casey has been in elected office 30 years, 18 years in the Senate.  He's weak and he's adopted this radical liberal agenda and voted 99 percent of the time with Biden and Harris.  So he's voted for wide open borders. He's voted for sanctuary cities, voted or supported defunding.  The police, he's been in lockstep with all this reckless spending that's created this huge skyrocketing prices.  And he's even supported biological males competing in women's sports.  So this is a guy who's lost touch with Pennsylvania.  And I think people are now seeing this race as a race between change and the status quo.  And I think that's why it's closed and why the momentum and the wins at my back.  All right. The battle for control of the U.S. Senate is now heating up in Pennsylvania.  Republican Dave McCormick is now surging against incumbent and that's Democrat Bob Casey.  In fact, the Cook political report, they now move that race from lean Democrat to toss up as of yesterday.  And for the last couple of weeks, Bob Casey has adopted a pretty unique and interesting strategy,  basically running as a Trump Republican, touting his ties to Trump while failing to mention his radically liberal record  or his ties to Democrats. We're going to talk with Dave McCormick.  We're going to talk with Bernie Marino. We're going to talk to the candidate in Michigan as well, Mike Rogers.  But joining us first is Pennsylvania candidate Dave McCormick.  You're up in the last three polls that I've seen. You are surging big time.  You saw the Cook report and Bob Casey is tying himself to Trump.  And he never says in an ad that I'm a Democrat ever.",neutral,0.46680075,0.48312852,0.050070748,Neutral & restrained,Concerned & Empathic,Economic,Flat & Restrained,3.0,negative,0.3333333333333333,0.0,0.6666666666666666,0.3942478076666666,0.1327586673333333,0.4729935455666667
Republican,Pennsylvania,Dave McCormick,DBclc_ntu-H,2024/10/23,"A lot of diet cokes keeping us fueled up for stops in Westmoreland and Butler! 

14 days until victory, PA. Let’s get the job done 💪🇺🇸",positive,0.92677844,0.06981563,0.003405953,15,positive,0.866666667,0.066666667,0.066666667,0.788773516,0.152862795,0.058363683," Another busy day on the campaign trail.  14 days to go.  Started in Pittsburgh, went to Westmoreland County.  and demand.  I'm headed to a TV interview right now in Pittsburgh and then out to Butler County to meet with small business owners  and then have an opportunity to be on hand and knee tonight.  So busy days, couldn't be more excited.  Diet Coke keeping me going.  Got one from Chick-fil-A today.  It's probably five or six so far.  uh... headed into the home stretch could be more excited about it  Spend some time at a fentanyl testing center.  We've got to deal with this.  It's a national.  crisis we got to deal with harm reduction supply",positive,0.9192075,0.07681783,0.003974647,Neutral & restrained,Surprised & expressive,Immigration,Assertive & Direct,15.0,positive,0.8666666666666667,0.0666666666666666,0.0666666666666666,0.7887735157333334,0.1528627954999999,0.0583636827
Republican,Ohio,Bernie Moreno,DBczc6yt8m7,2024/10/23,"2 weeks until Election Day, and we have all the momentum!

Go to berniemoreno.com and help us retire Sherrod Brown.",positive,0.77585393,0.21600893,0.008137147,28,positive,0.642857143,0.071428571,0.285714286,0.574669682,0.180894746,0.244435563," All right, Bernie Marino, we're watching Ohio very, very closely.  Well, the actual technical number is 98% of the time, Sean, but 100% of the time when it mattered.  And more importantly, when President Trump was in the White House,  Sherrod Brown voted against him 100% of the time when it mattered.  Look, I was at a school today visiting a kindergarten, first grade, second grade charter school  that just opened here in Columbus.  A little six-year-old boy raised his hand and said, I know that man, that's Bernie Marino.  And I also know Sherrod Brown is too liberal for Ohio.  So if a six-year-old gets it, I think the people of Ohio get it.  It's time to get rid of this 50-year politician.  Put an outsider in there, a business person that actually knows how to get things done  is always going to put the interests of the American people first.  No, he hides from Joe Biden and then he now hides from Kamala Harris.  Although, by the way, Sean, remember, he wanted to be Kamala Harris's vice president in 2019.  And now he can't run far enough from her.  He runs ads with President Trump in it.  Look, the reality is this guy, like Kamala Harris, is a complete fraud.  He's not who he says he is because he can't run on his actual record.  You have it scrolling down on your screen.  Can you imagine having to run on that record?  You'd get slaughtered in a campaign.  So all he has is available to him is to lie.  We're not letting him get away with it, which is why we're going to win this race.  polls showing Republican Bernie Moreno now leading Democratic incumbent Sherrod Brown by three points.  Here with reaction, Ohio candidate Bernie Moreno. What we're doing with each candidate is we're  showing the record. In this case, Sherrod Brown's radicalism. What percentage of the time does he  vote with Harrison Biden?  And what's interesting about this race, again, he doesn't want to be tied to Kamala or Joe at all.  Right.",neutral,0.1511909,0.7501551,0.09865402,Neutral & restrained,Concerned & Empathic,Voter Mobilization,Flat & Restrained,28.0,positive,0.6428571428571429,0.0714285714285714,0.2857142857142857,0.5746696817857143,0.1808947463392857,0.2444355634178571
Republican,Michigan,Mike Rogers,DBct3jQPJvw,2024/10/23,"I just joined Sean Hannity to discuss the state of our race, why all eyes are on Michigan, and exposed the radical record of Congresswoman Slotkin. 

With just two weeks until Election Day, I need your help to get across the finish line. Join our movement at RogersForSenate.com",neutral,0.12833506,0.81285393,0.058810998,9,positive,0.666666667,0.111111111,0.222222222,0.523482033,0.275353793,0.201164166," Now, Republicans now are doubling down on their efforts to flip the open Senate seat.  This one in Michigan. Polls show another toss up a one point race.  Joining us with reaction, Michigan Senate candidate Mike Rogers is with us now.  In your case, too, you've got Alyssa Slotkin with a radical record, voted with Biden 100 percent of the time.  And like like in the case in Pennsylvania and Ohio, she's running as far away from Kamala and Joe as possible.  Why would they be running away from the top of the ticket?  You know, when a company like Ford that has high paying career jobs for rank and file UAW members and they lose four point five billion dollars because of that, they are forced to sell cars they don't want to sell.  Now, I'm not against electric vehicles at all, but I would say the companies that want to build them like Tesla, for example, buy it from them.  If Ford decides they want to and it's in their best business interest, let them do it.  But don't force them to do things that are going to cost them four point five billion because that's going to be a loss of jobs for union workers in your state.  I can't believe that your opponent that your opponent in this race supported that and then lied about it.  Anyway, Mike Rogers, thank you. Appreciate it.  You know, all of their policies, Sean, has given you higher gas prices, higher grocery prices.  Here in Michigan, they voted for EV mandates.  My favorite was my opponent went about six weeks ago on the House floor of the United States Congress,  voted for EV mandates, and then came home and ran and added, said, I'm not for EV mandates.  I have never seen such dishonesty in my life that I have in this campaign.  They're all trying to be Republicans today.  Now they're for no spending.  Now they're not for EV mandates.  Now they're going to be tough on the border.  Listen, this tells you that their campaigns are imploding.  And people in Michigan know that their grocery prices, their gas prices, their housing prices,  the fact that we had 2,400 layoffs at Stellantis, 1,000 at General Motors,  Ford lost $5 billion because of this crazy EV mandate coming out of Washington and Democrats,  is costing them their future.  And so that's why I think we're winning, Sean.  And I think people.  Are starting to get the fact that no matter what they're saying on TV,  that's not what they're doing in Washington, D.C.",neutral,0.10630347,0.81236887,0.0813277,Neutral & restrained,Flat & Neutral,Immigration,Subtle & Neutral,9.0,positive,0.6666666666666666,0.1111111111111111,0.2222222222222222,0.5234820331111111,0.275353793,0.2011641662777777
Republican,Arizona,Kari Lake,DBcaY7TSESQ,2024/10/22,"See you SOON, Yuma! 💪 
LET’S VOTE EARLY! 🗳️",positive,0.898705,0.097920164,0.003374814,88,positive,0.75,0.125,0.125,0.708285942,0.189774401,0.101939657," Hey, Yuma, it's Carrie Lake, and we are on the way to Yuma.  We're going to be there at 4 o'clock.  We're meeting everyone at the county recorder's office because we're going to vote early.  We are so ready to get those votes in and make sure we are.  just stacking up the votes, banking the votes before Election Day.  So join us at 4 o'clock at the County Reporter's Office,  and we have a whole night of great events planned.  We'd love to meet with you and talk to you.  Can't wait to see you.  Bye-bye.",positive,0.87227166,0.12521978,0.002508532,Assertive & Clear,Concerned & Empathic,Voter Mobilization,Assertive & Direct,88.0,positive,0.75,0.125,0.125,0.7082859418602273,0.1897744011818182,0.1019396573386363
Republican,Wisconsin,Eric Hovde,DBcNsVBpX9X,2024/10/22,"Don’t leave this election to chance. 

VOTE, VOTE, VOTE! 🇺🇸

Find your polling location: http://hovde24.com/cy0xgigj",neutral,0.19789107,0.6640092,0.1380997,23,positive,0.608695652,0.173913043,0.217391304,0.600798617,0.196956435,0.202244938," There's a lot of excitement out there.  The polls so far have been so crowded.  We've heard so many lines of people getting out there to vote.  So it's happening.  Let's do it.  Early voting started today.  Both my wife and I got out.  We got our stickers.  We voted.  Get them out voting. Get them on our side.  It's time to restore America, everyone.  Let's save our great country.  Let's go do it.  Now, it's two weeks left.  We need everybody to get out there, grab your friends, grab your family members, your neighbors,  the people you go to school or play sports with or go to church with.",positive,0.9346938,0.06001205,0.005294148,Energetic & Bright,Positive & engaging,Others,Emotive & Engaging,21.0,positive,0.6666666666666666,0.0952380952380952,0.238095238095238,0.6365390985380952,0.1508698718095238,0.2125910199095238
Republican,Michigan,Mike Rogers,DBcEn1vPDpy,2024/10/22,"I’ve always stood up to China, and I’ll stop Slotkin’s China deal.",neutral,0.1067097,0.5171103,0.37618002,3,negative,0.333333333,0.0,0.666666667,0.337193822,0.166663545,0.496142637," Congresswoman Slotkin keeps voting for Biden's EV mandates, killing Michigan jobs.  Slotkin signed a secret deal that helped a Chinese EV company, then voted to use your tax dollars to buy Chinese EV chargers.  Slotkin's China deal paid off for her.  That same anti-union Chinese EV company funneled campaign cash to Slotkin.  Join Mike's team.  I'm Mike Rogers. I approve this message. I've always stood up to China, and I'll stop Slotkin's China deal.",negative,0.026429594,0.2500615,0.7235089,Emotional & reactive,Surprised & expressive,Immigration,Assertive & Direct,3.0,negative,0.3333333333333333,0.0,0.6666666666666666,0.3371938223333333,0.166663545,0.4961426366666666
Republican,Pennsylvania,Dave McCormick,DBbyuzJOJfr,2024/10/22,Let’s make a change.,neutral,0.37677443,0.5936684,0.029557133,4,negative,0.5,0.0,0.5,0.508080787,0.113009464,0.378909747," The United States Military Academy, West Point.  And we've got to make a change.  Bob Casey's had 18 years, and he's never made a difference.  He's too weak.  I'll go hard every day.  When I screw up, I'll own it.  duty, honor, country. That's my commitment.  Let's make a change.  I'm Dave McCormick. I approve this message.  It gave me the code I live by.  duty, honor, country.  I'm Dave McCormick. Our country is stuck.",negative,0.03935976,0.23601516,0.7246251,Neutral & restrained,Flat & Neutral,Others,Subtle & Neutral,4.0,negative,0.5,0.0,0.5,0.5080807865,0.11300946425,0.37890974685
Democratic,Texas,Colin Allred,DBbS6bQv7Qk,2024/10/22,"Texans need a Senator we can count on. One who will fight to create jobs, protect Social Security and Medicare, secure the border and restore abortion access.

Ted Cruz doesn’t care about any of that, he only cares about himself. And together we are going to fire him.",neutral,0.16254576,0.50168014,0.33577412,328,positive,0.716463415,0.106707317,0.176829268,0.677546439,0.166266124,0.156187437," Can't take his time and answer.  No, no, you can't have my time.  I'm Colin Allred.  I'm a fourth-generation Texan.  I'm a husband and a father.  I was raised here in Dallas by a single mom who's a public school teacher.  And I've been shaped by every part of this state.  He talks tough, but he never shows up.  We have a phrase for this in Texas, all hat and no cattle.  This is a pattern for him.  He's never there for us when we need him.  When the lights went out in the energy capital of the world, he went to Cancun.  On January 6th, when a mob was storming the capital, he was hiding in a supply closet.  And when the toughest border security bill in a generation came up in the United States Senate, he took it down.  So to every Texas woman at home.  The truth is, we don't have to be embarrassed by our senator.  We can get a new one.  That's what this election is all about.  That's what I'm asking Texans to give me a chance to do.  and every Texas family watching this,  understand that when Ted Cruz says he's pro-life,  he doesn't mean yours.  What I think is that folks should not be discriminated against.  And what Senator Cruz should try to explain to you is why he thinks they should.  You can't be for the mob on January 6th and for the officers.  You can't.  And it's not funny.  Because you're a threat to democracy.  I know where I was and I know where he was.  I took off my suit jacket and I was prepared to defend the house floor from the mob.  At the same time, after he'd gone around the country lying about the election,  when that mob came, Senator Cruz was hiding in a supply closet.  This election is his accountability.  If Senator Cruz is telling you something that doesn't match what you're seeing from others,  then it's probably because he's lying.  Senator Cruz just looked into a camera and lied to Texans.  I don't want to be a former NFL linebacker to recognize a Hail Mary when you see one.  You know, when Ted Cruz starts talking about team sports, you've got to watch out  because the only position he ever played was left out.  And I'm not trying to be mean, Senator, but just sit this one out, please.  This is not freedom.  I trust Texas women to make their own health care decisions.  Senator Cruz treats our border communities like he's going on some kind of a safari.  He comes down, he puts on his outdoor clothes, he tries to look tough,  and he goes back to Washington and does nothing to help.",negative,0.025446137,0.33157173,0.6429821,Flat & analytical,Concerned & Empathic,Economic,Flat & Restrained,326.0,positive,0.7208588957055214,0.1012269938650306,0.1779141104294478,0.6803195853021473,0.163109073392638,0.1565713412254601
Democratic,Texas,Colin Allred,DBaaQYxMm0g,2024/10/22,"Everything is bigger in Texas, but Ted Cruz and his extreme vision are too small for our state. In 15 days, we’re turning the page on him.",negative,0.023244176,0.22466305,0.75209284,30,positive,0.5,0.166666667,0.333333333,0.476174131,0.225000262,0.298825608," this abortion ban in Texas has been horrific.  But also, as I felt in that debate, and I've been feeling for some time,  Ted Cruz is simply too small for Texas.  You know, everything's bigger in Texas, and he's too small for our state.  His vision for us is too small.  And that's why we're going to turn the page.  But we need folks' help, and I hope folks will go to ColinAlward.com and get involved.  And there have been so many brave Texas women and Texas families who have come forward and  told their stories, Amanda Zyrowski and Kate Cox and Lauren Miller and Dr. Austin Dennard  and Taylor Edwards.  And I could keep going, because there are so many stories, and they are so incredibly  powerful.  And we're going to continue to hold Ted Cruz accountable for being responsible for this  abortion ban here.",negative,0.0472581,0.3060148,0.6467271,Flat & analytical,Concerned & Empathic,Economic,Flat & Restrained,30.0,positive,0.5,0.1666666666666666,0.3333333333333333,0.4761741313333333,0.225000262,0.29882560769
Democratic,Texas,Colin Allred,DBZowlVCnMF,2024/10/21,"Aly and I just voted early here in Dallas! A story like mine, the son of a single mom running to serve Texas in the Senate, is only possible in our great state.

Together, we are going to fire Ted Cruz, but I need your help, so go vote early! 🗳️",positive,0.8857463,0.10769448,0.006559247,84,positive,0.833333333,0.095238095,0.071428571,0.781510478,0.142675537,0.075813977," Hey everybody, we just voted early at my childhood polling place at Fretz Park.  It was so fun and so easy.  The line was incredibly long and it was exciting for me because I've come a long way.  I was raised about three blocks away from where we voted this morning by a single mom  in a house that she rented for over 20 years.  And it was incredibly humbling to have a chance to at least get two votes, I think.  Yeah.  A podi najcet sene.  Yeah, go down and vote.  Go to mytexasvotes.com, make a plan, and vote.  Early voting runs from now until November 1st, and Election Day is November 5th, so make sure you get out there.",positive,0.9716465,0.024844397,0.003509122,Flat & analytical,Concerned & Empathic,Others,Flat & Restrained,84.0,positive,0.8333333333333334,0.0952380952380952,0.0714285714285714,0.7815104776023809,0.1426755370892857,0.0758139767309523
Republican,Pennsylvania,Dave McCormick,DBZWXP5yQqD,2024/10/21,"Bob Casey and his liberal friends are anti-success. 

We need new leaders in Washington who will: 

☑️ Support small businesses

☑️ Expand school choice

☑️ Recognize that not everybody needs a four-year college degree to be successful",negative,0.01949735,0.21575801,0.7647446,3,positive,0.666666667,0.0,0.333333333,0.600863676,0.079173753,0.319962586," What the Democratic Party is running on now is not only anti-business, it's anti-success.  With great schools to be everything they can be,  our school system needs to be totally renovated  to give everybody an opportunity.  Not everybody.  Not everybody needs to go to college.  They just have to have the skills to have a great career in the American dream.  And anti-business is these huge regulations that are stifling.  businesses, whether it's dairy farms or SpaceX, and everything. I mean, fracking. I mean,  you don't have to ban fracking to ban fracking. You just have red tape and bureaucracy and all  sorts of stipulations that make it impossible to succeed. And on the personal success side,  we need to give every single kid the opportunity.",negative,0.048798054,0.30322063,0.6479813,Neutral & restrained,Surprised & expressive,Immigration,Measured & Composed,3.0,positive,0.6666666666666666,0.0,0.3333333333333333,0.600863676,0.0791737533333333,0.3199625863333333
Republican,Pennsylvania,Dave McCormick,DBXh5CoNzIS,2024/10/21,"It’s time for NEW leadership in Washington. 

Get out and VOTE!",positive,0.5472387,0.40902546,0.04373584,3,positive,0.666666667,0.333333333,0.0,0.56457158,0.38237404,0.05305441," to not only put up signs,  But tell 10 people and tell 10 people and get Republicans out to vote, get independents out to vote, get conservative Democrats out to vote.  and save our country for our kids.  Thank you very much.",positive,0.6935629,0.28176048,0.02467661,Energetic & Bright,Angry & Confrontational,Immigration,Emotive & Engaging,3.0,positive,0.6666666666666666,0.3333333333333333,0.0,0.5645715800000001,0.38237404,0.0530544095666666
Democratic,Michigan,Elissa Slotkin,DBZRucXgGje,2024/10/21,"Thank you @jonossoff for joining me aboard Pork Chop 3 to talk about what it takes to win tough races. If we all come together and do a little bit extra, we’re going to win this thing. 

Sign up for a shift contacting voters today: https://www.mobilize.us/2024mivictory/",positive,0.95158076,0.04307079,0.005348432,8,positive,0.5,0.125,0.375,0.419313815,0.237525605,0.343160572," Hi everybody, this is Senator John Ossoff. I am here with Alyssa Slotkin in the great state of Michigan.  We are on board her campaign RV, which is, is it Porkchop 2?  Pork chop three, and we are getting out the vote here in Michigan. Listen, I know from those crucial  Senate runoffs that you all helped us win in Georgia how important these Senate races are,  and Alyssa is ready to bring a fresh voice, be part of a fresh generation of leadership  in the U.S. Senate. That's why I'm here getting out the vote. This race matters so much.  Pork chop three.  Pork Chop 3.  It's Pork Chop 3, man.  And we know in Michigan, we can at least as do as well as Georgia.  So let's do it.  Run through the tape.",positive,0.6813819,0.31125063,0.007367543,Flat & analytical,Positive & engaging,Others,Emotive & Engaging,8.0,positive,0.5,0.125,0.375,0.4193138152625,0.2375256053749999,0.3431605717
Republican,Michigan,Mike Rogers,DBY-H8JvIz_,2024/10/21,"People are having a hard time affording their groceries, violent crime thanks to an open southern border is devastating communities, and job-destroying EV mandates are crushing Michigan.

Come November 5th, we’ll Get America Back on Track!",negative,0.049825653,0.2726862,0.6774881,9,neutral,0.222222222,0.444444444,0.333333333,0.310505295,0.381031741,0.308462975," Former Congressman Mike Rogers is battling Democrat lawmaker Alyssa Slotkin.  Polls show a tight race.  It's already attracted nearly $100 million in campaign spending.  We know Michigan is important, but what's important to the people of Michigan?  Let's find out. Joining us is the former chair of the House Intel Committee himself,  Mike Rogers. Welcome, Mr. Chairman. What are the issues that will decide this race  between you and Congresswoman Slotkin?  Chairman, when we worked together, your area of expertise and interest was national security.  You were the chair of the Intel Committee.  Your opponent also has a background in intelligence.  You work for the CIA.  Are there differences between the two of you on how Israel or Iran or Ukraine or other hot spots around the world should be handled?  Are there foreign policy differences between the two of you?  Michigan, always important, maybe the single most important state.  We'll have to see.  But the White House and the majority in the Senate could come down to the great state of Michigan.  Chairman Mike Rogers, thank you for joining us on this Sunday night.  Look forward to seeing you soon.  Let me ask you about those mandates.  When I think Michigan, I think lots of things.  They're all good.  But I do think automobiles, these EV mandates, what are they going to do?  What would they do to a state like Michigan?  Yeah. And here's the thing. They're already having this impact. These have been in place.  So they do it two ways. They give you EPA emissions at the tailpipe that the only way a producer of a car can make it is it has to be electric, number one.  And then the government, the federal government, is fining companies for you and I, Trey, buying a pickup truck or an SUV.  If they get certain out of how many sales you get and what those emissions are, they're fining these companies.  Last figure I saw all the all across the big three, nine billion dollars.  And so there when they say there's no mandate, what they're doing is punishing these companies.  Twenty four hundred layoffs at Stellantis, a thousand layoffs at General Motors.  Ford Motor Company said they lost five billion dollars in their EV unit, which means they're shutting down lines and they're going to be layoffs real soon.  This has a huge negative impact for the state of Michigan.  The rest of the country might catch a cold on something like this.  We're going to get pneumonia in the very fact that they're voting to ban gas cars and and gas stoves.  doing these EV mandates is having a tremendous negative impact today. It's not even hypothetical  anymore. We're losing jobs today because the government wants to tell you what kind of car to drive.  You know, 100 percent, and I'll go through them quickly if we can, supported the Afghan withdrawal that was absolutely disastrous, embarrassing and unnecessarily cost the lives of 13 members of our U.S. military.  I think this is going to leave a mark for us for decades, unfortunately.  Then you look at their decisions to go after Saudi Arabia and say, hey, we're not going to let you go after the Houthis.  She was a part of that decision.  Then the Houthis coming off the terrorist list.  She was part of that decision.  Then allowing Iran to sell oil into the market that gave them access to billions of dollars that has now entangled us in the Middle East.  That money went to Hezbollah.  It went to Hamas.  It went to the Houthis.  It went to other Shia-based militia groups across the Middle East.  And it is causing huge problems.  And they just keep doubling down.  They just keep saying, no, no, no, we've got to keep talking to Iran.  That's the solution.  Iran is the problem.  And my argument, Trey, is if you don't understand that by now and you've spent your career believing that, well, we shouldn't give you a promotion to the Senate.  Well, first of all, people are having a hard time affording groceries, Trey.  I mean, I talked to a woman the other night who works part-time.  Her husband works full-time.  They have four kids.  Their budget still isn't making it.  They're going to the food pantry the last two or three days of the month.  People are getting crushed by these prices.  Secondly, it's illegal immigration.  We've had illegals sexually assault a girl in Oakland County and actually several cases in Oakland County.  One in my home county of Livingston murdered a woman in Kent County by an illegal immigrant.  I mean, we have this constant and growing illegal immigrant crime problem in Michigan and the sheer cost of it.  Think about this, Trey.  $450 million that the federal government has spent housing, giving debit cards and all of the nonsense to illegals,  that's enough money to pay for every Michigan state trooper and every Michigan teacher for 15 years.  So they get all that, and then you add EB mandates and what China's doing to us,  and I think the recipe here is for a big Michigan win in November.  Thanks, Trey. And rogersforsenate.com, any of your viewers want to get involved in a state that will make the difference, this is it, rogersforsenate.com. Thank you, sir.",neutral,0.37582812,0.6144161,0.009755759,Neutral & restrained,Flat & Neutral,Immigration,Subtle & Neutral,7.0,negative,0.2857142857142857,0.2857142857142857,0.4285714285714285,0.3347857904285714,0.2953649957142857,0.3698492302857143
Republican,Michigan,Mike Rogers,DBXfxAAvzha,2024/10/21,"Kamala finally realized that Michigan families are suffering thanks to her and Slotkin’s policies, if only they would actually do something to help our families.",negative,0.038298618,0.217379,0.7443224,7,negative,0.0,0.0,1.0,0.014638506,0.145336986,0.840024479," Thank you, guys.  You actually kind of touched on what my next question was going to be. One of the things she said about Donald Trump was that there was no sense of optimism. So I guess my question to you would be, what do Republicans offer that would give the people of Michigan, the manufacturing district across Michigan, hope?  thing for the vice president to do. She rarely takes that kind of open-ended questions in this  sort of gaggle type of format. She talked a little bit about the economy, but mostly used  that opportunity to speak to reporters. She bashed former President Trump as unstable,  unreliable, saying that the American people deserve better. But she was also hammered a  little bit focused on what's happening in Gaza. I just want to get your thoughts there. You are  in Michigan. She is in Michigan today. She has an event coming up just a little while from now  with Lizzo. She's struggling with some contingents within the black vote. Your  thoughts on this, on that rather rare exchange that we just witnessed.  Mike Rogers, Republican Senate candidate in Michigan, thank you.  And thank you for sticking with us and staying around to give us some of those insights that you have.  Thank you very much. Thanks for joining us.  All right. That was Vice President Kamala Harris, of course, the candidate for the Democrats running for president.  And I want to bring back in Mike Rogers now. Mike, Mr. Rogers, thanks so much for coming back and sticking with us through that.  That was a very rare.  It was really just shocking to me how far away she was from the issues impacting average Michigan citizens.  If you notice, she didn't say a thing about it.  She attacked Trump.  She attacked.  And remember, he was president.  People understand that their lives economically were much better.  We weren't in three wars.  Your 401K was bigger.  Your economic opportunities were larger.  Your gas prices were about half.  Your bread and egg prices were almost half.  I mean, this is unbelievable to me.  And now I get why our numbers are moving the way they are.  I hope she continues to talk like that.  We're going to have a better, that chance gets better and better every day going into November.  Again, I'm not sure she might want to listen, actually, to some of what the president's proposing, what we as Republicans are proposing.  We're going to shut down the EV mandates that is destroying the American automobile industry as we know it today.  And you can see it in the layoffs. You can see it in the fact that people don't want to buy these things.  They're still pushing this agenda and the gas prices are high.  So when the president talks about cutting your gas prices, when he talks about more American manufacturing, which we must have,  China's at about 30 percent of manufacturing GDP in the world.  We've dropped down to 18 percent. He's he promises to flip that.  That's optimism. And people who are working for a living take it for what it is, optimism.  He said he's going to cut your electric bill in half because we're going to do an energy independence plan when we take the Senate and he becomes president.  You start doing the math on all of this. This is that is optimism.  That is going to impact your wallet. I didn't know what she said.  I'm not sure exactly what question she answered in any of that.  And that's what I think are worrying people here in Michigan and around the country.  She says she has a plan. I've not seen it. I haven't heard about it.  She says she's optimistic. We don't know what that means.  Listen, when you're hurting. And again, I was I worked on the assembly line.  When somebody walks in and gets that pink slip standing next to you, not only is that that a crush to that family,  it's also sends a wave of anxiety into your own family.  That is really hard to unwind.  I'm not sure exactly what that means.  Our people here are hurting.  And so when you talk like that, you're not connecting to anyone.  They want to bring in a big entertainment person, and you have 30 minutes of a great singer.  That's wonderful.  That isn't going to put food on your table.  Yeah, well, I say welcome to Michigan, Madam Vice President, where in the last four years,  we've lost almost 30,000 manufacturing jobs. In the last jobs report that just came out,  another 9,500 manufacturing jobs, much related to the automobile companies, per EV mandates,  banning gasoline engines, pushing people to have to drive electric vehicles. We've just now  announced 2,400 layoffs at Stellantis, 1,000 layoffs at General Motors. Ford Motor Company  lost $5 billion in trying to comply with the EV mandates given them by Harris and my opponent,  Slotkin, and it is absolutely working against the average worker. So I'm glad they're bringing very  multi-millionaire entertainers to come in. If they think that that is going to connect with  people who have just lost their jobs, just got out of the car, just got out of the car,  just got out of the car, just got out of the car, just got out of the car, just got out of the car,  just got out of the car, just got out of the car, just got out of the car, just got out of the car,  pink slip, and are struggling to put food on their table, this is exactly why they're losing  in a state like Michigan.",neutral,0.2669202,0.5833161,0.14976369,Flat & analytical,Flat & Neutral,Economic,Subtle & Neutral,7.0,negative,0.0,0.0,1.0,0.0146385061428571,0.1453369857142857,0.8400244785714286
Democratic,Pennsylvania,Bob Casey,DBY2koUpVXi,2024/10/21,"Today is the final day to register to vote in Pennsylvania.

This race is close — and every vote matters.

Make sure you’re registered to vote and make your voice heard:
http://iwillvote.com/pa",neutral,0.2836269,0.69476277,0.021610258,3,positive,0.666666667,0.333333333,0.0,0.638954987,0.275758007,0.08528702," Hi everybody, Bob Casey here. Today's an important deadline. It's the final day you can register to vote in Pennsylvania.  Finally, make your plan to vote.  For Election Day, Teresa and I love to head to the polls first thing in the morning to see democracy at work.  And don't forget to thank your poll workers for their efforts to ensure that we have a fair and safe election and can exercise our right to vote.  Here's what everyone needs to do, even if you think you're already registered.  Head to IWillVote.com to check if you're registered to vote, register to vote, request a vote-by-mail ballot,  find your voting location for Election Day and where you can drop off your vote-by-mail ballot, and learn more about voting.  I hope everyone will take a moment to confirm you're registered for the upcoming election.  And after that, text three friends and make sure they confirm their registration, too.",positive,0.8775644,0.119293496,0.003142102,Flat & analytical,Concerned & Empathic,Abortion,Subtle & Neutral,3.0,positive,0.6666666666666666,0.3333333333333333,0.0,0.6389549866666667,0.2757580066666666,0.0852870202333333
Republican,Pennsylvania,Dave McCormick,DBXTqzyNhBh,2024/10/20,Elon Musk and I are fighting to save the America we love for our kids and yours.,positive,0.7887805,0.1980558,0.013163711,4,negative,0.5,0.0,0.5,0.459469928,0.194895949,0.345634122," This guy has lived the American dream.  I've lived the American dream.  I was born in Washington County.  I grew up in, my dad was from Indiana County.  He comes out of his hole for a few months, right?  And I went to West Point, played football, wrestled, grew up working on a family farm, wrestled at West Point, went to the 82nd Airborne Division.  I know we got some 82nd guys here.  combat tour in Iraq, and then came back to Pittsburgh and helped run a great company  and create hundreds of jobs.  So I've lived the American dream.  My wife is an immigrant from Cairo, Egypt, came to America, Dina Powell.  So we both, and we want to make sure that, we got six kids.  That's not as many as him, but we got a lot of kids, right?  Congratulations.  Congratulations.  That's a lot.  We want to make sure the American Dream's available for our kids,  make sure that freedom, the First Amendment, the Second Amendment,  are protected, our Constitution's protected,  and save the America we all love for our kids.  And this guy's leading the charge.  Thank you, sir.  I appreciate it.  Thank you.  My mom was from Punxsutawney, and I like to say that because Punxsutawney Bob is my opponent who only comes out every six years.  Congratulations.  Congratulations.  That's a lot.",positive,0.7516384,0.23814403,0.010217593,Energetic & Bright,Surprised & expressive,Immigration,Emotive & Engaging,4.0,negative,0.5,0.0,0.5,0.4594699279999999,0.194895949,0.3456341217499999
Republican,Pennsylvania,Dave McCormick,DBU6-68tMku,2024/10/20,"Bob Casey is a weak, 30-year career politician who votes 98% of the time with Harris’s radical agenda. 

It’s time for change!",negative,0.011952978,0.11592249,0.8721245,3,positive,0.666666667,0.333333333,0.0,0.64754175,0.314738768,0.037719472," Well, Mr. President, it all comes down to Pennsylvania.  It all comes down to the Keystone State.  We've got to put you back in the White House so we can have strength and common sense policies  to fight back on this crazy liberal agenda, the weakness of Kamala Harris that is taking us over the cliff.  So we're with you, Mr. President, 100%.  We're going to fight for you, but we also got to get a majority in the Senate.  so we can put those common sense policies in place and that's why we've got to retire  bob casey 30-year career politician  He's weak and he's voted 100% with the crazy liberal agenda of Biden-Harris.  We've got to send Bob Casey home.  While Mr. President all comes down to",neutral,0.3197307,0.5232347,0.15703459,Energetic & Bright,Warm but Reserved,Immigration,Measured & Composed,3.0,positive,0.6666666666666666,0.3333333333333333,0.0,0.6475417499999999,0.314738768,0.0377194716666666
Republican,Pennsylvania,Dave McCormick,DBU4yZFtBYc,2024/10/20,"Our commonwealth wants change — and it’s showing.

But our hard work isn’t over yet. 

We are going to earn every single vote.",positive,0.6629308,0.30727953,0.029789705,0,,,,,,,," First time today, I just heard this an hour or two ago.  Good news.  First public poll that says McCormick's in the lead over Casey.  But we need to fight, fight, fight for the next 17 days.  No sleep.  Take our country back.  Thank you, Mr. President.  We're going to win this.",positive,0.93257964,0.060688887,0.006731458,Energetic & Bright,Warm but Reserved,Abortion,Measured & Composed,,,,,,,,
Republican,Michigan,Mike Rogers,DBWeiNTPcbo,2024/10/20,"I joined Fox & Friends this morning to discuss the state of the race in Michigan, and why President Trump and I are well-positioned to pull off big wins on Election Day!",positive,0.9198485,0.077382475,0.002769049,3,negative,0.0,0.0,1.0,0.111059226,0.185811923,0.703128817," Yeah, well, the latest polling in Michigan, by the way, your opponent, Slotkin, at 49 percent.  You have 46 percent.  Talk to me about why this is even so close.  I mean, when you talk about what this would do to the auto industry,  I've been seeing that even the Muslim community not happy with Kamala  because she doesn't seem to know what she's going to do there.  It's sort of like she's talking out of both sides of her mouth.  So what's happening and why is it this close?  Democrat Michigan Senate candidate hyping up her ties to Donald Trump in that campaign ad  as a new op-ed warns her own progressive baggage could cost her the seat in this crucial swing state.  Well, and our internals even have it closer, candidly.  Two things.  One, we have, I think, an unprecedented ground game in the state, probably the best in the country.  Just last weekend, we hit 40,000 doors across the state of Michigan.  Huge impact.  That's what's keeping us in the race, talking about real issues.  The EV mandate is going to kill the auto company.  Just think about the EV mandates that have already happened.  And remember, there's a five-year planning cycle for these automobiles.  Stellantis just announced 2,400 layoffs.  General Motors, 1,000 layoffs.  Ford said they had to charge off, which means they lost $5 billion in their EV division.  People don't want to buy the car that Kamala Harris and my opponent,  Alyssa Slotkin, are trying to make you have to buy.  And so that is having a tremendous negative impact here.  We've lost 29,000 manufacturing jobs just in the last four years here in the state of Michigan.  It's bad.  And brutal.  And so I know they come back at election time and say, no, no, no, we're the moderate.  No, by the way, I talked to Donald Trump on an occasion.  This is about as serious an economic problem for our people here in Michigan who are having a hard time buying groceries than I've ever seen.  And so people get it.  The autoworker coalition for the Democrats falling apart.  The Arab Muslim coalition for the Democrats falling apart.  And black males are coming over to the Republican Party in numbers we just haven't ever seen before.  And I hate to say this. I've seen this movie before, and it's the same people who are in the national security positions today for Biden that were there during Obama.  And there was also a massive leak back then on Israeli plans to take out the nuclear sites in Iran.  And the reason they do that, they have this odd love affair with Iran in this administration.  And I think it has engulfed the Middle East in fighting, number one.  And number two, they continue to try to degrade our military capability of one of our best allies in the region, which is Israel.  It is I hope they investigate it fully. But again, this is now to me, you know, once this can happen,  this is now a pattern of activity to undermine Israel's ability to defend itself.  And I think that's as about as serious an event as you can get.  when it comes to somebody who's now fighting a two-front war, which is Israel.  Best of luck.  Thank you all.  Thanks.  Great to see you.  Pretty, pretty good guess. You know, and what's the interesting thing is we're seeing this in other Senate races. Wisconsin, they're coming out showing Trump's Trump's face in a Democrat ad. Same with Casey in Pennsylvania. I think this tells you their candidate, Kamala Harris, is imploding.  People are starting to understand that she just really doesn't know what in the heck she's doing. And that progressive agenda is going to kill states like Michigan, banning gas cars and gas stoves and allowing biological males to compete against our daughters.  All of those things they've been promoting and voting on until election season. Now they have, you know, I call it campaign conversion where they think, well, there's we've got to go a different direction and they're the ones to get it done.  So we're.  I mean, our race is right where we need them to be. If they're starting to talk about Donald Trump, I think we're going to win.  And that's why I wrote a law signed by President Trump  forcing drug companies to show their actual prices.  Her opponent, Michigan GOP Senate candidate Mike Rogers joins us now.  Great to see you.  this morning. So I'm just I'm spitballing here, but I'm thinking you have not issued an ad tying  yourself to Kamala Harris in Michigan. That's just I'm just guessing that. I don't know. Maybe I'm wrong.  That's a perfect description. It is a weird love affair with Iran. It makes no sense.  All right. Thanks for being with us, Congressman, this morning.  Congressman, I want to ask you this really quickly because you're a former chair of the House Intel Committee,  and I think this is an important story we're going to be paying attention to.  There are reports that need to be confirmed, but that there is a leak.  There has been a leak of intelligence on Israel's plans to hit Iran in retaliation to the October attack on Israel.  Now, this isn't totally removed from the campaign or the current sitting administration.  Perhaps we'll have to see. But this seems like a serious potential leak.",negative,0.045194615,0.4352228,0.51958257,Neutral & restrained,Flat & Neutral,Immigration,Subtle & Neutral,3.0,negative,0.0,0.0,1.0,0.1110592256666666,0.1858119233333333,0.7031288166666667
Democratic,Texas,Colin Allred,DBWNHQUPc60,2024/10/20,"You shouldn’t have to play in the NFL to buy a house. 

From lowering housing costs to making sure you can afford your groceries, I’ll work in the Senate so Texas families can have a little bit of relief and can achieve their version of the American dream.",neutral,0.18939596,0.5199203,0.29068375,10,negative,0.2,0.2,0.6,0.245742883,0.268151978,0.486105153," When it comes to home ownership and lowering the cost of housing, this is something that is incredibly important to me and that I hear from folks all the time about.  In my family, my mom rented a house from my aunt, who was her sister, for over 20 years until I helped her buy it when I was in the NFL.  And so I recognize how difficult it can be when there's housing supply is so short and when the cost of housing gets to be so high.  And here, I think we have to address the supply issue first, which is that we have to make sure that we are building much more housing and that we are building affordable housing that's connected to our to our neighborhoods and communities and doing it in a way that allows us to increase that overall supply.  While we know the demand is going to continue to increase.  And so that's what I've been focused on in my time in Congress. I look forward to working on that in the Senate as well.",positive,0.6644744,0.31368718,0.02183846,Flat & analytical,Concerned & Empathic,Immigration,Flat & Restrained,9.0,negative,0.2222222222222222,0.1111111111111111,0.6666666666666666,0.2479894741,0.2222949371111111,0.5297156053333334
Democratic,Texas,Colin Allred,DBU668OP9wT,2024/10/20,El Paso is ready for a new Senator and together we’re going to win. 👏🏾,positive,0.9366787,0.05914751,0.004173773,12,positive,0.5,0.166666667,0.333333333,0.500125974,0.19675477,0.303119234," It's my honor to introduce the next Texas Senator, Colin Allred.  at the candidate that we have.  We have to show the state of Texas the power of El Paso.  We need you to be knocking those doors, making those calls.  I had so much help. That's why I believe so strongly in this state and who we are and what we can do.  If we get leadership that can bring us together around our shared values, spending all your time pitting us against each other.  the way Sandra Cruz does.  Ted Cruz is so out of touch.  I am so excited.  So this is what we need to do, El Paso Democrats.  I need you to volunteer.  You can visit ElPasoDemocrats.com.  Folks every day, they work with folks who they disagree with.  They don't just come in and say,  oh, you know, we disagree, I can't get anything done today.  They still got to find a way.  But we've gotten to this habit of electing folks  who think that if they don't get everything they want,  then they're just not going to be a part of anything.  When we beat Ted Cruz, we're going to make this a thing of the past.  That's what we're going to do.  I had a coach once say, have you ever seen a turtle on a fence post?  You know it didn't get there on its own?",positive,0.9088137,0.084323846,0.006862389,Energetic & Bright,Positive & engaging,Abortion,Emotive & Engaging,12.0,positive,0.5,0.1666666666666666,0.3333333333333333,0.50012597375,0.1967547696666666,0.3031192344083333
Republican,Wisconsin,Eric Hovde,DBUzcMyMI0p,2024/10/20,"One of the most shocking things about last night’s debate - apart from Senator Baldwin brushing off voters’ concerns about her conflicts of interest - was that there were no questions at all about high prices and inflation. 

Wisconsinites who are struggling deserve better.",negative,0.00563809,0.09199606,0.90236586,13,negative,0.384615385,0.076923077,0.538461538,0.338161346,0.174936675,0.486901991," But Senator Baldwin constantly goes and says, I would have voted against this and that.  And the reason why I would have voted against a lot of these issues is really simple.  It's because we're breaking our country apart financially.  We're driving ourselves off a cliff.  That's why inflation got ignited.  That's why the price of your food has gone up, the price of your rent, your health care, your car insurance,  because of this reckless spending that she's been engaging in.",negative,0.007677234,0.09239099,0.8999318,Flat & analytical,Angry & Confrontational,Abortion,Subtle & Neutral,12.0,negative,0.4166666666666667,0.0,0.5833333333333334,0.3475478277666666,0.132775952125,0.5196762333083333
Republican,Pennsylvania,Dave McCormick,DBUmGZyuTCk,2024/10/19,"When the bullets start flying, Bob Casey ducks. 

I won’t.",negative,0.02338785,0.31913242,0.65747976,2,neutral,0.0,1.0,0.0,0.29119218,0.6536845,0.05512334," My opponent, I mean, my opponent was born with a political spoon in his mouth.  And when there's a vote to vote, he votes 100% of the time for the radical liberal agenda.  of Casey and Biden. So we need new leadership in the Senate to put in place common sense  policies under President Trump to get our country back on track.  He's a 30-year career politician.  When the bullets start flying, Bob Casey ducks.",negative,0.023192065,0.31353274,0.6632752,Energetic & Bright,Warm but Reserved,Campaign Endorsements,Measured & Composed,2.0,neutral,0.0,1.0,0.0,0.29119218,0.6536845,0.05512334
Democratic,Pennsylvania,Bob Casey,DBUcvk4skW5,2024/10/19,"A single super PAC funded by David McCormick’s out-of-state billionaire backers has outspent my entire campaign. 

Chip in today to help us fight to the finish:
https://secure.actblue.com/donate/casey-social?refcode=tw-20241019-rpc",neutral,0.13942789,0.48190156,0.3786706,1,neutral,0.0,1.0,0.0,0.39787462,0.5142826,0.08784281," This is a very close race.  And the principal reason for that is...  that was set up just for him.  And that super PAC, one super PAC set up for one candidate,  has already outspent my entire campaign.  So I'd ask folks, if you want to help us beat those billionaires,  and by the way, they're out-of-state billionaires,  like the guy they're supporting,  please go to bobcasey.com.  This guy has a small group of billionaires that have funded a huge super PAC.",neutral,0.08243637,0.47857195,0.43899167,Emotional & reactive,Surprised & expressive,Others,Assertive & Direct,1.0,neutral,0.0,1.0,0.0,0.39787462,0.5142826,0.08784281
Republican,Wisconsin,Eric Hovde,DBUbTQdogUS,2024/10/19,"Today’s feature presentation:

Highlights from Friday night’s debate. 

Enjoy! 🍿",positive,0.56129223,0.43523714,0.003470661,17,neutral,0.352941176,0.411764706,0.235294118,0.379777166,0.387466234,0.232756586," for doing something against fentanyl when it was Senator Tim Scott's bill.  He said Senator Baldwin offered no amendment and hadn't talked to her for two years.  Thank you, Mr.  Our country's gone in the wrong direction.  Senator Baldwin, who's been in Washington for 26 years,  do you think you're better off than you were four years ago or even 26 years ago?  I think it's time for a change.  I promise you I will work hard on your behalf and I'd be honored to have your vote.  The one thing you have perfected in Washington is your ability to lie.  Senator Baldwin, I could care less about your personal life,  but when your partner is investing in companies that you're overseeing and you're not disclosing that,  that is an absolute conflict of interest.  Senator Baldwin goes back and votes for the deal that lifted the sanctions that funded the terrorism,  and that's why we're in this war today.  She's trying to take credit.  Thank you, Mr. Huffington.  And that's why we're in this.",negative,0.01923459,0.20080478,0.7799607,Flat & analytical,Angry & Confrontational,Voter Mobilization,Subtle & Neutral,12.0,positive,0.5,0.1666666666666666,0.3333333333333333,0.4440495014083334,0.265216602,0.2907338797083333
Republican,Wisconsin,Eric Hovde,DBSXOtjpVA5,2024/10/19,"I entered into this race for one reason: I love my country.

Wisconsin, I would be honored to have your vote",positive,0.92842203,0.06353909,0.008038812,25,positive,0.4,0.36,0.24,0.436646717,0.33455695,0.228796327," I entered into this race because I love my country.  I love America.  We've been blessed to live in this wonderful country.  But our country's gone in the wrong direction.  You can stay with Senator Baldwin, who's been in Washington for 26 years.  Do you think you're better off than you were four years ago or even 26 years ago?  I think it's time for a change.  I promise you I will work hard on your behalf and I'd be honored to have your vote.",positive,0.46687862,0.24324347,0.28987792,Neutral & restrained,Angry & Confrontational,Economic,Subtle & Neutral,19.0,positive,0.5263157894736842,0.1578947368421052,0.3157894736842105,0.5033171875473684,0.2251964026842105,0.271486405368421
Democratic,Texas,Colin Allred,DBTwGVPiQC3,2024/10/19,"Texans deserve leaders who put country over party. Though @liz__cheney and I may not agree on everything, we do agree that Texans can't afford six more years of a Senator who is a threat to our democracy.",negative,0.06550136,0.3618801,0.5726186,10,positive,0.5,0.1,0.4,0.455397166,0.158878258,0.385724591," Congressman, can you talk about, I think one of the most interesting things that we saw was that Liz Cheney came out aggressively for you.  I mean, not just, you know, did she sign a letter or anything, right?  She made a video.  I mean, talk about that.  I mean, that was really a remarkable moment in the campaign.  Yeah, if you told me, you know, seven years ago when I first ran for Congress that I'd be campaigning for Senate with Liz Cheney, I would have thought that something had gone horribly wrong.  And I guess you could maybe say that that is what happened.  But we were friends in the Congress and before she left.  And we were friends before January 6th.  But then on January 6th, we had a shared experience that I think solidified that.  And we've remained pretty close since then.  And I think that, you know, what her support is about is, yes, our friendship, but also that she understands that we cannot have someone who is as much of a danger to our republic as Ted Cruz still in the United States Senate.  That there are certain things that if you do when you're in public office, when you're given the high honor and privilege of representing an entire state, that if you use that high honor and privilege to undermine the foundations of our democracy, that you cannot then come back into office.  Or if you do, then you are going to continue to be a threat, but also we'll get more of that.",positive,0.8437226,0.14171362,0.014563815,Flat & analytical,Concerned & Empathic,Voter Mobilization,Flat & Restrained,10.0,positive,0.5,0.1,0.4,0.4553971664999999,0.1588782582,0.3857245907
Democratic,Texas,Colin Allred,DBSr2ARocLh,2024/10/19,"We’re building a broad coalition of Democrats, Independents, and yes Republicans, that will beat Ted Cruz on November 5th. Join our team.",positive,0.7771458,0.2172708,0.005583363,9,positive,0.777777778,0.111111111,0.111111111,0.741306872,0.128531889,0.130161232," Well, I think in part they are just now, I think, recognizing the objective reality of what we've known for months in Texas,  which is that this is an incredibly close race.  But we are building a broad coalition, one that includes, of course, Democrats, yes, but also independents and Republicans.  Every single day I talk to a Texan who's telling me that they've never voted for a Democrat before,  but they're getting involved with my campaign.  I was here campaigning with Liz Cheney not long ago in Dallas.  My friend Adam Kinzinger has been helping out.  We're building a broad coalition, and it's one that I think believes in our state and also in our democracy and our Constitution.  And it's one that's going to kick Ted Cruz out of office.",positive,0.5290171,0.45447987,0.016503068,Flat & analytical,Concerned & Empathic,Others,Flat & Restrained,9.0,positive,0.7777777777777778,0.1111111111111111,0.1111111111111111,0.7413068715555555,0.128531889,0.1301612321333333
Republican,Michigan,Mike Rogers,DBSgARKx4xH,2024/10/19,"Police officers who have been vilified, members of our military desperate for new leadership, parents struggling to make ends meet, auto workers suffering the results of EV mandates, female athletes who want a safe space to compete, and Michiganders all across the state who deserve honest representation in Washington, DC — President Trump and I will HAVE YOUR BACK! 18 days to go, let’s get this done! 🇺🇸",neutral,0.2680615,0.4064956,0.3254429,12,neutral,0.333333333,0.416666667,0.25,0.377689626,0.351150126,0.271160242," Let's work together to do this.  And come November, we're going to have their back.  We're going to stand up for the men and women who are serving in our military today  and are ready for a commander-in-chief.  And we will have their back.  We are going to stand up for Detroiters who have been neglected by the Democratic Party year in and year out.  We are going to have their back.  We're going to stand up for police officers who have been treated.  Yeah, you bet.  We are going to have the backs of every mom who is struggling,  for every girl who turns around and sees a male in their locker room.  We are going to stand up for the people who work every day.  We're going to stand up for the auto industry.  We're going to say no to EV mandates and yes to prosperity.  We, in November, are going to say we have your back.  God bless you. Get to work. Let's get it done.",positive,0.72924167,0.25058132,0.02017696,Energetic & Bright,Angry & Confrontational,Economic,Measured & Composed,12.0,neutral,0.3333333333333333,0.4166666666666667,0.25,0.377689626475,0.3511501264166667,0.2711602418583333
Republican,Arizona,Kari Lake,DBRtf-BB-oF,2024/10/18,"How do we bring down the cost of food?

We can start by bringing down the cost of energy. It takes energy to produce things to produce foods. It takes energy to transport food.

Making America Energy Dominant Again will go a long way toward making it Affordable again.

These price controls that Gallego & Kamala support are Soviet. We'll end up with breadlines & empty shelves.

I'm running for Senate because I refuse to let my kids grow up in a communist country.",neutral,0.06528095,0.654804,0.27991503,26,positive,0.423076923,0.192307692,0.384615385,0.378907737,0.280745339,0.340346924," and the price gouging for food.  She's concentrating on the food.  How are you going to do that when you consider  that for the most part, we live in a capitalist society.  We're not going to.  No, but...  Yeah, well, I know that.  But we live in a capitalist society and that means everything is market driven.  It's all at the discretion of Kroger Albertsons.  Walmart and so forth. So how are you going to lower prices on food?  Oh, hi. Did you say Barbara?  Yes, I just want to talk to you about, of course, the problems with inflation and food.  Especially with Kamala Harris, she wants to...  Anybody else have a question?  Okay, thank you everybody.  I appreciate your time today.  We're not going to do what Kamala Harris wants to do.  I think we're done.  Thank you very...  Oh, I didn't give it to this lovely lady.  What's your name?  Well, I talked a little bit about it,  and we're going to start bringing down the cost of energy right away,  working on that.  Energy, we're talking about gasoline prices, bring that down.  And it takes energy to produce things, to produce foods.  It takes energy to transport food.  That's going to bring down the cost of a lot right away.  But what she wants to do will end up with Soviet-era...  Bread lines.  We will end up having food lines, and we will have empty store shelves.  The profit margin in the grocery business is actually very low.  And so it's astounding that that's her idea,  and I don't think there's anybody who supports that.  I mean, if you want to see what it looks like to live in a communist country,  it's going to look a lot like what we saw when we were kids  watching the lines of people waiting to get food.  It's a terrible idea for what she wants to do.  So we're going to work to bring prices down in a way that's more sound economics.",neutral,0.042822286,0.4797523,0.47742543,Neutral & restrained,Warm but Reserved,Abortion,Measured & Composed,26.0,positive,0.4230769230769231,0.1923076923076923,0.3846153846153846,0.3789077373076923,0.2807453389230769,0.3403469242846154
Republican,Arizona,Kari Lake,DBRtYEFpJTz,2024/10/18,"The state of the Arizona media saddens me. 

My opponent is anti-police. He's for open borders, & he wants puberty blockers & surgeries for minors. 

Instead of reporting on any of that, I have places like AZCentral turning out 20 hit pieces on me in a row whenever I move a muscle.

I wish our vaunted fourth estate cared more about reporting the news than carrying Ruben Gallego's water.",negative,0.005194492,0.06942363,0.9253819,271,positive,0.616236162,0.110701107,0.273062731,0.590710574,0.169687466,0.239601958," And Ron, I really would hope that you would care more about your reputation.  And maybe it's time to go independent, Ron, and actually do some real journalism.  We want to make sure everything's run lawfully, Ron.  And, you know, you guys...  Anybody over here who hasn't asked a question?  You guys really concentrate a lot on this, and then you write a story that I can't stop talking about it.  So I'll help you, Ron, so that you don't have to write that headline,  and I will ask if you have any questions about my policy to help put families first,  because my opponent, where is the...  My opponent is really despicable,  and I don't ever see you guys talking about the fact that he's anti-police,  that he wants to defund the police, that he's for open borders.  I don't ever see you talking about the fact that he wants puberty blockers  and surgeries for minors.  It's just so lopsided.  And, Ron, your outlet is one of the most least respected outlets,  I think, in journalistic history.  You've written 20 hit pieces on me in a row,  20.  Alright, I'll give Ron another one.  Your op-ed reporter has an obsession with me that is unhealthy.  and you're doing a disservice to the people of our state.  It saddens me because it used to be a decent outlet.  Now it's not even suitable to potty train a dog on.  one. Ron Hanson with the Arizona Republic. Carrie, you mentioned earlier that as long as the election  is properly run or something to that effect, can you give us a sense of how you measure that? If,  for example, former President Donald Trump wins Arizona and the same folks who certify those  results say that you lost the Senate race, would you accept that? How do you measure whether you  think the election was properly conducted? You know what, we're just going to, we,",neutral,0.11019183,0.6076579,0.2821503,Flat & analytical,Surprised & expressive,Voter Mobilization,Subtle & Neutral,270.0,positive,0.6185185185185185,0.1074074074074074,0.2740740740740741,0.5920631184337037,0.1677942146259259,0.2401426648481481
Republican,Arizona,Kari Lake,DBRtGBMh4PX,2024/10/18,"I have nothing to apologize to Ruben Gallego for.

I'm not the one who walked out on my wife when she was just days before giving birth & then demanded she pay his Attorney fees.

The media is telling me his records were a nothing burger. I think they said a lot about Ruben's character.

Ruben blindsided his first wife. She had no idea the divorce was coming. He walked out the door & let her deliver that baby alone.

It says so much about our media that they will defend a man for acting like that.",negative,0.014246778,0.23075745,0.75499576,193,positive,0.497409326,0.077720207,0.424870466,0.451432615,0.176549888,0.372017499," You have said that this was going to be very revelatory about Ruben Gallego.  They are asking for an apology.  Your reflections on that case and how you've discussed it previously.  Ron Hanson with the Arizona Republic.  Kerry, yesterday the divorce files that you had wanted unsealed for some period of time were released.  The reaction seemed to be generally this was confirming a story that was known years ago.  A man walks out on his wife, serves her divorce papers, broadsides her.  She has no idea this is coming.  I just imagine that happened to my daughter if she was pregnant  and we're days away from expecting our grandbaby.  And she calls me, and I think she's going to be calling me about some cute little outfit she might have found.  And she's crying.  and says that her husband is leaving her.  She's just a few days away from giving birth,  serves her with divorce papers right before Christmas.  I'm sorry that you guys don't think that's a big deal.  I think that's a pretty big deal.  It tells me a lot about the character of that man.  She had no idea it was coming.  Hit her like a ton of bricks.  She had to go in and deliver that baby alone.  And you and the media think it's no big deal.  You haven't even covered it.  If I had something that revealed such a massive character flaw like that, you guys would be all over it.  It's really sad. It's despicable.  The media is so in bed with the Democrats right now.  It's really shocking.  I think there's a time for soul-searching, and the time is now, guys.  I'm not sure why I should apologize.  I didn't walk out on anybody.  I didn't leave my spouse.  in a vulnerable state.  I don't know what the...  I think actually he probably should apologize  for his behavior.  And it's unfortunate that...  you know nobody's really been covering this it's unfortunate i found out that the person  Trying to get these records was a reporter  from probably 2,500,  3,000 miles away.  that not one of you guys dug into that.  He was the first one to start talking about his divorce.  And when a reporter said,  I would like to fact-check what he said  and went to look for the divorce records,  which almost in every case are public,  He found out they were sealed.  And so that reporter started digging and said, I'd like to find out why these are sealed.  And a judge agreed because he's running for public office.  They should not be sealed.  And I had so many really strange messages from many of you yesterday that came into our campaign office.  There's nothing here.  You said that.  This is a nothing burger.  What's the big deal?  What's the big deal?",neutral,0.049971443,0.6218344,0.32819417,Neutral & restrained,Warm but Reserved,Immigration,Measured & Composed,193.0,positive,0.4974093264248704,0.077720207253886,0.4248704663212435,0.4514326146834196,0.1765498879471502,0.3720174992901555
Republican,Arizona,Kari Lake,DBRsoIOBne6,2024/10/18,"I know the difference between a criminal and a cop, and Ruben Gallego doesn't

Ruben Gallego wants to Defund The Police.

I want to defend the police AND fund them.",neutral,0.04285414,0.47883254,0.47831327,22,negative,0.181818182,0.090909091,0.727272727,0.178584076,0.23749429,0.583921627," I'm touching on your safer communities initiative.  I'm wondering if you've seen the video of Mr. Tyron McAlpin,  who was arrested by two Phoenix police officers.  He's deaf and has cerebral palsy.  The charges against him for resisting arrest were dropped yesterday.  And I'm wondering if you've seen the video and what's your reaction and  do you think the officers should face any repercussions?  No, instead he started marching to defund the police,  marching next to people holding signs  that said the most horrible things  about our brave men and women in law enforcement.  He actually called the police racist  and he called them the bad guys.  I know the difference between a criminal and a cop, okay?  And Ruben Gallego doesn't.  Anybody who wants to defund the police  and take away qualified immunity,  which is that protection that our officers has,  has no business being in office.  And so we're gonna fully fund our police  he wants to defund them.  I wanna defend our police and fund them.  I saw the story on that.  I haven't watched the entire video.  And you know that I'm a really big supporter of our law enforcement.  And they don't always get everything right.  That's true.  They're human beings.  And it's unfortunate when a mistake is made.  And I believe in due process for our officers.  But really, I want to focus on the crime that's on our streets.  We have an increase in assaults that's happening, an increase in rape, an increase in murder.  an increase in crimes in our stores.  I've been in stores before when my kids were little  and watching shoplifting happening right in front of our eyes.  It's really scary to be in a situation like that.  And we don't want to have to have our stores have everything locked up anymore.  We want quality of life back.  We want to make sure that if someone's committing a crime on the street,  that there's law and order.  There are consequences from actions.  And so I want to make sure that our police are fully staffed  and that we are fully funding them.  My opponent pushed legislation to defund the police.  Let that sink in.  When our cities were burning in the summer of 2020, when in Minneapolis, literally, rioters burned down a police precinct,  they were tipping over cop cars, throwing things at police.  During all of that, you would think that my opponent would be adult enough to say, wait a minute, this is wrong.  This behavior is wrong.",neutral,0.028680863,0.53843427,0.4328849,Neutral & restrained,Warm but Reserved,Immigration,Measured & Composed,21.0,negative,0.1428571428571428,0.0952380952380952,0.7619047619047619,0.1410836965619047,0.247501572,0.6114147234952381
Republican,Arizona,Kari Lake,DBRsNXbJqyH,2024/10/18,"We can't just keep importing populations. We've got to start having families so that we have future Americans. 

I think it's a national security issue and an economic security issue. 

Instead of focusing on the pet projects of the radical left like sex operations and funding endless wars, we must start reshoring manufacturing to create more jobs, and investing in the American family",neutral,0.10379749,0.652521,0.24368155,20,positive,0.45,0.2,0.35,0.443371,0.216771286,0.3398577," I'm Dwayne Shetsky with KJZZ.  You mentioned a lot of financial policies here, whether they're tax credits or providing additional support for law enforcement.  How do you propose paying for all those policies?  to take some questions on that if anybody has questions and you know the the policy on this um  It eventually will collapse if we don't start having families.  And so I think it's really important to support families.  I think it's a national security issue and an economic security issue.  We've got to start having families so that we have future Americans.  We can't just keep importing.  populations. We've seen how that's not working in Europe and it's definitely  not working here with this invasion on our border.  Well, we're going to have to cut a lot of waste.  I mean, a couple of things.  When President Trump wins, we're going to watch this economy grow so quickly.  We're going to have to grow our way out of it, and we're going to have to cut our way.  There's so much wasteful spending out there.  I mean, I can think of, I'll just throw a few things out that are very wasteful.  One of the things that...  that my opponent wants, and before he would give raises to our military,  he put out a letter demanding that we pay for sex change operations  for women in the military and their families.  That's wasteful tax dollars. We don't want that.  Kamala Harris has done the same thing, demanding that people who are in prison,  prisoners and illegal immigrants who are behind bars,  that we, the taxpayer, pay for these sex change operations.  They're so, for some reason, they're just so focused on that.  It's really crazy. I don't understand it.  But also, we're going to stop paying for people to come over illegally  and pay for their housing and their EBT cards with thousands of dollars.  That's going to save us hundreds of millions of dollars.  We're going to stop funding the trafficking of human beings coming in.  So that's going to save us.  By the time we stop this insanity at the border  with the people pouring across and the invasion,  we're going to save billions of dollars.  We're going to stop sending money to Ukraine  for awareness.  We're going to stop the war that's already lost.  We're going to bring the two sides to the negotiating table  and negotiate peace.  So we're not going to have to spend money and billions of dollars,  hundreds of billions that my opponent has supported,  even going so far as to wave the Ukrainian flag on the floor of Congress.  I find that to be so un-American.  It's really shocking.  So we're going to cut a lot of the absolute insane cost  that these Democrats, Kamala Harris, Joe Biden,  and Ruben Gallego have heaped onto our budget  and we're going to cut a lot of the absolute insane cost  that these Democrats, Kamala Harris, Joe Biden,  and Ruben Gallego have heaped onto our budget.  But we're also going to watch as we bring back manufacturing.  And that's going to bring back good, high-paying jobs  for moms and dads to be out there working.  And that's going to bring us more tax revenue.  So we have to invest in families, guys.  If we don't do it, we're done as a country.  Right now, the birth rate has dropped to 1.5 per woman.  It used to be, when I was a young adult, it was 2.5.  And when I was a kid, it was even higher than that.  We were watching our population.  State your name and the outlet that you're with if you would and then let me know what your question is  Let's start. Would we have any questions over here, sir? What's your name in the back?",neutral,0.07138946,0.72520983,0.20340078,Neutral & restrained,Warm but Reserved,Others,Measured & Composed,20.0,positive,0.45,0.2,0.35,0.4433709999,0.216771286175,0.3398577002
Republican,Texas,Ted Cruz,DBRoj-exliV,2024/10/18,"In my debate with Colin Allred, he tried to pretend that he wasn’t a hard-left liberal who has supported shutting down reliable energy, letting boys play in girls’ sports, or open borders.

Go to tedcruz.org to help me combat Colin Allred’s lies.",negative,0.014281255,0.22441836,0.76130044,69,negative,0.260869565,0.202898551,0.536231884,0.27303326,0.263142196,0.463824541," that his policies...  disaster.  So I'm great.  their policies are a disaster. And so what they do is they lie. Look, I'm seeing the same thing.  I had a debate this week with Colin Allred, the entire debate, just like Kamala Harris. He's  trying to pretend that he hasn't been a hard left liberal, that he hasn't supported open borders,  that he hasn't voted to defund the police, that he hasn't opposed oil and gas and energy.  And he's running over a hundred million dollars of ads lying to the people of Texas. I'll tell  you, Laura, I'm getting massively outspent. And so I want to encourage your viewers,  please come to TedCruz.org, TedCruz.org right now, because this race is a one or two point race,  and we are seeing a hundred million dollars come in. And the only way we're surviving  is millions of people are coming to TedCruz.org and giving 25 or 50 or a hundred bucks or even  more. And that lets us communicate the truth. It's what Donald Trump is doing,  pointing out that his policies work, securing the border, unleashing the economy, and their  policies are a disaster. So I'm grateful.  For the folks that go to TedCruz.org.",negative,0.02179641,0.14583299,0.8323706,Flat & analytical,Flat & Neutral,Voter Mobilization,Subtle & Neutral,68.0,negative,0.2647058823529412,0.1911764705882352,0.5441176470588235,0.2737319317294118,0.2569992079852941,0.4692688560955882
Republican,Texas,Ted Cruz,DBRans_JcEe,2024/10/18,"Kamala Harris is a true believer. 

She is to the left of Elizabeth Warren and Bernie Sanders. 

When I watched her interview with Bret Baier, she couldn’t offer substantive answers to his questions. 

She could only answer that she hates Donald Trump.",neutral,0.25662932,0.48171163,0.26165912,212,negative,0.226415094,0.231132075,0.54245283,0.244513814,0.279460556,0.476025627," You know, I'm not. She is, number one, an ideologue. She is hard, hard left. Her voting  record was literally to the left of Bernie Sanders and Elizabeth Warren. Now, I served  with Bernie and Elizabeth. There ain't much room to their left.  She is very different from Joe Biden in one respect.  Biden is basically a puppet.  Kamala is a true believer. She believes this nonsense. And so I watched that debate and Kamala has one answer to every question. And her one answer is, I hate Donald Trump. So whatever the question, immigration, why do we have 11 and a half million people invading this country? Answer, I hate Donald Trump.  Iran, if Iran's America's greatest enemy, why did you give them $100 billion?  Answer, I hate Donald Trump.  How are you different from Joe Biden?  What would you do differently than Joe Biden?  Her answer, I hate Donald Trump.  She has no answer to anything.",negative,0.048341908,0.40478086,0.54687715,Energetic & Bright,Flat & Neutral,Voter Mobilization,Subtle & Neutral,198.0,negative,0.2424242424242424,0.1767676767676767,0.5808080808080808,0.245856559700505,0.2510783987676767,0.5030650394318181
Democratic,Texas,Colin Allred,DBRltWQs_rp,2024/10/18,"Growing up, my mom sometimes worked two jobs to make ends meet. I know what it’s like for families. 

When I'm in the Senate, I'll work to lower costs for Texans and put money back into your pocket.",neutral,0.11046426,0.6553812,0.23415452,15,negative,0.266666667,0.133333333,0.6,0.250181426,0.230383623,0.519434944," Listen, I know what it's like to grow up and struggle.  I was raised by a single mom who's a public school teacher.  That's why I've always been so focused on lowering folks' costs,  whether that's capping the cost of insulin for folks on Medicare at $35 a month  or trying to lower the cost of child care or housing.  And what's Ted Cruz's plan?",neutral,0.10482285,0.69079477,0.20438236,Flat & analytical,Angry & Confrontational,Immigration,Flat & Restrained,15.0,negative,0.2666666666666666,0.1333333333333333,0.6,0.2501814255333333,0.2303836230666666,0.5194349441733334
Democratic,Michigan,Elissa Slotkin,DBRHoBmPGRY,2024/10/18,"It’s campaign season, people! Here’s a glimpse at 48 hours on the campaign trail: Flint — Clare — Evart — Cadillac — Traverse City — Mt. Pleasant — Midland. 18 days to go!",positive,0.5717464,0.4244996,0.003754023,2,positive,1.0,0.0,0.0,0.902656925,0.088952995,0.008390066," Yesterday, we were in Flint and Clare and Everett and Cadillac and Traverse City.  You're here because you care about your country and you know it can be better.  We are better than the politics represent right now.  And we want it to be better.  We've been traveling in an RV, people.  It is campaign season.",positive,0.67530286,0.29981786,0.02487935,Energetic & Bright,Positive & engaging,Immigration,Emotive & Engaging,2.0,positive,1.0,0.0,0.0,0.902656925,0.088952995,0.008390066
Democratic,Texas,Colin Allred,DBPjRnyNUpf,2024/10/17,This election will be Ted Cruz’s accountability for January 6th.,neutral,0.039089706,0.84276533,0.11814495,16,negative,0.25,0.3125,0.4375,0.281558384,0.283580844,0.434860778," Well, thanks, Nicole. Thanks for having me on. And listen, on January 6th, as I said at the debate,  my wife was seven months pregnant, and I thought I was going to have to hold a door  and defend my colleagues while they escaped. And thanks to the Capitol Police, that didn't happen.  And at the same time, Senator Cruz was hiding in a supply closet. And as you said,  I'm glad that he wasn't hurt. But the fact of the matter is that if you are responsible for lying  to folks about the election, going around the country and helping to summon that mob,  and then you are responsible for the effort to overturn an American presidential election,  then you are not fit to be in a position of authority ever again. And this election is  accountability. And there are a lot of Texans who agree. And you know, my friend Liz Cheney  came here to Texas, and she's campaigned with me and she's endorsed me. But you know, I think  this is something that she feels strongly about, but a lot of other Texans do too as well. A lot  of...  True constitutional conservatives who understand there has to be something bigger than whether  or not your side wins an election.  We have a chance to speak right now with Democratic Congressman Colin Allred, less than a month ahead from Election Day in his very, very close race against Senator Ted Cruz for his Texas Senate seat.  You had an incredible moment about the supply closet in January 6th.  I wanted to pull you in on this conversation we've been having.  You think you made a really profound point.  I'd love to hear you make it again.  You're glad that Ted Cruz was safe on January 6th.  And if that was in a supply closet, right, so be it.  But the lies that he's telling endanger us today.  Explain how this issue has come up in your race.",positive,0.44682208,0.43797556,0.1152024,Flat & analytical,Surprised & expressive,Economic,Flat & Restrained,16.0,negative,0.25,0.3125,0.4375,0.28155838395625,0.283580844,0.4348607781875
Democratic,Texas,Colin Allred,DBOsSJ-i1ot,2024/10/17,"In less than 3 weeks, Texans will turn the page on Ted Cruz and elect new leadership to represent us in the Senate. Join our team to get it done.",neutral,0.35256687,0.6272757,0.02015741,27,positive,0.481481481,0.111111111,0.407407407,0.461822857,0.209295984,0.328881167," And listening to that clip that you,  those clips you were just playing there,  I'm reminded of how much Ted Cruz was shouting last night.  I think it was because what we were saying  was coming through.  And listen, Texans are ready to turn the page,  and on November 5th, here in, I guess, 20 days,  we're gonna elect a new senator,  one who'll care about all 30 million of us.",neutral,0.2227802,0.66394395,0.113275826,Flat & analytical,Warm but Reserved,Campaign Endorsements,Measured & Composed,27.0,positive,0.4814814814814814,0.1111111111111111,0.4074074074074074,0.4618228568703703,0.2092959843703703,0.3288811673185186
Democratic,Texas,Colin Allred,DBNZorwpqGl,2024/10/17,"From Lubbock to Laredo, Texans are ready to turn the page on Ted Cruz.",neutral,0.05250495,0.65795505,0.28953996,18,positive,0.5,0.166666667,0.333333333,0.451126082,0.235869814,0.313004094," I want to treat our young voters like we do every other voter and meet them where they are, talk about the issues that I know are important to them.  I'm always impressed at how policy-focused many of our young voters are.  They are very informed, and I think they want to hear plans for how you're going to lower the cost of higher education,  lower the cost of getting into a home, make sure that they can get ahead, that when the time comes that they can start a family.  These are things that are, I think, front of mind.  Texas U.S. Senate candidate Colin Allred at Tech's campus today.  This is all part of a get-out-the-vote effort leading up to the start of early voting in Texas on Monday, October 21st.  Mr. Allred's first stop this morning was at the Co-op Public House, where he talked about agriculture while he was at Tech.  The candidate spoke about the importance of young voters.  Mr. Allred plans to continue to barnstorm across the state.  He'll take stops in Dallas, San Antonio, and Austin, among other big cities.",positive,0.74559164,0.24345644,0.010951916,Flat & analytical,Surprised & expressive,Economic,Flat & Restrained,18.0,positive,0.5,0.1666666666666666,0.3333333333333333,0.4511260824999999,0.2358698144444444,0.3130040942111111
Democratic,Texas,Colin Allred,DBNK5Nbv3Oy,2024/10/17,"Today, in Texas, IVF is at risk because of Ted Cruz. It's time to boot him out of the Senate 👉  votesaveamerica.com/senate
#VoteSaveAmerica #Texas #Election #Vote",negative,0.015876472,0.20094582,0.78317773,48,positive,0.4375,0.208333333,0.354166667,0.422376722,0.24077811,0.336845165," Because IVF didn't need protecting until he got his way of going after it.  When he ran for president in 2016, he supported the Personhood Amendment.  You know what that means?  That would make something like IVF illegal, but also ban certain forms of birth control.  You did.  You've been seeing him lie to you for 12 years.  Let's have a senator who doesn't.  And I will always protect IVF, but it was at risk.  No one was thinking that we needed to protect IVF.  until he was singularly responsible for pursuing, by putting in place judges at the district court level,  the circuit court level, and the Supreme Court level, folks who would put at risk this miracle technology.  And you know what? It's not just that.",negative,0.025388967,0.34375632,0.6308547,Flat & analytical,Concerned & Empathic,Others,Flat & Restrained,46.0,positive,0.4565217391304347,0.1739130434782608,0.3695652173913043,0.4309355555282608,0.2216438825869565,0.3474205595391304
Republican,Pennsylvania,Dave McCormick,DBPYS0MuDtu,2024/10/17,"As a platoon leader in the 82nd Airborne Division, we had Americans from all corners of the country. 

We never talked about politics — we were just Americans working to protect our great country. 

That’s my spirit and what I’ll bring to the Senate.",positive,0.6789843,0.3036902,0.017325524,2,positive,1.0,0.0,0.0,0.957338,0.036023389,0.006638665," Here's the America I know. As a platoon leader in the 82nd Airborne Division, in my platoon,  I had a young man from rural Alabama. I had an African-American man from Newark. I had a platoon  sergeant from Puerto Rico who was 35 and seemed ancient at the time. I never remember talking  about religion. I never remember talking about politics or party. We were just Americans in  search of protecting one another and protecting our great country. That's my spirit. That's how  I came into this. I'm a problem solver. I want to solve problems. I'm a conservative. If you go to  my website, more than any other candidate in the country, certainly more than Senator Casey,  you will see what I'm for, what I believe in. But as a CEO and as a leader, you've got to find ways  to compromise to get things done. I'm someone who will get things done. Senator Casey, in 18 years  in the Senate, 30 years in elected office, does not have a record he can run on, which is why he's  devoted himself to attacking me. So if you want to talk about civility, we've got to get through  get a new senator in Pennsylvania that can actually work across the aisle and get things  done. Senator Casey has not proven himself to be such a senator. Senator Casey.",neutral,0.22498523,0.7464465,0.028568298,Flat & analytical,Concerned & Empathic,Others,Flat & Restrained,2.0,positive,1.0,0.0,0.0,0.957338,0.0360233889999999,0.0066386647
Republican,Pennsylvania,Dave McCormick,DBOt14ROeRO,2024/10/17,"Our movement is about change versus the status quo.

Great to be on with @MorningsMaria!",positive,0.9349454,0.06093719,0.00411739,3,neutral,0.0,0.666666667,0.333333333,0.120836322,0.436984432,0.442179253," they're seeing is a real contrast between a seventh generation of Pennsylvania, a guy  that was born and raised businessman, West Point grad combat vet.  Versus a guy who was born with a political spoon in his mouth, 30 years in elected office, been too weak to stand up to these crazy liberal policies of his party.  So it's change versus status quo.",neutral,0.050606385,0.62698704,0.32240662,Emotional & reactive,Concerned & Empathic,Voter Mobilization,Assertive & Direct,2.0,negative,0.0,0.5,0.5,0.06849270235,0.315043973,0.61646334
Republican,Pennsylvania,Dave McCormick,DBNLiabN0Gc,2024/10/17,"I’m proud to have served our nation in combat. 

I won’t take any preaching from a dishonest career politician.",positive,0.5090146,0.24271554,0.24826984,13,positive,0.846153846,0.0,0.153846154,0.760768444,0.099698048,0.13953351," Senator Casey has lied throughout this about my record.  Go to bobcaseylies.com, caseylies.com.  But I just want to say, I'm not going to take any preaching.  went to ranger school, was the honor graduate, went to the 82nd Airborne Division,  went into Iraq in the first wave.  when they look like there would be tens of thousands of casualties,  I'm not going to take any preaching.  from a guy who spent 30 years in public office and hadn't got much done.  as a guy who went to West Point.",negative,0.010667484,0.16608123,0.8232513,Neutral & restrained,Surprised & expressive,Others,Subtle & Neutral,13.0,positive,0.8461538461538461,0.0,0.1538461538461538,0.7607684439230769,0.0996980476923077,0.1395335097846153
Republican,Michigan,Mike Rogers,DBO-z-MvKB7,2024/10/17,"Only half our kids can read at grade level, and Elissa Slotkin is focused on forcing our daughters to play sports against biological males. 

I’m a dad, who will fight to improve our kids’ education and to protect girl’s sports. Slotkin is just too radical for Michigan.",negative,0.020787373,0.22606212,0.7531505,5,negative,0.2,0.2,0.6,0.250249494,0.185958792,0.563791707," Our schools are failing because Congresswoman Slotkin's failing.  I'm Mike Rogers, and I approve this message.  I'm a dad.  I'll fight to protect our girls' sports for my daughter and every daughter.  Only half our kids can read at grade level.  And what's Alyssa Slotkin doing?  She wrote the bill to force schools to let men compete against our girls in their sports.  Slotkin even voted to let men use girls' locker rooms.  That's nuts.  Slotkin is pushing a far-left agenda instead of fixing real problems.",negative,0.031291034,0.17235665,0.7963523,Neutral & restrained,Flat & Neutral,Voter Mobilization,Subtle & Neutral,5.0,negative,0.2,0.2,0.6,0.25024949406,0.185958792,0.5637917072
Republican,Arizona,Kari Lake,DBNWLv-sZtT,2024/10/17,"Ruben Gallego has been lying to the people of Arizona. 

Every little bit of his story is fabricated to try to win this election, and the people of Arizona deserve to know what kind of man he is before casting their ballot.

He's hiding something bad.",negative,0.00697681,0.08811046,0.9049127,18,positive,0.555555556,0.166666667,0.277777778,0.480565625,0.269160824,0.250273549," Lake joins us once again, the GOP candidate for the United States Senate in Arizona. And I think  that something was kind of proven along these lines. Anyway, welcome back. How are you?  I'm really great. It was great to have President Trump here on Sunday. Arizona loves President Trump, loves America First policies. And I knew it, too, Greg, when we had that debate last Wednesday, me and my opponent, when he started the debate with his story, his life story memorized because he couldn't remember it because it's fiction. A lot of the stuff he said was absolute fiction.  I mean, this guy's whole story, we're looking back at his memoir and we've actually got the official records now and we're finding out that half the stuff he's been saying for so long, like his dad left when he was 11. No, his parents got divorced when he was 18. His dad dabbled in drugs. Well, wow. Oops. Looks like his father was an actual convicted felon, Mexican drug trafficker.  I mean, the stories are so out of whack with him.  He's been lying to the people of Arizona.  Every little bit of his story is fabricated to try to win this election. And the people need to know about who he is.  He's been spending almost a million dollars to try to keep his divorce records sealed after he left his wife when she was nine months pregnant, serving her divorce papers just days before Christmas.  He spent almost a million dollars keeping him sealed.  The judge finally said no.  You've got to give these to the public.  They deserve to know.  And we think there's something really, really bad in those records,  which should be revealed this week, possibly in a couple of days.",positive,0.9288634,0.06619228,0.004944366,Neutral & restrained,Warm but Reserved,Economic,Measured & Composed,17.0,positive,0.5882352941176471,0.1176470588235294,0.2941176470588235,0.4955680992352941,0.244942911117647,0.2594889881058823
Republican,Arizona,Kari Lake,DBNIRLct3_J,2024/10/17,"Gallego has a visceral hatred of President Trump & his supporters.

Were he to be elected, Ruben would be the biggest obstacle to passing Trump's incredible Agenda.

That's why Trump has endorsed me from Day One & has never wavered in his support.

I will work with Trump to fix what Ruben has broken.",negative,0.072845355,0.29949662,0.627658,23,negative,0.391304348,0.173913043,0.434782609,0.362951308,0.26161851,0.375430178," It's absolutely critical. If Ruben Gallego were to end up in the U.S. Senate, he would try to sabotage everything President Trump will be trying to do to get us back on track.  This is why President Trump is so eager for me to have a victory.  Our internal polling looks good, but we've got to get out the vote and make sure everybody votes because Ruben Gallego is going to be a disaster.  Even though he's trying to act like he's more moderate, we know from his record of 10 years he called the border wall dumb and stupid.  He called Trump supporters the worst people in the world, and he's wanted to give federal dollars to sanctuary cities.  He's completely America last, and we must not let him.  ever see a step of foot in the U.S. Senate.  Now, you have President Trump's official endorsement.  How crucial in your mind is it that you be the next senator from Arizona in conjunction with a Trump victory to begin to undo the massive illegal immigration campaign launched and supported by Mr. Gallego and his political party?  I got about a minute left.",neutral,0.21290556,0.46672413,0.3203703,Neutral & restrained,Warm but Reserved,Campaign Endorsements,Measured & Composed,23.0,negative,0.391304347826087,0.1739130434782608,0.4347826086956521,0.3629513076086957,0.2616185102173913,0.3754301784826087
Republican,Wisconsin,Eric Hovde,DBNIlFEJwEK,2024/10/17,"Wisconsin, you have a clear choice in this election.

I’d be honored to have your vote.",positive,0.8803184,0.11192993,0.007751635,10,positive,0.5,0.3,0.2,0.479187836,0.297605166,0.223206998," You have a clear choice in this election. Senator Baldwin is a 38-year career politician.  I'm a businessman and job creator. She supports taxpayer benefits for illegal immigrants.  I'll close the border. Tammy wants to put guys in girls sports and in their bathrooms.  I'll protect our daughters. Senator Baldwin abuses the political system. I'll fight the corruption.  I'm Eric Hovde, and I approve this message.  I'd be honored to have your vote.",negative,0.048692625,0.3318522,0.61945516,Neutral & restrained,Angry & Confrontational,Economic,Subtle & Neutral,8.0,positive,0.625,0.125,0.25,0.5426039055625,0.20179012,0.255605977475
Republican,Wisconsin,Eric Hovde,DBMrUoBMc2D,2024/10/16,"It’s hard to believe there are just 20 days left until VICTORY. But, I need your help…

🤝Spread our message.
☎️Volunteer..
💰Chip in a few bucks…
🗳️Make your plan to VOTE!

We’ve got a country to SAVE! 🇺🇸",neutral,0.42567474,0.47664067,0.09768459,12,neutral,0.25,0.5,0.25,0.302894608,0.435214996,0.261890401," Hey, everyone, 20 days left.  I can't believe.  But you're going to need everybody's help.  As I've always said, I'm the tip of the spear, but I can't do it without all of you.  So please.  Spread my content.  Talk to your friends, your neighbors, your colleagues, people.  that you go to church with or whatever activities you're engaged in.  Just talk to people.  We need to bring.  people on our side to get out and vote.  Also, if you got five, 10 bucks, send it my way.  We've got to get the message across.  uh... how fast time has gone  So let's go win this race. Let's go restore this wonderful country.  Because God, another four years of what we've been dealing with, I don't think we'll recognize it.  So let's go restore America.  Thanks, everyone.  Have a great day.  The race is going fantastic.  You know, jump ball race.  One pole just came out with me up one point.",positive,0.6233806,0.27713242,0.09948696,Neutral & restrained,Surprised & expressive,Others,Subtle & Neutral,10.0,neutral,0.3,0.4,0.3,0.3183688174,0.3860849254999999,0.29554626507
Republican,Arizona,Kari Lake,DBMpl_0BcaF,2024/10/16,"Gallego has been pushing a false narrative about himself with help from his media friends & $100 million in ads.

Our debate was the first real chance that Arizonans got to see him off-script.

They didn't realize he was 100% behind Kamala & Biden. They didn't understand Ruben was the most far-left candidate running this cycle.

Now, they know.",negative,0.014589432,0.2562846,0.729126,17,positive,0.470588235,0.294117647,0.235294118,0.506754958,0.270153931,0.223091114," with the DC lobbyists. So I had to tell people this because the media has been ignoring it.  Can you imagine if that was my background? It would be splashed all over the news.  Well, he flopped, but I wasn't surprised by that.  I mean, he's been pushing just a complete false narrative fiction about himself in an extreme makeover with the $100 million in ads from him and his friends.  And this was the first chance Arizona got to see him.  Nobody in Arizona knows who he is except for the phony commercials he's putting out.  They don't realize he's the most far-left candidate running this cycle.  He's 100% behind Kamala and Joe Biden.  And his entire story, even his opening story about his childhood, not having a bed until he was 18, is a big, fat lie.  It's fiction.  And I felt the need, Chris, to do the job of the media and inform people because the media has dropped the ball.  I alluded to it in one of my exchanges with him.  You know, his father is a convicted Mexican drug trafficker.  And I don't blame Ruben for that.  But you would think that if you really want to stop that kind of thing from happening,  happening in our country, you would vote to secure the border.  I called him out for despite having that background, even though he just said,  my father dabbled in drug dealing.  I think being a drug trafficker is different than dabbling in drug dealing.  He has supported an open border.  He's empowered the cartels and has been a complete disaster.  And now this week, tomorrow or the next day, his sealed divorce records,  because he walked out on his first wife when she was nine months pregnant,  served her divorce papers a few days.  Before Christmas and ran off.  Here to talk about it, Arizona Senate candidate Carrie Lake.  Hey, good to see you, lady.  Tell us what was going through your mind in that exchange.  He wouldn't let you get the, I know where you were going because I know what happened.  And tell me what surprised you about Gallego's performance.  And you're right about the Democrats walking away from the Dreamer proposal that was put out by President Trump.  They didn't want a solution.  They wanted the bludgeon.",negative,0.023960121,0.3682064,0.6078334,Assertive & Clear,Warm but Reserved,Campaign Endorsements,Measured & Composed,16.0,positive,0.5,0.25,0.25,0.52433192059375,0.244484467375,0.23118361568125
Democratic,Ohio,Sherrod Brown,DBMn-ViydZ3,2024/10/16,"Together with the Ashtabula community, I’m demanding the Administration restore Ashtabula’s Coast Guard Station to full capacity. Its closure and the downsizing of Fairport Harbor are unacceptable.",negative,0.0196083,0.24089664,0.7394951,4,negative,0.0,0.0,1.0,0.034373879,0.223929768,0.741696365," At the Ashtabula City Fire Department today, the Department of Homeland Security is wanting to close or at least scale back the Ashtabula Coast Guard.  And the Ashtabula Coast Guard is important for commercial reasons for the city, a lot of tourism, and that's a big part of it.  It's important for safety of boaters, and not just boaters out in the lake, but kayakers on the Ashtabula River.  And it's important for our national security because this is the northern border, and we have stations in Erie, just across the line, and Cleveland on the western end.  And Fairport Harbor, but too many miles between Fairport Harbor and Erie, Pennsylvania, and this is really important.",neutral,0.1603332,0.7806306,0.059036203,Neutral & restrained,Surprised & expressive,Economic,Subtle & Neutral,4.0,negative,0.0,0.0,1.0,0.0343738785,0.2239297675,0.741696365
Democratic,Ohio,Sherrod Brown,DBK0AgBt0eq,2024/10/16,Ohio workers know I’m on their side — that’s why we’re going to win in November.,positive,0.8737921,0.11699735,0.009210531,6,positive,0.833333333,0.0,0.166666667,0.701944267,0.149794971,0.148260758," Just in the last week, I was endorsed by the firefighters event in Cleveland.  I was with 20 Teamsters and I was in Youngstown at the Lordstown plant with probably 50 auto workers talking about how we need to stand up for them.  We saved the pension of 100,000 union workers.  I think too often people think they look at left or right in politics.  To me, politics is a left or right.  It's whose side you go on.  I knew when I got in this race that they would spend tens of millions of dollars because when you stand up for workers and you stand up to special interests, you stand up to Wall Street, you stand up to the companies that outsource jobs, you stand up to the drug companies, they come after you.  There are a lot more of us than there are of them.  And that's why in the end, when you stand up for workers and you stand up to these interest groups, you win a state like Ohio.  I was at the pipe fitter's hall the other day with the painters.  Their endorsement means a lot to me and I get it.  But what really means more is when a painter or a bricklayer turns to another painter or bricklayer in the construction site and tells her, you know, I'm voting for Sherrod Brown because he's the most pro-labor guy.  He fights for workers.  That's how you win elections.  That's why I will win as close as this race is and as much money as they're throwing against me.  I'll win because I stand up for these workers and people know I'm on their side.",positive,0.6493946,0.33405137,0.016554074,Flat & analytical,Surprised & expressive,Voter Mobilization,Subtle & Neutral,6.0,positive,0.8333333333333334,0.0,0.1666666666666666,0.7019442666666666,0.1497949713333333,0.1482607580333333
Democratic,Arizona,Ruben Gallego,DBMhnWYykCA,2024/10/16,"We just voted. You should too! 

Vote early. Return your ballot. And let’s get it done.",positive,0.5859963,0.39358875,0.02041494,41,positive,0.707317073,0.12195122,0.170731707,0.65309652,0.177168362,0.169735116," Hey, it's Ruben, Sydney, and Isla.  We just returned our ballots.  We have 20 days left to the election.  So if you have that ballot, please return it as soon as possible or make a plan to vote on Election Day.  20 days to victory.  Hope to see you there.  Get out there and vote.  Thanks, guys.",positive,0.7644989,0.2303008,0.005200345,Emotional & reactive,Positive & engaging,Immigration,Flat & Restrained,41.0,positive,0.7073170731707317,0.1219512195121951,0.1707317073170731,0.6530965204731707,0.1771683624390244,0.1697351158804878
Democratic,Texas,Colin Allred,DBMXuP4s2yl,2024/10/16,Lyin’ Ted was back last night but he can't fool Texans. We see him for who he is and on November 5th we're going to hold him accountable.,negative,0.011875213,0.09816175,0.8899631,45,positive,0.511111111,0.288888889,0.2,0.551479377,0.251273464,0.197247173," Well, thank you for having me on, Jose.  And, you know, listen, I think that lying Ted was back.  I don't know what else to say.  He has been trying to change his image now in an election year after 12 years of being one of the most extreme senators really in the history of the Senate.  But we're not letting him get away with that.  Because Texans know he is singularly responsible for the abortion ban that we're dealing with here in this state.  That he wants to cut Medicare and Social Security.  That he prevented us from securing the border.  That he hid from the mob that he summoned on January 6th while I was ready to defend my colleagues.  And I'm glad that I had a chance last night to make sure Texans saw that and folks across the country saw it.  This is your first and only debate with Senator Cruz.  What were your main takeaways?",neutral,0.19921687,0.40711358,0.39366952,Flat & analytical,Positive & engaging,Campaign Endorsements,Flat & Restrained,41.0,positive,0.5609756097560976,0.2195121951219512,0.2195121951219512,0.5832799440487805,0.2093620605365853,0.2073580114097561
Democratic,Texas,Colin Allred,DBLzLkIpror,2024/10/16,"We don’t have to be embarrassed by our Senator, we can get a new one. And on November 5th, we will.",negative,0.120936096,0.3478635,0.5312004,179,positive,0.787709497,0.083798883,0.12849162,0.742113469,0.133093989,0.124792541," Cruz thank you for joining I'm Colin Allred I'm a fourth generation Texan I'm  a husband and a father I was raised here in Dallas by a single mom who's a public  school teacher and I've been shaped by every part of this state my grandfather  was a customs officer in Brownsville that's where my mom and dad were born  The Rays were where I spent a lot of my childhood.  I was captain of the Baylor football team.  in Waco, trained for the NFL draft in Houston. I've served my hometown in Dallas in Congress  the last six years. In that time, I've been the most bipartisan Texan in Congress. I'm the exact  opposite of Senator Cruz, who's the most extreme senator in the United States Senate, maybe the  most extreme in the last 30 years. That's not enough. He's also only focused on himself.  That's how you can go to Cancun when millions of Texans need you and hundreds are dying.  The truth is, we don't have to be embarrassed by our son.  We can get a new one.  That's what this election is all about.  That's what I'm asking Texas to give me a chance to do.",positive,0.69723153,0.2932203,0.009548196,Flat & analytical,Concerned & Empathic,Abortion,Flat & Restrained,176.0,positive,0.8011363636363636,0.0681818181818181,0.1306818181818181,0.7509189785448864,0.1237569775988636,0.1253240426840909
Republican,Pennsylvania,Dave McCormick,DBMQZB7uDS_,2024/10/16,"I’m standing with Israel. Bob Casey is standing with antisemitic Summer Lee.

Pennsylvania deserves a Senator with moral clarity.",negative,0.00955182,0.12774836,0.8626998,2,positive,1.0,0.0,0.0,0.851707075,0.114308372,0.033984617," What's happening in the Middle East comes from weakness.  And we are being tested from our adversaries around the world.  President Biden should support Israel completely.  Israel is in the fight for its life.  It's being attacked by Hezbollah.  It's being attacked by Hamas.  It's being attacked by Iran.  The original sin is the Iran deal where Senator Casey was the deciding vote in 2015.  It gave them $100 billion, which they have used to underwrite terrorist proxies.  That's the root cause of this problem.  And that's what needs to be addressed.  We need to strangle Iran and its ability to support these terrorists.",negative,0.011434898,0.14403754,0.8445275,Flat & analytical,Concerned & Empathic,Economic,Flat & Restrained,2.0,positive,1.0,0.0,0.0,0.851707075,0.1143083719999999,0.0339846165
Republican,Pennsylvania,Dave McCormick,DBKp9pONMPk,2024/10/16,"I retired from the Army as a captain after a combat tour in Iraq, but I’ve never stopped serving my country.

I’m a seventh-generation Pennsylvanian, political outsider, & PA job creator.

Bob Casey is a weak, liberal, 30-year career politician who has failed our commonwealth.",neutral,0.20360161,0.5728883,0.22351004,54,positive,0.5,0.259259259,0.240740741,0.512112239,0.241391995,0.246495768," I was proud to serve him as commander in chief.  I retired from the Army as a captain after a combat tour in Iraq.  But I've never stopped serving my country.  I'm a seventh generation Pennsylvanian, born and bred.  I'm a businessman.  I'm a political outsider.  That couldn't be more different than Senator Casey was born with a political spoon in his mouth.  He doesn't know how to create jobs.  He doesn't understand the devastating effect of prices on families.  He is a status quo candidate.  He is a weak 30-year incumbent.  Bob Casey didn't change Washington.  Washington changed Bob Casey.  He's for amnesty, open borders, and sanctuary cities.  He's voted for every spending bill that's created this enormous uptick in inflation.  He wants to raise taxes on Pennsylvanians and lower taxes for rich people in California and New York.  He has actually supported males competing in women's sports.  Face it, Bob, you are a liberal.  Bob Casey, he's been given the opportunity,  and he has.  He's failed us.  We need leadership that's going to shake things up,  that support and fight for common sense policies,  reduce inflation, secure our border, keep America safe.  We need leadership that is going to change the direction of our commonwealth and get it back on track.  I'm honored to be here tonight, and I humbly ask for your vote.",positive,0.73122543,0.2210759,0.047698602,Neutral & restrained,Concerned & Empathic,Others,Flat & Restrained,51.0,positive,0.5294117647058824,0.2156862745098039,0.2549019607843137,0.5289703960843137,0.2155406207549019,0.2554889846313725
Republican,Pennsylvania,Dave McCormick,DBKnOq4tudf,2024/10/16,"116,000 Americans died from fentanyl under Bob Casey’s watch. 

That’s two Vietnams.

The fact that Biden-Harris-Casey aren’t standing up and taking accountability is a true disgrace.",negative,0.005004763,0.05875142,0.93624383,9,positive,0.555555556,0.222222222,0.222222222,0.532576145,0.235961394,0.231462471, one hundred and sixteen thousand people died last year from fentanyl on your watch.  Right. On your watch. That's two Vietnams. Eight years of war in Vietnam. Fifty eight thousand.  So the failure in those weakness that the fact that you and Biden and Harris aren't standing up and taking accountability is is a true disgrace.  And the fact that you're finally taking action doesn't make the failure of action in the past any more palatable.  Worth the bill.,negative,0.007767316,0.079445064,0.9127877,Flat & analytical,Concerned & Empathic,Campaign Endorsements,Flat & Restrained,9.0,positive,0.5555555555555556,0.2222222222222222,0.2222222222222222,0.532576145,0.2359613937777777,0.2314624707555555
Republican,Pennsylvania,Dave McCormick,DBKjVIYNlrf,2024/10/16,"I’m married to an immigrant. We are a country of immigrants — but we are also a country of laws. 

The border has been an absolute disaster under the weakness of Biden-Harris-Casey. 

We’ve got to secure the border.",neutral,0.04570671,0.5301806,0.42411277,7,positive,0.571428571,0.285714286,0.142857143,0.604076584,0.224136864,0.171786561," Well, I'm married to an immigrant, so I'm certainly very pro-legal immigrant.  We are a country of immigrants. We're also a country of laws.  And under Biden, Harris and Casey, I mean, this is another career politician,  election year epiphany from Punxsutawney Bob, who comes up every six months before every election.  I mean, under three and a half years of the Biden-Harris administration, there was nothing done on the border.  It was an absolute disaster. Ten million illegal immigrants, people on the terrorist watch list.  The fentanyl crisis has grown. I've got Sheriff Ott here is a good, good friend of mine who lost a son to the wide open borders  that resulted under the weakness and the failure of Casey, Biden and Harris.  And this fentanyl crisis is going absolutely crazy. We've got to secure the border.  Senator Casey just did a commercial where he was standing in front of the wall,  the very wall that he derided and said we didn't need a wall when President Trump came into office.  That's absolute chutzpah. That is a career politician in action.  We need to secure the border. We need to go after the cartels with military.  We need to describe we need to treat them as the terrorist threat they are.  And of course, we need to embrace the fact that we're a country of immigrants.  We can't tolerate hate, but we also can't tolerate a wide open border.  That's that's damaging the security of Americans. Thank you, Mr. McCormick. Thank you.",neutral,0.26102874,0.5426985,0.19627276,Flat & analytical,Angry & Confrontational,Voter Mobilization,Flat & Restrained,7.0,positive,0.5714285714285714,0.2857142857142857,0.1428571428571428,0.6040765837857143,0.2241368641428571,0.1717865612857143
Democratic,Michigan,Elissa Slotkin,DBL3RegAjNj,2024/10/16,"I've spent my career in public service, so when I got to Congress, I was shocked by how deep the influence of money really went. So I got to work. 

Watch our latest ad:",neutral,0.23036003,0.65732265,0.1123174,0,,,,,,,," I'm Alyssa Slotkin.  I've spent my career serving our country in the CIA and the Pentagon.  So when I got to Congress, I was shocked by the influence of money.  So I got to work.  Stock trading by members of Congress?  No-brainer.  Ban it.  Corporate PAC money?  Never taken it, never will.  I approve this message.  because I'll never put corporate interests ahead of what's right.",neutral,0.2138974,0.621026,0.16507657,Assertive & Clear,Surprised & expressive,Voter Mobilization,Assertive & Direct,,,,,,,,
Democratic,Michigan,Elissa Slotkin,DBK0uZHA15v,2024/10/16,"Michiganders just want a free and fair election, and I'm confident that our hardworking clerks, poll workers, and election officials will do their jobs responsibly, as they have in every election. @MikeRogersforMI used to talk about democracy, but just a couple weeks ago said he was worried about ""shenanigans"" in Southeast Michigan.",positive,0.49874845,0.43879342,0.062458202,3,positive,0.666666667,0.0,0.333333333,0.552133852,0.172224527,0.275641637," Mike Rogers, your opponent, said he is worried about Democrats planning shenanigans at the polls.  How worried are you about Republican chicanery on or after Election Day in your state?  And just to be clear, he said shenanigans in, quote, Southeast Michigan, which is Detroit.  Right. We know what that means when he's saying that, you know, look, we have a strong secretary of state.  We believe in our democratic process.  The vast majority of Michiganders just want free and fair elections and they want them to be certified and they want to not be involved in all the drama that we were involved in in 2020.  Most people understand Joe Biden won that election.  And I think I don't fear that we're going to have a problem with our elections because we have responsible clerks and responsible secretary of state who's going to make sure it's implemented well.",neutral,0.071323164,0.6370045,0.29167238,Assertive & Clear,Flat & Neutral,Voter Mobilization,Assertive & Direct,3.0,positive,0.6666666666666666,0.0,0.3333333333333333,0.5521338516666666,0.1722245266666666,0.2756416373333333
Republican,Texas,Ted Cruz,DBKocMhgSun,2024/10/16,"Colin Allred and Kamala Harris are both running on the same radical agenda.

He pledged to eliminate the filibuster if he is elected. This means that Democrats will be able to:

❌Strike down voter integrity laws in every state across the country

❌Grant voting rights to illegal aliens in every state in America

❌Pack the Supreme Court

❌ Add D.C. and Puerto Rico as states, giving Democrats four more votes in the Senate

His radical agenda will destroy Texas.

In November, vote Republican down the ballot to  Keep Texas, Texas.",neutral,0.07149666,0.6628076,0.2656958,127,negative,0.354330709,0.228346457,0.417322835,0.366804774,0.270286071,0.362909155," Tonight you have 60 seconds.  The stakes in this election are the highest of my lifetime.  We will see the Democrats, number one, strike down every voter integrity law in the country.  Number two, add D.C. and Puerto Rico as states to give them four new Democrat senators.  Number three.  grant immediate voting rights to every illegal alien in America,  that would turn Texas blue and every statewide elected official in Texas  would be defeated in the next election,  and number four, pack the U.S. Supreme Court,  that would jeopardize our fundamental rights.  I've spent 12 years fighting every single day to defend jobs and freedom and security.  Congressman Allred wants to destroy what we've got in Texas  because he shares Nancy Pelosi and Kamala Harris' value.  I will fight to keep Texas, Texas.  Congressman Allred and Kamala Harris are both running on the same radical agenda.  Congressman Allred has pledged to be the 50th vote for Chuck Schumer to end the filibuster,  to end the requirement of 60 votes to pass major legislation.  That means if Congressman Allred is elected,",neutral,0.103372395,0.49020383,0.40642372,Energetic & Bright,Flat & Neutral,Economic,Subtle & Neutral,120.0,negative,0.375,0.1833333333333333,0.4416666666666666,0.3750461779358333,0.2463356135333333,0.3786182095575
Republican,Texas,Ted Cruz,DBKn85kAe8D,2024/10/16,"Colin Allred mentioned the U.S. Chamber of Commerce.

They endorsed me. Not him.",neutral,0.11266659,0.8409896,0.046343837,167,positive,0.574850299,0.19760479,0.22754491,0.553356372,0.233965973,0.212677658," When it comes to housing, nothing is driving up housing costs as powerfully as the 11.5 million illegal immigrants that Congressman Allred and Kamala Harris have let in with their open borders and they want to keep letting in.  But let me say, when you talk about bipartisanship and record, let's compare our actual records.  Congressman Allred mentioned the U.S. Chamber of Commerce, where the U.S. Chamber of Commerce has endorsed me in this race  because I've been the leading champion of jobs here in Texas for 12 years.  In six years in the House, Congressman Allred has authored and passed three pieces of legislation, three.  In my time in the Senate, I have authored and passed 101 different pieces of legislation,  two different bills to create new interstates, I-14 from West Texas to East Texas,  all the way to the Atlantic Ocean.  That was Raphael Warnock and me, a liberal Democrat, Cruz Warnock.  We passed it.  That's going to produce thousands of new jobs.  I-27, a new interstate that's going to run from Laredo through West Texas,  through the Panhandle, all the way up to Montana.  That was Cruz Lujan, Ben Ray Lujan, a Democrat from New Mexico.  That passed.  That's going to create thousands of jobs.  I authored the legislation to expedite the permitting on four brand-new bridges in South Texas  that is going to create thousands and thousands of jobs for South Texas farmers and ranchers.  The Texas Association of Business refers to my legislation expediting those bridges  as the single most important legislation for Texas-Mexico trade  since the U.S.-Mexico-Canada trade agreement.  Congressman.  Congressman Allred has no record to point to.  Senator, thank you.  To be clear, Congressman.",neutral,0.10520442,0.6801255,0.21467014,Energetic & Bright,Flat & Neutral,Others,Subtle & Neutral,164.0,positive,0.5853658536585366,0.1829268292682926,0.2317073170731707,0.5593533133603659,0.2257909848140243,0.2148557050945121
Republican,Texas,Ted Cruz,DBKnhT6AucN,2024/10/16,"Colin Allred voted no on sending emergency weapons to Israel.

He is echoing the calls of the enemies of Israel and is pushing for a ceasefire now.

Colin Allred wants the votes of antisemites on college campuses.",negative,0.005726317,0.14124116,0.85303247,100,positive,0.41,0.24,0.35,0.418702669,0.263257439,0.318039892," 60 seconds to respond to that charge there.  Did you vote for it?  Well, let's actually get into it.  You voted against it.  That's exactly what they did.  And after that, the House of Representatives took up a bill to provide emergency weapons to Israel,  and Congressman Allred voted no.  Understand, every single time, Congressman Allred, right now in this debate,  he is echoing the calls of the enemies of Israel saying cease fire now.  He claims there is nothing else to be done militarily.  I'll tell you, when Israel detonated the pagers against Hezbollah,  it was one of the most targeted and effective military actions we have ever seen.  Congressman Allred is proud to be supported by J Street,  the radical left organization that undermines Israel at every level.  And I've got to say, listen, that's dangerous.  Right now, Kamala Harris and Colin Allred both want the votes of the anti-Semites on college campuses.  I don't want their vote.  And if they threaten Jewish students, they should be arrested.  They should be prosecuted.  They should be expelled.  And if they're from another country, they should be deported.  Senator, that's your time.  But let's...  But let's...  So Congressman Allred is right that there was a bill that was on the floor of the Senate,  and I oppose that bill.  Why?  Because I said at the time that Joe Biden and Kamala Harris are going to flow money  to Gaza and give it to Hamas, but they're going to freeze weapons to Israel.  Did you vote for it?  Senator, that's your time.  And if they're from another country,",negative,0.015590279,0.2726503,0.71175945,Energetic & Bright,Flat & Neutral,Voter Mobilization,Subtle & Neutral,98.0,positive,0.4183673469387755,0.2244897959183673,0.3571428571428571,0.4226451002346938,0.2547348282908163,0.3226200722387755
Republican,Texas,Ted Cruz,DBKm4MeAtsX,2024/10/16,"Colin Allred voted 100% with Nancy Pelosi during his first four years in Congress.

He voted 100% with Joe Biden and Kamala Harris during their first two years in office.

Colin Allred is Kamala Harris.",neutral,0.29682428,0.69162804,0.011547681,81,positive,0.530864198,0.197530864,0.271604938,0.513044708,0.225787191,0.26116811," Well, let me say on IVF, you can watch the debate on the Senate floor where I tried to pass strong, clear federal legislation protecting IVF.  And the Democrats stood up and objected it cynically.  But I've got to say, there's something Congressman Allred says that he says all the time.  He says this independent group.  rated him the most bipartisan member of the Texas delegation.  I've got to say, I found that quite odd, so I went and looked at this group.  Because how can someone...  who votes 100% with Nancy Pelosi, which is what he did his first four years,  how can he be bipartisan?  How can Colin Allred, Colin Allred voted 100% with Joe Biden and Kamala Harris  their first two years in office.  How could he be called the most bipartisan member?  And then I discovered this group.  Its board consists of a bunch of Democrat donors.  They say on their website, we don't look at votes.  We don't examine every vote.  So he can vote.  He votes exactly like Nancy Pelosi.  But yet this group gives him camouflage.  Okay, let me respond.  True or false?  Your first four years in the House, you voted 100% with Nancy Pelosi.  True or false?  votes exactly like Nancy  Okay, let me do this for you.  Your first four years in the House, you've been...  100% with Nancy Pelosi.  True or false?  protection, protecting IVF.",neutral,0.08517963,0.6210169,0.29380342,Energetic & Bright,Flat & Neutral,Immigration,Subtle & Neutral,80.0,positive,0.5375,0.1875,0.275,0.5166387225675,0.2200987144875,0.26326257313375
Republican,Texas,Ted Cruz,DBKlV4BAV0g,2024/10/16,"I am proud to stand unshakably with Israel.

I was there the day we opened the U.S. embassy in Jerusalem.

Sadly, Colin Allred has consistently opposed Israel. He urged the administration to send money to Gaza even though he knew it would flow to Hamas.",positive,0.64126533,0.27415583,0.08457882,158,positive,0.537974684,0.202531646,0.259493671,0.52724672,0.234591262,0.238162015," Thank you, Jason. I will say this issue is one of the clearest differences between Congressman  Allred's record and my record.  When President Trump was president, I urged him to move our embassy to Jerusalem.  He did, and I was there the day we opened the embassy in Jerusalem.  I've never seen such celebration.  When President Trump was president, I urged him to pull out of the disastrous Iran nuclear deal.  He did, and it was the single most important national security decision of his entire presidency.  Congressman Allred has consistently lined up against Israel.  At the beginning of the Biden-Harris administration, he urged them to send money to Gaza, even though it would go to Hamas.  He has supported Kamala Harris and Joe Biden.  Flowing over $100 billion to Iran, 90% of the funding for Hamas and Hezbollah comes from Iran.  I'll tell you, Congressman Allred invited a radical imam here in Dallas who calls Zionists monsters  and has compared them to Nazis.  Congressman Allred calls them the very best of North Texas.  I don't support those who engage in anti-Semitic actions,  and I will tell you the funders of the anti-Semitic protest on college campuses  are among Congressman Allred's biggest supporters.  We need clarity. We need to draw a line.  And as for me and my home, we will stand with Israel.  When I was elected 12 years ago, I resolved then to be the leading defender of Israel in the United States Senate.  And I've worked every day to do that, to stand up and fight to support Israel.  I am proud to stand with Israel.  Our position should be that America stands unshakably with Israel.",positive,0.48487118,0.4527753,0.062353496,Energetic & Bright,Flat & Neutral,Immigration,Subtle & Neutral,156.0,positive,0.5448717948717948,0.1923076923076923,0.2628205128205128,0.531114966100641,0.2288697995320512,0.2400152320403845
Republican,Texas,Ted Cruz,DBKk8Ong12j,2024/10/16,"Colin Allred’s voting record is radical and extreme.

Colin Allred wants to talk about “threats to democracy,” but he voted no on the SAVE Act to prevent illegal aliens from voting in our elections.

Illegal aliens voting in our elections is a threat to our democracy.",negative,0.00804727,0.15972318,0.8322296,50,negative,0.32,0.34,0.34,0.352905693,0.341387851,0.30570646," You have 90 seconds.  whether I happen to agree with your politics or disagree with your politics.  I've spent...  12 years fighting to defend the men and women of law enforcement.  That's why I've been endorsed by the leaders of organizations,  over 44,000 law enforcement officers.  That's why I've been endorsed by Kim Ogg,  the Democrat district attorney in Harris County.  She is the twice-elected Democrat, the chief law enforcement officer in Houston.  She's endorsed me in this race.  Why? Because she wants a senator who will stand with law enforcement,  who will lock up criminals and fight to secure the border.  And unfortunately,  So, Gromer, thank you for that question.  Listen, my view is clear.  I think anyone who commits an act of violence should be prosecuted and should go to jail.  Congressman Allred's record on crime has been terrible.  Congressman Allred has voted not once but twice.  in favor of defunding the police. Let me tell you what a disaster defunding the police had been.  The defund the police movement started in 2019. From 2019 to 2023, let me tell you what happened  to the murder rate. In Houston, it went up 29%. Right here in Dallas, it went up 17%.  In San Antonio, it went up 57%. And my view, you know, Congressman Allred is happy to talk  about those who committed acts of violence on January 6th, but you don't hear him talking  about the Antifa and Black Lives Matter riots that burn cities across this country. If you  commit an act of violence, you should go to jail and there should be no political favoritism  in that regard.  If you assault a police officer, you should go to jail for a very long time.  And by the way, that's true.",neutral,0.35602525,0.56581527,0.07815947,Energetic & Bright,Flat & Neutral,Campaign Endorsements,Subtle & Neutral,45.0,negative,0.3555555555555555,0.2666666666666666,0.3777777777777777,0.36705926316,0.3036681294,0.3292726133622222
Republican,Texas,Ted Cruz,DBKkog1gA1o,2024/10/16,"I’ve been endorsed by organizations representing over 44,000 law enforcement officers.

I’ve also been endorsed by Democrat Harris County DA Kim Ogg.

Unfortunately, Colin Allred’s record on crime has been a disaster.",neutral,0.38818622,0.5228727,0.088941045,33,positive,0.515151515,0.060606061,0.424242424,0.473044174,0.179117556,0.347838261," You have 90 seconds.  whether I happen to agree with your politics or disagree with your politics.  I've spent...  12 years fighting to defend the men and women of law enforcement.  That's why I've been endorsed by the leaders of organizations,  over 44,000 law enforcement officers.  That's why I've been endorsed by Kim Ogg,  the Democrat district attorney in Harris County.  She is the twice-elected Democrat, the chief law enforcement officer in Houston.  She's endorsed me in this race.  Why? Because she wants a senator who will stand with law enforcement,  who will lock up criminals and fight to secure the border.  And unfortunately,  So, Gromer, thank you for that question.  Listen, my view is clear.  I think anyone who commits an act of violence should be prosecuted and should go to jail.  Congressman Allred's record on crime has been terrible.  Congressman Allred has voted not once but twice.  in favor of defunding the police. Let me tell you what a disaster defunding the police had been.  The defund the police movement started in 2019. From 2019 to 2023, let me tell you what happened  to the murder rate. In Houston, it went up 29%. Right here in Dallas, it went up 17%.  In San Antonio, it went up 57%. And my view, you know, Congressman Allred is happy to talk  about those who committed acts of violence on January 6th, but you don't hear him talking  about the Antifa and Black Lives Matter riots that burn cities across this country. If you  commit an act of violence, you should go to jail and there should be no political favoritism  in that regard.  If you assault a police officer, you should go to jail for a very long time.  And by the way, that's true.",neutral,0.35602525,0.56581527,0.07815947,Energetic & Bright,Flat & Neutral,Voter Mobilization,Subtle & Neutral,33.0,positive,0.5151515151515151,0.0606060606060606,0.4242424242424242,0.4730441744545455,0.1791175564848485,0.3478382611212121
Republican,Texas,Ted Cruz,DBKju99gc1w,2024/10/16,"Four times, Colin Allred came out in favor of boys playing in girls’ sports. Go to allredfacts.com to get the truth about his record.

Having boys compete against our daughters is not fair.",neutral,0.06849637,0.77083194,0.16067171,166,positive,0.469879518,0.162650602,0.36746988,0.439865573,0.232752309,0.327382121," He's voted to lower the price of insulin.  Well, so did I.  I voted on the Senate floor to lower the price of insulin to a dollar a vial.  And you know what?  The Democrats blocked that.  I'll tell you, President Trump put in a program to put in place affordable insulin.  As soon as Joe Biden and Kamala Harris came into office, they pulled that out.  Well, you notice once again, Congressman Allred takes no responsibility for his own voting record,  takes no responsibility for the trillions in spending that have driven inflation,  takes no responsibility for the war on Texas energy and LNG and oil and gas.  Instead, what he says is, well, gosh.  You know what Congressman Allred also voted in favor of?  He voted in favor of taking $300 billion from Medicare and using it to pay for Kamala Harris's pet project,  using it to pay for health insurance for illegal aliens.  That is driving up the cost.  Just Medicare premiums under Congressman Allred have gone up 20 percent and they are projected to triple.  I will fight to lower premiums and make health care more affordable and give you, the consumer, greater choice.",neutral,0.063251965,0.46943158,0.46731642,Energetic & Bright,Flat & Neutral,Economic,Subtle & Neutral,164.0,positive,0.4756097560975609,0.1524390243902439,0.3719512195121951,0.4424795001640244,0.2272875156737804,0.3302329870926829
Republican,Texas,Ted Cruz,DBKjWZwgM9B,2024/10/16,"I voted on the Senate Floor to lower the price of insulin. The Democrats blocked it.

Colin Allred also voted in favor of taking $300 million from Medicare and using it to pay for health insurance for illegal aliens.

Colin Allred is Kamala Harris.",negative,0.010996204,0.20703322,0.78197056,41,positive,0.365853659,0.292682927,0.341463415,0.399133411,0.259559339,0.341307245," He's voted to lower the price of insulin.  Well, so did I.  I voted on the Senate floor to lower the price of insulin to a dollar a vial.  And you know what?  The Democrats blocked that.  I'll tell you, President Trump put in a program to put in place affordable insulin.  As soon as Joe Biden and Kamala Harris came into office, they pulled that out.  Well, you notice once again, Congressman Allred takes no responsibility for his own voting record,  takes no responsibility for the trillions in spending that have driven inflation,  takes no responsibility for the war on Texas energy and LNG and oil and gas.  Instead, what he says is, well, gosh.  You know what Congressman Allred also voted in favor of?  He voted in favor of taking $300 billion from Medicare and using it to pay for Kamala Harris's pet project,  using it to pay for health insurance for illegal aliens.  That is driving up the cost.  Just Medicare premiums under Congressman Allred have gone up 20 percent and they are projected to triple.  I will fight to lower premiums and make health care more affordable and give you, the consumer, greater choice.",neutral,0.063251965,0.46943158,0.46731642,Energetic & Bright,Flat & Neutral,Campaign Endorsements,Subtle & Neutral,41.0,positive,0.3658536585365853,0.2926829268292683,0.3414634146341463,0.3991334111219512,0.2595593390365854,0.3413072447341463
Republican,Texas,Ted Cruz,DBKixIpARkW,2024/10/16,"Colin Allred called the border wall racist, and he pledged to tear it down personally.

He voted against the border wall not once, not twice, but three times.

Every time there is a serious measure to secure the border, he votes no.",negative,0.005847113,0.115546264,0.8786066,165,positive,0.387878788,0.248484848,0.363636364,0.386088382,0.283184929,0.330726687," for incest. Again, asking as a Texan and as a father tonight. So I want to be very clear. If you listen to Congressman Allred's answer.  that as a Congressman,  He voted to strike down Texas's parental notification law.  He voted to strike down Texas's Pareto consent law.  He voted to legalize late-term abortions, including the eighth and ninth months.  He says he wants to codify Roe v. Wade, but that's not what he voted for.  And I'll tell you what, tonight I suspect he's going to run away from his record on a whole lot of issues.  We have a website. It's called allredfacts.com.  Allredfacts.com.  Every time he gives an answer, just click on allredfacts.com, and we'll show you the exact vote he cast.  Now, as for what the law should be in Texas, that's a decision that will be made by the state legislature.  You know, Congressman Allred is running all sorts of ads.  saying that I made this decision.  I don't serve in the state legislature.  I'm not the governor.  The folks that make the laws here are the state legislature and the governor.  He knows that.  But he's trying to deceive the voters in Texas.  I want to jump in here because I think it's too much.  At no point did he make any reference to his own record.  He desperately wants to hide from the fact.  to deceive the voters  into checking.",neutral,0.027286625,0.6274221,0.34529126,Neutral & restrained,Flat & Neutral,Others,Subtle & Neutral,164.0,positive,0.3902439024390244,0.2439024390243902,0.3658536585365853,0.3870674356658536,0.2807600483963414,0.3321725133926829
Republican,Texas,Ted Cruz,DBKiboqg4lo,2024/10/16,"Colin Allred desperately wants to hide from the fact that as a Congressman, he voted to legalize late-term abortions.

Every time Colin Allred makes a claim, go to 
allredfacts.com to get the truth.",negative,0.018097054,0.40679154,0.57511145,33,positive,0.545454545,0.121212121,0.333333333,0.446126653,0.256247928,0.297625411," for incest. Again, asking as a Texan and as a father tonight. So I want to be very clear. If you listen to Congressman Allred's answer.  that as a Congressman,  He voted to strike down Texas's parental notification law.  He voted to strike down Texas's Pareto consent law.  He voted to legalize late-term abortions, including the eighth and ninth months.  He says he wants to codify Roe v. Wade, but that's not what he voted for.  And I'll tell you what, tonight I suspect he's going to run away from his record on a whole lot of issues.  We have a website. It's called allredfacts.com.  Allredfacts.com.  Every time he gives an answer, just click on allredfacts.com, and we'll show you the exact vote he cast.  Now, as for what the law should be in Texas, that's a decision that will be made by the state legislature.  You know, Congressman Allred is running all sorts of ads.  saying that I made this decision.  I don't serve in the state legislature.  I'm not the governor.  The folks that make the laws here are the state legislature and the governor.  He knows that.  But he's trying to deceive the voters in Texas.  I want to jump in here because I think it's too much.  At no point did he make any reference to his own record.  He desperately wants to hide from the fact.  to deceive the voters.",neutral,0.02729197,0.62697875,0.34572917,Neutral & restrained,Flat & Neutral,Economic,Subtle & Neutral,33.0,positive,0.5454545454545454,0.1212121212121212,0.3333333333333333,0.4461266527090908,0.2562479275757576,0.2976254107181818
Republican,Texas,Ted Cruz,DBKiE-tg72Y,2024/10/16,"In Texas, we overwhelmingly agree that late-term abortions in the eighth and ninth month is too extreme.

Unfortunately, Colin Allred rejects that consensus. He has voted in favor of legalizing abortion all the way up until the eighth and ninth month of pregnancy. He is too extreme for Texas.",negative,0.020118104,0.2832329,0.69664896,500,positive,0.538,0.166,0.296,0.522827587,0.217890748,0.259281664," Well, listen, abortion is an issue that...  and there are all sorts of positions in between.  I agree with the United States Supreme Court that under our Constitution, the way we resolve questions like that,  questions on which we have real and genuine disagreements, is at the ballot box, is voting.  And that's why the state of the law now is that the legislature in Austin sets the laws in Texas.  You wouldn't expect Texas's laws to be the same as California.  You wouldn't expect Alabama to be the same as New York.  many Texans, many Americans care deeply about.  I will say, though, in Texas, on the question of abortion, there are a lot of areas we disagree.  But there's also a lot of consensus.  In Texas, we overwhelmingly support that parents...  should be notified and have to consent before their child gets an abortion.  In Texas, we overwhelmingly agree that late-term abortions in the eighth and ninth months,  that's too extreme.  And I'll tell you, in Texas, we overwhelmingly agree that taxpayer money shouldn't pay for abortions.  And it's an issue that people of good faith can disagree.  People are genuinely and deeply pro-life.  People are genuinely and deeply pro-choice.  Unfortunately, Congressman Allred's voting record rejects that Texas consensus.  He has voted in favor of striking down Texas's law that gives parents the right to be notified and consent.  He's voted in favor of striking down Texas's law and legalizing abortion.  up to and including the eighth and ninth month of pregnancy.  That's extreme, and it's not where the people of Texas are.",neutral,0.09069937,0.7794633,0.12983735,Flat & analytical,Flat & Neutral,Voter Mobilization,Subtle & Neutral,495.0,positive,0.5434343434343434,0.1575757575757575,0.298989898989899,0.5258306583509091,0.2132142373090909,0.2609551038951515
Republican,Texas,Ted Cruz,DBKh1j2Aazv,2024/10/16,"In tonight's debate, listen carefully to the differences between our records.

I have a record of delivering success for Texas, while Colin Allred has a radical leftist record.",neutral,0.15661253,0.8160516,0.027335828,43,positive,0.720930233,0.093023256,0.186046512,0.667567056,0.162916458,0.16951649," Gromer. Thank you, Jason. Thank you to everyone at home listening.  washed dishes, making 50 cents an hour, but came to Texas.  to seek out the American dream.  is the son of a single mom.  who became a football star.  He went on to Baylor, went on to the NFL.  Now is the United States Congress.  It is incredible.  that both congressman all read and i have the great privilege of representing  the people of texas  in the United States Congress.  Tonight I'm going to ask you to listen very carefully to the difference between words and actions.  You know, Texas is an incredible place.  Colin Allred is going to try to say an awful lot of words that sound reasonable.  But what he's not going to talk about is his own record.  And I'm over and over again going to take us back to actual records, his record and my record.  We're doing an awful lot right in the state of Texas.  Colin Allred wants to change that.  I'm the son of an immigrant who came from Cuba with nothing, penniless.  I want to keep Texas, Texas.  Senator, that is your time.",positive,0.87875926,0.1135722,0.007668469,Neutral & restrained,Flat & Neutral,Others,Subtle & Neutral,43.0,positive,0.7209302325581395,0.0930232558139534,0.1860465116279069,0.6675670563023256,0.1629164576976744,0.169516490016279
Democratic,Pennsylvania,Bob Casey,DBKmcCTpKpi,2024/10/16,"When profits go up 75%, five times the rate of inflation? We have to act.",neutral,0.05859985,0.48161682,0.4597834,3,positive,1.0,0.0,0.0,0.897727547,0.091305139,0.010967309," Look, across the country, especially in the last several years, prices have been way up.  The cost of food, the cost of household items have skyrocketed.  You have corporations in the two-year period from the middle of 2020 to the middle of 2022.  Corporate profits going up 75 percent, five times the rate of inflation.  So corporations were engaged in price gouging, taking advantage of the pandemic and the inflationary pressures.  And I think we should do something about it.  We should point it out like I have issued reports on it.  Secondly, we should pass price gouging legislation to hold companies accountable.  And thirdly.  We should roll back those big corporate tax breaks they got a couple years ago.  The difference in this race is I want to go after price gouging.  My opponent won't do it.  He doesn't think we should do anything about price gouging.  In fact, he excuses big corporations ripping off families.  I think we should hold them accountable.",negative,0.035765417,0.29275617,0.6714784,Neutral & restrained,Concerned & Empathic,Economic,Flat & Restrained,3.0,positive,1.0,0.0,0.0,0.8977275466666667,0.0913051393333333,0.0109673093666666
Democratic,Pennsylvania,Bob Casey,DBKgd1aPO5w,2024/10/16,How can the people of Pennsylvania trust David McCormick when he just tells lie after lie after lie?,negative,0.008373686,0.101235114,0.89039123,16,negative,0.375,0.25,0.375,0.366149744,0.271853631,0.361996602," The campaign that we're in today started with this candidate, Mr. McCormick, starting the race, lying to the people of Pennsylvania about where he lives.  How do you lie about where you live?  When you're running for an office where you seek to represent the people of our state.  He said he was living in Pennsylvania.  He wasn't.  He was living in Connecticut.  The Associated Press wrote about it.  August the 14th, 2023.  He lied to the people about that.  He also lied about how he grew up.  He said at one point he was a farmer and that he grew up on a farm.  And then he started lying about other things in this campaign.  But if this is a question about who's been telling a lie, how do you lie to the people about where you live?  How do you lie to people about where you live?",negative,0.009628039,0.22550021,0.7648718,Flat & analytical,Angry & Confrontational,Abortion,Flat & Restrained,14.0,negative,0.4285714285714285,0.1428571428571428,0.4285714285714285,0.3836206944285714,0.2209489392142856,0.3954303394499999
Republican,Wisconsin,Eric Hovde,DBKeii7s6Wk,2024/10/15,"Great day on the trail in Eau Claire, Stevens Point, and Wausau with Senator Tom Cotton.

Really appreciative of his support of our campaign. Three weeks to go, let’s go save this country! 🇺🇸",positive,0.9753143,0.022042574,0.002643177,13,negative,0.230769231,0.307692308,0.461538462,0.247789801,0.30799211,0.444218092," and helping me campaign.  Thanks, Eric. It's great to be in Wisconsin.  We have three weeks left in this election.  If you want a voice for your interests, your aspirations,  and your dreams in the United States Senate,  you need to vote for Eric Hupte.  In the meantime, pitch in a few bucks.  Make sure that he has what he needs  to campaign over these final three weeks,  because Eric Hupte is the right choice  for the people of Wisconsin.  I'm on the road today with Senator Cotton.  I so appreciate coming up into Wisconsin.  Thank you, Tom. I really appreciate that.  Everybody, I need your help.  Three weeks left. Let's go save America.",positive,0.9566673,0.039311275,0.004021484,Emotional & reactive,Angry & Confrontational,Immigration,Emotive & Engaging,11.0,negative,0.2727272727272727,0.1818181818181818,0.5454545454545454,0.2675507885454545,0.2192516256363636,0.5131975911181819
Republican,Wisconsin,Eric Hovde,DBJnvt0sv-G,2024/10/15,"I’m fired up for this week’s debate - one debate is better than none, I guess? 🤔 

TUNE IN at 7:00 PM on Friday!",positive,0.9559479,0.04146954,0.002582622,7,negative,0.285714286,0.142857143,0.571428571,0.264581814,0.280439536,0.454978642," Well, I'm so looking forward to it, I can't even begin to tell you.  She is run from every debate.  Typically, you get three, four debates.  Heck, you know, go back 50, 60 years ago, you would do a dozen or two dozen debates.  So I'm going to get one hour on a Friday night at 7 o'clock, but I can't tell you how much  I'm looking forward to debating Senator Baldwin.  She's going to have to stand there and be held accountable for her rotten record that's  created inflation, that opened our southern border, giving illegals cash payments while  our veterans are struggling or the people that have been affected by hurricanes.  So, you know, I'm excited about this one.  I hope people tune in.",positive,0.93453014,0.051895604,0.013574205,Neutral & restrained,Angry & Confrontational,Campaign Endorsements,Emotive & Engaging,7.0,negative,0.2857142857142857,0.1428571428571428,0.5714285714285714,0.2645818142857142,0.2804395361428571,0.4549786424285714
Republican,Michigan,Mike Rogers,DBKJFbzv5_V,2024/10/15,"We’re hitting the pavement in Howell with Senators Barrasso and Capito today — and Senator Ernst will be joining us on the trail tomorrow! 

There’s a real shift going on in Michigan, and with only 21 days to go we need you on our team now more than ever. Go to RogersForSenate.com to get involved!",positive,0.60782623,0.3893052,0.002868576,9,negative,0.333333333,0.333333333,0.333333333,0.378543888,0.326222961,0.295233171," Hey, it's Mike Rogers, and with only three weeks left until Election Day, we're hitting the pavement.  Super excited to have Senators Barrasso and Senator Capito here in the state.  We'll have Senator Joni Ernst coming in tomorrow in the next couple of days.  This is going to be big. The excitement is building in Michigan.  And what now the rest of the country is knowing what we all knew for months and months,  we're going to win this race and we're getting lots of support from around the country.  Hey, we need you to start making a plan to vote and to get involved at RogersForSenate.com.  The most consequential election of my lifetime for sure.  Please get involved.  Go to Senator, excuse me, Rogers for Senate.  We'll see you along the campaign trail.",positive,0.9720749,0.025955081,0.001969947,Neutral & restrained,Angry & Confrontational,Campaign Endorsements,Subtle & Neutral,9.0,negative,0.3333333333333333,0.3333333333333333,0.3333333333333333,0.3785438877,0.3262229606666667,0.2952331714888889
Republican,Michigan,Mike Rogers,DBIAFbaPT5T,2024/10/15,"Lowering the cost of gas & groceries, securing the southern border, standing up to Communist  China, improving your kids’ education and stopping Slotkin’s radical EV mandates. 

That’s what I’ll get to work doing on Day One in the United States Senate. #MISenateDebate",neutral,0.3216342,0.6279647,0.050401133,7,negative,0.428571429,0.142857143,0.428571429,0.409019223,0.281225837,0.309754948," Mr. Rogers, you get the final word.  Yeah, thank you.  I've traveled all across this great state, met literally thousands and thousands of people.  Michigan families are hurting.  So any of the fancy talk or let's look what happened 30 years ago needs to be set aside.  What happened in the last four years?  I talked about this in the beginning.  Are you better off than you were four years ago?  And my opponent voted 100% with Biden Harris on all of the things that have raised your prices.  So I ask you this.  If you are worried about your grocery prices, if you are worried about your job being here from heavy EV mandates that my opponent supported,  if you are worried about what the next generation of jobs and housing costs are for your family, then I ask for your vote.  I have done it before.  And I will tell you this.  I will go back to Washington, D.C.  I will work as hard as I can as a guy that worked on an assembly line.  a guy that's the youngest of five boys,  a guy that served in the United States Army as an officer,  a guy that worked the streets and street crime,  watching human trafficking at its ugliest,  watching drug trafficking at its ugliest.  And know this, I will fix the border  and close and secure it for our families.  I will do something about the education system in America.  I will bring your prices down.  I will go back to Washington and make that change.  I will have your back when it comes to November 5th.",neutral,0.3151467,0.38491338,0.2999399,Neutral & restrained,Flat & Neutral,Economic,Subtle & Neutral,7.0,negative,0.4285714285714285,0.1428571428571428,0.4285714285714285,0.4090192228571429,0.2812258371428571,0.3097549480714286
Democratic,Arizona,Ruben Gallego,DBJ-yQtpzQF,2024/10/15,"I’m the son of immigrants, a Marine, and a father. 

And this November, I’m going to be the first Latino Senator from Arizona.",neutral,0.48487413,0.51006293,0.005063016,12,positive,0.666666667,0.083333333,0.25,0.619095997,0.183567097,0.197336919, I believe that juntos podemos ser una Arizona mejor para todos.  Y vamos a ganar.  Gracias.,positive,0.87242144,0.12071978,0.006858707,Energetic & Bright,Positive & engaging,Others,Emotive & Engaging,12.0,positive,0.6666666666666666,0.0833333333333333,0.25,0.6190959967083334,0.1835670965833333,0.19733691885
Republican,Arizona,Kari Lake,DBJ9AvGpcqR,2024/10/15,"If you can afford to, I would deeply appreciate it if you would go to KariLake.com/donate, chip in, and help. 

Five or $10 will help us get the ads out. 

We need to warn people about who my opponent, Radical Ruben Gallego, really is.",positive,0.5847997,0.3912748,0.02392552,6,negative,0.166666667,0.166666667,0.666666667,0.177268671,0.175358184,0.647373175," Looking forward to it.  For your viewers, go to Carrie Lake dot com.  Chip in and help.  Five or ten dollars will help us get the ads out that we need to warn people about who my opponent is.  We heard that messaging, Operation Aurora.  I imagine he's going to touch on that again when he's in Arizona today.  Republican Senate candidate Carrie Lake, thank you so much for taking time.  I will be in Arizona for election night.  Looking forward to it.  Kerry Lakes, thank you so much.  Best of luck.  We'll be following very closely.  Thank you.",positive,0.91605604,0.07989351,0.004050435,Neutral & restrained,Concerned & Empathic,Immigration,Subtle & Neutral,6.0,negative,0.1666666666666666,0.1666666666666666,0.6666666666666666,0.1772686713333333,0.175358184,0.6473731754666666
Republican,Arizona,Kari Lake,DBJ81UFvKTN,2024/10/15,"Just like Colorado, Arizona has members of the Venezuelan gang Tren de Aragua causing chaos. 

We have Chilean gangs that break into people's homes & rob them of their valuables at dinnertime. 

The cartels have operational control of our southern border.

Ruben Gallego will NEVER vote to stop that. He's not serious about your safety.",negative,0.005339099,0.11061437,0.88404655,32,negative,0.34375,0.25,0.40625,0.379402678,0.275763094,0.344834231," I believe he will. I mean, we are suffering just as bad as Colorado.  We have the trend of a gang that is here in Arizona.  We have Chilean gangs that are robbing people.  They're called the dinnertime bandits.  They're breaking into people's homes and robbing all of their valuables at dinnertime.  This has been happening for the last three and a half years.  And my opponent is never going to vote for that.  He's never going to approve of that because, like I said, family ties to the cartels.  A convicted felon.  close family member his father convicted felon  who was a drug trafficker for the cartels.  This is somebody who's not going to get serious and come after the cartels.  And as you heard there, President Trump wants to take on the cartels,  take on the criminals who are pouring across our border.  My opponent said he never wants to make anybody leave our country who come in illegally.  Now he's changing his tune.  But I want to see everybody who's poured in during the Biden invasion sent back to their homeland.  We need to repatriate these people back to their homeland.  So that we can save our homeland.  I think Trump, he's really hit the message of the border in Arizona.  This is what he had to say.  He calls it Operation Aurora.  He brought this up over the last few days.  I'm going to play that sound bite and get your reaction to it.  Do you think that foreign person Trump will hit that message again in Arizona today when he attends this rally?  I will invoke the Alien Enemies Act of 1798.  to target and dismantle every migrant criminal network operating on American soil.  And we will call it Operation Aurora.  That's what we're going to, in honor of the people that have suffered in Aurora.  But if they come back.  into our country, it's an automatic 10 years in jail with no possibility of parole.  And I'm hereby calling for the death penalty for any migrant that kills an American citizen  or law enforcement officer.",negative,0.011163341,0.11868244,0.87015426,Neutral & restrained,Concerned & Empathic,Campaign Endorsements,Assertive & Direct,30.0,negative,0.3666666666666666,0.2,0.4333333333333333,0.3896612854633333,0.2487562772333333,0.3615824407866667
Republican,Arizona,Kari Lake,DBJ6hB4yWd4,2024/10/15,"Gallego is against the border wall.

He voted for biological men participating in sports with our girls.

He was the sponsor of #DefundThePolice legislation.

He pushed for FEMA to spend billions of dollars over the last two years on illegal immigrants, & now, we can't afford to help Americans in need. 

Every bad idea has got Ruben Gallego's fingerprints on it.",negative,0.007804943,0.13095403,0.8612411,6,negative,0.0,0.333333333,0.666666667,0.040515368,0.384859263,0.574625348," thing with Congressman Gallego. So just to be clear for all of our viewers that aren't following  this race as closely, he's a member of Congress right now. He's running for Senate. But he's  voted on a lot of these left-wing agenda. I want you to walk me through some of the things that he  has supported while he's been in Congress.  Well, he called the border wall a stupid, dumb border wall and said he would never, ever, ever fund it.  And now he's trying to act like he likes the border wall, which is what I call the extreme makeover of Ruben Gallego.  He's voted for biological men participating in sports with our girls, which means our daughters and sisters will have to change clothes and shower in front of men.  And people aren't for that.  He's actually was the co-sponsor of the George Floyd legislation, which would have defunded the police nationwide and got rid of.  qualified immunity, which would have made our streets even more unsafe than they already are.  Defunding the police. I'm sorry. If you're for defunding the police,  you shouldn't even be running for office. That's the most ridiculous thing I've ever heard.  And you can just go back to that progressive caucus in the House of Representatives where all of the bad ideas come from.  the ideas that make us wonder what in the world's going on.  And he was the leader of the Progressive Caucus, who's voted with Kamala Harris and Joe Biden 100 percent of the time,  even more than AOC and the squad. He's further to the left than Bernie.  He's further to the left than then, you know, you name it, any crazy.  Eric Swalwell, all those folks. And so he's the one who pushed, by the way, for FEMA to spend a billion dollars over the last two years on the illegals that are pouring in.  And that's why the coffers are empty right now. And we can't afford to help Americans in need. Every bad idea. He's got his fingerprints on.",neutral,0.04158595,0.74522287,0.21319109,Neutral & restrained,Concerned & Empathic,Immigration,Assertive & Direct,6.0,negative,0.0,0.3333333333333333,0.6666666666666666,0.0405153678333333,0.3848592633333333,0.5746253483333333
Republican,Arizona,Kari Lake,DBJ6LnXtd0R,2024/10/15,"All Gallego has done over the last decade is mire us in debt, tear open a secure border, pillage social security & Medicare, make our streets less safe, & preside over a district that has the fastest-growing homeless population in America

There‘s no defending Ruben's record. So, he lies",negative,0.007043648,0.07585828,0.91709805,16,negative,0.3125,0.25,0.4375,0.285778945,0.297598032,0.416623011," Well, that's the consensus, you know.  He doesn't have much.  He's got his record, and his record is absolutely dismal.  And so he's got to deal with what he's done for the past 10 years, which is  Meieris in more debt, which is tear open a once secure border.  He's actually pushed for hits to Social Security and Medicare as well.  So he's really hit against every single member in Arizona.  And our streets are not safe.  His homeless population in his district is the fastest growing homeless population in the country.  So he had that horrible record.  that he had to try to defend and there is no defending it.  So he tried to lie.  And not to mention his horrible treatment of women in his past, his.  family connections to Mexican drug cartels.  I mean, this guy's a real disaster.  And I had to let the people of Arizona know about it.  So we did really well.  And we're out campaigning hard. Early voting has started, John, and people are already getting out there to vote.  And I feel really good about where we are. Our internal polling has showed me leading him by a hair.  And I think that's important as we go into this.  We appreciate you coming on.  I was just talking about your Senate race there.  How are things going?  I know you had a debate with Ruben Gallego earlier last week, I guess, or Sunday, starting the week off.  How did things go?  It looked like, from what I saw, he didn't really have much.  You kind of cleaned his clock a bit.",negative,0.013756277,0.1371536,0.8490902,Neutral & restrained,Concerned & Empathic,Immigration,Assertive & Direct,16.0,negative,0.3125,0.25,0.4375,0.28577894521875,0.297598031625,0.416623011325
Republican,Arizona,Kari Lake,DBIFHKVNMi6,2024/10/15,"Gallego is unserious about the #1 issue facing Arizona. The border. His Open Border policies put us ALL in harm's way.

 We cannot elect a man this dangerous to the U.S. Senate. 

Get out & vote. Vote early & then get involved in helping get your neighbors to vote. 

We can win this if we Swamp The Vote!",negative,0.01315568,0.13636598,0.85047835,62,negative,0.177419355,0.225806452,0.596774194,0.194345383,0.266544644,0.539109976," Unbelievable. This man is unserious, calling it a stupid, dumb border wall. We've been to the border. I think you've been to the border many times, Charlie. You see where the wall is there. People aren't pouring across where we have gaps. They are pouring across. Right now, we've been invaded in many cases by foreign fighting military age men.  This is outrageous. And with his ties and his family ties to the Mexican cartels who are trafficking drugs, trafficking humans and sex trafficking children, I understand now why he's voting the way he is.  This man is dangerous to Arizona, would be a danger to the United States. We must make sure he is not elected for the U.S. Senate. Get out and vote. Vote early and then get involved in helping getting your neighbors to vote. We can win this if we swamp the vote.  Okay, is that a change from your previous position?  You dismissed the wall in the past, haven't you?  I've dismissed the idea that we need one massive border wall  that goes from San Diego all the way to McAllen, Texas, or Laredo, Texas,  because, number one, it's not feasible.  Just six months into this administration, it's already abundantly clear  that Mexico won't pay for Trump's stupid, dumb border wall.  At the end of the day, we're going to both bring border security money to the fold  and fund government.  Now, what we're not going to do is support an irresponsible use of money  for a border wall that is not needed.  The wall is a barrier between a border culture that's been going on  for more than 300 years now,  and it's an insult to a friendship that has been going strong through thick and thin  now for more than 150 years.  Let's play a piece of tape here.  Let's go to cut 36, please.  Vote early, everybody.  Carrie Lake voted early.  I will vote as soon as my ballot arrives.  So I'm waiting for it, waiting for it, waiting for it.  So as soon as the ballot arrives, I'm going to do it.  Carrie Lake, thank you so much.",negative,0.023438774,0.20623687,0.77032435,Assertive & Clear,Concerned & Empathic,Campaign Endorsements,Assertive & Direct,61.0,negative,0.180327868852459,0.2131147540983606,0.6065573770491803,0.1938342649081967,0.2597525008360656,0.5464132364213115
Republican,Arizona,Kari Lake,DBIE8KIs8b_,2024/10/15,"Arizonans have the right to know who they're voting for. 

I’m an open book. I've been in your homes for 30 years now, The people of Arizona know me, but we don't know a lot about Ruben Gallego. 

What we do know is VERY bad (fraud, scandal, a terrible voting record), & I suspect what we're about to learn about Ruben will be even worse.",neutral,0.071303055,0.71918315,0.20951381,8,negative,0.375,0.125,0.5,0.326716363,0.233865855,0.439417801," Talk about the Ruben Gallego.  Your opponent is an open borders zealot.  This guy loves open borders.  He couldn't care less about border patrol.  Talk about that, Kerry.  Absolutely. I mean, he's basically Kamala Harris with a beard. And what we're seeing is he's voted 100 percent of the time for those disastrous policies that Bill Clinton just talked about. He's voted to have the wide open border. That's the reason people are coming in unvetted. He wants to give these people the ability to vote, give them all asylum. And he's also voted to take our federal dollars and put them into supporting sanctuary cities.  This is a guy who, you know, the only piece of immigration law that he wanted to pass was one banning the use of the term illegal alien. That's his priority. Ban the use of the term illegal alien. How about ban people pouring across illegally?  And this is the kind of guy he is. All of his votes have led to this inflation that has made Arizona unaffordable, that's made Arizona less safe. He actually pushed and co-sponsored the George Floyd legislation, which would have defunded the police nationwide.  And he wanted to push that through by ending the filibuster to push through defunding the police nationwide.  Now, of course, with Soros money and a bunch of leftist billionaires behind him, he's putting on a hundred million dollar blitz and extreme makeover trying to act like a centrist or a moderate when, in fact, he's further to the left than AOC and the squad.  If you can imagine that is further to the left. This guy is radical.  You know, he's got he's got family members who are convicted Mexican drug traffickers.  And maybe that's why the border is wide open. Maybe that's why he's voting to keep the border open.  Who knows? Not to mention he's got a very questionable character in his past.  He was accused of harassment by people, women at almost every job he's ever been in, basically from when he worked at the city council, a harassment charge against him when he was at the legislature, sexual harassment.  We know, sadly, that he walked out on his wife serving her divorce papers a few days before Christmas when she was nine months pregnant, making her go through the birth.  The child all alone.  This is the kind of man he is.  And now a judge has ordered.  Charlie ordered him to release his sealed divorce records.  And he spent nearly a million dollars fighting that the people of Arizona have the right to know who they're voting for.  What's in those records?  That is so damning that he's putting about a million dollars in to try to prevent them from being released.  My life has been an open book.  The people of this state know me.  I've been in your homes for 30 years now.  And there's there's nothing out there that.  You don't have to do that all the time.  don't know about me, but we don't know a lot about Ruben Gallego. And we know that when he was  working in the private sector for a very, very short period of time, the first job he was found,  they were investigated for fraud, for defrauding Latino immigrants out of their life savings.  And the second job at an ambulance company, they were under federal investigation for defrauding  Medicare. This guy's track record is terrible, and he would be an absolute disgrace to the state of  Arizona. Besides that, his 10-year voting record says it all. The reason we're in the situation we  are is because of him voting against President Trump to put up the border wall, which Ruben  Gallego called dumb and stupid. And sadly, Charlie, I'll leave it at this. He referred to people who  vote for Trump as dumb and the worst people in the world. If he thinks that more than half of the state  are the worst comprised of the worst people in the world. How in the heck can you represent us?  I don't want someone who hates us representing us. I love all Arizonans,  even those who don't vote for me. I love you and I wanna put forth policy  that will make life better for all of us here in Arizona.",negative,0.054031797,0.30968547,0.63628274,Assertive & Clear,Concerned & Empathic,Others,Assertive & Direct,8.0,negative,0.375,0.125,0.5,0.3267163628,0.23386585475,0.4394178005375
Republican,Arizona,Kari Lake,DBIEwEotfNY,2024/10/15,"Today, Bill Clinton admitted something I've been saying on the campaign trail for months.

The open-border policies of Kamala Harris and Ruben Gallego are responsible for the deaths of innocent Americans like Laken Riley.",negative,0.02649292,0.39592195,0.57758516,122,negative,0.213114754,0.245901639,0.540983607,0.226566421,0.312059551,0.461374028," remarkable. I was basically saying the same thing that he said and have on the campaign trail.  We we've got unvetted people coming in. They're taking the lives of Americans and we have a population problem here.  We're watching our population shrink. You know, they've been saying for years we're overpopulated.  No, just the opposite. Our birth rates incredibly low.  This is why we have to encourage families, encourage the beauty of families.  So, you know what? I'm going to send this to Bill Clinton. He needs a MAGA hat, Charlie. You're right.  Kerry, I want to get your reaction here.  Bill Clinton comes out today in now a viral clip  and says that Lake and Riley would still be alive  basically if Kamala Harris wasn't president.  It's a remarkable piece of tape here.  I don't know who he's campaigning for.  You might have to put on a MAGA hat soon.  Play cut 30.  So that's Bill Clinton saying that if we had proper vetting,  which Kamala Harris doesn't believe in, obviously,  Lake and Riley would still be alive.  Yeah, Bill Clinton MAGA.  You had a case in Georgia not very long ago, didn't you?  They made an ad about a young woman who'd been killed by an immigrant.  Yeah, well, if they'd all been properly vetted, that probably wouldn't have happened.  But if they all properly vetted and that doesn't happen and America is not having enough babies to keep our populations up.  So we need immigrants that have been vetted to do work.  There wouldn't be a problem.  And he couldn't keep people all torn up and upset.",negative,0.040872846,0.41739687,0.5417302,Assertive & Clear,Concerned & Empathic,Others,Assertive & Direct,119.0,negative,0.2100840336134453,0.2352941176470588,0.5546218487394958,0.2204550587815126,0.3081952840672269,0.4713496575680672
Republican,Arizona,Kari Lake,DBIElAziGFT,2024/10/15,"We're going to be turning our #MakeArizonaGrandAgain Bus Tour into an Early Voting Bus Tour.

We will be encouraging people from all corners of Arizona to get their ballots filled in and get them in their mailboxes!

http://karilake.com/vote",positive,0.68107355,0.3152529,0.003673561,3,negative,0.333333333,0.0,0.666666667,0.340398046,0.118157725,0.541444184," That's the issue, right? I mean, remember when you were running for the governorship, which I believe was a fair, you know, and well-conducted election day.  Who knows what would have happened, but I think we have a gut feeling exactly what happened.  Is that, Kerry, we can't allow an earthquake, machine tabulator failures, a tsunami, a potential hurricane, a terrorist attack to get in the way of our voting.  That is the beauty of early voting.  Yeah, and I know that there's been some mail delays in receiving ballots.  It's fine. They're finally arriving.  My mother-in-law got one finally this morning.  Once you get it, get it back in, okay?  Drop it off at a secure location.  Go vote and vote early.  That's right. I mean, we could as Republicans and frankly, you know, independents and Democrats are voting America first this go around.  We could actually get the vote all conducted right now if everybody showed up right now.  Obviously, we have until November, but let's just get it done now.  We are going to be, Charlie, making our bus tour, which we've been on for several months now across Arizona.  It's going to be a voting tour and we're going to be encouraging people from all corners of our state to get out and vote early.  So when you see our bus on the road, you're going to notice that we are encouraging people to get the ballots filled in when they get them in their mailbox.  I know there's been a delay. Grab that ballot, open it up, sit down immediately and start to fill it out and then get it turned back in.  Whether you go to a drop box to turn it back in, you can drop it off at a voting center to turn it back in.  You can bring it down to the county recorder's office or if you want, you can put it in the mailbox.  I prefer the first three that I said.  But whatever you have to do to get.  That ballot sent back in.",neutral,0.21775842,0.6750026,0.107239045,Assertive & Clear,Concerned & Empathic,Immigration,Assertive & Direct,3.0,negative,0.3333333333333333,0.0,0.6666666666666666,0.340398046,0.1181577254999999,0.5414441840666666
Republican,Texas,Ted Cruz,DBJmjfhAgnn,2024/10/15,"Colin Allred says one thing, his actions say another.

Colin Allred is too liberal for Texas.",negative,0.010272646,0.19007151,0.79965585,133,negative,0.240601504,0.218045113,0.541353383,0.259415196,0.262906031,0.477678775," I don't want boys playing girls sports.  I'm Ted Cruz, and I approve this message.  Three years ago, Allred voted to approve boys using girls' locker rooms.  Last year, Allred voted against protecting girls from boys playing in their sports.  And last month, Allred asked the Defense Department to use taxpayer funds for sex change operations and sterilization of kids.  Allred says one thing. His actions say another.  Colin Allred, too liberal for Texas.",negative,0.010911791,0.18724927,0.80183893,Emotional & reactive,Warm but Reserved,Others,Measured & Composed,132.0,negative,0.2424242424242424,0.2121212121212121,0.5454545454545454,0.2596719510371212,0.2597396729848485,0.4805883791318182
Democratic,Pennsylvania,Bob Casey,DBJR9qwis6T,2024/10/15,"You’re either going to vote for the Women’s Health Protection Act to restore Roe v. Wade or not. 

David McCormick is not.",neutral,0.058479052,0.6438018,0.29771918,0,,,,,,,," the Women's Health Protection Act or not. And my opponent will never support that legislation.  It's a major issue in the race for two reasons.  Number one is the whole world changed in 2022.  And I think a lot of Americans, certainly a lot of Pennsylvanians, ask themselves whether or not they want to live in a country that's going to ban abortion or not.  And I think that's why a lot of people across the state want to know where we stand.  For example, in our race, it's a very clear choice.  You're either going to vote to restore Roe, which is the...  But Senator, talk about this, how abortion and how this is playing out in your race.",negative,0.019892719,0.32538903,0.6547183,Emotional & reactive,Surprised & expressive,Others,Subtle & Neutral,,,,,,,,
Democratic,Michigan,Elissa Slotkin,DBIE1Hngfri,2024/10/15,Betsy DeVos and her entire family have contributed to @mikerogersformi for years — it makes sense he adopts her approach of demonizing public schools and teachers.,negative,0.022543725,0.26003903,0.71741724,3,positive,0.666666667,0.0,0.333333333,0.66746034,0.20658913,0.125950522," Yeah, I think it's pretty clear how Betsy DeVos is connected to education.  She was the secretary of education, the longest serving secretary cabinet cabinet secretary under Donald Trump.  And her and every member of her family have donated to you for years and years and years.  So it makes sense that you adopt her approach to education, defunding public schools, demonizing public schools and public school teachers.  I don't believe in that. Every kid in every corner of our state should have fair access to education.",neutral,0.15395609,0.7038929,0.14215104,Assertive & Clear,Surprised & expressive,Abortion,Assertive & Direct,3.0,positive,0.6666666666666666,0.0,0.3333333333333333,0.66746034,0.20658913,0.1259505219999999
Democratic,Michigan,Elissa Slotkin,DBH_R6pAjNT,2024/10/15,"Gun violence is the number one killer of children under 21 in our country. You're either willing to do something about it, or you aren't. @mikerogersformi isn't.",negative,0.005853932,0.07891939,0.9152267,21,positive,0.80952381,0.095238095,0.095238095,0.723894612,0.150363172,0.125742218," All you need to know is gun violence is the number one killer of children under 21 in our country.  Are you going to do something about it or are you not?  My opponent doesn't want to do anything about it, right?  And why?  Because he is 100% rating with the gun lobby, and they give him campaign donations.  It's really, really easy to understand why politicians, in the face of murdered children, don't do anything.  They don't do it because they receive campaign donations, and they're scared.  They're scared because they don't want to lose their election, and it's terrible.",negative,0.006740538,0.102730036,0.8905295,Assertive & Clear,Surprised & expressive,Economic,Assertive & Direct,21.0,positive,0.8095238095238095,0.0952380952380952,0.0952380952380952,0.7238946122857143,0.1503631715238095,0.1257422182809524
Republican,Pennsylvania,Dave McCormick,DBH_cTrtPH3,2024/10/15,"The cost of food, fuel, and rent has gone through the roof — and Pennsylvania families and small businesses are hurting.

That is the price of poor leadership, and it’s why we need to bring back common sense to Washington.

#BobStaysPAPays",negative,0.007564561,0.07671513,0.91572034,0,,,,,,,," We just can't afford career politicians like Senator Bob Casey.  Prices at the grocery store and gas station have skyrocketed.  The answer is not re-electing the same old failed leadership.  Pennsylvania families and small businesses across our commonwealth are hurting.  And for them, prices have gone through the roof.  It's the message I hear wherever I go.  That is the price of poor leadership.  Here in Pennsylvania, strong leaders like Dave understand the challenges we face.  That's why the status quo is unacceptable.  We need common sense economic policies to get our country back on track.  It's common sense that we can't spend our way out of the challenges we have.  We need to unlock our energy sector.  It's common sense that we need to get out of the way of small businesses and let them prosper.  Bob Casey has failed you every step of the way, 18 years in office.  He hasn't done a doggone thing.  I promise you, I will wake up every morning thinking about how to support working families across our commonwealth that are living paycheck to paycheck.",negative,0.012335576,0.107667185,0.87999725,Neutral & restrained,Angry & Confrontational,Immigration,Subtle & Neutral,,,,,,,,
Republican,Michigan,Mike Rogers,DBH6m4uPqh8,2024/10/14,"Slotkin voted to destroy Title IX, and wants to put biological males in girls’ sports. 

She’s just too radical for Michigan. #MISenateDebate",negative,0.006669717,0.096722186,0.8966081,11,positive,0.636363636,0.272727273,0.090909091,0.625172792,0.217112291,0.157714912," But if you care about all women, I think this is probably a great time to talk about Title IX, where my opponent said, I'm not protecting girls in sports, and I'm not protecting girls by allowing men into locker rooms, both of which she voted for.  If you want to protect women, there are other ways to do it. I think that is an outlier in this particular debate, and it certainly doesn't put you on team normal.",neutral,0.15252995,0.5894303,0.25803977,Neutral & restrained,Flat & Neutral,Economic,Subtle & Neutral,10.0,positive,0.7,0.2,0.1,0.6651377156,0.1707369849,0.16412529565
Republican,Michigan,Mike Rogers,DBH2mAUv2ik,2024/10/14,The trillions and trillions of dollars that Biden and Harris have spent has sent inflation through the roof. And Slotkin rubber stamped it every step of the way. #MISenateDebate,negative,0.026865123,0.17897114,0.79416376,0,,,,,,,," Some really important things that we have to do very quickly.  This is why I think you want to send someone with experience to get busy the first week.  We know that the trillions and trillions of dollars of spending by the Biden-Harris administration, 100 percent supported by my opponent, has driven up grocery prices, gas prices, energy prices.  Your housing prices have all gone up.  We must get control of the outrageous and wasteful spending in Washington, D.C.  We have to make ourselves energy independent.  All of those votes that tried to steer us away from having our own destiny decided by being energy independent is wrong.  And what it's done is raised your prices at the pump, your prices at the end of the month when you're paying for energy.  All of that needs to be corrected.  So you have to do a few things.  Energy independence.  You have to undo the regulation, $1.6 trillion of new regulation.  in the last four years.  And you have to make sure that we curtail spending to get our economy back on track.  to Raj as you do.  have the first question and it is about the economy.  How would your specific policies help?  working families here in Michigan.  The economy continues to be a top concern for voters, especially right here in Battleground, Michigan.  In fact, about eight in 10 registered voters, that is 81 percent, say the economy will be very important to their vote in this election.  People are struggling, as you know, to pay for groceries, child care, gas and housing, you name it.",neutral,0.12905842,0.56957257,0.30136892,Neutral & restrained,Angry & Confrontational,Voter Mobilization,Subtle & Neutral,,,,,,,,
Democratic,Pennsylvania,Bob Casey,DBH6hMpv_y8,2024/10/14,"Billionaires know I’m not going to vote for their tax cuts. 

I’m going to continue my work to take on price gouging to ensure we have a strong middle class that isn’t footing their bills.

Head to bobcasey.com to learn more.",neutral,0.094922245,0.49854535,0.4065324,0,,,,,,,," The main issue we hear mostly about are costs, cost of living, just making ends meet.  And when you take a stand, as I have and as Kamala has, to take on what I call greedflation, going after price gouging, decidedly in favor of a middle class tax cut, helping folks pay for child care, helping folks make ends meet.  When you take on those fights, which are, I think, at the core of what people are concerned about, you're going to piss off a lot of billionaires.  And I've done that. And that's why they've come into this state not just to attack Kamala, but also in a very focused way to attack me.  And, for example, my opponent's got a singular super PAC set up just for him. It's the only one of its kind in the country.  It is hitting us pretty hard because those billionaires know that I'm not going to vote for their tax cuts.  But we're going to keep working to get to get our vote out and to get Kamala's vote out to win this race.  So I'd ask people to go to Bob Casey dot com to help us.",neutral,0.05173847,0.51957184,0.4286897,Neutral & restrained,Surprised & expressive,Economic,Subtle & Neutral,,,,,,,,
Democratic,Texas,Colin Allred,DBH0uyshTDS,2024/10/14,"Washington could use some Texas-style accountability. Ted Cruz, I’m coming for your job.",negative,0.050337814,0.35083535,0.5988269,22,positive,0.636363636,0.090909091,0.272727273,0.612030487,0.139550311,0.248419194," the papers that was in forever  but he's done nothing to fix the border.  He wants to raise the retirement age,  making you wait longer to get Social Security and Medicare.  I approve this message.  Because Washington could have used a little Texas-style accountability.  You step between these lines, you're accountable to the whole team.  If you don't deliver, next man up takes your job.",negative,0.016565176,0.15628082,0.827154,Neutral & restrained,Positive & engaging,Abortion,Flat & Restrained,21.0,positive,0.6666666666666666,0.0476190476190476,0.2857142857142857,0.6304355784904763,0.1137734039523809,0.2557910093571428
Democratic,Texas,Colin Allred,DBHc_NqIX7r,2024/10/14,"East Dallas was fired up at @thefedds GOTV event with @harrisonjaime! There’s so much at stake in this election, and we need all hands on deck to ensure we beat Ted Cruz. Let’s do this together.",positive,0.8335952,0.1502308,0.01617398,10,negative,0.4,0.1,0.5,0.393361438,0.159797891,0.446840658," We're gonna get folks out to vote, right?  And there are some things more important than your party or your party affiliation.  You're going to sit down on your couch.  On November 5th, after knocking on so many doors, your nipples are sore, and your voice is raspy,  you're going to turn on the TV.  And you're going to say, the results are coming in.  The question is, what's he going to say next?  Because of what y'all are going to do and what we're going to do, I'm confident.  He's going to say, the results are coming in.  It looks like Ted Cruz is going down.  We're also building a coalition, a coalition of independents and Republicans,  folks who understand that we don't have to have a senator that we're embarrassed by.  We can get a new one.  You're gonna sit down and look at us.",neutral,0.2832503,0.6376568,0.07909287,Energetic & Bright,Surprised & expressive,Voter Mobilization,Flat & Restrained,10.0,negative,0.4,0.1,0.5,0.39336143788,0.1597978907,0.44684065801
Democratic,Texas,Colin Allred,DBFbsutAUtK,2024/10/14,"For six years, Texans have had to deal with Ted Cruz.

When we needed a Senator, he fled to Cancun.

When we needed someone to defend our democracy, he tried to overturn the 2020 election.

We are going to send him packing on November 5th.",negative,0.005370189,0.08145034,0.91317946,13,positive,0.538461538,0.230769231,0.230769231,0.518244324,0.235571632,0.246184028," And joining me now, Congressman Colin Allred of Texas.  He is the Democratic Senate candidate there in the Lone Star State.  Congressman, thank you very much for coming back to the Sunday show.  In teasing this conversation, I pointed out that you are the Democratic nominee.  You are the one who is hoping to oust Senator Ted Cruz, the Republican incumbent.  Why are you going to be the one this time?  Why is this time the time?  Well, hey, Jonathan, thanks for having me on.  Number one, I've won tough races, and we're going to do it again.  And Texans are looking for new leadership.  We've been through enough with Senator Cruz.  We've seen how in the last six years what he has done, from going to Cancun when we needed him most, to trying to overturn our last presidential election, to being singularly responsible for this abortion ban that we're experiencing now in Texas.  And I have a record of bringing folks together on the most bipartisan Texan in Congress, and I'm proud of that.  But we're now in the stage where we know this is a winnable race.  The only question is, what are we going to do to make sure that we get folks out to vote?  And so I hope that everyone watching, certainly my folks in Texas, make a plan, get involved with us.  You can go to ColinAllred.com to find a way to volunteer, also support our campaign.  Let's beat Ted Cruz.  Let's also make sure we get a senator who hears about all 30 million Texans.",positive,0.77683926,0.21652678,0.006633926,Flat & analytical,Concerned & Empathic,Voter Mobilization,Flat & Restrained,13.0,positive,0.5384615384615384,0.2307692307692307,0.2307692307692307,0.5182443242538461,0.2355716324615384,0.2461840284153846
Republican,Texas,Ted Cruz,DBHtWnAyX6s,2024/10/14,"Colin Allred’s been a disaster on the border. He even called the border wall racist and pledged to personally tear it down.

Now, he is running TV ads with him in front of the border wall.

His hypocrisy is unbelievable. Get the truth about his record at crazy-colin.com",negative,0.008478916,0.087749526,0.9037716,57,negative,0.315789474,0.175438596,0.50877193,0.28497689,0.246744985,0.468278126," Well, Colin Allred's record on the border is hard, hard left. He has consistently been in favor of  open borders. He's voted against every serious border security bill that has ever been on the  floor of the House. When it comes to the border wall, let's use this as an example. He's voted  against the border wall three different times. He refers to the border wall as, quote, that racist  border wall. If you care about border security, Colin Allred says you are a racist. He has pledged  to personally tear down what he calls that racist border wall. Now, here's the incredible hypocrisy.  Colin Allred right now is spending millions and millions of dollars running TV ads with him  smiling, standing in front of that thing he calls the racist border wall. It's just flat out  deceptive. By the way, same thing Kamala Harris is doing. Kamala Harris is spending millions of  dollars with ads showing aerial footage of Trump's border wall.  Look, I served with Kamala from the day she got elected. She was hard left, open border every day.  Colin Allred is exactly there with her. They both support this invasion,  and they're not willing to stand up and fight.  is fancying himself out there as a moderate and you as some kind of a...  Tell us about your opponent and his views.  But let's talk about the border.  What has he done about the border?  He's been in Congress.  Let's say Donald Trump's elected, God willing,  and he wants to get that border going  and he wants to deport illegal immigrants  and so forth and so on, God willing.",negative,0.032709997,0.3602258,0.6070642,Energetic & Bright,Flat & Neutral,Economic,Subtle & Neutral,55.0,negative,0.3272727272727272,0.1454545454545454,0.5272727272727272,0.2871388297763636,0.2309587901999999,0.4819023824672727
Republican,Arizona,Kari Lake,DBHiy5UA4bl,2024/10/14,"We've learned our lesson from what they did to us on Election Day 2022.

We're not leaving anything to chance.

President Trump and I are encouraging everyone to VOTE EARLY.",neutral,0.24757244,0.6364461,0.11598148,50,positive,0.48,0.32,0.2,0.462459844,0.343419282,0.194120878," Kerry, you voted early last week.  We put this on our TikTok, by the way.  It did really well.  Hundreds of thousands of views.  Let's play cut 35 of Kerry Lake going to go vote early.  Play cut 35.  Hey, Arizona, it's me, Carrie Lake. And guess what? I'm heading out to vote right now.  You know, we have election season here in Arizona.  And so I'm going to go cast my vote at an early voting center.  And I'm encouraging you to do the same. If you have a mail in ballot, go grab that ballot.  Open it up. Vote Republican all the way up and down that ticket and then get it sent back in.  Or if you'd like to vote in person, go to a voting center and vote there.  We got to bank the vote and we got to chase the vote and make sure that we win this and save our country and save our beautiful Arizona.  See you later.  Carrie, tell us more.  Yeah, I went the day early voting started.  Actually, I went the second day.  The day early voting started is the day I had my debate,  so I was a little bit preoccupied that day in doing some events with CPAC and also J.D. Vance.  But I went the next day.  It's a long ballot, Charlie.  Here in Arizona, we have four pages.  It's a two-page ballot front and back, so there's really four pages there.  And it takes a little bit of time, and so I want to make sure people are showing up early to vote  or getting their mail-in ballots filled out now and sent back in.  And we don't want a crunch on Election Day.  We don't want there to be just one day left of voting, and everybody shows up,  and there's super long lines, and it's taking people a little bit longer to vote this time,  and people can't get in.  There's no parking.  We've seen all that stuff.  We've gone through that before.  So we're trying to prevent that by getting everybody out to vote early.  And President Trump is fully behind it as well.  I was with him yesterday.  He's encouraged by what he's seeing.  I saw big, huge posters in the arena that said,  Vote.  Vote early.  And I think people are heeding that warning that we don't want to get into that crunch on Election Day  and be caught with any issues that could arise.",positive,0.82277334,0.16901235,0.008214319,Assertive & Clear,Concerned & Empathic,Economic,Assertive & Direct,50.0,positive,0.48,0.32,0.2,0.46245984434,0.34341928192,0.19412087785
Republican,Arizona,Kari Lake,DBHijYfBLyd,2024/10/14,"I thank Charlie Kirk and Turning Point Action for the huge effort they're leading, not only here in Arizona but also in other states, to get people voting early and chasing the ballot

We've got to fight fire with fire, and we will get every ballot turned in and counted this time around",positive,0.88006556,0.109857775,0.010076691,10,positive,0.5,0.2,0.3,0.49629638,0.181986654,0.321716967," Good to be on. And Charlie, thank you for this huge effort you're leading, not only here in Arizona, but other states to get people voting early and the chasing the ballot.  I think it's brilliant. And we got to fight fire with fire.  And we're going to get every ballot turned in and counted this go around.  So I'm looking forward to the lead up to Election Day.  us now is Carrie Lake, who we're doing everything we can to make her the next senator from the  great state of Arizona.  Carrie, welcome back to the program.  All ballots matter, and they all need to be submitted.",positive,0.95637715,0.0397263,0.003896485,Assertive & Clear,Concerned & Empathic,Others,Assertive & Direct,10.0,positive,0.5,0.2,0.3,0.49629637956,0.1819866537999999,0.32171696678
Republican,Wisconsin,Eric Hovde,DBHb0n9C7Rm,2024/10/14,"Ask yourself, are you happy with where your country is going?

If you’re not… it’s time to make a change.

Let’s go restore this country. 🇺🇸",positive,0.55788934,0.40659294,0.03551772,9,negative,0.222222222,0.222222222,0.555555556,0.26561672,0.227684573,0.506698708," In my view, we need to restore this country.  Go out. Talk to your friends in the middle.  Ask them, are you happy where your country's going?  Are you happy with the open border?  Are you happy with all the debt?  Are you happy with your president?  If you're not, it's time to make a change.  we need to bring everybody we can into our movement to restore this American dream.  I'm Eric Hovde, and I approve this message.",neutral,0.4335081,0.48235014,0.084141806,Energetic & Bright,Angry & Confrontational,Economic,Emotive & Engaging,9.0,negative,0.2222222222222222,0.2222222222222222,0.5555555555555556,0.2656167201888889,0.2276845727777778,0.5066987075555556
Republican,Pennsylvania,Dave McCormick,DBFlU3cNcmG,2024/10/14,"My friend George Bochetto has done an incredible job protecting the Christopher Columbus statue here in Philadelphia. 

We must preserve Italian-American history!",positive,0.9542347,0.041508906,0.004256383,5,negative,0.2,0.2,0.6,0.258807071,0.249281573,0.491911332," Dave, thank you so much for coming.  I've invested the last four years of my life saving this statute  and battling the woke Democrat administration in Philadelphia from tearing it down.  Ultimately, we were successful in the courts, and I am so proud to have Senator Dave McCormick with us.  He's going to be a senator in about two weeks, and we can't wait.  Thank you so much, Dave.  Thank you.  Okay, we're here at the Columbus Day Festival, and we're in Marconi Plaza in South Philadelphia,  right in front of a very famous statue of Christopher Columbus.  And I'm here with my good friend, George Paquetta, who's also an incredible hero in protecting this statue.  So, George, tell us the story.  Well,  Thank you so much.  Thank you, George.  Great to be with you, my friend.",positive,0.9549199,0.036838252,0.008241868,Energetic & Bright,Flat & Neutral,Voter Mobilization,Subtle & Neutral,5.0,negative,0.2,0.2,0.6,0.2588070707,0.2492815728,0.4919113323999999
Republican,Arizona,Kari Lake,DBFSFrwNX9O,2024/10/13,@KariLake CALLS PRESIDENT TRUMP THE G.O.A.T. 🐐🔥🇺🇸💪,positive,0.94192535,0.050256666,0.007817955,141,positive,0.645390071,0.205673759,0.14893617,0.624409538,0.220247914,0.155342557," Do we love this man?  We just witnessed one of the great...  Presidents in American history.  And now I say...  This is the greatest president in American history.  But...  But I think it goes further than that.  I think we are in the midst of one of the greatest leaders in human history, and his name is Donald J. Trump.  This guy right here.  You know, I used to say after the first term of President Trump.",positive,0.96532637,0.02827369,0.006399882,Assertive & Clear,Flat & Neutral,Voter Mobilization,Assertive & Direct,135.0,positive,0.674074074074074,0.1703703703703703,0.1555555555555555,0.6421378031703703,0.1997760283777778,0.1580861778051852
Republican,Arizona,Kari Lake,DBFAKnVtZoY,2024/10/13,"Last Wednesday, I debated my opponent Ruben Gallego.

If you haven’t watched it, make sure you do and you SHARE it with your friends because the People of Arizona deserve to know who the REAL Ruben Gallego is, not the extreme makeover version.

WATCH➡️ KariLake.com",neutral,0.17069843,0.81134045,0.017961036,17,positive,0.647058824,0.058823529,0.294117647,0.633652493,0.124113614,0.242233885," How many of you saw the debate the other day on Wednesday?  But I have to tell you, in the debate, I talked about an old TV show called Extreme Makeover,  because what we're getting from him is an extreme makeover.  He's one of the most radical people, voted on the left.  He's Arizona's AOC, but he's more radical to the left than AOC.  And I got to thinking, there's another old TV show that I think about when I think of Ruben Gallego.  It's Are You Smarter Than a Fifth Grader?  Because Ruben Gallego called the border wall dumb and stupid.  Even fifth graders know we need a border wall, right?  Do we have any kids in the audience?  Raise your hand.  Let's hear it from the kiddos.  I see him out there.  You guys know we need a border wall to keep us safe.  Ruben Gallego wanted to defund police.  Even our fifth graders and kids know we can't defund the police.  That's crazy.  And Ruben Gallego wants men to participate in women's sports.  He wants men to be showering with our kids.  If you didn't see it, you got to watch it.  And if you have a friend who's on the fence, you got to make them watch it because we need everyone to vote against Ruben Gallego for putting America first, voting for Carrie Lake.  So watch that debate.  Even our fifth graders know the difference between a boy and a girl.  So we gotta make sure that we get out and vote.",neutral,0.15400118,0.74834925,0.09764955,Assertive & Clear,Angry & Confrontational,Others,Assertive & Direct,17.0,positive,0.6470588235294118,0.0588235294117647,0.2941176470588235,0.6336524927058823,0.1241136144117647,0.2422338846764706
Republican,Michigan,Mike Rogers,DBFQSkkPKkJ,2024/10/13,"Slotkin voted for 100% of the Biden-Harris agenda that cost you more, and gave handouts to illegal immigrants. 

In the Senate, I’ll put Michigan families first.",negative,0.018447652,0.14290838,0.838644,0,,,,,,,," wages keep falling prices keep rising and the liberals are making it worse  They're wasting our tax dollars on benefits for illegals.  We pay more and the illegals get more.  The Washington politicians are failing our families.  Slotkin voted for Biden's agenda 100% of the time.  She created this mess.  I'm Mike Rogers, and I approve this message.  I'll put Michigan families first.  I'm Mike Rogers. I worked in a factory and served in the army.  Washington politicians like Alyssa Slotkin, they don't understand it.",negative,0.012578264,0.11222221,0.8751995,Neutral & restrained,Concerned & Empathic,Abortion,Subtle & Neutral,,,,,,,,
Democratic,Pennsylvania,Bob Casey,DBElUFphxFy,2024/10/13,You shouldn’t lie to the people you seek to represent — especially about something as simple as where you live.,negative,0.018262446,0.37201297,0.6097246,3,negative,0.0,0.0,1.0,0.008241032,0.071600618,0.920158387," If you haven't been here, you're not going to understand the state,  and you should not lie to the people that you seek to represent.  I think that's a pretty low bar.",negative,0.008817649,0.13270235,0.8584801,Neutral & restrained,Flat & Neutral,Abortion,Subtle & Neutral,3.0,negative,0.0,0.0,1.0,0.0082410316666666,0.0716006176666666,0.9201583866666666
Democratic,Pennsylvania,Bob Casey,DBERoJDN1Wy,2024/10/13,"David McCormick wants us to ""get past"" his extreme position on reproductive rights.

The people of Pennsylvania want better.",negative,0.012044385,0.20671421,0.78124136,0,,,,,,,," McCormick called abortion rights as, quote, something that we need to get past.  How out of step is he with voters in Pennsylvania when it comes to reproductive rights?  He's way out of step because I think a lot of Pennsylvanians were insulted.  When they found out that in the aftermath of the Dobbs decision, overturning Roe,  He said that decision made him, quote, very, very happy, unquote.  And he manifested that in the answer he gave the other night about getting past.  He wants us to get past his extreme position.  He wants us to get past this reality that in state after state, these abortion bans aren't theory.  They're in place.  So you have stories like the.  The story in Florida, plenty of stories in Texas as well, but in Florida, a woman bleeding out, hemorrhaging so much that she had to be put on a ventilator to save her life.  That's what he wants us to get past.  I don't think the people of Pennsylvania will want to get past that.  They want to make sure that we pass the Women's Health Protection Act, but we can't do that without a majority, and we can't do that without...  my race being successful. So I hope people will go to bobcasey.com to help.",negative,0.017643208,0.24642362,0.7359332,Emotional & reactive,Flat & Neutral,Voter Mobilization,Subtle & Neutral,,,,,,,,
Democratic,Texas,Colin Allred,DBC42OANkzx,2024/10/13,"When I was elected to Congress, I had the honor of representing President George W. Bush. When we met, it was a reminder that we’re all on the same team, working together to protect our democracy and get things done.",positive,0.90883833,0.08759444,0.003567193,19,negative,0.210526316,0.210526316,0.578947368,0.241871219,0.299450871,0.458677923," When I got elected, President Bush gave me a call.  I think we're all part of the same effort, which is to bring us back to our fundamental values.  I'm proud to have represented President Bush.  I'm proud to have worked with his institute here at SMU on some policy issues that they've helped,  particularly when it comes to foreign policy.  He and former First Lady Laura Bush, some of their efforts align really closely with what I want to do  and what I've worked on on the Foreign Affairs Committee.  I know, Adam, that you did as well.  I think that there's so much more that we can do together.  I didn't know it was him, and so I didn't answer.  I still haven't really lived that down.  And he left a really funny voicemail that I also still don't have, which is outrageous behavior.  Just saying, hey, you know, like, let's get together.  And we had a great meeting, and we laughed for about an hour.  And he's still the same kind of, you know, funny person that he's always been.  And the kind of maxim of, you know, the guy you'd want to get a beer with is still very true.  I think that we are all kind of part of the same project, in my opinion.",positive,0.9161774,0.07579694,0.008025681,Flat & analytical,Concerned & Empathic,Abortion,Flat & Restrained,18.0,negative,0.2222222222222222,0.1666666666666666,0.6111111111111112,0.2427794227666666,0.2782611778333333,0.4789594146444444
Republican,Wisconsin,Eric Hovde,DBCdXDjyLjA,2024/10/12,IT’S TIME FOR CHANGE!,neutral,0.33540243,0.5789357,0.08566192,11,negative,0.363636364,0.090909091,0.545454545,0.344882861,0.224065164,0.431051968, If you want this country to go in a better direction and have somebody who is doing it because he loves his country.  economically and we have to get people who understand our globalized  financialized economy today.  and who understands real-life experiences.  he realizes the country is failing.,neutral,0.32561585,0.4589225,0.21546166,Flat & analytical,Angry & Confrontational,Others,Subtle & Neutral,10.0,negative,0.4,0.0,0.6,0.35681879145,0.1783851458,0.46479605678
Democratic,Pennsylvania,Bob Casey,DBCWDDTv_-s,2024/10/12,"Thanks for the call, @JohnFetterman.

To our friends in Lancaster and across our Commonwealth, I’m proud to have you on my side in this campaign.",positive,0.9744333,0.021545932,0.004020799,22,positive,0.545454545,0.136363636,0.318181818,0.563305946,0.182219596,0.254474442," Woo!  Hey, John Fetterman, how are you?  John, thanks for all the help.",positive,0.98200285,0.015220207,0.002776954,Emotional & reactive,Warm but Reserved,Others,Measured & Composed,21.0,positive,0.5714285714285714,0.0952380952380952,0.3333333333333333,0.5793908217285714,0.1584745596904762,0.2621346025904762
Democratic,Pennsylvania,Bob Casey,DBCKLbDt1AV,2024/10/12,"Out-of-state billionaires are trying to buy Pennsylvania’s Senate seat.

I’m counting on you to help us fight back — chip in now: bobcasey.com/donate",neutral,0.11824284,0.73428786,0.14746928,3,positive,0.666666667,0.333333333,0.0,0.76645444,0.199837441,0.033708156," I'm in a very close race right now. New York Times has a poll today. It's three points. It's  probably a two or three point race and has closed a lot because of a huge billionaire funders,  literally a small group of billionaires funding a super PAC that has spent more money in my Senate  race than either campaign or any entity has spent. So that's the reason President Obama has been  working so hard to help me because he knows this close Senate race could decide the majority in  the Senate. So I'd ask folks who want to help us fight back against those billionaires to go to  BobCasey.com to help us.",neutral,0.23599981,0.67387307,0.09012712,Flat & analytical,Flat & Neutral,Campaign Endorsements,Subtle & Neutral,3.0,positive,0.6666666666666666,0.3333333333333333,0.0,0.76645444,0.1998374406666666,0.0337081558666666
Republican,Pennsylvania,Dave McCormick,DBCQpzPPMeT,2024/10/12,"Farming is more than a business, it’s a lifestyle.

On National Farmer’s Day, we thank the family farms across our commonwealth and the country for working every day to feed our nation.",positive,0.86086017,0.13433447,0.004805333,0,,,,,,,," McCormick discussed a platform to bring back whole milk to Pennsylvania school cafeterias and reduce energy costs for farmers.  McCormick also sees China as a major threat to Pennsylvania agriculture.  They're in it because it's a lifestyle.  It's a way of living with their family.  It's a way of producing.  I would be advocating an agenda that makes sure that we have free and fair relationships  around the world, particularly with China, that we have policies to make sure agriculture  producers compete in a level playing field.  not want to be dependent on other countries owning our food supply and we don't want to  sell our precious farmland to foreign powers, particularly China.  Agriculture is so critical to Pennsylvania and we need to have senators or leaders who  are going to fight with a vision for how to protect Pennsylvania, how to protect America,  and how to protect our country.  that is unique and special.  And if we're not careful, we're going to lose that.  I came away recognizing how important it is  and wanting to do all I can do as a U.S. Senator  to make sure these farms continue.  We've lost something like 17% of our family farms  in the last 15 years.  We need to change that.",neutral,0.08407044,0.71509117,0.2008384,Flat & analytical,Warm but Reserved,Voter Mobilization,Measured & Composed,,,,,,,,
Republican,Ohio,Bernie Moreno,DBCGlzhOboA,2024/10/12,"You need outsiders, you need business people to go to Washington, DC to fix it. Sherrod Brown has been around for 50 years. We’ve lost 200,000 manufacturing jobs under his watch. It’s time for him to go. He doesn’t reflect Ohio values.",negative,0.010673082,0.13184777,0.85747916,21,negative,0.19047619,0.285714286,0.523809524,0.232042275,0.317696756,0.450260973," My closing argument is simple.  You need outsiders.  You need business people to go to Washington, D.C. to fix it.  This guy's been around for 50 years.  We've lost 200,000 manufacturing jobs.  It's time for him to go.  He doesn't reflect Ohio values.  Again, if your viewers can go on BernieMarino.com,  we'll have the resources to expose him, and we'll win this race, Sean,  and we'll deliver a Republican majority in the United States Senate.  This race is now tightened. It's a one point race.  And I've got to imagine with Donald Trump at the top of the ticket and this being Ohio, a pretty red state, that this is a winnable seat.  What is your what are your closing arguments for the people in Ohio?",neutral,0.06146319,0.48394144,0.45459545,Neutral & restrained,Surprised & expressive,Others,Subtle & Neutral,20.0,negative,0.2,0.25,0.55,0.23236821095,0.29953832675,0.46809346808
Republican,Ohio,Bernie Moreno,DBBwlPguq-r,2024/10/12,"The road to a Republican Senate majority runs right through Ohio. In 24 days, we can retire Sherrod Brown and fire Chuck Schumer.

Go to berniemoreno.com and help us win this race.",positive,0.60623753,0.37966385,0.014098609,26,positive,0.615384615,0.153846154,0.230769231,0.606065168,0.167598662,0.226336184," And let's look at Sheriff Brown's record. He's almost 100 percent Harris Biden.  What did he say about the borders? What did he say about Donald Trump?  Wasn't very complimentary. Doesn't seem in touch with the people of Ohio.  You know, one of the interesting phenomenons is like Harris wants to hide her radicalism.  Same with Tim Walz. That's why they're doing only friendly interviews.  They've never been asked any tough questions.  But I talked to my buddy Bill Cunningham on the big one, LW, in Cincinnati.  And he tells me all the time that if you look at commercials, you would think Sherrod Brown is a MAGA conservative.  And he's not.  No, he called President Trump racist.  He said the wall was stupid.  He said the border was a right-wing conspiracy theory.  Voted twice to impeach him.  Called President Trump a threat to democracy.  Voted with Biden 100% of the time.  And when Trump was in office, stabbed him at the back at every single turn, Sean.  No, listen, they can't actually run on their record, Sean, because they would lose 70-30.  The reality is what they try to do is pretend there's something different at home.  But look, if your viewers go on BernieMarino.com, they can help me beat him.  This guy's got all kinds of money coming into Ohio to run those lies, to put those commercials on there.  We need your help at BernieMarino.com to fight back, Sean,  because we're going to expose him for the radical leftist that he is.  And we're going to win this race.  We're going to fire Chuck Schumer, and we're going to make certain that President Trump's agenda gets passed.",negative,0.027197042,0.40981337,0.56298953,Neutral & restrained,Concerned & Empathic,Campaign Endorsements,Flat & Restrained,25.0,positive,0.64,0.12,0.24,0.6212868323,0.14706799404,0.231645188504
Republican,Arizona,Kari Lake,DBA7jAtqYY5,2024/10/12,"The media is committing malpractice by not telling people about Ruben Gallego's past.

If I had half the baggage Ruben has, they would be screaming it from the rooftops.

Instead, I have to do their jobs for them.",negative,0.009102944,0.15414163,0.8367555,55,positive,0.436363636,0.145454545,0.418181818,0.428490861,0.1963613,0.375147837," I'm not blaming him for what his father did, but it should be scrutinized, and we're just believing what he's saying, and we're not even having a media looking at it.  What is there?  And there's something there, and he's not talking about it.  trying to ignore it. And it's very disturbing, especially considering  The situation we're in right now with the cartels wreaking havoc, like I said, on our country.  You've even said this. You have admitted that you have a loved one who was a convicted felon drug trafficker, who's trafficked drugs into our country.  And for you to continue to vote to empower cartels to bring in fentanyl, which is a weapon of mass destruction, into our country.  And what you're doing to families right now, Ruben, is you're making that be their reality.  Everyone has to know it.  We have to wake people up.  His dad is a convicted felon.  truly a Mexican drug trafficker, arrested for very serious crimes back in 94 and then recently again.  And I mean, that's how their family made their money. And nobody knows about that. The media is.  is committing malpractice by not telling people that his family has connections to the Mexican cartels  who are wreaking havoc on our country, who now control our border.  This has to get out, and the media won't report it, Greg.  So I had to do it. I had to tell people about it.  Then we have the cartels empowered by Ruben Gallego trafficking drugs into our state.  We are the funnel for fentanyl.  We are losing a generation of people.  We're losing an entire generation of young people.  And you should know better, Ruben.  you are going through the threats to our country and what you might do about it. D03.  And I noticed he wouldn't look at you, you know, just little little glances.  That was something else that I thought was telling.  Carrie Lake, good luck.  We see that there's momentum in Arizona.  President Trump is now trending upwards in Arizona.  And so are you.  Carrie Lake, go to Carrie Lake dot com.  Carrie Lake dot com.  You got it.  He was he went to the Tim Walz School of Debate. He's writing everything down for no apparent reason.  But you didn't like, you know, he had mentioned his father before.  So you had every right to go there. Right. I mean, this is kind of everybody knows it.  Well, look, the sins of the father don't necessarily right, but we want to know everything about these candidates.  And, you know, it's it is fair game.  And look, it lends further doubt to the whole notion that he didn't have a bed from birth to 18.  I just don't believe that. All right.  I'm not believing.",negative,0.01542031,0.28005672,0.70452297,Neutral & restrained,Concerned & Empathic,Others,Assertive & Direct,53.0,positive,0.4528301886792453,0.1132075471698113,0.4339622641509434,0.4361500047603773,0.1780781283962264,0.3857718652698113
Democratic,Arizona,Ruben Gallego,DBAALCVJAv-,2024/10/11,"Seeing Arizona’s families struggle is personal for me.

I’ll do whatever it takes to help them make it.",negative,0.16331038,0.41465372,0.42203596,7,positive,0.571428571,0.142857143,0.285714286,0.54850325,0.197627307,0.253869421," Seeing Arizona families struggle is personal for me.  Growing up, my family barely got by.  It's why I'm standing up to greedy corporations  that aren't paying their fair share of taxes,  leaving everyday Arizonans with the bill.  And it's why I took on Big Pharma,  to limit the annual cost of prescription drugs for seniors  and cap the cost of insulin to $35 a month.  because I'll do whatever it takes  to help Arizona families make it.  I'm Ruben Gallego, and I approve this message.",negative,0.106326714,0.4335974,0.46007589,Neutral & restrained,Concerned & Empathic,Voter Mobilization,Flat & Restrained,7.0,positive,0.5714285714285714,0.1428571428571428,0.2857142857142857,0.54850325,0.1976273068571428,0.2538694211428572
Democratic,Ohio,Sherrod Brown,DA_ulW_yJ42,2024/10/11,"In Lordstown today with UAW workers calling on the Administration to stand up to China.

We know China will stop at nothing to undercut American workers & manufacturers — including importing goods through Mexico to avoid US tariffs. The Administration must act now.",neutral,0.058923274,0.69319016,0.2478866,6,neutral,0.166666667,0.5,0.333333333,0.224672649,0.421759107,0.353568291," the road today from Trumbull County north of Youngstown to Steubenville on the Ohio River and  to warn the Chinese that they're not going to get away with the kind of things they've done.  Mexico and China have done to undermine American manufacturing.  I'm not here to promote my book, but I did write a book.  15 years ago about the MIS of free trade.  Because I know what's happened.  And I know how these jobs, how we've been undercut.  by unfair foreign competition.  was just with longtime friends  whom I've known for so many years,  local 1112,  that union hall near Lordstown.  I'm there to essentially to...",neutral,0.03612141,0.53365856,0.43022,Neutral & restrained,Surprised & expressive,Economic,Measured & Composed,6.0,neutral,0.1666666666666666,0.5,0.3333333333333333,0.2246726488333333,0.4217591065,0.3535682905
Democratic,Ohio,Sherrod Brown,DA_pHP_vtOH,2024/10/11,"Bernie Moreno has the billionaires. 

And I have you.",neutral,0.25535288,0.6817969,0.06285022,11,positive,0.727272727,0.090909091,0.181818182,0.703798873,0.143906295,0.152294822," Get this, we've had more money spent against me in this Senate race than any Senate race  in the history of the United States of America.  Marino has the billionaires and I have you.",negative,0.05264323,0.29530466,0.65205204,Energetic & Bright,Warm but Reserved,Others,Measured & Composed,11.0,positive,0.7272727272727273,0.0909090909090909,0.1818181818181818,0.7037988729090908,0.1439062952727272,0.1522948221727272
Democratic,Ohio,Sherrod Brown,DA_RUw9MWJa,2024/10/11,The Butch Lewis Act wouldn’t have happened without the Bakers and Confectionery Workers.,neutral,0.06883309,0.5456319,0.38553497,1,negative,0.0,0.0,1.0,0.010186692,0.10161504,0.8881984," in the United States.  Bakery workers, it was the Teamsters,  it was the iron workers, it was a lot of the other trades.  But if they had knocked down the doors of Congress and said,  This is, we negotiated this at the bargaining table.  We earned it, it belongs to us.  Don't let Wall Street take it away.  You had people like me fighting and I led the fight.  But again, it wouldn't happen without this union and this union's retirees fighting like hell to make sure it happened.  never has any elected official  was from Senator Sherrod Brown asking, how can I help?  That's the kind of person he is.  That's the kind of elected official he is.  And that's why it's so important for Ohio.  to have Senator Sherrod Brown  stood so strong and as i said  First call I ever got when our union needed help.",neutral,0.2555313,0.65563184,0.088836804,Flat & analytical,Surprised & expressive,Campaign Endorsements,Emotive & Engaging,1.0,negative,0.0,0.0,1.0,0.010186692,0.10161504,0.8881984
Republican,Arizona,Kari Lake,DA_qyoqp0Jv,2024/10/11,"WATCH: This Is Why Trump Calls Her “Border Kari Lake” 🇺🇸 

Please SHARE!",neutral,0.047408298,0.73619497,0.21639673,110,positive,0.5,0.2,0.3,0.485398484,0.24254079,0.272060727," He voted against President Trump's national emergency on the border.  He said the border is not that big of a deal in Arizona when he was talking to people who were donating money to his campaign and said he's not an expert on the border.  We need somebody who understands the threat on the border.  And I do.  And President Trump does.  And on day one, we're going to get busy undoing the damage caused by Kamala Harris, Joe Biden and Ruben Gallego, who's voted with him 100 percent of the time.  You know, this isn't just about an open border.  We've got 20 million people pouring in.  They're taking jobs.  They're taking housing.  This is why nobody can afford housing anymore, because we're having to compete with people who've come in illegally.  I am completely opposed to an open border.  I am 100 percent for legal immigration.  We're not only going to extend the Trump tax cuts.  We're going to make sure that we're not making anybody who's a senior citizen on Social Security pay taxes on their Social Security check.  No more taxes on tips and no more taxes on overtime.  We've got to stop printing money like it's going out of style.  That's what Ruben Gallego, Kamala Harris and the Democrats have done.  And we're going to start cutting back on the wasteful spending of the government.",negative,0.026173636,0.3120607,0.66176564,Neutral & restrained,Concerned & Empathic,Others,Assertive & Direct,108.0,positive,0.5092592592592593,0.1851851851851851,0.3055555555555556,0.4902109825509259,0.2344236681981481,0.2753653498907407
Republican,Arizona,Kari Lake,DA_WWc6PJtS,2024/10/11,"Gallego's consultants have built him up in these ads to make him look like a cross between Mr. Rogers & G.I. Joe.

It was never going to hold up to actual scrutiny.

He couldn't connect with Arizonans at our debate because he was trying to sell them a false version of himself.

He's still the same Radical Ruben.",negative,0.0136785,0.20089188,0.7854296,59,negative,0.186440678,0.220338983,0.593220339,0.198942686,0.282380863,0.518676452," Well, they built him up in all of these ads to make him look like a cross between Mr. Rogers and G.I. Joe.  And we saw the real Ruben.  You can only do so much with ads when you're standing there on a stage talking.  All is revealed. And I thought it was really interesting, Greg, when he went to do his opening remarks and tell his story.  He wanted to tell the people about his story. You could tell he had memorized his story.  If you can't off the cuff tell people about who you are, then either your story is not true or you've got some real problems.  You know, you should be able to speak from the heart and use your mind and connect with the people out there.  And he did neither. I was there to do some reporting.  I had to go back to my old journalism days and inform people about who the real Rubin is, not the extreme makeover version of Rubin Gallego.  for still no reason how why she can explain it she can't explain it why she was against that bill  a 10 year old  victim of incest, had to leave her home state.  and the Comforter family to get an abortion.  We're gonna trust her.  She's failed the basic test of honesty.  Hello?  Why would we trust her?  This is something that the Border Patrol wanted and endorsed.  It would have brought thousands of Border Patrol agents, thousands of asylum judges, thousands of ICE agents as well.  And to say that, you know, I've been very proud of making sure that in my time in Congress,  this is why I'm supportive of the Border Enforcement Bill, the compromise bill that was supported by Border Patrol and Carrie Lake.  You seem to psych him out.  I mean, it was just, he didn't seem prepared.  Take a look at this, D02, please.  Why do we trust her?  You know, it doesn't seem like he prepared at all.  I was, you know, like deer in the headlights and an amateur fresh to politics, right?",neutral,0.31602222,0.6300677,0.053910077,Neutral & restrained,Concerned & Empathic,Others,Assertive & Direct,58.0,negative,0.1896551724137931,0.2068965517241379,0.603448275862069,0.1984843955413793,0.2755104408965517,0.5260051656086207
Republican,Arizona,Kari Lake,DA_WJ_tCBgx,2024/10/11,"I would love to do another debate with Ruben Gallego.

There's so much we didn't have time to explore.

I could use a few more hours to tell Arizonans about how he's voted to open our border, how his votes have caused an increase in violent crime, & how he's voted to send our economy spiraling out of control.",neutral,0.36625493,0.40115172,0.23259334,31,positive,0.483870968,0.290322581,0.225806452,0.485159146,0.321533736,0.193307115," Had 10 years in Congress.  He's done nothing.  Ruben, you're more interested in the talking point.  I've been covering this state for 30 years, including the board.  You have heard Arizona.  I've been to the border more times.  We've given you a chance on this.  I've been to the border more times than you've probably been to Arizona.  I'm the only woman on this stage right now.  I don't think I'm standing next to a woman.  And so I understand how difficult these choices may be.  And we have the choice as Arizonans to decide what our abortion law will be.  It's going to be up to us.  I feel great. I actually would love to do another debate with Ruben.  I've got two or three hours more to tell people about his terrible votes.  And I'm looking forward to hopefully.  getting a chance to tell people more about how he's voted on the border.  how he's voted when it comes to crime, how he's voted when it comes to our...  economy that is spiraling out of control.  Well, there she is, Carrie Lake, the Republican candidate for the United States Senate in Arizona,  fresh off of her clear and total victory over her chump of an opponent.  Excuse me. Look, I'm totally biased here. I'm rooting for you, Carrie.  But objectively speaking, you won that debate.  Before we chat, let's show everybody what happened last night in that senatorial debate.  You're more interested in the talking point.  She wants to talk to me.  She wants a solution.  And Arizona is going to get hurt.  Arizona is going to get hurt.  I've been to the border more times.  We're going to change topics.  Well, that's just a little taste.  I thought it was clear and total victory.  Congratulations.  How are you feeling today?",neutral,0.14245299,0.5497354,0.30781153,Neutral & restrained,Positive & engaging,Campaign Endorsements,Emotive & Engaging,30.0,positive,0.5,0.2666666666666666,0.2333333333333333,0.49381366565,0.3095560160333333,0.1966303160366666
Democratic,Michigan,Elissa Slotkin,DA_UjSzggI3,2024/10/11,Thanks @stephruhle for the shoutout.,positive,0.9564029,0.04008909,0.003508013,9,positive,0.777777778,0.0,0.222222222,0.685208789,0.114500182,0.200291016," Listen, she's a great candidate and she's been a very strong member of Congress.  And, you know, I think we're listen, I think she's going to win.  I mean, if you look at again, if you look at recent polling, she's ahead in most polls right now.  And she's just a better candidate than she is.  And listen, we've been very successful in Michigan in 2018, in 2020, in 2022.  Gretchen Whitmer and her remarkable team, right, have built a formidable coalition for Democrats there.  Where Slotkin fits in very well with the kind of leadership that Whitmer has brought to the state.  You know, I think, again, it's close and we have to do the work to close to make this.  The way I like to say this is we're winning the election, but we haven't won it yet.  And now we have to go win it together.  I was here in Michigan and I voted yes on Proposition 3.  You were in Florida.  You voted in Florida.  You weren't here.  For some people, this issue is a talking point.  He's put his finger in the wind and he says, now I can't win if I don't look good on this  issue.  And so he's changed 30 years of being unilaterally pro-life, of never breaking once with his  party on this issue, right?  So it's not a talking point to women.  It is our lives.  It's whether we bleed to death in a parking lot.  It's who and when gets to decide how we have a family.  Do not trust him.  Well, let's stay in Michigan, but let's go down ballot because Democratic Congresswoman Alyssa Slotkin and former GOP Congressman Mike Rogers are running for Michigan's open Senate seat.  And I want to play just a moment from Tuesday's debate on abortion.  Watch this.  Well, in Michigan, a lot of people like the big Gretsch.  Simon, great to have you.  Damn, girl. Simon, this Senate race is considered a toss-up.  How is that message going to play out?",positive,0.8924256,0.094387226,0.013187125,Assertive & Clear,Concerned & Empathic,Abortion,Assertive & Direct,9.0,positive,0.7777777777777778,0.0,0.2222222222222222,0.6852087894444444,0.1145001816666666,0.2002910158444444
Democratic,Michigan,Elissa Slotkin,DA99vTYAvEj,2024/10/11,"Past behavior is the best indicator of future behavior. There are no ""rebrands"" when you have a 20-year record of fighting to end a woman's right to choose.",negative,0.017997827,0.32603362,0.6559686,2,positive,1.0,0.0,0.0,0.964647585,0.030442307,0.004910065," I think there's this thing going on right now across the country with a lot of Republican candidates where they they sort of, you know,  they literally stick their finger in the wind and see which way it's blowing and see that, you know, oh, you know,  a lot of people don't seem to like when we, you know, take away women's rights.  So I'm going to recraft, rebrand, forget about the past, ignore my history and just convince you that I'm going to be the protector of women.  And I mean, I just if you believe these folks, I have a bridge I want to sell you.  It's just not realistic. And past behavior is the best indicator of future behavior.  And they tell you who they are when they have the job.  And in my case, there is a man who had 20 years as a politician.  So we have his votes. They're public. So I just don't think we can let them get away with this idea of just.  going 180 rebranding and we have to call them on the records.",negative,0.033165514,0.4251316,0.54170287,Assertive & Clear,Concerned & Empathic,Abortion,Assertive & Direct,2.0,positive,1.0,0.0,0.0,0.964647585,0.0304423074999999,0.0049100645
Republican,Pennsylvania,Dave McCormick,DA9s_0YNOqC,2024/10/11,An awesome day in Western PA with my buddy and fellow combat veteran @Sen_DanSullivan,positive,0.98000985,0.017903466,0.002086685,2,neutral,0.5,0.5,0.0,0.56177483,0.386200095,0.052025072," I'm here with my good friend, Senator Nanshul from Alaska.  He just spent the day in Pennsylvania.  Thanks so much, Senator, for coming.  getting the endorsement, talking about law enforcement here in Allegheny County,  but also across our great Commonwealth.  And we just had a great event here at the Jewish Federation in Pittsburgh.  And listen, we've got to win this election to get our country back on track.  Feeling great momentum on the ground, and thank you so much, Senator.  I couldn't appreciate it more.  We had a great day.  We spent time with veterans and a local VFW.  We spent time with the FOP 91.  Dave, I am so proud of you.  Look, Pennsylvania, you've got to get Dave McCormick elected as your senator.  He will be great for the Commonwealth of Pennsylvania.  He will be great for America.  And here's the thing.  issues that we all care about, energy.  That matters to Alaska.  That matters to Pennsylvania.  That matters to America and, of course, our veterans at national security.  He's going to make that happen.  He will be a leader on these issues immediately.  Dave and I have been buddies for almost 20 years now.  I'm so honored to be out here campaigning for this great American.  Go vote for Dave McCormick.",positive,0.97859806,0.018749636,0.002652357,Neutral & restrained,Positive & engaging,Economic,Emotive & Engaging,1.0,positive,1.0,0.0,0.0,0.8980261,0.09153484,0.010439063
Republican,Michigan,Mike Rogers,DA9tXO2vN4v,2024/10/11,"Slotkin and Harris don’t care what kind of car you drive… as long as they are electric! Catch my segment with Laura Ingraham on Democrats’ radical EV mandates, which will drive the auto industry right out of Michigan.",neutral,0.11343334,0.5329011,0.35366553,5,negative,0.2,0.4,0.4,0.245752934,0.329857333,0.42438973," Oh, completely. I mean, listen, here's the good news was in a factory today.  They know that this will kill their job prospects, their future employment prospects.  I couldn't believe how many people were saying, hey, I'm not I don't know if I'm a Republican or not,  but I'm voting Trump and I'm certainly voting for you in this next election.  These are these are plant workers. And I can't tell you how important those jobs are for the state of Michigan.  Yeah, you can drive any car you want under the Democrats as long as it's electric car.  I mean, what they've done is just backward regulation to make sure that you will not  have the option to buy a gas powered car.  And what's interesting about this, Laura, is 5,000 auto dealers from across the country  in an act of desperation wrote an open letter to the Biden-Harris administration.  Of course, my opponent supported the Biden-Harris administration 100 percent of the time and  said, hey, these are mandates and you are ruining our business.  We cannot take it.  We have cars we can't sell and people you can't give these things away for a whole host  of reasons.  And so, listen, markets work, mandates don't.  And it's, as you mentioned, 9,500 jobs in manufacturing and parts.  But we just had another roughly 10,000 jobs in this last report on unemployment gains.  All came out of the automobile industry.  Stellantis, 24.  Hundred layoffs.  General Motors, 1,000 layoffs.  Ford lost $5 billion in their EV unit.  I mean, this thing is an absolute nightmare.  That's why the Democrats are acting like, well, Republicans in the last few weeks.  Congressman, she basically, again, stated that she's not going to tell people what kind of car to drive.  But these regulations will ultimately drive gas powered cars out of the hands of all regular people.  Maybe if you're super, super wealthy, you'll be able to afford them.  But everyone else, forget about it.  Well, working people, middle class people, people who depend on manufacturing, and you like the car you drive, Mike Rogers.  Mike, best of luck to you.  This race is very tight.  We appreciate it very much.  Well, Mike, the thing about this that I think all Michigan voters have to realize,  some of them might not like some of the stuff Trump says or Howie says it,  but they have to vote like their jobs and their life depends on it because it actually does.  Otherwise, they're all going to have to move to Florida or Texas where there are actual jobs, right?",neutral,0.29531327,0.38612077,0.31856593,Flat & analytical,Flat & Neutral,Voter Mobilization,Subtle & Neutral,5.0,negative,0.2,0.4,0.4,0.2457529344,0.3298573327999999,0.4243897296
Republican,Arizona,Kari Lake,DA9ZbNpteuL,2024/10/10,ARIZONA — VOTE EARLY! 🇺🇸,positive,0.4997318,0.487348,0.012920236,357,positive,0.68627451,0.198879552,0.114845938,0.651270518,0.227647823,0.121081658," Hey Arizona, it's me Carrie Lake and guess what? I'm heading out to vote right now.  You know we have election season here in Arizona and so I'm going to go cast my vote  at an early voting center and I'm encouraging you to do the same. If you have a mail-in ballot,  go grab that ballot.  Open it up, vote Republican all the way up and down that ticket, and then get it sent back in.  Or if you'd like to vote in person, go to a voting center and vote there.  We've got to bank the vote.  We've got to chase the vote and make sure that we win this and save our country and save our beautiful Arizona.",positive,0.5032364,0.4853231,0.011440468,Neutral & restrained,Concerned & Empathic,Voter Mobilization,Assertive & Direct,351.0,positive,0.698005698005698,0.1851851851851851,0.1168091168091168,0.6585482439962963,0.2199005149515669,0.1215512406376068
Republican,Arizona,Kari Lake,DA7e3jOtzxv,2024/10/10,"I want to say something out there to any kiddos who watched this debate. 

I don't want you to worry. 

I want you to dream REALLY big. 

I want you to know that we're going turn this country around, and your American dream will become a reality.",neutral,0.46340397,0.46628764,0.07030835,43,positive,0.790697674,0.093023256,0.11627907,0.760400171,0.114995817,0.124604006," Kerry Lake, you have one minute.  Arizona, thank you for tuning in tonight.  And I'm looking forward to being your next U.S. senator and bringing back a strong, secure border,  that strong Trump economy where everybody was doing better no matter what color your skin,  what neighborhood you were from, what your political ideology is.  We want to make sure we have a strong economy once again.  We want to fully fund our police.  My opponent called to defund the police when he was marching in the BLM riots  and calling police officers racist and actually the bad guys.  And that's very unfortunate.  I want every police officer in the family to know I fully support you.  We will fully fund the police.  We're going to need you to make our streets safe again after all of the crime that's poured in with an open border.  On day one, we're going to get to work to secure the border.  We're going to get the criminals who've invaded our country out.  And we're going to bring back that strong, thriving economy.  And I want to tell something out there if there's any kiddos watching.  I don't want you to worry.  I want you to dream really big.  I want you to know that we're going to turn this country around and your American dream will become reality.  Thank you both for being here tonight.  Thank you both for being here tonight.",positive,0.90437967,0.08395259,0.011667718,Neutral & restrained,Concerned & Empathic,Others,Assertive & Direct,43.0,positive,0.7906976744186046,0.0930232558139534,0.1162790697674418,0.7604001713255814,0.1149958165813953,0.1246040063930232
Republican,Arizona,Kari Lake,DA7ewieP7LC,2024/10/10,"I don't care if you are the most liberal Democrat, the most conservative Republican, or somewhere in between. I want every legal vote to count. 

My solution would be to get back to something closer to what we used to have on election day. Paper ballots, we know the results the night of the election, but we can't have people like Gallego voting to let illegal immigrants in our elections and watering down your one legal vote.",neutral,0.11738333,0.6969979,0.18561885,33,negative,0.363636364,0.272727273,0.363636364,0.353371001,0.269521693,0.377107317," And we do want to get to this last topic as well.  As Mr. Gallego has brought up, you have both made your stance on previous elections clear.  But we want to know public perception is, at least in Arizona, that something seems to go wrong every time.  So what specifically can be supported in the Senate to restore faith and confidence, regardless of who wins or loses in elections?  and restore our country.  You know, we've had problems across the country since 2000.  One year the Democrats are mad, the next year the Republicans are.  We've got problems with our elections, and there's no doubt about it.  The people of Arizona have been burned.  They're tired of hearing about hiccups and loopholes and problems that happen on Election Day.  We just want to make sure that our legal vote counts.  My opponent wants illegal votes to count.  He actually voted twice to have illegals vote.  He voted against the SAVE Act, which would prevent illegals from voting.  I want every legal vote to count.  I don't care if you are the most liberal Democrat or the most conservative Republican  or where most of Arizona is somewhere in between.  I want every legal vote to count.  My solution would be let's get back to something closer to what we used to have,  Election Day, paper ballots, and we know the results right there on the night of the election.  But we definitely can't have people pouring across our country illegally voting.  Not only does he want to let them vote, he wants to give them all asylum.  And we've got to stop this nonsense at the border.  Mr. Green.  Restore our country.",neutral,0.0537827,0.60476,0.34145734,Neutral & restrained,Concerned & Empathic,Voter Mobilization,Assertive & Direct,33.0,negative,0.3636363636363636,0.2727272727272727,0.3636363636363636,0.3533710009878787,0.2695216926666666,0.3771073167666667
Republican,Arizona,Kari Lake,DA7ektRCekI,2024/10/10,"Arizona has a water crisis.

We can conserve, but we can't conserve our way out of this. 

Otherwise, we'll end up giving the short end of the stick to our AG community & our ranchers, & we'll have a food crisis before we run out of water.

I want to work on true solutions. 

Piping in fresh water, desalination, & bringing in new sources of water to the West.",negative,0.01915179,0.32892492,0.6519233,125,positive,0.52,0.184,0.296,0.497579449,0.253048418,0.249372136," Can I talk about water really quickly?  I'm going to give you 30 seconds to respond.  Are we going to also talk about water separately?  Okay, let's talk about water. He's had 10 years in Congress. He's done nothing. I've lived here  for 30 years and I've watched as politicians continue to say we have a water crisis.  We are in the West and we need to look at long-term solutions. I'm not talking about  fighting over a drop of water. We can conserve, but we can't conserve our way out of this crisis.  Otherwise, we'll end up giving the short end of the stick to our ag community and our ranchers,  and we'll have a food crisis before we have a water crisis. I want to go to Washington,  D.C. and work on true solutions, piping in fresh water, desalination, but finally,  for once and for all, bringing in new sources of water to the West. The West is growing.  We don't want to be scrounging over water. We want to have plentiful water sources,  and I'm going to do it. I'm sick of watching politicians like Rubin do nothing.  I'm going to give you 30 seconds to respond.  Please talk about water.  Are we going to also talk about water?  We're running out of time, so 30 seconds.",neutral,0.060081784,0.6422921,0.29762608,Neutral & restrained,Concerned & Empathic,Campaign Endorsements,Assertive & Direct,121.0,positive,0.5371900826446281,0.1570247933884297,0.3057851239669421,0.5065730316438016,0.2389057099917355,0.2545212617297521
Republican,Arizona,Kari Lake,DA7edmfq3NN,2024/10/10,"The Democrats want us to be reliant on foreign energy from the Middle East & Venezuela. They don't want us to have a real domestic energy supply. 

We've got to look at all sources of energy. 

Everything should be on the table.

I will bring the cost of energy by Making American Energy Dominant Again.",negative,0.023415305,0.34650183,0.63008285,29,positive,0.413793103,0.275862069,0.310344828,0.412274071,0.269502336,0.318223598," Well, I wouldn't do what the Democrats did, which was take a great energy policy that President Trump had put in place and decimated on day one, hour one, like Joe Biden did with the support of my opponent.  We definitely can't do that.  We need to bring back and start building the Keystone XL pipeline and continue, as President Trump says, to drill, baby, drill.  I want to look at all sources of energy.  We absolutely need plentiful energy that's inexpensive and reliable.  We want reliable energy.  The price of electricity has gone up some 30 percent.  I was reading an article the other day of a woman who's a retiree who has to keep her house at 83.  She keeps the windows and shades closed because she just can't afford to cool her house.  We need to bring the price of energy down.  And unfortunately, with the moves the Democrats did right when they got into office, it caused a spike in energy prices.  Only now are they realizing they're in trouble and they're starting to drill once again.  But the Democrats want us to be relying.  They want us to be reliant on foreign energy, foreign energy with Middle East and Venezuela.  They don't want us to have our own energy.  We've got to look at all sources of energy.  I want to look at everything.  Everything should be on the table to use that's, like I said, cheap and reliable.  cut you off so we can move on to other topics. We're almost running out of time. So...  What are some ideas you have to make sure we're ready to have enough energy and enough water here in the state if, in fact, we do get hotter?  Two hottest summers in recorded history, last couple of summers in Phoenix.  Whether it is human cause or whether it is cyclical,  there certainly is a climate difference going on here in Arizona.",negative,0.026938228,0.26421523,0.7088466,Neutral & restrained,Concerned & Empathic,Voter Mobilization,Assertive & Direct,29.0,positive,0.4137931034482758,0.2758620689655172,0.3103448275862069,0.4122740705862069,0.2695023355517241,0.3182235978517241
Republican,Arizona,Kari Lake,DA7eTKjPXbu,2024/10/10,"Gallego voted against the Trump Tax Cuts which delivered EVERY American historic prosperity.

When I get to the Senate, we're not only going to extend the Trump tax cuts, we're going to make sure there are no taxes on social security, no more taxes on tips, & no more taxes on overtime. 

Gallego, Kamala, & the Democrats have spent your money like it has an expiration date.

I will treat it with the integrity it deserves.",negative,0.045961536,0.25324845,0.70079,13,positive,0.538461538,0.153846154,0.307692308,0.526214426,0.190022009,0.283763579," All right, I need each of you to have a 30-second answer on this.  Trump tax cuts, would you vote to extend them?  Yes, I would. And by the way, you're about to see the extreme makeover version of Rubin.  He's going to say he's now for the Trump tax cuts when he's been against them.  We're not only going to extend the Trump tax cuts.  We're going to make sure that we're not making anybody who's seen your citizen on Social Security pay taxes on their Social Security check.  No more taxes on tips and no more taxes on overtime.  We've got to stop printing money like it's going out of style.  That's what Rubin Gallego, Kamala Harris and the Democrats have done.  And we're going to start cutting back on the wasteful spending of the government.  It's outrageous what they want to spend money on.",neutral,0.099436045,0.7231834,0.17738056,Neutral & restrained,Concerned & Empathic,Immigration,Assertive & Direct,13.0,positive,0.5384615384615384,0.1538461538461538,0.3076923076923077,0.5262144258461539,0.1900220088461538,0.2837635788384615
Republican,Arizona,Kari Lake,DA7eHH9pRfT,2024/10/10,"Ruben Gallego wants to act like he's bipartisan.

He's voted with Biden/Harris 100% of the time.

He was the leader of the progressive caucus. That's where all the ideas that we scratch our heads and go, ""Who came up with these crazy ideas?""

That's the real Radical Ruben.",neutral,0.10438264,0.6609759,0.23464148,5,negative,0.4,0.0,0.6,0.427422764,0.201528135,0.371049103," Well, it's interesting because he's only voted, he's voted with Kamala Harris and Joe Biden.  Arizona, you've got to know this.  He's voted with Kamala Harris and Joe Biden 100% of the time.  He wants to act like he's bipartisan.  He was the leader of the Progressive Caucus.  That's where all the ideas that we scratch our head and go, who came up with these crazy ideas come from.",neutral,0.34136787,0.61724466,0.04138752,Neutral & restrained,Concerned & Empathic,Others,Assertive & Direct,5.0,negative,0.4,0.0,0.6,0.4274227641999999,0.2015281347999999,0.3710491025999999
Republican,Arizona,Kari Lake,DA7d_m5Cdjf,2024/10/10,"I don't know who's running this country right now, but I've been told that he's a Democrat.

Ruben & the Democrats are in control.

Gallego is talking such a big game about what he wants to do, but his first day in Washington DC was ten years ago.

Ruben, Why haven't you done it?",neutral,0.07478793,0.67148644,0.25372568,61,positive,0.508196721,0.163934426,0.327868852,0.493323269,0.206234671,0.300442071," This is like we're going to be 30 seconds, please.  This is like we're going to be 30 seconds, please.  He's got a Democrat president.  I think we have a Democrat president.  I don't know, frankly, who's running the country right now.  But why haven't you done that, Ruben?  We've had a Democrat president.  Your first day on the job was 10 years ago.  Actually, you do have a bill.",neutral,0.44558,0.4744229,0.07999711,Flat & analytical,Flat & Neutral,Others,Assertive & Direct,61.0,positive,0.5081967213114754,0.1639344262295081,0.3278688524590163,0.4933232685377049,0.206234670704918,0.3004420713672131
Republican,Arizona,Kari Lake,DA7d3aGol6f,2024/10/10,"Let me make this clear to everyone on Social Security.

That is an insurance benefit you've paid into, and we are not touching that. 

Ruben Gallego, Kamala Harris, and the Democrats will decimate it.",negative,0.032799542,0.2944009,0.67279947,19,negative,0.315789474,0.263157895,0.421052632,0.341000868,0.260435115,0.398564002," I want people who are on Social Security to know you have paid into that.  That is an insurance benefit you've paid into, and we are not touching that.  Ruben Gallego, Kamala Harris, and the Democrats will decimate it.  They want to make it so you can't, the age that you have to be to qualify to get your Social Security,  they want to raise that, and they also want to take Medicare.  He promised he wouldn't touch Medicare.  They wouldn't ruin Medicare and touch it, and they have.  He wants Medicare for all, which really means Medicaid for all, and that will be a disaster for Arizona families.  I have to mention the prescription drug prices.  He touts that he brought that down.  His vote in the Inflation Reduction Act actually caused medications to go up for people on Part D.  Thank you.  57% increase in price.  specifically, you mentioned Social Security specifically.  How do you maintain it, because Arizona has one of the highest populations of seniors  and they're worried about this, how do you maintain Social Security without privatizing  it?  Thirty seconds, please.",negative,0.039545402,0.2995732,0.6608814,Neutral & restrained,Concerned & Empathic,Abortion,Assertive & Direct,17.0,negative,0.3529411764705882,0.1764705882352941,0.4705882352941176,0.3545864337647058,0.2109727343529411,0.4344408159999999
Republican,Arizona,Kari Lake,DA7RfcUv6l4,2024/10/10,"Ruben Gallego acts like he cares about us. 

I want to speak to the women out there.

When you look at his character and his background, he has been harassing women and being disparaging toward women from the very beginning.",negative,0.014362012,0.18121816,0.8044198,46,negative,0.326086957,0.239130435,0.434782609,0.333265192,0.255890978,0.410843829," He acts like he cares about us. I want to speak to the women out there. But when you look at his character and his background, he has been harassing women and being disparaging toward women from the very beginning.  When he worked at City Hall, he had a complaint about a hostile work environment and being hostile toward women. He went over to the legislature. He had a sexual harassment filed against him in the legislature.  People go crying out of his office. This is a man who is putting on his extreme makeover act, and what you see behind the scenes is not somebody who cares about women.",negative,0.015153609,0.23613653,0.7487099,Flat & analytical,Concerned & Empathic,Economic,Assertive & Direct,45.0,negative,0.3333333333333333,0.2222222222222222,0.4444444444444444,0.3356594500022222,0.2464471032666666,0.4178934457622222
Republican,Arizona,Kari Lake,DA7PzhJuWH0,2024/10/10,"Gallego would rather pour $260 billion of your hard-earned tax dollars into Ukraine to fight for their borders, not our borders. 

I want to protect you. 

That's why President Trump, my good friend, has called me Border Kari Lake. 

I love the nickname, and I'm going to go there to Washington DC, and help him build that wall.",neutral,0.122571416,0.45131883,0.42610973,36,positive,0.527777778,0.222222222,0.25,0.492836293,0.257284669,0.249879049," for those border communities? It's absolutely horrifying. Hospitals having  to close down, hospitals there that aren't being paid because people coming  across illegally are getting services and they're not being paid for them. And  Ruben's idea is to actually funnel billions of dollars into the NGOs that  are actually taking part in transporting people further into our country, not just  here in Arizona. Go to the airport, take a red-eye out of Phoenix Sky Harbor. It  looks like a migrant encampment because so many people are moving from Phoenix  Sky Harbor to all points, all 50 states, and Gallego. Ruben Gallego has funded  that. That's what he wants to do. You know, the real answer, the real solution,  Arizona, is not to have to pour billions into all of this, is to shut down the  border, build the border wall that he calls a dumb, stupid border wall, build  the border wall, and then, Ruben, we don't have to pour billions of dollars  into the NGOs. The real solution to help these border communities so that they  aren't taking a financial hit is to finally put the border wall in place.  We can't put the border wall up and get serious about border security. But Mr.  Gallego would rather pour $260 billion of your hard-earned tax dollars into  Ukraine to fight for their borders, not our borders. I want to protect you. That's  why President Trump, my good friend, has called me Border Carry Lake. I love the  nickname, and I'm going to go there to Washington, D.C., and help him build that  border wall and secure the border. We can't afford what Kamala Harris and Ruben  Gallego have done. Can you imagine he's voted with them 100%? I don't know. I don't  know that he's given the job. I'm not bothered by that言, President refuse  to process this. I'm nervous because the border wall in Washington is 100% less  secure and more demanded by the Catholic Church. The border wall can only get  bigger and used in therานese communities. It needs to haveorgan entrevistes,  investigations, and an economic undue space for their state and the European  Union and care. All that makes Everyone invents you something.  What they're saying is, we need a border wall designed to guard theど, from наж  we're not safe because of it. Fentanyls falling into the hands of our young  all of our families have to struggle even more and ask the police about it  they're struggling because more crime how many of you out there know somebody  or you yourself have been a victim of crime from these Chilean gangs that  dinnertime bandits who broke into homes and are terrorizing people here okay  thank you we're gonna dramatically change I'll give you 30 seconds  I'll give you 30 seconds.  I like the game.",negative,0.021375531,0.30945277,0.6691717,Flat & analytical,Concerned & Empathic,Campaign Endorsements,Assertive & Direct,36.0,positive,0.5277777777777778,0.2222222222222222,0.25,0.4928362934583333,0.2572846685,0.2498790492472222
Republican,Arizona,Kari Lake,DA7PsZEtQ5W,2024/10/10,"We are losing a generation of young people to Fentanyl. 

And Ruben should know better. He could stop this.

Instead, he's making it so moms and dads out there are losing loved ones because of this modern-day WMD. 

His votes on the border have empowered the cartels and started the flood of this poison.",negative,0.005974691,0.07585089,0.91817445,15,negative,0.4,0.133333333,0.466666667,0.360119203,0.230809471,0.409071329," 500,000 pounds of drugs seized at ports of entry.  What is the bigger threat to you, the flow of migrants or the flow of drugs?  One minute.  And they say, I lost my son. He was 16 years old.  He took a half of what he thought was a Xanax pill, and he's not with us.  A 20-year-old daughter, a young mother.  We are losing a generation of people.  We're losing an entire generation of young people.  And you should know better, Ruben.  You've even said this. You have admitted that you have a loved one who was a convicted felon drug trafficker, who's trafficked drugs into our country.  Mr. Grego, a minute to respond to this.  I want to finish this because...  I feel for you. You got emotional talking about that, a close relative of yours.  And for you to continue to vote to empower cartels to bring in fentanyl,  which is a weapon of mass destruction, into our country.  You talked about the sorrow.  Mr. Gray, I've got one minute. Go ahead and respond.  He talked about the sorrow he felt from having a family member who trafficked drugs  and how hard it was for him.  And what you're doing to families right now, Ruben, is you're making that be their reality.  You're making it so moms and dads out there are losing people because of drugs.  Your votes on the border have empowered the cartels.  They're both terrible. It's a war against America. We have an invasion of people coming in.  And I remember seeing video of, they look like soldiers coming in, soldiers from other countries  coming and pouring across our border. And then we have the cartels empowered by Ruben Gallego  trafficking drugs into our state. We are the funnel for fentanyl. I have met so many parents  and loved ones on the campaign trail who come up to me and they wait usually till the end of an  event. You can spot it. There's a sorrow that you see in their face and they come up to me at the end of an event.  Mr. Grego, a minute to respond to this.  Go ahead and respond.",negative,0.008972803,0.13908629,0.85194093,Neutral & restrained,Concerned & Empathic,Economic,Assertive & Direct,15.0,negative,0.4,0.1333333333333333,0.4666666666666667,0.3601192033133333,0.2308094712666666,0.4090713293333333
Republican,Arizona,Kari Lake,DA7PSCPhNxl,2024/10/10,"MUST WATCH: Kari Lake is absolutely CRUSHING this debate!

This almost isn’t even fair… 😂",positive,0.9349143,0.052883863,0.012201885,228,positive,0.600877193,0.192982456,0.206140351,0.582817566,0.218676273,0.198506159," He voted against President Trump's national emergency on the border.  He said the border is not that big of a deal in Arizona when he was talking to people who were donating money to his campaign and said he's not an expert on the border.  We need somebody who understands the threat on the border.  And I do.  And President Trump does.  And on day one, we're going to get busy undoing the damage caused by Kamala Harris, Joe Biden and Ruben Gallego, who's voted with him 100 percent of the time.  Can you imagine voting with the Kamala Harris and Joe Biden 100 percent of the time, especially when it comes to the border?  You know, this isn't just about an open border.  We've got 20 million people pouring in.  They're taking jobs.  They're taking housing.  This is why nobody can afford housing anymore, because we're having to compete with people who've come in illegally.  I am completely opposed to an open border.  I am 100 percent for legal immigration.  My mother-in-law came here legally.  And all of the incredible immigrants of this country who came here legally are horrified by the votes that my opponent has taken.  They're horrified by what Kamala Harris has done.",negative,0.029885411,0.33906478,0.6310498,Neutral & restrained,Concerned & Empathic,Immigration,Assertive & Direct,225.0,positive,0.6088888888888889,0.1822222222222222,0.2088888888888889,0.5875814862688888,0.2125137519,0.1999047595973333
Republican,Arizona,Kari Lake,DA7OThSO7gg,2024/10/10,"When President Trump said to the Democrats, I want to make a deal when it comes to DACA.

Ruben Gallego and the Democrats said no. 

They're using these DACA recipients as political pawns. 

I find that to be disgusting.",negative,0.022293678,0.26796407,0.70974225,35,positive,0.457142857,0.2,0.342857143,0.430204088,0.252888268,0.316907646," any elements of that bipartisan border bill you would have supported.  and they never get to it. And the problem with this piece of legislation that I had a real problem with, Steve,  was that they attached it to $115 billion in foreign money and more money, our money.  Arizona's money going overseas to kill people.  And when they couldn't get this passed because there was no bipartisan support,  they may have had three different people writing it and pushing this,  but there was no bipartisan support. Three people supporting it.  The senators were not bipartisan behind it.  And in the House, they weren't supporting it either.  And the people weren't supporting it. So what they did is they separated it out  and Ruben Gallego voted to send another $60 billion to Ukraine.  Actually not, because it was not done properly.  Listen, here's what happens in Washington, D.C.  These guys meet in back rooms.  They have an idea.  They say, let's put a border deal together.  Let's call it the safe border, whatever they call it,  because they always call it something, and it's really usually the opposite.  Then they throw a bunch of other stuff in there.  And after he made that vote, he sashayed around the floor of Congress, waving a Ukrainian flag.  I want to ask the veterans out there, can you ever imagine standing on the floor of Congress, standing anywhere, and waving the flag of another country?  That is what this gentleman did.  He sold us out. He sold us out to Ukraine. He spent $260 billion. He's voted for every penny  of that, but he would not help President Trump build the border wall. Even when President Trump  said to the Democrats, I want to make a deal when it comes to DACA. I want to make a deal when it  comes to DACA. Let's make them citizens in exchange for helping me come up with money to build the  border wall. And Ruben Gallego and the Democrats said, no, they're using these DACA recipients  as political pawns. I find that to be disgusting, Ruben. Why are you using them as pawns?  Why wouldn't you make a deal with President Trump?  Why wouldn't you make a difference?",negative,0.011167619,0.17198388,0.81684846,Neutral & restrained,Concerned & Empathic,Others,Assertive & Direct,35.0,positive,0.4571428571428571,0.2,0.3428571428571428,0.4302040883942857,0.2528882681714285,0.3169076455885714
Republican,Arizona,Kari Lake,DA7OKHPB_zY,2024/10/10,"I don't think we can do enough to secure our border. 

It is the most important issue facing Arizona and facing our whole country. 

Every state is a border state right now because of Ruben Gallego's policies.",negative,0.011692116,0.12888601,0.85942185,46,positive,0.456521739,0.173913043,0.369565217,0.441663241,0.226491747,0.331845004," Absolutely. I don't think we can do enough to secure our border. It is the most important issue facing Arizonans and facing our whole country. Every state is a border state right now because of this man's policies, this man's votes, which have been 100 percent open border. He sided with the cartels every step of the way and against the American people. And you and I are suffering because of it.  Thank you.  to finishing the wall, do you add security and technology? Do you spend on that as well?",negative,0.022811117,0.13605127,0.8411376,Emotional & reactive,Concerned & Empathic,Others,Assertive & Direct,44.0,positive,0.4772727272727273,0.1363636363636363,0.3863636363636363,0.4514877718681818,0.2058384017272727,0.342673819025
Republican,Arizona,Kari Lake,DA7L9vVsD5U,2024/10/10,"We want to get back to the days when Arizona was affordable and safe. 

We can do that when we put America First.

We need to put country over party.

Watch Kari Lake's Opening Statement at Tonight's Debate",neutral,0.39012888,0.58084106,0.029030075,27,positive,0.740740741,0.074074074,0.185185185,0.702359996,0.148515814,0.149124189," Arizona, it's so good to be back with you where our relationship began, right here in your home.  And thank you for tuning in tonight for this important debate.  It reminds me of the day I drove into town in 1994.  I was 24 years old.  I bought a house for $88,000, a three-bedroom home.  Arizona was affordable back then.  Arizona was safe back then.  And Arizona was a place everyone wanted to come to live.  And now, unfortunately, we're not seeing that anymore.  Arizona has become unaffordable and unsafe because of career politicians who have voted against our needs and what's important for our safety.  We are going to be hearing tonight from somebody who's undergone an extreme makeover, to quote an old TV show,  somebody who has voted with the most radical Democrats in Washington, D.C., to tear open our borders that were delivered to him in a safe way,  with President Trump securing our border, who has torn apart our economy.  And who has made our children and our lives less safe.  And so tonight, we're going to watch as somebody tries to reinvent himself,  somebody who used to be a member of the Progressive Caucus,  somebody who has destroyed the very congressional district that he has served for the past 10 years,  where homelessness is on the rise, it's the fastest-growing homeless population,  where quality of life is diminished.  We want to get back to the days where Arizona was affordable and safe.  And when we put America first, we can do that.  We need to put  our country over our party.  That's what we need to do, country over party, and that's what America First is all about.  Unfortunately, the man I'm standing on the stage with tonight, he took an oath to protect us from enemies, foreign and domestic,  and we've seen enemies coming across our border.  We've had 20 million people pour across our border.  Our border is wide open.  Murderers have come in, criminals have come in, and terrorists have come in.  I want to go to Washington, D.C., and help President Trump secure the border, bring back that strong Trump economy,  make it so that we can have the American dream once again for our young people who feel that they don't have access to the American dream.  I'm looking forward to the debate tonight, and I thank you for tuning in.",positive,0.94851494,0.04670435,0.004780781,Neutral & restrained,Concerned & Empathic,Immigration,Assertive & Direct,26.0,positive,0.7692307692307693,0.0384615384615384,0.1923076923076923,0.720699858923077,0.1280408318653846,0.1512593084653846
Republican,Arizona,Kari Lake,DA7JtljKyaR,2024/10/10,"We need good, honest people in Washington, D.C. We need God-fearing people in Washington, D.C. willing to do the people's work.

And I'm not going there to make friends.

I have enough friends right here in Arizona.

karilake.com",neutral,0.36423758,0.5282714,0.10749104,33,positive,0.787878788,0.121212121,0.090909091,0.746844698,0.173195128,0.079960173," And I said, good.  They don't want Congressman Gosar there.  But he's gone there and he's fought for us.  They don't probably want Burgess Owens there, a great congressman.  But he goes there and he fights for us every day.  We need good, honest people in Washington, D.C.  We need God-fearing people in Washington, D.C.  I did an interview with a reporter yesterday, I should say an interrogator, an interrogator for Rubin.  I was wondering if she was working for him, actually.  It was so bad.  And she said, I heard they don't want you in Washington, D.C.  I don't need to tell you where I stand on the policy, but I'll make it real brief.  I want a secure border.  I want to finish the border wall.  I want to bring back that strong Trump economy.  Really strong economy.  I want to make sure that we get the dangerous people who have been flown in, frankly,  and have flowed in across the border.  I want to give them a one-way ticket back to their homeland.  We don't want dangerous people here.  We don't want dangerous people here.  We want to be able to enjoy our quality of life,  and we want to have quality of life once again.",neutral,0.30197814,0.4498207,0.24820122,Assertive & Clear,Surprised & expressive,Campaign Endorsements,Assertive & Direct,32.0,positive,0.8125,0.09375,0.09375,0.76313598378125,0.15733043315625,0.0795335820031249
Democratic,Michigan,Elissa Slotkin,DA8046jPRGt,2024/10/10,Learn how our campaign RV got its name: Pork Chop 3,neutral,0.28135118,0.71072036,0.007928552,8,positive,0.875,0.125,0.0,0.90520034,0.077268903,0.017530764," This is officially the second event I've ever done with this monster, this RV, this Slotkin for Senate.  The name of the RV is Porkchop 3.  And I got to visit Pork Chop 1.  It was the only fun thing I got to do.  Then they made it like a new fancier version.  And that was Pork Chop 2.  And so when I saw this thing, and before I even got to see it,  my dad was there when it came into the parking lot.  So in honor of him, in honor of what he taught me,  and in honor of my favorite things as a child that I got to do,  it is Pork Chop 3.  He hooked up with the pork producers.  So what did they do?  They got an RV, and they basically set up an RV where you could come in  and you could test different pork products.  They could grill it up there for you, and you could go inside this really cool RV.  And that was Pork Chop 1.  And it's called Pork Chop 3 because, as some of you may know, my entire family is in the meat business, in the hot dog business, right?  My great-grandfather started a hot dog company or a meat company.  We helped start Nathan's Hot Dogs in New York and did all the meat for 50 years at Nathan's Hot Dogs.  Moved the company to Detroit in the 50s.  Got the first contract at Tiger Stadium.  And that became a fan favorite and that became the ballpark frank.  And so my dad was in the business along with all of his brothers.  Dreamed of getting me in that business.  But when I was a child, about the age of this young lady right here, I was dragged around everywhere I went, everywhere he went, to visit meat.  So we would go into Meyers and visit the meat counter.  We'd go into Kroger and visit the meat counter.  He'd be trying to sell a new type of product.  Or he'd just be doing a spot inspection.  He kept a stack of knives in his trunk so that he could go in and slice the meat and look inside, look at the color.  And this for a young woman, a young girl, was so boring.  It was horrible. I hated it.  And he just never did anything that I ever wanted to do and I was dragged around.  Then...",neutral,0.40541527,0.48987365,0.10471099,Assertive & Clear,Warm but Reserved,Economic,Measured & Composed,8.0,positive,0.875,0.125,0.0,0.90520034,0.0772689029375,0.0175307637125
Democratic,Pennsylvania,Bob Casey,DA8iVftMW8q,2024/10/10,There’s always time to pick something up for the grandkids on the campaign trail.,neutral,0.19872509,0.75823796,0.043036878,2,positive,1.0,0.0,0.0,0.91072053,0.079817722,0.009461719," Hey, we're here today in Allegheny County in Aspinwall at Spark Books.  I just brought a book for my grandson, Max.  here in Allegheny County.  Earlier today, we were in Sharpsburg at a coffee shop.  Coffee shop started in 2020, right in the middle of the pandemic.  And then earlier at a small business.  in the same neighborhood in Sharpsburg.  where they have a community arts center.  A lot of good small businesses here.  We've got to keep helping our small businesses, invest in them so they can create those jobs.  And I hope he shares it with his.  But we're grateful to be here to visit with small business owners.",positive,0.619134,0.37730584,0.00356019,Emotional & reactive,Surprised & expressive,Campaign Endorsements,Subtle & Neutral,2.0,positive,1.0,0.0,0.0,0.91072053,0.079817722,0.0094617185
Democratic,Arizona,Ruben Gallego,DA7TgULvIqM,2024/10/10,Kari Lake just refused to admit she lost the 2022 election – AGAIN.,negative,0.006433317,0.095099516,0.8984672,82,negative,0.280487805,0.256097561,0.463414634,0.297009495,0.279255289,0.423735205," She's still in denial about the 2022 election.  Now, I give you one minute.  You have one minute.  Will you finally tell the people of Arizona, did you win or lose that election?  Can I talk about water really quickly?",negative,0.013009996,0.25222054,0.73476946,Energetic & Bright,Warm but Reserved,Economic,Measured & Composed,79.0,negative,0.2911392405063291,0.2278481012658227,0.4810126582278481,0.2997241503316455,0.2640042740886076,0.436271564578481
Democratic,Arizona,Ruben Gallego,DA7S-XaMMJy,2024/10/10,"Kari Lake called abortion the “ultimate sin.” She called Arizona’s near-total abortion ban without exceptions a “great law.” She wanted sheriffs to enforce it. 

When someone shows you who they are, believe them.",negative,0.011472426,0.15304054,0.835487,54,negative,0.388888889,0.185185185,0.425925926,0.393969795,0.222137106,0.383893095," This is a person who only two years ago, actually less than two years ago, said the 1864 Territorial Law.  was a great law.  She said it was a great law.  She said she was thrilled when Roe  was overturned.  And then when she was disappointed to find out that the 1864 law, again, the one that had no exceptions for rape or incest, was not going to get enforced, she said, well, I hope the sheriffs will do their jobs.  Can you imagine...  It's not true.  Sheriff...  We have it on tape.  These are all your words on tape.  Can you imagine Sheriff Joropayo enforcing...  or portion loss.  This is who Carey Lake is.  She has told us what she would do.  She said she was thrilled with Roe.  And so do we want politicians like Kerry Lake to be involved in these very, very difficult decisions?  when they should be left.  to the woman, to the doctor, and the family.  A law that said if you were an abortion provider, it was a mandatory two-year sentence,  and it had no exceptions for rape or incest.",negative,0.20156202,0.39094684,0.40749115,Flat & analytical,Surprised & expressive,Campaign Endorsements,Subtle & Neutral,53.0,negative,0.3962264150943396,0.1698113207547169,0.4339622641509434,0.3971480259471698,0.2134818558867924,0.3893701142792453
Republican,Pennsylvania,Dave McCormick,DA7Kb6vNrQ1,2024/10/10,"This race is getting closer every day — and we’re feeling it on the ground, especially in my hometown of Bloomsburg!",positive,0.9466884,0.050805487,0.002506119,4,negative,0.25,0.0,0.75,0.273275886,0.156316663,0.570407447," My son is a huge fan.  Yeah.  He's on the sky right now.  So can I take a picture with you?  Absolutely.  We're with you.  I appreciate it.  Thanks.  Put out the word.  Hey, how are you?  Good to see you.  Thank you.  Good luck.  Thank you.  You got my vote.  Thank you.  I appreciate it.  It's going to be close.  We need every vote.  We need to get them out there.  You got mine.  You got his.  You got a lot of people back home.  And we got to change the direction of the country.  Absolutely.  Nice to see you.  How do you do, ma'am?  Dave McCormick.  This is my wife, Dina.  Oh, nice. Great.  Thank you. Thank you, ma'am. We need it.  It was nice to see you. Glad you're here.  Thank you. My son went to school with your brother.  You're kidding me.  All right. We need all your help.  Tell your friends.  Nice to see you.  Oh, yeah. I took care of him when he was there.  amazing we gotta change things keep up the good work i'm working hard at it  Thank you.  I saw you down your big bus in...  She was at the high school.  La Moine?  Yeah, yeah, yeah.  Yeah, my mom and dad live in Enola.  Do they really?  Right outside of Harrisburg, yeah.  Gene Hawk.  Yeah.  Okay, did you know my dad?  Yeah.  Okay, I'm going to tell him.  I'm going to call him.  He lives in Harrisburg now.  But I'll call him when I'm outside.  I saw Gene Hawk, okay?  Okay.  All right, nice to see you, ma'am.  All right, thanks, ma'am.  I hope everything goes well.  All right, good to see you.  Good luck, dude.  Good, thank you.  Good luck with this.  You been good?  I have been.  Yeah?  Yeah, I've seen lots of stuff for you.  You've been looking good.  Remember Jack Lee?  Of course, yeah.  That's my son.  I'm January.  Amazing, nice to see...  And I hate the ads they put on.  I know, those ads are so doggone mean.  No, I'll tell Jack I saw you.  Please don't.  You tell him Dave McCormick said hi.  I will.  I remember him like yesterday.  He and I always had a good friendship.  Tell him I'm a big admirer, okay?  All right, see you, man.  Appreciate it.  Thank you.  I appreciate it.  Absolutely.  Glad you're here.  Thank you.  All right.  We need all your help.  Tell your friends.  Hi.  Nice to see you.  We gotta change things.  Absolutely.  Hey, how are you? Good to see you.  Thank you.  Of course, yeah.  Thank you.",positive,0.9650333,0.030784322,0.004182422,Energetic & Bright,Positive & engaging,Economic,Emotive & Engaging,3.0,negative,0.3333333333333333,0.0,0.6666666666666666,0.3532096199999999,0.1585521033333333,0.4882382631666666
Republican,Pennsylvania,Dave McCormick,DA7Aj-KtMnX,2024/10/9,"In wrestling, the third period is when your heart counts the most. 

We are in the third period — now is the time to FIGHT!

Together, President @realDonaldTrump and I will secure a brighter future for our commonwealth and country 🇺🇸",positive,0.82178324,0.17320748,0.005009247,3,negative,0.333333333,0.333333333,0.333333333,0.344928577,0.222981365,0.432090059," Great to be in Scranton with the next president of the United States.  You know, what happens in Pennsylvania is going to or what happens for the country depends on what happens in the next 27 days.  And as you know, Mr. President, I was a wrestler.  Lots of wrestlers here in this part of Pennsylvania.  And I wasn't the best wrestler, but I always knew in college, if I could get into the third period.  within a point or two  Because the third period.  is not about wrestling.  It's about mental toughness.  It's about heart.  It's about staying on offense.  It's about fight, fight, fight.  Thank you, Mr. President.  President Trump, we're so honored to have you here, and we are committed in Pennsylvania  to putting you back in the White House and changing the majority of the Senate  and sending Bob Casey packing. So thank you for being here.",positive,0.9319876,0.06374413,0.004268309,Energetic & Bright,Warm but Reserved,Immigration,Measured & Composed,3.0,negative,0.3333333333333333,0.3333333333333333,0.3333333333333333,0.3449285766666667,0.2229813653333333,0.432090059
Republican,Pennsylvania,Dave McCormick,DA6Thn_up99,2024/10/9,"Duty. Honor. Country. 

At West Point, we learned the meaning of those words — and I’ve carried their lessons with me throughout my life.",neutral,0.43581855,0.5479061,0.01627531,2,neutral,0.5,0.5,0.0,0.500314543,0.46720109,0.032484367," As graduates, we leave West Point, but it never leaves us.  Honor. Service the country.  the ability to find courage.  the United States Military Academy.  when courage seems lost.  I'm Dave McCormick.  I believe we need a new ethic of service in the United States Senate.  That's why I approve this message.  I walked through this gate as a kid.  and came out of this gate as an officer.  Prepare to lead in combat.",positive,0.5640059,0.3943954,0.04159867,Neutral & restrained,Flat & Neutral,Economic,Subtle & Neutral,2.0,neutral,0.5,0.5,0.0,0.5003145425,0.46720109,0.03248436665
Republican,Arizona,Kari Lake,DA66vATCgBt,2024/10/9,"Tonight, we're going to talk about Gallego’s record, but more importantly, we're going to talk about how we can reverse the damage he's done to Arizona.

We can do that with President Trump & his America First policies, & as long as he has the right people around him (like myself), we can do it quickly.",neutral,0.43645346,0.5376053,0.025941312,13,positive,0.692307692,0.076923077,0.230769231,0.543121752,0.290077192,0.166801053," feel very comfortable. You know why I feel comfortable? Because the America First movement  is a movement of putting our country first and getting us back on track. We have the policy  to do it. And you know how we know that? We saw it. We saw it three and a half years ago with  President Trump. We saw how he handled danger across the globe. We saw how he handled an economy  that wasn't doing great when he got in and he turned it around. We saw how our lives were better.  Raise your hand if you had a little extra money in your pocket back then and you don't have it now.  Raise your hand if you miss having the dollar that actually went a little further.  Okay, I thought so.  If you didn't raise your hand, you must be doing really well.  But none of us are really doing well under this.  We're not doing well with a wide open border.  I joke a little bit, but this border is so serious.  When you think about the people that are coming across that border,  my opponent has voted with Joe Biden and Kamala Harris 100% of the time.  Not 95% of the time like AOC, 100% of the time.  He's further to the left than the squad.  He's further to the left than Bernie Sanders.  He's further to the left than Nancy Pelosi.  Oh, and by the way, she taught him a few things about stock trading and hiding those stock trades  because we found out that he was breaking that law as well.  But the sad thing is, the way the politics is going right now,  the Democrats feel they can just put out ads that are a whole bunch of lies  and then not have to account for what they've actually done.  His record is a mile deep, and it's very, very ugly.  So tonight we're going to talk a little bit about that record,  but more importantly, we're going to talk about how we can turn it around.  And I know for a fact with America First policies,  like President Trump has already shown us how they work,  with the right people in Washington, D.C.,  as Matt said, people who aren't just going to go along to get along.  I'm not going to Washington, D.C. to make friends.  I already have enough friends here in Arizona.  I do.",positive,0.77687883,0.19867226,0.02444891,Assertive & Clear,Surprised & expressive,Campaign Endorsements,Assertive & Direct,13.0,positive,0.6923076923076923,0.0769230769230769,0.2307692307692307,0.5431217516923077,0.2900771918461538,0.1668010526153846
Republican,Arizona,Kari Lake,DA66I2kJb99,2024/10/9,"Tonight is debate night. 

It's actually the second debate, but my opponent didn't bother showing up to the first one, so the moderator debated me instead.

I was hoping to have a conversation, but sometimes, as Republicans, we have to go in there & debate the media.

We have to fight through the lies to get the truth out there.",neutral,0.052212473,0.66738313,0.28040442,35,positive,0.6,0.171428571,0.228571429,0.576974958,0.218495544,0.204529495," the most important candidate in the country besides Donald Trump to do that, is our next speaker.  I give you two words. Carrie Lake. Carrie, come join us.  Good to see all of you. How are we doing today?  Are you as excited about what's coming in the next, oh, 28 days or so?  I forgot.  Is it 28 or 29?  I've lost track.  When you're running for office, it's just one big long Monday.  Right, Congressman Gosar?  It's one long Monday.  And it's been that way for about three and a half years, it feels.  But I'm really excited because we're almost to the finish line.  Tonight, I have my debate.  It's the second debate, the first one my opponent didn't show up to.  So I was forced to debate the moderator, which I didn't want to do.  I wanted to just have a conversation.  But sometimes as Republicans, we just have to go in there and we've got to sometimes debate the media every single day.  We know there's so much, so many lies out there right now.  Tonight, I'm told my opponent's going to show up.  So we'll see.  I would like to offer him, if he needs transportation to the site of the debate, we're happy to pick him up.  We want him to be there.  We'll get him.  We'll get him an Uber.  Actually, we'll do something fancier.  We'll find someone with a fancy car and pick him up if that'll get him there.  I'm told he's going to show up.  So we've been getting ready for that.  Do it, hit me with your best shot  Why don't you hit me with your best shot?  Hit me with your best shot  Fire away!  Come on, baby, come on.",positive,0.91530037,0.0786869,0.006012769,Assertive & Clear,Surprised & expressive,Immigration,Assertive & Direct,35.0,positive,0.6,0.1714285714285714,0.2285714285714285,0.5769749575714286,0.2184955435142857,0.2045294953599999
Republican,Arizona,Kari Lake,DA6XK06Cf8D,2024/10/9,"It's so much easier to live a happy life when you don't have constant strife.

We know that’s possible thanks to the foreign policy work of people like Ambassador Richard Grenell & President Trump.

The world wants peace, & so do I.

That’s what I will work towards in the US Senate.",positive,0.9044807,0.08501586,0.010503482,37,positive,0.378378378,0.324324324,0.297297297,0.429426776,0.26808621,0.302487016," You know, I think they want peace for the same reason we want peace.  It's so much easier to be living and enjoying life and succeeding when you don't have constant strife.  And we now know it's possible thanks to the work that Ambassador Grinnell has done  and the incredible work President Trump did as a leader that the world over loves.",positive,0.83318335,0.14660859,0.020208107,Neutral & restrained,Warm but Reserved,Immigration,Measured & Composed,31.0,positive,0.4516129032258064,0.1935483870967742,0.3548387096774194,0.4688919143225806,0.1881934727258064,0.3429146168967741
Republican,Michigan,Mike Rogers,DA6paiwqGiQ,2024/10/9,"Families are hurting from the Harris-Slotkin agenda. 

Create jobs, lower grocery prices, close the border and stop the radical EV Mandate. That’s my Day One agenda to Get America Back on Track! 🇺🇸",negative,0.09327198,0.31861475,0.5881133,4,negative,0.25,0.0,0.75,0.263359678,0.151608461,0.585031833," When you look at the problems around this state, families are hurting from the policies that have come out of Washington, D.C.  The choice here could not be clearer.  Killing jobs or creating jobs.  Higher grocery prices, lower grocery prices.  This is exactly the kind of choice we're going to have to face.  A closed border or a wide open border that brings the problems of the South.  Thank you very much.  I would appreciate your vote on November 5th.  I will have your back come November.  Candidates both. Thank you.",negative,0.030357,0.20910992,0.7605331,Neutral & restrained,Flat & Neutral,Immigration,Subtle & Neutral,4.0,negative,0.25,0.0,0.75,0.26335967825,0.151608461,0.585031832875
Democratic,Michigan,Elissa Slotkin,DA6hLA7gWKv,2024/10/9,"For the Republicans out there who feel that their party has left them: you will always have an open door to my office. 

If you’re looking for someone who cares about getting something done, who will listen, who will always have a seat at the table for you, no matter your partisanship, you have a place in this campaign.",neutral,0.3516186,0.548811,0.09957044,16,positive,0.9375,0.0,0.0625,0.842913146,0.091219693,0.065867162," I think at the end of the day, the issue comes down to trust. Who do you trust to actually come  and talk to you and then go and fight on your behalf in Washington? Fight on behalf of the  middle class, of lowering your healthcare costs, of protecting your rights. It's really that  formal question of who do you trust? For me, again, we couldn't be more different on a bunch  of issues. But let me just make one particular appeal to the Republicans watching today,  like my dad, right? For the Republicans who feel like their party has left them over the last few  years, you will always have an open door in my office. You will always have a place at the table  because I wanna hear from you. I am very transparent. If you come to me with a good idea,  if you come to me with pushback, you can prove your case. I'm gonna be open-minded. I'll even  change my mind. So if you are wondering where your party has gone, come and vote for someone  who actually gives a crap about you, who actually cares about getting something done  the way we used to, Democrats and Republicans, civilly and decently.",neutral,0.1933,0.71705973,0.08964022,Assertive & Clear,Surprised & expressive,Others,Assertive & Direct,16.0,positive,0.9375,0.0,0.0625,0.84291314625,0.091219693375,0.0658671617999999
Democratic,Michigan,Elissa Slotkin,DA5894AAr8d,2024/10/9,"@mikerogersformi and I both have voting records on Medicare and Social Security. I believe in supporting it. Mike voted to privatize or cut it over and over again. 

It’s all in the record. Just check the facts.",neutral,0.21338046,0.6627244,0.123895206,11,positive,0.909090909,0.090909091,0.0,0.855180084,0.107845687,0.036974199," This is an area where I think we are very, very different.  And again, we both have voting records on this.  For me, I believe it is essential, and it's been a very personal issue for me, to have access to health care.  I think it's extremely important that if you work your entire life, you have the safety of knowing you're not going to end your life in poverty.  I believe in supporting Medicare, supporting Social Security.  Mike Rogers voted to either privatize or cut Medicare and Social Security over and over and over again.  He voted to raise the age of retirement.  It's all in the record.  Just check the facts.  So it's not about what he's going to do.  It's what about he's already done.  It is not about the talking points when you're sitting here in front of a TV camera.  It's about what you will do and what you have done when you held the seat, when you were in the job.  So for me, whether it's allowing Medicare to negotiate drug prices so we actually save something from Medicare,  whether it's changing retirement as we knew it, redefining it as he proposes, we couldn't be more different.  On this issue.",neutral,0.19820234,0.67935556,0.12244203,Assertive & Clear,Surprised & expressive,Economic,Assertive & Direct,11.0,positive,0.9090909090909092,0.0909090909090909,0.0,0.8551800836363637,0.1078456867272727,0.0369741992
Democratic,Michigan,Elissa Slotkin,DA4sO4oA68S,2024/10/9,"We know @mikerogersformi’s record. He voted to raise the retirement age, he voted to privatize or cut Social Security, and voted against allowing Medicare to negotiate drug prices. Maybe he forgot that when he was down in Florida.",negative,0.013436887,0.2788512,0.70771194,22,positive,0.818181818,0.136363636,0.045454545,0.75126602,0.16209746,0.086636532," Congresswoman Slotkin, you have 30 seconds in rebuttal.  Sure, I look,  There's no need to throw names around here or yell epitaphs at each other.  We have a record.  He voted to raise the retirement age.  That's not a fabrication.  That's in his record.  It's public.  I'm not sure he remembers.  He's been down in Florida for a few years.  But your record when you vote in Congress is public.  So we know that you voted to privatize or cut Social Security.  We know that you voted five times against allowing Medicare to negotiate drug prices,  like the most simple thing.  Just make sense to the common person.  So for me, it's not about throwing names.  It's not about deception or mentioning the CIA.  It's about what you did when you held the job.",negative,0.030389154,0.48376003,0.4858508,Assertive & Clear,Concerned & Empathic,Others,Assertive & Direct,22.0,positive,0.8181818181818182,0.1363636363636363,0.0454545454545454,0.7512660202727273,0.1620974600681818,0.0866365324
Democratic,Michigan,Elissa Slotkin,DA4mS6_AAmt,2024/10/9,"@mikerogersformi had 20 years as a legislator. He voted for every single ban, every single restriction, every single bill that came across his desk.

Every single time he was cast those votes, he sent a message to women: that he doesn’t trust you to make your own decisions about your own family planning.",negative,0.02982458,0.45771882,0.51245654,21,positive,0.857142857,0.095238095,0.047619048,0.808677111,0.134080963,0.057241911," Mike Rogers was 20 years as a legislator.  He voted for every single ban, every restriction, every bill that came across his desk to make  it harder for a woman and to ban in some cases a woman and her right to choose.  56 times in total.  We checked the math.  To me, every single time he was casting one of those votes, he was saying something very  particular. He was saying to women, he does not trust you to make your own decisions about your  own family planning every single time. When it comes to our rights and protecting ourselves,  I think it is important that we have someone in the seat who does that.  He voted and sponsored bills that would make it impossible to have IVF and contraception.  If he does not trust us to protect our own rights, do not trust him.",neutral,0.03816153,0.49041802,0.4714205,Assertive & Clear,Surprised & expressive,Economic,Assertive & Direct,21.0,positive,0.8571428571428571,0.0952380952380952,0.0476190476190476,0.8086771114285715,0.1340809627142857,0.0572419113952381
Democratic,Michigan,Elissa Slotkin,DA4jv8aAwD5,2024/10/9,Reproductive freedom is not a talking point. It's our lives.,neutral,0.070010304,0.73921824,0.19077146,78,positive,0.730769231,0.102564103,0.166666667,0.694502813,0.160309682,0.145187501," So I was here in Michigan and I voted yes on Proposition 3. You were in Florida,  you voted in Florida, you weren't here.  For some people, this issue is a talking point.  He's put his finger in the wind and he says, now I can't win if I don't look good on this issue.  And so he's changed 30 years of being unilaterally pro-life, of never breaking once with his party on this issue, right?  So it's not a talking point to women.  It is our lives.  It's whether we bleed to death in a parking lot.  It's who and when gets to decide how we have a family.  Do not trust him.",neutral,0.056148402,0.5196223,0.42422923,Assertive & Clear,Concerned & Empathic,Others,Assertive & Direct,77.0,positive,0.7402597402597403,0.0909090909090909,0.1688311688311688,0.7005934527623376,0.1535492187207792,0.1458573244740259
Republican,Texas,Ted Cruz,DA6TtBCPics,2024/10/9,"October 7th was one of the darkest days in history. 

It was the largest mass murder of the Jewish people since the Holocaust. 

Through sending billions to Iran, Joe Biden and Kamala Harris in a very real sense funded the death squads that killed Israelis and Americans on October 7th.",negative,0.004627838,0.04865782,0.9467144,213,negative,0.267605634,0.272300469,0.460093897,0.301807974,0.290143172,0.408048857," Well, unfortunately, Kamala Harris and Joe Biden and much of today's Democrat Party are on the wrong side of the issue.  One year ago today was one of the darkest days in world history.  It was the single largest mass murder of Jews in a day since the Holocaust.  1,200 Israelis murdered, 251 taken hostage, women and little girls raped as a weapon of terror.  It was also one of the worst American terrorist attacks ever, with Americans murdered, Americans tortured, Americans taken hostage.  And yet, in the wake, in the year that followed, October 7th has provided clarity.  I don't think there is gray or ambiguity on this.  This is a battle between good and evil, and it is a choice of where do you stand.  Do you stand with Israel, or do you stand with Hamas and Hezbollah and the terrorists?  And I'm sorry to say, Sean, that Kamala Harris...  Kamala Harris and Joe Biden have been the number one funders in the world of Hamas and Hezbollah.  They have flowed over $100 billion to Iran, and Iran provides 90% of the funding for Hamas and Hezbollah.  So in a very real sense, Kamala Harris helped pay for the death squads on October 7th,  and sadly this White House has undermined Israel every day since then.  Yes, they refused to enforce the oil sanctions.  And sadly this White House has undermined Israel.  They refused to enforce the oil sanctions.",negative,0.007446535,0.099480316,0.8930731,Energetic & Bright,Flat & Neutral,Economic,Subtle & Neutral,198.0,negative,0.2878787878787879,0.2171717171717171,0.494949494949495,0.3075870964277777,0.2605430066363636,0.4318699005126263
Democratic,Ohio,Sherrod Brown,DA6Dxd_R7Rn,2024/10/9,"COURIER asked Sen. @Sherrod Brown (D-OH) to react to clips of his Republican opponent, car dealer Bernie Moreno. Here’s how it went 👀

Follow @couriernewsroom for all the news and analysis you need to survive the 2024 election.",neutral,0.098862246,0.893693,0.007444746,77,negative,0.415584416,0.090909091,0.493506494,0.354838415,0.218212587,0.426948993," Nothing new here.  Bernie Moreno is a walking conflict of interest who has trouble telling the truth.  We know he lied to his employees as he stiffed them out of $400,000 in overtime pay.  Then he destroyed the evidence, the records that the judge told him to produce.  He just has trouble with the truth.  And he is a walking conflict of interest.  Everything to him is, how do I make more money?  How do I find ways to do even better, even though he's running for office and wants to serve the people?  While in the end, he sees a guy that looks out for himself and looks out for his special interest friends.  The choice is clear.  I fight for the dignity of work.  Bernie Moreno looks out for his rich friends and himself.  He mocks women.  Well, he mocks the 57% of Ohioans who voted for a constitutional amendment for abortion rights.  He especially aimed his venom at suburban women over 50.  You know, if you're over 50, you don't care about abortion rights.  That means if you're white, you don't care about civil rights.  If you're straight, you don't care about gay rights.  It comes down to this.  Bernie Marino just thinks he knows better.  Better than women over 50.  Better than millions of people in our state.  I don't think we want somebody in the Senate that thinks that way.  Here's a guy who had enough money to put $100,000 into fighting our Constitutional Amendment for abortion rights.  And his last financial disclosure talked about owning five homes.  And he acts like he's fighting for the little guy.  I mean, just watch that video again.  We know Bernie Marino is a guy that looks out for himself and looks out for his special interest friends.  He wants a tax cut for rich people.  I want to do the child tax credit.  On issue after issue, it's clear he thinks he knows better when, in fact, the people of Ohio want to see a fighter fighting for the dignity of work.  a lot of suburban women that are like, listen,  abortion's it.  I'm gonna miss you, Theo.  Oh, thank God, I didn't know I was going to hear that one.  If I can't have an abortion in this country whenever I want, I will vote for anybody else.  A little crazy, by the way.  But, especially for women that are like past 50, I think I'm going to sell them.  You think you're paying a lot for groceries and food, medicine, essentials to the elites  that hang out in their fourth or fifth homes?  To them, of course, those rules multiply.  It's the little people.  Which is all of us, by the way.  New controversy tonight for Republican Senate candidate and former car dealer Bernie Marino,  who appears to also be a future car dealer.  Republican candidate repeatedly said he sold all of his businesses.  In new personal financial disclosures, Marino reveals he is the manager of a realty business  that paid more than $9 million for a 25-acre plot in Delaware County.  The land is the future home of a Mercedes-Benz dealership.",negative,0.03985071,0.35272044,0.6074289,Flat & analytical,Flat & Neutral,Immigration,Subtle & Neutral,77.0,negative,0.4155844155844156,0.0909090909090909,0.4935064935064935,0.3548384152090909,0.2182125874545454,0.4269489931532467
Democratic,Ohio,Sherrod Brown,DA4vPIbMZ6n,2024/10/9,I deliver for Ohio in the Senate.,neutral,0.18299636,0.8094451,0.007558563,6,positive,0.5,0.333333333,0.166666667,0.490201705,0.261941625,0.247856688," We deliver on specific things that tangibly matter in people's lives.  And that's really why I win, because I talk about those things, and we've delivered on those things.  We've delivered on veterans' help with those football field-sized burn pits.  We fixed the pensions of 100,000 Ohio union workers that were going to lose half their pensions.  That's great, albeit temporary, but it had an impact.  We need to show the public that we care, that we can deliver, and that it can affect their lives.",positive,0.912056,0.075147994,0.012795984,Emotional & reactive,Flat & Neutral,Immigration,Subtle & Neutral,6.0,positive,0.5,0.3333333333333333,0.1666666666666666,0.490201705,0.2619416251666667,0.24785668795
Democratic,Texas,Colin Allred,DA4nDxfshhJ,2024/10/9,"Ted Cruz can run but he can’t hide from his extreme record on abortion. He is singularly responsible for the Texas ban which has no exceptions for rape, incest or the health of the mother. 

We will defeat him and restore reproductive freedom on November 5th.",negative,0.010218176,0.16493167,0.8248502,20,positive,0.4,0.3,0.3,0.356246026,0.327656141,0.316097835," In the four years since the last presidential election, Texas has become unapologetically hostile to women.  Texas Republicans banned almost all abortions, even for rape or incest, which has led to an increase in infant mortality.  They successfully blocked abortion pills until the Supreme Court punted the case on a technicality.  And just yesterday, Texas got the Supreme Court to allow them to block hospitals from providing emergency care for pregnant women who are in danger of dying just because it violates their state's abortion ban.  Senator Cruz is a rabid foe of reproductive rights.  He does not support exemptions for rape.  He's called the repeal of Roe, quote, a victory for life.  And he's co-sponsored a national abortion ban.  Cruz, who spends three days a week hosting a podcast, has been oddly shy, though, about his views on women's rights lately.  Meanwhile, Colin Allred has built a broad bipartisan coalition.  Ted Cruz, he has not been shy about his anti-abortion policies.  Take a look.  I mean, Colin, I'm kind of stuck on the rape is bad, but the fact that a but comes after that is disqualifying.  But do you hear it? It's the sound of silence. It's crickets coming from Ted Cruz.  I believe this is a moment for incredible celebration.  This is a momentous moment.  This has been 49 years in the coming.  We should protect every life from the moment of conception.  When it comes to rape, rape is a horrific crime against the humanity of a person  and needs to be punished and punished severely.  but at the same time as horrible as that crime is.  I don't believe it's the child's fault.  Yeah, thank you for having me on, Katie.  And, you know, as you said, he's a content machine.  I mean, he's constantly podcasting and going on cable news.  And for him to be quiet on something means that he knows that what he has done, Texas women, is a problem for him.  And let's be very clear, he is singularly responsible.  what we're experiencing in Texas. He put the judges at the district court level,  the circuit court level, and the Supreme Court level, knowing they were going to do this.  He backed in primaries here in Texas, more extreme candidates, often against mainstream  candidates at the state level, knowing they would put in place these laws at the state level.  As you just showed, he called for and celebrated the Dobbs decision. And now when Texas women,  whether it's Amanda Zorowski or Lauren Miller, both friends of mine, came to the United States  Senate to testify before his committee, he didn't show up. And when Texas outlets are reaching out  to him to get responses to what's happening in our state, he won't respond. But on November 5th,  he's going to hear from those Texas women and from our state when we beat them.",negative,0.016955618,0.27792236,0.70512193,Emotional & reactive,Positive & engaging,Abortion,Flat & Restrained,20.0,positive,0.4,0.3,0.3,0.356246026215,0.32765614135,0.316097834795
Republican,Michigan,Mike Rogers,DA4b1E6Ko5-,2024/10/8,"Slotkin has been a loyal soldier for the Biden-Harris agenda. In the Senate, she would continue to do the same. #MISenateDebate",positive,0.7182479,0.27442867,0.00732341,7,negative,0.285714286,0.285714286,0.428571429,0.301978879,0.330897809,0.367123327," And my opponent has voted 100% with the Biden-Harris agenda, 100%.  And if you think about what that means, that means that she's likely to go in and vote for this $25,000 and every other scheme that will only increase the cost of housing.  If you want to get to the root of this, we have to stop spending.  We have to stop borrowing that money from countries like China, money we don't have, $35 trillion, and start bringing it back under control so we can get interest rates down.  That's the number one thing that we can do.",neutral,0.082987405,0.46617416,0.45083845,Flat & analytical,Flat & Neutral,Campaign Endorsements,Subtle & Neutral,7.0,negative,0.2857142857142857,0.2857142857142857,0.4285714285714285,0.301978879,0.3308978085714286,0.3671233273142857
Republican,Michigan,Mike Rogers,DA4bE6JKHbD,2024/10/8,Congresswoman Slotkin is supposed to use her CIA deception training against foreign adversaries — not Michigan voters. #MISenateDebate,negative,0.010293505,0.26578447,0.723922,9,neutral,0.444444444,0.444444444,0.111111111,0.445443717,0.359083785,0.195472498," I was more cautious than most about us being, you know, using military force within the region.  And by the way, that information that was given to Congress was based on the CIA at a time that my opponent was in the CIA.  doing and a little whore.  And so if you think about how dangerous this is, and listen, I get it.  The CIA has deception training.  My opponent clearly went through that.  But you're supposed to use that against your adversaries, not Michigan voters.",negative,0.017273998,0.3088758,0.67385024,Flat & analytical,Angry & Confrontational,Voter Mobilization,Subtle & Neutral,9.0,neutral,0.4444444444444444,0.4444444444444444,0.1111111111111111,0.4454437167777778,0.359083785,0.1954724981333333
Democratic,Pennsylvania,Bob Casey,DA4BXrpOmLA,2024/10/8,I'm fighting to protect your rights.,positive,0.5128349,0.459626,0.027539121,2,negative,0.0,0.0,1.0,0.007490771,0.067608126,0.9249011," Every day I've been a United States Senator, I've gone to work for the people of our state,  fighting for working families, fighting for workers themselves, fighting for our children,  seniors, people with disabilities, our veterans, and I've got a strong record on all those issues.  The voters in this state have a very clear choice.  They can vote for a candidate who's going to vote.  against union rights, women's rights,  and workers' rights and voting rights,  or they can vote for me who's going to protect all those rights  and fight every day for those families and win like I have.",positive,0.7166775,0.2616881,0.021634407,Flat & analytical,Flat & Neutral,Abortion,Subtle & Neutral,2.0,negative,0.0,0.0,1.0,0.0074907705,0.0676081255,0.9249011
Democratic,Pennsylvania,Bob Casey,DA3pfRtvYDQ,2024/10/8,"Like so many Pennsylvanians, I’ve looked up to Roberto Clemente since I was a kid.

His skills on the field were matched only by his service to his community.",positive,0.9431099,0.051097352,0.005792762,2,positive,1.0,0.0,0.0,0.83864842,0.144518314,0.016833273," We're here at the Roberto Clemente statue.  and talk to him in the outfield.  The one part of the story that...  that my father was warned about was,  Don't ask him how he feels because he might start talking about...  aches and pains. As soon as we met him and my father shook his hand,  my father said, Roberto how do you feel? And he said, oh my knee is hurting me  today.  But then in about  And I came to Pittsburgh in June of 1970. I was 10 years old.  Probably the third or fourth inning.  Someone on the St. Louis Cardinals hit a rocket out to right field.  Roberto Clemente had a jump in the air.  He caught the ball, and he made the play and threw it into the infield.  My father turned to me, and he said, I think he's feeling okay.  I think in so many ways, the people of Pittsburgh...  identified with Roberto Clemente because he was someone who worked hard every day,  he was someone who hustled all the time, he was someone who achieved the maximum of his potential.  My father brought my brother Chris and me to a game.  But we were able to meet Roberto Clemente.",neutral,0.087530315,0.8746516,0.037818015,Neutral & restrained,Flat & Neutral,Campaign Endorsements,Subtle & Neutral,2.0,positive,1.0,0.0,0.0,0.83864842,0.144518314,0.0168332734
Republican,Wisconsin,Eric Hovde,DA37i35N09m,2024/10/8,"Momentum is on our side. We are going to WIN this race. But, only with your help.

🚪Sign up to volunteer
💰Chip in any amount you can
🗳️Make your plan to VOTE

We’ve got a country to SAVE. 🇺🇸",positive,0.8116037,0.17658262,0.011813652,12,neutral,0.333333333,0.416666667,0.25,0.369416987,0.365950347,0.264632669," news today. Cook Report just came out and shifted my race from a lean Democrat to a toss-up.  I'm running as hard as possible.  We need to take this country back.  We've got to close our borders, stop the fentanyl pouring in, the criminals that are coming into our country.  We need to restore fiscal sanity, running these insane deficits that are bankrupting our country and our children's future.  We got to restore this country.  I can't do it without your help.  I really ask for everybody to pitch in.  whether it's 10, 20 bucks.  You know, the Democrats bring a wave of money.  But it shows that the momentum's on our side, and we can win this race, and we're going to win this race.  So join me in my fight today.  All the polls show us that it's a one to two point race.",neutral,0.37195632,0.5083542,0.11968949,Neutral & restrained,Angry & Confrontational,Campaign Endorsements,Subtle & Neutral,11.0,neutral,0.3636363636363636,0.3636363636363636,0.2727272727272727,0.3824982073999999,0.3373217101818181,0.2801800860454545
Republican,Pennsylvania,Dave McCormick,DA3zIIrOoSl,2024/10/8,"@Blessings.of.Hope is an incredible organization that provides 2 million meals a month to Pennsylvanians in need with food that would otherwise go to waste. 

Thank you to David Lapp for showing me around your Lancaster location. This is such important work, keep it up!",positive,0.96043015,0.03301552,0.006554412,1,neutral,0.0,1.0,0.0,0.23754942,0.72436786,0.038082678," I'm here with David Lab, the CEO of Blessings of Hope, which is an incredible organization.  I'm blown away.  uh... through uh...  religious-based community and through different groups that are distributing  the food to their families they receive.  what would otherwise be thrown away.  from food distribution centers and they process it. It's an incredible operation at scale.  Hundreds of employees, thousands of volunteers. I have just, in all of what you're doing to help  our community, not just here, but throughout our country and internationally. So, David,  thank you for the story. Tell us a minute about it.  They provide 2 million meals a month.  It's incredible.  And the thing I was just saying.  Like you see across our great Commonwealth, people that are dedicating themselves to trying to help others.  it's rare that you see something that has the ability to do that in this game.  Yeah.  So you're doing incredible work here.  Thank you so much for a great tour.  Thank you.  Appreciate you coming out.  Tell us a minute about it.  So yeah, here at Blessings of Home, we're a distribution center for nonprofits.  We receive food from over 200 different donors.  So far this year, we're right around 1,500 organizations that we serve with food.  About a 200-mile radius from Lancaster, Pennsylvania.  And we also have a satellite location in Camel'sville, Kentucky.  It's just a blessing to be able to steward a waste product simply because it's right or because it's overproduced or whatever reason the donor wants to get rid of it.  And we can use that to impact not only our local community, but North Carolina and some of the hurricane victims.  We were able to send a semi-truckload a day down since last Sunday.  So we're right around 10, 12 semi-loads so far, planning on going to the end of this week and reevaluating.  but just being able to take a waste product and have an impact on the community on",positive,0.9455919,0.048120197,0.006287849,Flat & analytical,Flat & Neutral,Campaign Endorsements,Subtle & Neutral,1.0,neutral,0.0,1.0,0.0,0.23754942,0.72436786,0.038082678
Republican,Pennsylvania,Dave McCormick,DA2B4s4t0M3,2024/10/8,"Great to have @MarcoRubio in the Keystone State!

It’s time to retire weak Bob Casey and send strong leadership to the US Senate 🇺🇸",positive,0.94971186,0.046204526,0.004083627,6,positive,0.5,0.333333333,0.166666667,0.554789384,0.261291078,0.183919538," honor to have a busy day in Pennsylvania today with Senator Rubio. Thank you again  for visiting. We started in Philadelphia, had a big meeting with a number of  supporters and we went to the Lehigh Valley, had a great Hispanic rally.  Senator Rubio was a huge draw, lots of enthusiastic supporters. Now we're in Hershey.  to meet with the PA Chamber of Commerce and more than a thousand business leaders  to talk about a growing economy in Pennsylvania.  Really honored to have you here.  Thank you, Senator, for making the trip to be here.  It's an honor to be here. This is an important race, so please, if you can go online and give, every dollar matters, every day counts.  As we get closer, we have to win back the Senate. Great to be with you. You're going to win.  We're going to win at Pennsylvania. Thank you, Senator.",positive,0.9814186,0.016489599,0.002091753,Neutral & restrained,Surprised & expressive,Immigration,Assertive & Direct,4.0,positive,0.75,0.0,0.25,0.71942229525,0.0515039415,0.22907376765
Republican,Pennsylvania,Dave McCormick,DA16bNdNMIc,2024/10/8,"It was a special moment to watch President Trump finish what he started in Butler this past weekend. 

We need that strength in Washington — and in November, we’ll get the job done!",positive,0.97606546,0.020016577,0.003918027,2,negative,0.0,0.5,0.5,0.116636284,0.39416798,0.489195775," Look at who we found here in Butler, just wandering around the corral.  Dave McCormick, how are you, man?  This is an amazing day after the almost horrific loss of life for President Trump last time  around.  Obviously, everyone's remembering Cory Comparatore today and his family.  But what does this mean for you to be here?  You know, it's closing the circle.  I mean, it was such an unbelievable moment,  and it was so iconic to see the president get off the mat  and put his fist up in the air.  And I think, if anything in three months, the need for strength.  in the White House has become more clear.  And so I think him coming back is just a symbol.  of strength and courage and resilience at a time when our country needs it the most.",positive,0.86905974,0.110463396,0.02047683,Flat & analytical,Warm but Reserved,Immigration,Measured & Composed,1.0,negative,0.0,0.0,1.0,0.007749007,0.10747061,0.88478047
Republican,Texas,Ted Cruz,DA3nDozxCy8,2024/10/8,"Democrats are coming after me with everything they have.

Bernie Sanders and AOC were campaigning against me in Texas this week. They were exactly right: if they take Texas, they can take over the country completely. 

Help me push back at tedcruz.org",negative,0.041278135,0.26572436,0.6929976,105,positive,0.380952381,0.266666667,0.352380952,0.369859094,0.286043617,0.344097286," If you take this stand, they're going to dump $200 million on your head.  They're trying so hard to get you out of the Senate, Senator.  Oh, it's going to be more than 100 when it's all done.  Senator, we need you back.  I hope the people in Texas early voting started today.  They are coming after me with everything they have.  Bernie Sanders and AOC were in Texas this week.  AOC said if we flip Texas, we transform the country for a generation.  Please come to TedCruz.org.  Right now, I need your help.  TedCruz.org.  They're spending $100 million trying to beat me.",negative,0.08089254,0.27372923,0.6453783,Neutral & restrained,Flat & Neutral,Others,Subtle & Neutral,101.0,positive,0.396039603960396,0.2376237623762376,0.3663366336633663,0.3755753527029702,0.2704071131683168,0.3540175322722773
Democratic,Texas,Colin Allred,DA2Qyfpsaud,2024/10/8,"I’m a fourth generation Texan, and there’s one thing I know about us: we believe in freedom. 

Ted Cruz’s abortion ban is not freedom. And together we’re going to send him a very strong message on November 5th.",positive,0.46441564,0.4609021,0.074682325,13,negative,0.153846154,0.076923077,0.769230769,0.189299242,0.186733237,0.623967514," As you go forward in the campaign, what are you hearing from Texas voters about what matters to them most?  Well, I'm a fourth generation Texan, Lawrence.  And, you know, there's one thing I know about us.  It's that we believe in freedom.  Texas is a place where folks expect to be left alone and had a chance to chase, you know, their version of the American dream.  This is a long running theme here in Texas that you can come here and carve out your own dreams.  But this is not freedom.  You're not free when Ted Cruz is in the room when you're making these incredibly important decisions.  You're not free when you're being turned away from emergency rooms because they are afraid to treat you.  And they tell you to come back when you're sicker, when lawyers and politicians like Ted Cruz are making these decisions, not Texas women.  But what Texans also want is somebody who's on their side.  And I think every Texan knows that Ted Cruz is really only in this for himself.  That's how you can go to Cancun when the lights go out.  That's how you can be a part of an effort to overturn.  A presidential election for somebody who attacked your family.  He's only in this for himself.  And we can get a senator who cares about all 30 million of us and hope folks will go to Colin Albright dot com and help us do that.",neutral,0.15127721,0.79355365,0.055169176,Flat & analytical,Concerned & Empathic,Immigration,Flat & Restrained,13.0,negative,0.1538461538461538,0.0769230769230769,0.7692307692307693,0.1892992417384615,0.1867332372307692,0.6239675142769231
Republican,Wisconsin,Eric Hovde,DA1s1N3Obwc,2024/10/7,"Whenever I turn on the TV, I have to laugh at the latest attacks on me.

But, what else should you expect from a career politician like Tammy Baldwin?

It’s time for change.",negative,0.04995942,0.2435593,0.7064812,13,negative,0.076923077,0.307692308,0.615384615,0.130468444,0.330513755,0.539017778," Whenever I turn on the TV, I have to laugh at the latest attacks on me.  But what else should you expect from a career politician like Tammy Baldwin?  when she can't run on her record.  She doesn't want to talk about voting no against cutting taxes on Social Security benefits.  or giving illegal immigrants taxpayer-funded checks,  or forcing girls to compete against guys in high school sports.  Her record is radical, extreme, and wrong.  I'm Eric Hovde. I approve this message. It's time for a change.  Meet Eric Hovde, the worst person in human history.  He hates puppies, rainbows, football, and ice cream.  He once said Santa should be arrested for breaking and entering.  He owns a home in Transylvania because he's really a vampire and wants to suck your blood.  And if he's elected to the Senate, he will make everyone wear purple  and force kids to eat nothing but asparagus and Brussels sprouts.  What a jerk.",negative,0.01927845,0.15862837,0.8220931,Neutral & restrained,Angry & Confrontational,Others,Subtle & Neutral,12.0,negative,0.0833333333333333,0.25,0.6666666666666666,0.12254718425,0.301317789,0.57613500275
Republican,Arizona,Kari Lake,DA1q7S2I-J5,2024/10/7,"I'm asking the media to start looking closely at Ruben Gallego. His sordid personal life, his disturbing lack of professionalism, and his radical voting record. 

This is an important election. Many people say it will decide whether America can survive. 

It's up to the media to be journalists once again and do the job of vetting Ruben Gallego.",negative,0.02864787,0.39172104,0.5796311,67,negative,0.373134328,0.208955224,0.417910448,0.371689788,0.253469885,0.374840328," No, I should say that growing up in the 80s, I was always told, and maybe some of you who are my age or older,  And I have to admit, I believed that because that was just the way.  We were brought up and that was the message that we were given.  And so it was so incredible.  And I'll never forget when the Abraham Accords were starting to take shape.  And Ambassador Grinnell was a part of making that happen.  And the beautiful thing is we can have that again.  We can have that again when we get out and vote.  We cannot vote for radicals like Ruben Gallego.  whose votes, as Rick Grinnell said, have caused wars.  And it's up to the media to start looking closely at his record.  And we've shared with you just a bit of it when it comes to how he has voted,  when it comes to the Middle East and Israel.  But look at his record on everything, from the open borders, wide open borders.  which has empowered the cartels, to funding sanctuary cities,  to defunding the police and making our neighborhoods less safe,  and taking away...  qualified immunity for police so they don't have that protection which makes it harder for them to go out and do their jobs.  less than a month away from the election.  And I'm asking the media to start looking closely at Ruben Gallego.  that there was no way possible to ever have peace in the Middle East.  It was just impossible.  His personal life, his...  lack of professionalism, his voting record.  This is an important election.  Many people say it will decide whether America can survive.  And it's up to the media to be journalists once again and do the job of looking closely at Ruben Gallego's voting record.",positive,0.5958729,0.35743028,0.046696853,Neutral & restrained,Surprised & expressive,Economic,Assertive & Direct,66.0,negative,0.3787878787878788,0.1969696969696969,0.4242424242424242,0.3739044274621212,0.2469941963939394,0.3791013768954546
Republican,Arizona,Kari Lake,DA1onbbB8Un,2024/10/7,"The world is on fire because of Joe Biden, Kamala Harris, and my opponent Ruben Gallego. 

They have alienated our allies and emboldened our enemies. 

They funded terrorism.

It's shocking when you look at Ruben Gallego's voting record.

Let me walk you through it",negative,0.005529786,0.05150544,0.9429648,15,positive,0.466666667,0.266666667,0.266666667,0.451101099,0.296670607,0.25222831," The world is on fire because of Joe Biden, Kamala Harris, and my opponent, Ruben Gallego.  And then that money, by the way, which authorized Iran to make...  The money to fund the terror attack on October 7th went through Qatar.  So Cutter ended up getting some money and business from it.  after Ruben Gallego took this all-expense-paid trip to Qatar.  It's definitely unethical what he has done.  And when you think back to where we were under President Trump...  We were in such a safe place.  The Abraham Accords were happening, which was out of cash.  And they're flush with cash because of Kamala Harris, Joe Biden, and my opponent, Ruben Gallego.  who has actually worked to make sure that  Terrorist cells have the money they need to attack.  And it's only a matter of time before they could attack here in America.  It's amazing when you look at Ruben Gallego's voting record.  It's actually quite shocking.  In 2020, Gallego called then Secretary of State Mike  Pompeo to provide, called for him to provide USAID to Gaza  and end the anti-Hamas blockade, while claiming  Hamas had only, quote, some measure of responsibility  for what happened in Gaza.  And in May of 21, Gallego called for a ceasefire between Israel and Hamas,  which he quietly deleted off his website.  after the October 7th attack.  Interesting how things disappear on his website.  And during COVID,  Maybe you will remember this.  Rubin went on an $84,000 all-expense paid vacation slash honeymoon  with his friend Eric Swalwell, who might be noted slept with a Chinese spy.  They gave Iran hundreds of billions in sanction relief, credit, and cash.  Ruben Gallego voted for hundreds of billions for Iran in sanction relief.  along with his lobbyist wife.  They stayed at a five-star resort.  During his vacation to the country,  They met with many people.  So this was a meeting with military and government officials while they were there.  So in 2021, he voted against providing Israel with emergency funding for its Iron Dome missile defense system  as Hamas was actively targeting Israeli citizens while authorizing $6 billion to Iran.  His anti-Israel votes are appalling.  I'm going to make sure that each and every one of you get it.  A listing of his anti-Israel votes.  He votes with Ilhan Omar and the squad every single time when it comes to Israel.",negative,0.025353348,0.23256317,0.7420835,Neutral & restrained,Flat & Neutral,Immigration,Subtle & Neutral,14.0,positive,0.5,0.2142857142857142,0.2857142857142857,0.4672137799214285,0.2692281250714285,0.2635581123428571
Republican,Arizona,Kari Lake,DA1ob-XieJM,2024/10/7,"Today, we honor the dead who were taken from us a year ago. 

We want their memories to be a blessing for all, but we also have to go forth and push for peace in the Middle East once again. 

None of this would have happened if President Trump were in the White House.",neutral,0.4250301,0.46846008,0.10650981,24,positive,0.541666667,0.291666667,0.166666667,0.516778757,0.28746829,0.195752971," What has happened since that attack in America is something I never thought I would see, an outlash.  and Jews on college campuses.  Jews who are going to school just to get an education and now feeling threatened on college campuses.  So today we do honor the dead who were taken from us a year ago.  We want their memories to be a blessing for all, but we also have to go forth and push for  Peace in the Middle East once again.  I can't help but to think if President Trump were in the White House, none of this would have happened.  I'm certain that none of this would have happened.  of anti-Semitic behavior.  launched at Jews living here, Jewish citizens here.",negative,0.023499016,0.22538887,0.75111204,Neutral & restrained,Surprised & expressive,Economic,Assertive & Direct,23.0,positive,0.5652173913043478,0.2608695652173913,0.1739130434782608,0.5294420262913043,0.2703640700434782,0.2001939226043478
Democratic,Pennsylvania,Bob Casey,DA1ctzYiYQL,2024/10/7,"Pennsylvania is the battleground state of this election cycle and the tipping point for the Senate and the White House.

Thanks to @pfeiffer3342, @jonlovett, @jfavs, @tommyvietor, and @PodSaveAmerica for highlighting the stakes of this race.",neutral,0.4683181,0.5234039,0.00827801,8,positive,0.75,0.125,0.125,0.662611877,0.195868619,0.141519511," from Sheetz people.  Wawa people, everybody in between.  Sure.  His opponent doesn't even live here.  What is genetics?  There's a different map over there.  We knew a cheesesteak and it kicked him in the ass.  He's over there.  donate to bob pennsylvania wants a pennsylvania center not a connecticut center right  Hey, I'm Bob Casey. We're here in Philly tonight at the Met with Pod Save America.  Thanks for being here, guys.  Thanks for having us. Thanks for being on the show.  Good to be here with my fellow Holy Cross alum.  Senator Casey is in the race of his life.  He really needs all of you to donate because we cannot keep the Senate if we don't reelect Bob Casey.  And he's running against someone who has one of the biggest, most expensive super PACs we've ever seen in any Senate race,  funneling millions and millions of dollars.  So he needs your help. Please donate.",neutral,0.19788748,0.5862549,0.2158576,Energetic & Bright,Warm but Reserved,Abortion,Measured & Composed,7.0,positive,0.8571428571428571,0.0,0.1428571428571428,0.7250530649285715,0.1265833717142857,0.1483635727142857
Democratic,Texas,Colin Allred,DA1Xo-VpMIM,2024/10/7,"Desde abordar nuestra crisis fronteriza hasta reducir los gastos diarios, Texanos necesitan un senador que pueda ofrecer soluciones. Ted Cruz solo quiere jugar juegos políticos, y por eso lo vamos a despedir en noviembre.",neutral,0.08122482,0.82017404,0.09860116,7,negative,0.285714286,0.285714286,0.428571429,0.323083749,0.259253775,0.417662466," El congresista Colin Albrecht, candidato demócrata al Senado por Texas, busca destituir al senador Ted Cruz de su cargo en una de las contiendas más importantes de este ciclo electoral.  asegura que es el tejano más bipartidista en el Congreso.  En entrevista exclusiva con Univisión, Albrecht subrayó sus prioridades.  Esto incluye invertir en la economía, los derechos reproductivos de la mujer y la inmigración.  Lo primero, dice, sería tener una frontera segura, agregando recursos, tecnología y cambios en políticas.  Otro componente incluiría un camino legal para sacar de las sombras a aquellos inmigrantes que tienen años en el país.  Esto incluye a los Dreamers.  I've been the most bipartisan  sexton in Congress.  Also we'll make sure we invest in economy.  The first part of it is to have a secure border.  The third component is finding a pathway out of the shadows for the folks who've been here for some time.",neutral,0.16110879,0.81349427,0.025396973,Flat & analytical,Surprised & expressive,Abortion,Flat & Restrained,7.0,negative,0.2857142857142857,0.2857142857142857,0.4285714285714285,0.3230837493285715,0.2592537745714285,0.4176624659428571
Republican,Texas,Ted Cruz,DA0_C94R3SS,2024/10/7,"October 7-One Year Later, How It Changed the World, plus Democrats Fleeing their Party, Rep. Shawn Thierry’s Journey. 

Don’t miss @benfergusonpodcast , Rep. Shawn Thierry, and I break it all down on Verdict.",neutral,0.098997496,0.8052616,0.09574099,26,negative,0.230769231,0.346153846,0.423076923,0.256564275,0.334090022,0.40934571," Today is the one-year anniversary of October 7th.  The year since then, we have seen Israel change profoundly.  We have seen America change profoundly.  We have seen the world change profoundly.  On today's podcast, Verdict with Ted Cruz, we examine what happened on October 7th and what has happened in the year that follows.  the consequences that are playing out, the horror, the evil, but also the clarity that came from it.  Also, the victories against Hamas and Hezbollah that came from it.  We break it all down in today's podcast.  We also have a special guest on today's podcast, Sean Theory.  She is an elected Democrat state rep in Texas, elected four times as a Democrat.  One of the darkest days in human history.  And representative theory has changed her party to the Republican Party.  She left the Democrat Party.  She said enough is enough.  They've gone too radical.  They've gone too extreme.  They've abandoned common sense.  They're not willing to protect children and keep children safe.  We sit down with Sean.  She tells her story.  It's powerful.  It's something the media won't tell you.  You're going to want to hear this.  You can hear it all.  You can see it all.  Download Verdict with Ted Cruz wherever you get your podcasts.  A year ago today, 1,200 Israelis were murdered by vicious genocidal terrorists.  251 hostages were taken.",neutral,0.14985536,0.7800664,0.070078336,Neutral & restrained,Flat & Neutral,Immigration,Subtle & Neutral,24.0,negative,0.25,0.2916666666666667,0.4583333333333333,0.2591510013124999,0.3051920784166667,0.4356569293208334
Republican,Arizona,Kari Lake,DAzEOUPtrlS,2024/10/6,Vote RED! 🇺🇸,positive,0.6505968,0.2958057,0.053597458,969,positive,0.460268318,0.219814241,0.319917441,0.444609449,0.258490697,0.296899854," Hey guys, I'm here at the grocery store picking up some food.  I am absolutely stunned and I know you are as well.  This is a little bit of ground beef hamburger and it is selling for $13.  This is outrageous.  This is only because the Democrat policies are rotten and they're destroying our economy  and they're hurting our families.  We can turn this around and we can do it when we vote.  Get your ballot, vote Republican from top to bottom and let's save America.  and hurting our families.",negative,0.025791029,0.12206453,0.8521445,Assertive & Clear,Surprised & expressive,Immigration,Assertive & Direct,953.0,positive,0.4679958027282266,0.2067156348373557,0.3252885624344176,0.4482877014592864,0.2513994124832109,0.3003128866836306
Republican,Pennsylvania,Dave McCormick,DAypShqO-Hp,2024/10/6,"We need common sense and strength in Washington. 

Bob Casey is a weak, career politician who is a sure vote for Kamala Harris’ liberal agenda that’s destroying our economy and opening our borders.

Great to be on @SundayFutures with @ByronDonalds!",negative,0.18613741,0.32547125,0.48839137,2,negative,0.0,0.5,0.5,0.119231127,0.449445085,0.43132379," This is an election which is a choice between strength, like we saw on the stage with President Trump and Butler,  versus weakness and common sense policies to get our economy back on track,  secure our borders, open up our energy sector, versus this radical liberal agenda of Kamala Harris.  And Bob Casey is a 99% vote.  He's a sure thing, a weak career politician supporting this liberal agenda.  So I feel like it's moving in President Trump's direction and my direction.  And I think the voters of Pennsylvania are going to come our way on Election Day.",neutral,0.16671187,0.65551126,0.1777769,Emotional & reactive,Concerned & Empathic,Immigration,Flat & Restrained,1.0,negative,0.0,0.0,1.0,0.012938693,0.21802482,0.7690365
Republican,Pennsylvania,Dave McCormick,DAySF1JulAj,2024/10/6,"This is a big contrast between the two of us — a career politician versus a political outsider, West Point graduate, and a businessman.",neutral,0.09189087,0.8012988,0.106810294,5,negative,0.2,0.2,0.6,0.240642413,0.200054544,0.559303053," But but listen, Senator Casey, Senator Casey stood next to Joe Biden when he could hardly finish a sentence.  We saw this on the debate stage and said he's ready to go.  Then Senator Casey said Kamala Harris is great. You're going to love her when you get to know her.  This is a woman who in the last few years says she wanted to ban fracking, legalize illegal immigration, give them federal benefits, take away our guns, defund the police.  This is her position. So she's flip flopped on everything.  And Bob Casey standing there by her and he will be a sure vote.  He is a career politician. He has shown weakness when we need strength.  He's a ninety nine percent vote for his party. He's talking about my independence.  He showed no independence and he's adopted a set of extreme liberal policies that are truly taking our country in the right direction.  So he and I agree this is a big contrast between the two of us.  A political outsider. You're at a graduate and a businessman.  Thank you, Mr.  Thank you.  You're out of time.  And,",positive,0.56558716,0.35998815,0.07442472,Neutral & restrained,Surprised & expressive,Immigration,Assertive & Direct,4.0,negative,0.25,0.0,0.75,0.244422126375,0.0798518429999999,0.67572604575
Democratic,Texas,Colin Allred,DAw3jhUPC0Y,2024/10/6,Proud to have the support of my friend @CoryBooker in this Senate race! Chip in $5 to help us beat Ted Cruz.,positive,0.9737955,0.022951704,0.003252867,80,positive,0.525,0.25,0.225,0.533216351,0.233588064,0.233195578," We are not the same person, actually.  Colin Allred is the rising star in our country,  the one that we need at a time where people are dividing and breaking us apart.  He's a uniter, a healer, a get-things-done guy.  And he's running for the United States Senate.  Thanks, Corey. Listen, I'm Colin Allred. Let's go beat Ted Cruz.  Let's do it. Let's do it. Seriously.  But we can't do it without your help.  Pitch in now.  Let's have two handsome bald guys in the United States Senate.  And I'm Colin Allred, not.  Hey everybody, I'm Cory Booker. I'm a former mayor. I once ran into a fire to save some folks.  I'm a Rhodes Scholar and a Stanford football player.",positive,0.7506584,0.21923248,0.030109152,Flat & analytical,Positive & engaging,Immigration,Flat & Restrained,75.0,positive,0.56,0.2,0.24,0.553729203512,0.2037695784,0.2425012115746666
Republican,Pennsylvania,Dave McCormick,DAwqgMXOdhv,2024/10/5,"I’m a combat vet, outsider & PA job creator fighting to pull our commonwealth and country back from the cliff.

Bob Casey is a weak career politician who votes 98% of the time with Harris’ liberal agenda.

This is election is a choice — and in 31 days we will choose STRENGTH.",negative,0.08250119,0.42793453,0.48956436,4,neutral,0.25,0.5,0.25,0.334149058,0.370947379,0.29490359," This race for the Senate.  It's a choice between...  A seventh generation Pennsylvanian.  I was born in Washington County.  My dad was born in Indiana County.  My mom was born in Punxsutawney.  I like to say that because it reminds me of Punxsutawney Bob, my opponent.  Someone who's an outsider, someone who's a businessman, someone who went to West Point,  someone who served in the 82nd Airborne Division in Iraq.  is going to determine what kind of Pennsylvania we want for our great Commonwealth.  against someone  Who's a career politician?  30 years in elected office.  Someone who is weak.  when we need strength.  And someone who's been a 99 percent vote for the radical liberal agenda of Biden and Harris that's taking our country over a cliff.  And that's also a choice.",neutral,0.08930318,0.84793514,0.06276161,Assertive & Clear,Warm but Reserved,Immigration,Measured & Composed,3.0,negative,0.3333333333333333,0.3333333333333333,0.3333333333333333,0.3703575576666666,0.2676413886666666,0.3620010928666666
Republican,Pennsylvania,Dave McCormick,DAwjHSfOJXk,2024/10/5,"Today in Butler, we honor Corey Comperatore and his family.

We honor David Dutch and James Copenhaver.

We honor the first responders who stepped up on that tragic day.

Their bravery and sacrifice will never be forgotten.",positive,0.59602475,0.33096606,0.07300921,1,neutral,0.0,1.0,0.0,0.39376828,0.54561913,0.06061258," It is hard to believe.  and saw the tragedy  Play out on that day.  really here in sorrow.  to mourn the loss of Corey Comperator.  But not only mourn his loss to honor.  honor who he was because he's sort of the best.  of everything about America. He was a role model for everything that's great about  this incredible country.  We're also here to mourn.  Hard to believe that it was just almost three months ago.  The terrible injuries, almost life-threatening injuries of David Dutch and James Copenhaver.  And they're so glad that they're okay and that they're...  well on the way to full recovery.  And also to honor and thank and commemorate the first responders that saved us from.  even more terrible tragedy on that day.  Let's give the first responders a hand.  Thank you.  that many of us were here.  I was sitting right over here.",negative,0.090480804,0.25076318,0.658756,Assertive & Clear,Warm but Reserved,Campaign Endorsements,Measured & Composed,1.0,neutral,0.0,1.0,0.0,0.39376828,0.54561913,0.06061258
Republican,Pennsylvania,Dave McCormick,DAv5H4OPwWp,2024/10/5,"Had an awesome interview today with Mr. Dave Mccormick at Keystone International Livestock Exposition. He is in the running for US Senate. Cannot thank him enough for stopping at the Sullivan Supply trailer and having a chat with everyone! Very awesome opportunity!!🤩

@davemccormickpa 

#USSenate #interview #davemccormick #livestock #agriculture #keystoneinternationallivestockexpo",positive,0.980853,0.016780432,0.002366603,4,positive,0.75,0.25,0.0,0.62132605,0.300178827,0.078495116," because of the culture that goes with farming.  So we need to deregulate, make it easier for farmers.  We need to make it easier to transfer farms.  The tax policy that makes it easier to pass to the next generation. ウニリが多めを  back in schools.  Yes, for sure.  I agree.  Right now we've got like 5,000 dairy farms,  but it's hard for them because of Michelle Obama taking them to the milk house schools.  The guy running it, Spock Casey, has been opposed to that until election year.  He just changed his mind on it a couple weeks ago.  So we need people that support pro-ag policies.  And another thing we've got to do is get inflation down.  100%  Because it's squeezing.  working families. So prices are going up. It's making it harder for families to make it work.  Emma, good to see you.  Thanks so much.  Thanks for being here.  I loved having a family farm. We didn't actually live on the farm. We lived in the town.  But my folks had horses on it.  and we grew Christmas trees, and then they break along as I work.  baling hay and trim Christmas trees in the summers.  And it was shoveling around, you know what?  Of course, of course.  It was awesome.  I loved it.  And we still have that family farm today.  And it's been in our family since 1975.  So it's really a special part of our life.  Yeah.  Well, family hay, I mean, the hardest part is you do it on a sticky summer day.  First of all, you get hay.  Everywhere.  All over you, and it's down your shirt and in your underwear and everything else.  And then when you're putting it in the barn, as you know, you're pushing up,  so you're stacking it under the very top of the loft.  Right.  And so if you get that duty where you're at the very top, man, you're breathing in that.  Yes, so it is very hard.  So you're, you know, for the next two days, you're blowing your nose with hay and coughing up hay.  Yeah, for sure.  Yeah, but it's a great...  sense of accomplishment, just when you start with a feel.  That's, you know.  So glad to be here with you, Emma.  Thanks for doing this.  hay and then it gets baled and you stack it at the barns you feel like you really accomplished  It's like really nice.  You know, we have a bountiful agriculture industry in Pennsylvania.  It's the biggest industry, 52,000 farms.  But we're losing farms.  We had 65,000 or something like that 10 years ago.  So it's a really important part of our Commonwealth, not just because of the jobs and the income.  Hi everybody, I'm Emma Violet and I'm here with Dave McCormick, he's running for Senator for Pennsylvania.  I just have a few questions about our culture parade.  Yes, of course.  I agree.  Right?  For sure, for sure. Well, that's all I have for you.  Thank you very much.  Oh, of course, of course.  Wow.  It's really a special part of me.  Yeah, so what's the hardest part about bailing head?  And Brewer.  All over you.  Yes, so it is very hard.  Oh, for sure. I bet the iced tea at the end of the day is really nice.  Okay, so you're running for Senate. How will you support farmers and ag in Washington?  Of course, anytime.  Alright, so you had a family farm growing up.  What was the experience like for you?",neutral,0.2964141,0.6122069,0.09137899,Energetic & Bright,Surprised & expressive,Economic,Emotive & Engaging,4.0,positive,0.75,0.25,0.0,0.62132605,0.3001788265,0.07849511625
Democratic,Texas,Colin Allred,DAwobKhS9Jb,2024/10/5,The @colinallred rally at Tulips today left us feeling hopeful 🫶🏻 have YOU registered to vote yet?,positive,0.9166526,0.08135402,0.001993327,31,positive,0.838709677,0.064516129,0.096774194,0.77617082,0.141051941,0.082777239," It is possible to bring us together to talk about the common bonds that we share.  We might come from different backgrounds, but there are things that we share and that we spend all of our time focused on the things that we disagree on.  We won't get anything done on the things that we do agree on.  We can do it. We can do it as Texans.  I'm looking forward to, as we're doing now, going around the state, introducing myself to folks,  telling them what my vision for our state can be, and hopefully folks will agree.  Well, I'm a normal person. I was raised by a single mother, was a public school teacher.  I went to public schools in Dallas. I've done voting rights and worked in the Obama administration  and served our state in Congress. I care about our state, even the folks who disagree with me.",neutral,0.45152313,0.50599396,0.042482834,Flat & analytical,Positive & engaging,Campaign Endorsements,Flat & Restrained,30.0,positive,0.8666666666666667,0.0333333333333333,0.1,0.7945257290333333,0.1230581608433333,0.0824161109033333
Democratic,Texas,Colin Allred,DAvy8fJpsmT,2024/10/5,"As the son of a retired Dallas public school teacher, I know how hard our teachers work for our kids, and how we don’t pay them enough. I will always have your back in the Senate. Happy #WorldTeacherDay!",positive,0.9238773,0.062865116,0.013257565,19,positive,0.631578947,0.0,0.368421053,0.579759732,0.11672851,0.303511745," Hey, Texas, happy World Teachers Day.  and that we don't pay them enough.  I myself am a product of our Texas public schools.  And it's because of my teachers and my coaches who went way above and beyond that I've been able to chase my version of the American dream.  I know I wouldn't be here without my teachers.  And so I will always fight for and invest in our public education system because it's an investment in our future and in each other.  So I just want to say thank you to all the teachers out there in Texas and wish you a very happy World Teachers Day.  My mom was a Texas public school teacher for 27 years, most of that in Dallas ISD.  And my aunt was also a public school teacher teaching in Plano ISD.  So I've seen up close and personal how hard our teachers work.",positive,0.9731293,0.022584477,0.00428621,Flat & analytical,Concerned & Empathic,Voter Mobilization,Flat & Restrained,19.0,positive,0.631578947368421,0.0,0.3684210526315789,0.5797597322105263,0.1167285097894736,0.3035117448210526
Democratic,Texas,Colin Allred,DAuZRaOoaw6,2024/10/5,I tried to decipher some Gen Z slang with our Young Texans for Allred co-chairs last week. How’d I do? 😂,neutral,0.23974517,0.7160676,0.04418729,31,positive,0.387096774,0.258064516,0.35483871,0.376082709,0.267742841,0.356174446," To close this out, we have a couple Gen Z terms we wanted to quiz you on.  Now...  All right, and our last one, W.  We're just going to rapid fire go through some of these.  So we're going to start with drip.  I feel like NFL players love to have great drip.  So yeah.  All right.  That makes sense that you know that one.  We're going to take it up a level here.  Riz.  I wonder who it could be.  Okay, next up we have serve.  Who currently would you say is serving in the U.S. Senate?  Are there any outfits?  A couple of these, we hope you know, but...  looks that inspire you.  All right.  Next up, we have it.  I have no idea what that means.  So Riz is like...  It's like your game.  You could have negative reads.  I mean, I think that's, even for me as an elder millennial, we still say that one.  Yeah, so we're going to go for the W on November 5th.  Yeah, I know that one.  That's close, yeah.  When I was in the NFL,  if somebody came in with a crazy outfit,  While they were practicing, we'd put their clothes on hangers,  and we'd put it where everybody could see it.  And then we'd have everybody take a pose with their crazy clothes.  So, yeah, we had some great trips.  But I was in the NFL, and I think I'm not that bad.  Oh, okay.  So you can have negative risks.  I think I know somebody who has negative ribs.  Oh, yeah. Yeah. That's like, you know, you're serving looks.  You know, I think that Warnock is always looking...  Warnock is a sharp dresser, man.  This suits her on point.  Oh, yeah, I know that one because my wife and I watch, well, she watches and I watch her watch a whole bunch of the reality shows and stuff.  If you get the ick, it's over with.",neutral,0.42428282,0.5541458,0.021571362,Energetic & Bright,Positive & engaging,Abortion,Emotive & Engaging,31.0,positive,0.3870967741935484,0.2580645161290322,0.3548387096774194,0.3760827088354838,0.2677428413225807,0.3561744456419354
Democratic,Pennsylvania,Bob Casey,DAwmlQGtwe3,2024/10/5,"Pennsylvania, Dave McCormick is an out-of-touch, out-of-state sleaze who would rubber stamp an anti-choice, pro-billionaire, batsh*t MAGA agenda in the Senate. 

Help us stop McCormick and re-elect Bob Casey 👉 votesaveamerica.com/senate
#VoteSaveAmerica #Election #Senator",negative,0.021789068,0.26230773,0.71590316,8,negative,0.125,0.25,0.625,0.164775471,0.236934363,0.598290154," Look, I know he's going to continue to brag about his record as a hedge fund CEO.  When they came forward,  to make allegations about sexual harassment.  He silenced women.  At the same time he was doing that, I was passing legislation with Pat Toomey to get tougher on predators who are targeting miners.  The decision was made.  To overturn Rho,  his reaction was that that decision made him, quote, very, very happy, unquote.  So that's where he's been on this issue.  So let's talk a little more about that.  He's also a hedge fund CEO who silenced women.",negative,0.025486115,0.36449805,0.61001587,Neutral & restrained,Angry & Confrontational,Immigration,Subtle & Neutral,7.0,negative,0.1428571428571428,0.1428571428571428,0.7142857142857143,0.1560971727142857,0.173515651,0.6703871650000001
Republican,Arizona,Kari Lake,DAweL6-tZIu,2024/10/5,Ruben Gallego: A Hot-Headed Troll That Defrauds & Harasses The Most Vulnerable Among Us,negative,0.005711562,0.08316718,0.9111213,117,negative,0.247863248,0.264957265,0.487179487,0.274130649,0.311804511,0.41406484," My opponent, before he got into politics, which was a brief little moment, decided to  open a bank for illegal immigrants.  And while he was there, turns out he built primarily Latino immigrants out of their life  savings.  He went on to work for an ambulance company that ended up being under federal investigation  for defrauding Medicare.  And he worked at the city hall.  He actually had many accusations of harassment, one by a 20-year-old female intern.  When she complained about the harassment at the hands of Ruben Gallego, he got her fired.  He went over to the legislature, and he was called the troll by his own colleagues  because of the way he treated women, belittling them, screaming at them.  He even had a sexual harassment charge against him.  This is his experience, by the way.",negative,0.026427468,0.370579,0.6029935,Neutral & restrained,Surprised & expressive,Economic,Assertive & Direct,117.0,negative,0.2478632478632478,0.2649572649572649,0.4871794871794871,0.2741306486538462,0.3118045114444445,0.4140648404324786
Democratic,Michigan,Elissa Slotkin,DAvXgsgg2ix,2024/10/5,"When it comes to investing in our infrastructure and bringing manufacturing jobs back to Michigan, one group says it. The other group does it. That's the message over the final 31 days and if we all have a couple of tough conversations, we're going to win this thing. Let's do this!",positive,0.7657125,0.2193835,0.014904023,9,positive,0.777777778,0.0,0.222222222,0.760100283,0.062781911,0.177117814," election will be won or lost in places like this, and we understand that.  Why do we come out on a Friday for this kind of rally?  It's because we love our country and we want it to be better.  We love our country.  We know that it can live up to the promise of our founders.  We know that it can be better than it is today.  We know that we don't want to live where Thanksgiving dinner is uncomfortable.  We won't always be here.  But right now, we have to stand up for our country.  We have to wear our patriotism on our sleeve.  We have to reject the pretenders who wrap themselves in the flag and then spit on the values that it represents.  And we do that by working.  We do that by talking to people, but here's what I'm asking you to do.  I'm deputizing you to have two slightly uncomfortable conversations.  Right? I'm asking you to talk to that family member, that friend, that neighbor, that colleague,  who maybe you just haven't talked about national politics for four or five years.  I'm deputizing you to say, hey, I know we don't usually talk about this,  but can we have this conversation on what you're thinking about voting?  I'm asking you to have that hard conversation, because if we're going to save this country,  it's going to be with the voters in this area who just aren't sure.  So thank you for caring about your community.  Thank you for caring about your country.  Wear your patriotism on your sleeve, and let's go get them in November.  Right? Every single one of us.  And raise your hand if Thanksgiving dinner has become a little uncomfortable  because, God forbid, politics comes up. Right?  What I'm telling you is we have a window with those folks right now to have this conversation.  And the conversation is about who is saying something and who is doing something.  We look at what people who they do, not what they say.  When it comes to investing in our infrastructure, one group says it, the other group doesn't.  When it comes to bringing our supply chains back home after what happened in COVID  with the masks and gloves and the chips and the pharmaceuticals,  one group says it, the other group doesn't.  When it comes to investing in Michigan manufacturing and saying  we want to build the next generation of vehicles in Michigan,  one group says it, the other group doesn't.  So it is our responsibility to do a couple of things.  And we do what our parents have always taught us.  You look at what people do when no one's watching,  not when they say when they want your vote.  It's our responsibility to be really clear with our neighbors, to be really clear with those friends who maybe we've had like an agreement we don't talk about national politics.  Raise your hand, by the way, if you have a relationship with your family or a colleague or a friend that's gotten uncomfortable because of politics over the years.  And at the end of the day...  At the end of the day.  Why are we all here?",neutral,0.19804114,0.56410825,0.23785053,Assertive & Clear,Surprised & expressive,Immigration,Assertive & Direct,9.0,positive,0.7777777777777778,0.0,0.2222222222222222,0.7601002833333333,0.0627819113333333,0.1771178136222222
Republican,Texas,Ted Cruz,DAuZVZTAYc8,2024/10/5,"My leftist opponent Colin Allred is following the Kamala Harris basement campaign strategy.

In the past eight weeks, he’s done 1 press conference while I’ve done 20.

Help me expose this coward’s extreme record by going to crazy-colin.com",negative,0.014039918,0.1660054,0.81995475,72,negative,0.319444444,0.25,0.430555556,0.337536486,0.294762011,0.367701493," Well, look, Colin Allred is running the exact same campaign Kamala Harris is.  They're both hiding in Joe Biden's basement.  Neither one of them does events.  They don't do media interviews.  They do almost no press conferences.  In the last eight weeks, Colin Allred has done one press conference.  In the same time period, I've done 20 press conferences.  Now, there's a reason.  Both Kamala Harris and Colin Allred are desperately running away from their record.  Let me give you an example.  Colin Allred over and over and over again has voted for open borders.  He says, if you think border security is important, Colin Allred says you are a racist.  He calls the border wall, quote, that racist border wall.  He has pledged to personally tear down, quote, that racist border wall.  Right now, he's running millions of dollars of TV ads with him standing in front of the thing he calls that racist border wall.  It's a design.  They want millions of dollars to pretend their record is different than what they are.  I'm proud of my record.  I've spent 12 years fighting to secure the border.  I worked hand in hand with Donald Trump, and we achieved the lowest rate of illegal immigration in 45 years.  Rob, we did it before.  We'll do it again.",negative,0.03425388,0.40152964,0.5642165,Neutral & restrained,Flat & Neutral,Economic,Subtle & Neutral,68.0,negative,0.3382352941176471,0.2058823529411764,0.4558823529411764,0.3441254817411764,0.2720500499264706,0.3838244583794117
Republican,Michigan,Mike Rogers,DAuVJ41vu4v,2024/10/5,Catch my latest appearance on Newsmax discussing the state of the 2024 Election Cycle!,neutral,0.10421889,0.8906594,0.005121699,3,negative,0.333333333,0.333333333,0.333333333,0.416841453,0.172688529,0.410470004," Yeah, we were black males. We were just watching some of that campaign footage of Obama again, campaigning for Slotkin and putting that ad out there.  That is the biggest heavyweight that you're going to get on the Democratic ticket.  I wanted to and you mentioned you guys are in a dead heat, you and your opponent, the congresswoman, Congresswoman Slotkin.  I wanted to move to that point of the congresswoman, Alyssa Slotkin, pointing out she sounded the alarm that Michigan is not locked up for the Democrats, for Kamala Harris.  As we look at some of your polling here, sir, this the alarm was sounded back in 2016 for Hillary Clinton.  There may have been an overstated polling there, as we've seen and how that played out.  Obviously, Trump ended up winning Biden winning in 2020.  But again, Representative.  Slotkin is saying putting the alarm bells out there, saying that it's not wrapped up.  You have these uncommitted voters out there.  This this referendum here in terms of Trump not may be solidified.  And this is this has a lot to do with the Middle East, the conflict in the Middle East and voters specifically in Dearborn, Michigan.  Can you talk to us about that and the frustration by some of those what you would refer to as uncommitted voters back in the primary?  Rogers in a heated Senate race right now with Democratic Congresswoman Alyssa Slotkin.  With us now is Michigan U.S. Senate candidate Mike Rogers, whom you just saw speaking there.  Good to see you, sir. Thanks so much for coming on the program.  Before we get into your race, can you talk about that rally there?  You talked about that you don't think America could withstand another four years of what we've seen thus far.  Can you talk about that, the response by the crowd?  It is a tight one there in Michigan, specifically with your race, sir, and then also the presidential race there.  We appreciate you joining us.  U.S. Senate candidate Mike Rogers, thank you very much.  do what we're getting ready to do.  Listen, we're a working state. You know, people like to call us a rust belt.  We call ourselves the work belt in the great country of the United States and the great state of Michigan.  We certainly do that.  We are going to make sure.  that every family in this state gets represented.  Yeah, all we have to do is continue what we've been talking about, which is issues that matter  to Michigan working families. I mean, we're in a hurt. I talked to a woman who worked part-time,  her husband works full-time, they have four kids, breaks down crying because she was walking her  through that the last two days of the month, she has to go to the food pantry in order to  get her groceries on the table to feed her kids. This is happening over and over and over again.  So when you take a state like ours and you make it more expensive to buy groceries,  more expensive to buy gasoline, more expensive on your electric bill,  the rent payments here are just outrageous. Like the rest of the country, but Michigan,  the rest of the place outside of Michigan catches a cold, we get pneumonia. We are really suffering.  EV mandates are just doubling down and pouring salt in the wounds. And it's interesting that  Kamala Harris is now saying, well, we were just kidding about EV mandates. My opponent is saying,  I really don't even like EV mandates. They voted on it time after time after time,  so you can see that their whole narrative is collapsing, they being the Democrats.  And we are winning on issues that matter to people. So our thing is, can we get to enough people  to convince them that we have the right plan, not rhetoric, but the right plan to get them back on track?  And that's why Trump has gone up a couple of points. That's why we're tied.  This looks really good for us. And they're starting to pull out all the stops. They even brought out  Barack Obama into the state. And that just tells you they're in trouble.  My  We're going to knock on doors.  Yeah, I just had another great meeting last night with Muslim Americans, Arab, in and around Dearborn, Michigan, Hamtramck, Michigan.  And guess what? They just told me out and out they're not voting for Kamala Harris.  And they prefer Trump. And these are not, again, these are not self-identified Republicans.  They just believe that none of this would have happened in the Middle East had Donald Trump been president.  And they also told me they're not voting for my opponent, no matter how many times she shows up and makes promises.  And so I haven't gotten their vote yet. I think that's why we're still tied.  But I think that this is a huge opportunity for Republicans to show these communities, hey, listen, we care about your kids' education.  We care about your business. We care about your future and your prosperity.  And there's a lot we can talk about. And that was the conclusion we walked away with last night.  I got some votes last night and some commitments last night was really important.  And I think that's what's important for us. So you can feel this momentum building.  And it's because people know that Washington is broken. It is absolutely broken.  And who's in charge? The Democrats are in charge.  And we need a change in Washington so that we can make our lives here in Michigan work.  You know, and listen to my family. They used to say, listen, you can't drink yourself sober.  You can't spend yourself rich and you can't regulate stupid.  And we in Michigan believe we got all three.  We've had three of those in the last four years.  Oh, absolutely. We have illegal immigrants have committed pretty atrocious crimes here.  Sexual assault of minor girls. We had a rape in Oakland County recently.  The death of Ruby Garcia in the west side of the state, all by illegals.  So it is absolutely reaching up into Michigan.  We had almost 3000 fentanyl deaths flowing across the southern border.  These gangs are getting more powerful. Human trafficking, sexual trafficking of women is through the roof.  And people understand it. And they know that's not our humanity.  It's not who we are as Americans and we shouldn't allow it to happen.  But the Democrats continue to this very day.  Now, they're up on TV saying, oh, no, no, I'm tough on the border.  I saw your piece on Pennsylvania where Casey says, no, no, no, I'm tough on the board.  We're going to find people who haven't voted and say their vote doesn't count,  and we're going to get them to the polls.  This is ridiculous. And they can keep saying it all they want. Americans aren't buying it.  They see the chaos in their community. They see the cost, the social cost to their community.  Matter of fact, they've spent $450 billion on room and board and debit cards and phones for illegals in the last four years.  That's enough for every Michigan state trooper and every Michigan teacher for 15 years.  The crowd was electric, and I've never seen such excitement.  And by the way, they weren't all just standard Republicans coming in.  When we talked through the crowd, a lot of people were, you know, used to be a Democrat,  or I still am a Democrat, but I can't vote for the Democrats this time.  And why?  Just think in the last four years, we're now importing more food than we export.  We have the fact that we build more foreign cars in America than domestic cars.  The interest payment on our national debt is going to be bigger than Department of Defense.  And by the way, we just surpassed a trillion dollars in credit card debt,  which means people in Michigan are buying groceries at 23 percent interest.  Americans, Michiganders know it.  And so listen, all our goal is here is to say we're going to fix your problems.  You want somebody that cares about you and your family?  You've got to vote Republican this year.  You've got to vote Mike Rogers.  You've got to vote for Donald Trump.  I mean, people are at wit's end.  That's why you see all of these polls tightening in these battleground states.  I just wanted to point out, too, and I'm sure our viewers couldn't miss the bright green neon shirts,  the Teamsters for Trump, who were sitting right behind you.  So to your point, sir, you know, you've got a variety of people who wanted to hear from yourself  and, of course, the former president.  Let's talk about some polling in the state of Michigan.  It's a very close race, as we've discussed in really all those swing states.  But in your state, Trump ahead of Harris.  This is for likely voters, according to a Trafalgar Group poll.  And as we know, it can switch back and forth between polling.  But here, a lead in Michigan.  And we can even dive into your race.  It's even closer when you look at some recent polling here.  Forty-seven percent to 47 percent in your race, sir, against Alyssa Slotkin.  So what does this tell you about maybe voting trends that you're looking at  or potential voters that you're hoping to connect with prior to Election Day?  Senate candidate Mike Rogers addressing the crowd in Saginaw, Michigan yesterday.  This was prior to former President Donald Trump coming out on stage.  Very interesting.  You point out a lot of things on people's minds, maybe this election cycle that you weren't thinking about in 2020 or even 2016.  A lot of it has to do with the immigration crisis that we are seeing.  And I know we constantly discuss the border crisis on this program,  but even our own Jason Jones was pointing out this new report about the lack of identification  for some of these migrants coming across the border and how that's coming back to bite DHS.  Is the immigration issue that we see at our southern border perhaps impacting what we see in this northern state of Michigan?",neutral,0.17845064,0.7514328,0.07011659,Flat & analytical,Surprised & expressive,Immigration,Subtle & Neutral,3.0,negative,0.3333333333333333,0.3333333333333333,0.3333333333333333,0.4168414526666666,0.1726885293333333,0.4104700041
Republican,Pennsylvania,Dave McCormick,DAuBtQ1O-a7,2024/10/4,"Post-debate calls for Diet Coke(s)! 

We’re on number six today… 32 days!",neutral,0.44222146,0.5421818,0.015596722,5,positive,0.8,0.0,0.2,0.738264395,0.071563363,0.190172237, I'm doing the post-debate tour.  across our great commonwealth just got into philadelphia and uh,neutral,0.24221991,0.7531962,0.004583845,Emotional & reactive,Angry & Confrontational,Others,Subtle & Neutral,5.0,positive,0.8,0.0,0.2,0.7382643946,0.0715633632999999,0.1901722367
Republican,Pennsylvania,Dave McCormick,DAr0QHhtidm,2024/10/4,"Let’s face it, @bobcaseyjr — you are a liberal!",negative,0.020461643,0.26749346,0.7120449,10,positive,0.9,0.0,0.1,0.816648866,0.079472595,0.103878547," So let's face it, Bob, you are a liberal.  uh... and this is not the bob keating you elected for office thirty years ago",negative,0.015262121,0.19489399,0.78984386,Neutral & restrained,Surprised & expressive,Abortion,Assertive & Direct,10.0,positive,0.9,0.0,0.1,0.8166488663699999,0.0794725945,0.10387854678
Republican,Pennsylvania,Dave McCormick,DAryxYyNs-5,2024/10/4,"I’m a seventh-generation Pennsylvanian, West Point grad, combat veteran, businessman, and political outsider who’s running to make sure the America I love is available for my children and yours.

Bob Casey isn’t just part of the problem — he is the problem.

He’s a weak, liberal career politician who went to Washington to change it, but Washington changed him.

This is not the Bob Casey Pennsylvania elected 30 years ago. 

Our commonwealth deserves change and I’d be honored to serve our commonwealth as PA’s next Senator.",positive,0.5220743,0.384474,0.09345171,7,negative,0.285714286,0.285714286,0.428571429,0.343574869,0.259257331,0.397167775," This is the most important election of our lifetime.  Our country is in trouble.  Our commonwealth is in trouble.  We have wide open borders.  We have a weak economy.  America is going in the wrong direction.  Skyrocketing prices that are putting enormous pressure on most families.  I'm a seven-generation Pennsylvanian.  I'm a political outsider.  I'm a businessman.  I'm a West Point graduate.  I'm a combat vet from Iraq.  I'm running because I want to make sure the America I love is available for my six daughters, for all of our children.  Bob Casey is not just part of the problem.  Bob Casey is the problem.  Bob Casey is a weak leader.  Bob Casey is a career politician.  Bob Casey went to the Senate to change Washington.  Washington changed Bob Casey.  Bob's voted for wide open borders.  He voted for sanctuary cities.  He's voted against funding for the Border Patrol.  He's voted for federal benefits for illegal immigrants.  He's voted for all these wild spending bills under Biden and Harris, which have led to an increase in prices for working families.  He's been soft on crime.  He's been soft on China.  He's voted for tax hikes on middle-class workers in Pennsylvania.  He's voted for tax cuts for millionaires in California and in New York.  Bob Casey's actually voted for biological males to be able to compete in women's sports.  So let's face it, Bob.  You are a liberal.  And this is not the Bob Casey you elected for office 30 years ago.  We need common sense leadership that's going to secure the border, get our economy back on track, and keep America safe.  Our Commonwealth deserves change.  And if we change, I'd be honored to get your vote.  And I'd be honored to serve as your senator.  Thank you.  Timers up.  Thank you.  Thank you.  Thank you.  Thank you. Time is up, Mr. Kasem.",negative,0.03476656,0.21044336,0.75479,Flat & analytical,Surprised & expressive,Abortion,Assertive & Direct,6.0,negative,0.3333333333333333,0.1666666666666666,0.5,0.3632500867166666,0.1889893275,0.447760558
Republican,Pennsylvania,Dave McCormick,DArxp0NNw2P,2024/10/4,"Bob Casey has been in the Senate for 18 years and has no record to run on — that’s why he’s lying.

Visit caseylies.com to see the facts for yourself.",negative,0.012611009,0.21567398,0.771715,10,positive,0.7,0.1,0.2,0.670961188,0.122577544,0.206461277," You're going to hear throughout this, you've heard throughout this campaign, when you don't have a record to run on, as Senator Casey does not, you attack your opponent.  His voice is primarily attacking me.  For your viewers tonight, I have a website that's been established today.  It's been launched, CaseyLies.com.  You can go and see the actual facts by third-party sources of all the things he's saying.  There will be lies throughout, but you should ask yourself, why is a senator with an 18-year track record who should be able to run on his record, running his entire campaign with a negative set of attacks on me, most of them lies?  Thank you.  Thank you.",negative,0.028303174,0.3267037,0.64499307,Neutral & restrained,Surprised & expressive,Abortion,Assertive & Direct,10.0,positive,0.7,0.1,0.2,0.6709611876,0.122577544,0.2064612766899999
Democratic,Pennsylvania,Bob Casey,DAtRIXQpi2w,2024/10/4,"What Pennsylvanian would I have dinner with? 🤔

With so many great options it was hard to pick just three, so I squeezed in an honorable mention.",positive,0.7837072,0.20010269,0.016190127,14,positive,0.428571429,0.214285714,0.357142857,0.351380054,0.290164812,0.358455135," Does Ben Franklin count?  The first United States Senator.  from anywhere in the United States.  And then of course, Roberto Clemente, known as the Great One in Pittsburgh,  had a chance to meet him in 1970,  the year before he led the Pirates to the great 1971 World Series win.  Benjamin Franklin, because he's the ultimate renaissance man, and seemed like a really funny guy to talk to.  William McClay, the first United States Senator from Pennsylvania, and...  Albert Gallatin  He was elected to the U.S. Senate.  by the legislature to represent Pennsylvania.  but never seated.",positive,0.6072271,0.38829163,0.004481286,Flat & analytical,Concerned & Empathic,Immigration,Flat & Restrained,14.0,positive,0.4285714285714285,0.2142857142857142,0.3571428571428571,0.3513800544285714,0.2901648115714286,0.3584551348571428
Democratic,Pennsylvania,Bob Casey,DArswdLtT3E,2024/10/4,"I’m fighting to restore Roe v. Wade. 

My opponent said overturning Roe made him “very, very, happy.""",positive,0.7728642,0.2077442,0.019391643,10,neutral,0.4,0.6,0.0,0.484945853,0.450829768,0.064224378," I made a decision to support the Women's Health Protection Act.  I don't support Republican efforts to ban abortion across the country.  But just remember what Mr. McCormick just said.  He talked about his position on abortion, but it's different than it was just two years ago when you asked that question.  Your question was very specific.  What exceptions do you support?  And he said, life of the mother.  not an exception for rape, not an exception for incest.  His words now are a big change.  But when the decision was made to overturn Roe,  His reaction was that that decision made him, quote, very, very happy, unquote.  So that's where he's been on this issue.  And when you talk about bans in other states, a woman in Florida hemorrhaging before she had to go on a ventilator before her life was saved.  I don't think we want to see that in Pennsylvania.",neutral,0.088904776,0.76049125,0.15060395,Flat & analytical,Flat & Neutral,Economic,Subtle & Neutral,9.0,neutral,0.4444444444444444,0.5555555555555556,0.0,0.5137705522222222,0.425270259,0.0609591890555555
Republican,Arizona,Kari Lake,DAsQTXRKSbJ,2024/10/4,"I understand why Gallego doesn't want to debate me. His record is indefensible

We're watching the awful consequences of his actions play out in Tennessee & North Carolina, where Americans are DYING because Ruben diverted $1 billion of FEMA funding to take care of illegal immigrants",negative,0.005938815,0.09742173,0.89663947,73,negative,0.356164384,0.191780822,0.452054795,0.336909803,0.25682104,0.406269149," Wow. And I see him palling around with waltz there.  amazing candidate  During our gubernatorial run.  A lot of folks still frustrated by the results.  Very frustrated.  But she's back running for the U.S. Senate against Ruben Gallego.  Ruben, I heard something today.  They were supposed to be a debate.  Carrie Lake versus Ruben Gallego, the Democrat.  Carrie was all set to go.  But Ruben stayed home, hid under his bed.  I've seen Carrie Lake debate before.  In a way, I don't blame him.  He would have gotten beat so bad.  Carrie Lake, a Republican candidate for the United States Senate in Arizona.  Welcome back.  How are you?  And how's Ruben holding up under all the pressure?  That would psych anybody out.  Well, especially when you're Rubin and you have a disgusting, horrible voting record that's, you know, America last, open borders, pro-sanctuary city, anti-cop.  You know, men participating in women's sports, of course you don't want to have to defend that because there is no defense.  of trying to destroy our country.  And especially, Greg, this $1 billion that he was gung-ho for FEMA to spend on setting up illegals to get their roots settled in this country over the past couple of years.  And now we're finding out because they spent all of their money setting up illegals that Rubin let in.  They don't have enough money for the...  Americans who are suffering under the flooding.  that was caused by this hurricane that came through in Tennessee and North Carolina.  I am devastated to see the images out of those two states.  And this lunatic that you're seeing over here, this guy right here with the beard.  who's laughing, is truly laughing at the American people because he doesn't care about us and is proven in his voting record.",positive,0.49976116,0.3411129,0.15912594,Neutral & restrained,Concerned & Empathic,Immigration,Assertive & Direct,72.0,negative,0.3611111111111111,0.1805555555555555,0.4583333333333333,0.3384568342958333,0.2509315361180555,0.4106116218430555
Republican,Pennsylvania,Dave McCormick,DArd-VkuI5T,2024/10/3,LET’S GO WIN!,positive,0.95990884,0.036776543,0.003314633,0,,,,,,,," and I've been blessed.  by the American dream, and I'm running because I'm worried that's not going to be available  for our kids. That is why this election is so important. And that's why at this moment,  leadership makes all the difference. This election is about passing on a country  to the next generation that's as good as the one that was given to us. And I want to tell you,  as a former wrestler, I wasn't the best wrestler, but I always knew that if I could get into the  third period within a point or two, I was going to win. And the reason I was going to win is the  reason we're going to win. Because in the third period, it's not about wrestling. It's about  mental toughness. It's about perseverance. It's about resilience. It's about fighting  every minute, every day, every hour. We're counting on you. Let's go win.",positive,0.8584918,0.1125152,0.028993018,Energetic & Bright,Positive & engaging,Economic,Emotive & Engaging,,,,,,,,
Democratic,Ohio,Sherrod Brown,DArdBJZyzmB,2024/10/3,"Connie & I are proud to drive Jeeps made by @uaw.union workers here in Toledo. China will stop at nothing to undercut these jobs, even routing their cars through Mexico to avoid US tariffs.
 
The Administration must take action to get tough on China & stand up for American workers.",neutral,0.3942344,0.48339963,0.122365944,5,negative,0.4,0.2,0.4,0.35427135,0.312417984,0.333310636," Local 14 today, the UAW in Toledo.  Our job is to make sure ahead of time we enforce trade laws so that China doesn't backdoor.  Republican senator from Indiana in Florida and a Democratic senator from Pennsylvania to do this right.  its vehicles from Mexico into the United States.  We need to stop it before it starts,  and I work on a bipartisan initiative with the",neutral,0.0768493,0.8035458,0.11960486,Flat & analytical,Surprised & expressive,Economic,Subtle & Neutral,5.0,negative,0.4,0.2,0.4,0.3542713504,0.3124179836,0.3333106359
Republican,Ohio,Bernie Moreno,DAoE5HxOmH2,2024/10/2,Never been more proud of my friend JD. Americans saw last night what we’ve known in Ohio for a while - he’s got President Trump’s back and is an incredible leader for our America First values.,positive,0.97730744,0.018275673,0.004416859,36,positive,0.694444444,0.222222222,0.083333333,0.678343195,0.215190986,0.106465812," Thank you, Madam Chair. My name is Bernie Marino. I'm honored to be the Republican nominee for the U.S. Senate from the great state of Ohio.  I know firsthand.  that my dear friend J.D. is a selfless and brilliant fighter.  He is a patriot who loves America.  He loves Ohio.  He loves his family.  He's a great father.  He's a great man.  And that's what we need in this nation today.  To J.D. Vance, America First is not just a slogan.  It's his North Star.  He has followed it every moment of his life and career.  He knows what it's like to live in poverty, forgotten by Washington politicians.  He is dedicated to ensure that no American is ever forgotten again.  It is a great...  to move that J.D. Vance be nominated by acclamation  by this Republican National Convention  as its candidate for the office of Vice President  of the United States of America.",positive,0.9700981,0.026510019,0.003391845,Energetic & Bright,Angry & Confrontational,Campaign Endorsements,Emotive & Engaging,35.0,positive,0.7142857142857143,0.2,0.0857142857142857,0.6912808986142858,0.2018860046714285,0.1068330904028571
Republican,Texas,Ted Cruz,DAm6I3sgEQO,2024/10/2,"Donald Trump was the clear winner of tonight’s debate.

JD Vance did a fantastic job comparing and contrasting Donald Trump and Kamala Harris’s records.

Under Trump, we had peace and prosperity. Under Kamala, we’ve had wars breaking out across the world and record inflation.",positive,0.8778171,0.10595138,0.01623151,52,positive,0.442307692,0.230769231,0.326923077,0.455516584,0.255466177,0.289017237," with more reaction to tonight's debate.  Senator Ted Cruz is with us himself, a champion debater.  Senator, let's get your take.  You just heard from Senator Vance.  I didn't think this debate was close.  I thought tone, pitch, cadence, intelligence, demeanor, knowledge was so superior to Tim  Walz.  And I think Senator Vance made a good point.  Tim Walz had a tougher record to defend.  Well, Sean, tonight was a very good night.  J.D. did an excellent job tonight.  And I got to say, the winner of the debate tonight was Donald Trump.  The loser of the debate tonight was Kamala Harris.  You know, Kamala Harris is desperately trying to hide in Joe Biden's basement.  She's trying to hide from her record.  The best moments in the debate were when it focused on economics,  when it focused on the economic disaster of Kamala Harris's record,  how working men and women are paying more at the grocery store, at the pump,  paying more every day, and also when it focused critically on the fact that she is the incumbent.  You and I have talked about before how Kamala Harris's entire strategy is to pretend she's in an alternate reality  where she's the change candidate and Donald J. Trump is the incumbent president.  And I think tonight, I think J.D. did a very good job of contrasting Donald Trump's record to Kamala Harris's record.  And if we compare their records, whether it is on the border,  under Donald Trump's record,  the border was secure under Kamala Harris.  It's the worst it's ever been on history.  Whether it's the economy, under Donald Trump we had booming prosperity.  Under Kamala Harris, we have American people struggling and hurting.  Or whether it was foreign policy, under Donald Trump we had peace.  And in fact, we saw peace breaking out in the Middle East.  Under Kamala Harris, we see war across the globe.  I think that contrast came out very clearly tonight, and Kamala Harris was the loser.",neutral,0.48190716,0.48759264,0.03050017,Neutral & restrained,Flat & Neutral,Campaign Endorsements,Subtle & Neutral,52.0,positive,0.4423076923076923,0.2307692307692307,0.3269230769230769,0.4555165844307692,0.2554661772115384,0.2890172367884615
Republican,Texas,Ted Cruz,DAm3hHwAgld,2024/10/2,"Chuck Schumer and George Soros are sending millions of dollars to try and flip Texas blue.

I need patriots across the country to go to tedcruz.org to help me push back and hold the line in Texas.",negative,0.04783337,0.36849597,0.5836707,93,negative,0.301075269,0.193548387,0.505376344,0.308129452,0.259582834,0.432287713," You know, my debate's October 15th, and I'm running against a hard left Democrat, call it all red, just like Kamala Harris.  Both of them are hiding in Biden's basement.  Both of them are trying to run away from the radical left wing record.  And both of them are relying on hundreds of millions of dollars.  As you know, Sean, Chuck Schumer is flooding millions of dollars into the state of Texas.  George Soros is flooding millions of dollars.  We're being massively outspent.  And so I'm so grateful for everyone watching who goes to TedCruz.org.  TedCruz.org makes a contribution of $25, $50, $100.  We are being massively outspent.  I'll tell you, we've had now two polls in the last two weeks that show this as a one-point race.  And, in fact, we've had two polls that show the Democrat winning because Chuck Schumer is spending so much money.  It's why I need so many of your viewers to go to TedCruz.org right now.  And support us because, just like Kamala Harris is trying to do to Donald Trump,  Colin Allred is trying to do the same thing to Texas and flip Texas blue.  And Chuck Schumer and George Soros are paying him.  Senator Cruz, we're going to be following your race very closely.  As always, thank you for being with us.",neutral,0.15453586,0.52496564,0.32049844,Energetic & Bright,Flat & Neutral,Others,Subtle & Neutral,91.0,negative,0.3076923076923077,0.1758241758241758,0.5164835164835165,0.3099449658010989,0.250323878,0.4397311550802197
Republican,Arizona,Kari Lake,DAmio6TtGXA,2024/10/2,"Kari Lake, the Republican US Senate candidate in Arizona, recently held her second Native roundtable with Indigenous women who live everyday lives outside of political circles.

The conversation covered critical topics like giving children a platform to succeed, the challenges of inflation and higher gas prices under the Biden-Harris administration, and the impact of the open border, supported by Democrats like Ruben Gallego.

It emphasized community-driven efforts, Indigenous ways of knowing, motherhood, parenting, the readiness of Native youth to lead, and pushing back against woke culture in classrooms. @karilake expressed her unwavering commitment to supporting Native Americans, both in urban and rural areas, across all tribal nations in Arizona.

WATCH HERE: https://www.youtube.com/@karilake

#KariLake #NativeRoundtable #IndigenousVoices #ArizonaTribes #BidenHarrisInflation #OpenBorderImpact #TribalConcerns #SupportNativeNations #NativeVote #NativesVote #SkoVoteDen #NativeAmericanIssues #nativeconservative #nativerepublicans #navajosfortrump #nativesfortrump",neutral,0.19828112,0.79440856,0.007310384,12,neutral,0.333333333,0.5,0.166666667,0.312361174,0.478788315,0.208850508," store and everything is  doubled in price. And I remember  four years ago.  things were definitely a lot better.  I had money in my pocket.  in order for these solutions to come.  to actually happen for us, we need to become a praying people.  And we need to put.  in the U.S. Senate, I want to represent all Arizonans and I want to be a good partner.  When you trigger the moms and you start messing with our kids, that's when the mama bear comes out.  with all of our tribal nations.  Patriotism is like showing your respect and love and honor and...  That's needed prophecy.",positive,0.851572,0.12509848,0.023329522,Flat & analytical,Flat & Neutral,Economic,Subtle & Neutral,11.0,neutral,0.3636363636363636,0.4545454545454545,0.1818181818181818,0.3202555024545454,0.4604176754545454,0.2193268200909091
Republican,Texas,Ted Cruz,DAmGqIJynBz,2024/10/1,"Kamala Harris claims to be tough on the border, but the facts tell a very different story.

On Verdict, @benfergusonpodcast and I expose how under the Biden-Harris administration, over 400,000 criminal illegal aliens—including rapists and murderers—are out walking the streets.",negative,0.019737676,0.41216925,0.56809306,14,negative,0.214285714,0.214285714,0.571428571,0.238991994,0.244757353,0.51625065," The director of immigration and customs enforcement confirms that more than 13,000 illegal immigrants convicted of murder have been caught at the border.  and then released into the United States.  letter here tells the tale. Hello, I'm John Roberts in Washington. You believe this, Sandra?  which means they are here. And this is just an unbelievable development.  I'm Sandra Smith in New York. Good to be with you, John. This is America Reports. Let's get  right to Bill Malugin. He's got this news for us. He's live out of Douglas, Arizona right now,  where Vice President Kamala Harris is set to visit later this afternoon.  Bill, the details of this news, what do you have?  Over 13,000 non-citizens have convictions for homicide and are on the non-detained docket,  meaning they're roaming the country right now.  On top of that, there are another 15,811 non-citizens convicted of sexual assault  who are roaming the country right now on ICE's non-detained docket.  It doesn't stop there. Those are convictions.  The ICE director also says there are currently just under 1,900 non-citizens on the non-detained docket  who have pending homicide charges who are roaming the country,  and another 4,250 non-citizens who have pending sexual assault charges  who are roaming the country on the non-detained docket.  So people's eyes might be glazing over right now with all the numbers we just threw at you.  Just to put it in a nutshell right here,  what we've learned from the acting ICE director via this letter to Congressman Tony Gonzalez  is right now there are over 13,000 illegal aliens convicted of homicide  who are roaming the United States right now.  There are another 15,811 illegal aliens roaming the country right now  who have been convicted of sexual assault,  and there are even more who are facing charges for homicide and charges for sexual assault.  So this just goes to show, guys,  the non-detained docket has exploded under the Biden administration  to over, I believe it's 7.3 million.  They're anticipating it could hit 8 million by the end of the years.  But looking at the numbers on this letter right here,  there are currently over 600,000 non-citizens on ICE's non-detained docket  who are either convicted, excuse me,  600,000 non-citizens on this non-detained docket who are roaming the country right now.  Of that, 425,000 have already been convicted,  and 425,000 have been convicted of crimes.  222,000 are pending crimes.  And again, the most serious crimes we just told you about.  Yeah, and Sandra, bear with me.  We just got these numbers moments ago, but it's a jaw-dropper, to say the least.  So to set the stage here, let me just explain what these numbers mean.  ICE has something called a non-detained docket.  Essentially what that is is it means migrants who were encountered by DHS but are no longer in federal custody.  So who's on this non-detained docket?  It's illegal immigrants who were caught and released at the border, released with a court date years away.  They're in immigration proceedings, combined with illegal immigrants who have already been ordered,  deported from the country by a judge, but are still here roaming the country.  So keep that in mind, this non-detained docket.  According to a letter that the acting director of ICE just sent to Texas Congressman Tony Gonzalez,  on ICE's non-detained docket, they're currently tracking 425,000 non-citizens who have been convicted  of non-detained docket.  Of a crime. Of that number.  I thought they would be.  Let's be clear.  Because I think this is such an important point that needs to be made.  They knew.  Because these people had been caught.  These are not gotaways.  This is entirely known.  They knew who they were.  They knew they had a criminal past.  They knew they had been convicted of these heinous crimes.  And they said, go ahead into America.  We don't know where you're going to end up.  We don't know where you are.  But just walk on in.  After we caught you, we know you're a rapist.  We know you're a murderer.  And more numbers came out.  This is another shocking.  There was 2,521 individuals they released that had been convicted of kidnapping.  So you have known kidnappers that they said, we know you've kidnapped people for ransom or whatever.  We're going to let you go too.  We know that you've had sexually assaulted children.  We're going to let you go too.  These aren't including burglary convictions.  These aren't homicide charges.  There's also others with assault charges, almost 50,000 with assault charges, 1,800  for homicide charges.  Those are the ones that missed their court dates in another country.  Every circumstance.  of ICE, sent a letter to a congressman, Tony Gonzalez, Texas congressman, who'd asked him,  and said, let me just give you the number of criminal illegal aliens that are currently  taken back by these numbers? It is jaw dropping. Now, I don't think it's accidental that Kamala  Harris, the presidential candidate who's called for abolishing ICE, now has the head of ICE saying,  oh, by the way, these are the criminals you're letting go. I think that was very deliberate.  But but look, I want you to give a listen. Fox News reported on this. And for those of  y'all watching the video on YouTube or Rumble.  You need to understand that under Joe Biden and under Kamala Harris, they are apprehending illegal immigrants.  They have illegal immigrants in their custody.  These are illegal immigrants that they look at and say, oh, this person's a murderer.  They've been convicted of murder already.  What should I do with them?  Oh, I know. Let's let him go.  That's literally their thought process.  And this is not one or two.  The numbers are staggering.  You're talking about over a half million criminals.  who are illegal aliens.  who Joe Biden and Kamala Harris are responsible for them being released.  Now, some of them were released from custody prior to the Biden administration.  This is the entire non-detained docket.  So not all of them were released in the last four years.  But these are the people that they know of.  who are also illegal aliens, who are also released.  And they fall into two categories.  And let's break down the numbers a little bit more.  So you've got 425,431 who are convicted criminals, who they're illegal aliens, and they already have at least one criminal conviction.  Many of them have multiple criminal convictions, but they all have at least one.  That's almost a half million that are convicted criminals.  On top of that.  I want you to see the shock.  You've got another 222,141 that have pending criminal cases against them right now.  So they're under indictment today.  So they're not convicted yet.  And there is some overlap, by the way.  That 425,000, that 222,000, they're some of the people that have pending charges who are  also convicted criminals.  So it's not exactly that you add those two numbers up.  But anyway, you look at it, you're looking at well over a half million people.  And the numbers are just staggering.  So let's take...  of the Fox host.  They were anchors, yeah.  Just the degree of these numbers,  how many murderers are threatening your family right now?  Give a listen, take a watch.  13,099.  illegal immigrants  convicted of murder.  have been released, are wandering around. Let me ask you something, Ben, why isn't that number zero?  It should be.  Like every circumstance you apprehend an illegal immigrant.  Oh, you're a murderer.  Guess what?  Get your ass out of this country.  You're not coming into the United States.  Like, why is that not a real simple decision?  Jeffrey Dahmer wants to come in.  Good idea.  Yes.  No.  How about no?  Yeah.  Like, that number should be zero.  By the way, they're an additional.  1,845 illegal immigrants who have pending homicide charges against them.  Why is any one of them released?  Every one of those 1,845 could be apprehended right now.  If they're illegal immigrants, they can be detained.  You know why they're not being detained?  Because Joe Biden and Kamala Harris don't want to detain him.  Let me tell you, if Donald Trump gets elected.  Every one of these half million, they should go and arrest them and either put them in jail or deport them, one or the other.  These murderers are released.  because Joe Biden and Kamala Harris want them released.  And you look at some of the others.  All right, drug convictions.  56,533 have drug convictions.  So drug dealer in your school?  Well, guess what?  Kamala Harris released that drug dealer, so you can be happy that your kids now have a drug dealer,  has one drug conviction or more already, but Kamala Harris sent them to your school.  How about kidnapping? 2,521 who've been convicted of kidnapping have been released.  How about sex assault convictions?  15,811 have been convicted of sexual assault.  walking around America, and the numbers are staggering.",neutral,0.1099753,0.74727374,0.14275089,Energetic & Bright,Flat & Neutral,Campaign Endorsements,Subtle & Neutral,13.0,negative,0.2307692307692307,0.1538461538461538,0.6153846153846154,0.2400280277461538,0.2112105837692307,0.5487613859538462
Republican,Arizona,Kari Lake,DAlxK0VM5tn,2024/10/1,"The cheapest and most effective way to secure our border is to fully fund and finish the southern border wall.

It can be done, and it will be done starting in January 2025.

President Trump and Senator Kari Lake will make sure of it.

karilake.com/donate",positive,0.7422955,0.2396498,0.018054664,8,negative,0.25,0.375,0.375,0.287568913,0.3049559,0.407475174," If there's a, you know, Trump gets reelected, you know, border wall construction continues,  what have you heard from...  agents, people on the ground in terms of  during the governor's race, kind of along that section in like Hereford, Arizona, where  This was in like October 22. I went to that same area in the spring, this past spring, same situation, materials left over off to the side. Now,  What happens with that leftover material?  How do they move forward in terms of the actual kind of logistics from your view of...  being able to kind of bounce back from that kind of delay and just the materials left over  Cochise County?  Yeah, Cochise.  Okay.  Well, from what I've heard, but unfortunately, the buffoons behind me have sold it off.  Even though we paid for it with our hard-earned tax money, they sold it off for pennies on the dollar.  So I'm assuming that is included because I read that they sold all of it.  So they sold it to somebody.  But, you know, my plan as governor, and you probably know this, was the most bold, aggressive plan to have the state secure their own border.  We're under an evasion right now in Article I, Section 10, Clause 3 allows for the states to secure their own border.  We plan to start building and constructing a wall without Joe Biden, and the borders are Kamala Harris' help.  So that's something we could do.  The Constitution would approve of that and would allow that, and we should be securing our own border for the next few months until we can get President Trump in the White House and a majority in the Senate and actually help truly secure our border by building the wall.  So we're going to build.  We're going to make sure we have the money for it.  The cheapest way to secure our border is to build that wall, and it can be done, and it will be done starting in January 2025.  Thank you guys so much for being here.  Sorry I made you wait in the heat, and thank you for covering this story.  I appreciate it.",neutral,0.054209277,0.8056173,0.14017348,Assertive & Clear,Surprised & expressive,Others,Assertive & Direct,8.0,negative,0.25,0.375,0.375,0.28756891325,0.30495589975,0.40747517425
Republican,Arizona,Kari Lake,DAkHrGnJT3v,2024/10/1,"At a time when jobs are scarce & Americans are out of work, We shouldn't be bringing people in illegally & giving them jobs. 

Under this administration, every job loss has been for American-born citizens. And every job gain has gone to foreign-born citizens. 

Harris & Gallego are America Last.

We need to vote them out for the sake of our children & our future.",negative,0.009469286,0.15389785,0.83663285,19,positive,0.473684211,0.157894737,0.368421053,0.441304497,0.22034552,0.338349964," I sat there.  And we're not allowing people in illegally.  and we have to rework the asylum laws.  You know, just because you've got crime in your country  doesn't mean you get to come into our country.  And then we can work on...  on our immigration law, which I do think we need to revise.  And it should be based on...  our economy at times when we have  so many jobs we can't fill them, then we look to bringing more people who are qualified in  who are going to help us and not be a drain on our social services.  At times when jobs are scarce and Americans are out of work, no,  we don't bring people in and give them Americans jobs.  Under these two buffoons, we have watched as every job loss under these two buffoons has been  at the hands, has been a job loss for American born citizens.  And it was an attack of President Trump who.  And under these two buffoons, every job gained has gone to foreign-born citizens.  They are America last.  They are 100% America last, and we need to vote these people out for the sake of our children and our future,  and for the sake of all of you young people in the media.  because they don't like you. They're using you right now to tell their story.  And the minute they get in office, they could care less about you guys.  I know from living in a border state did more than anybody.  Listening to her.  that I can ever remember in my entire time here since 1994 to secure our border.  It just, I've never heard someone doing a CYA like that.  I think you all know what that means, cover your ass.  That's what she did.  And it was just absurd.  That legislation is not good legislation.  It was really, as I've said before, they called it a border bill,  but it was really a how can we get more money to our friend Zelensky bill.  And it was, I think, $115 billion to send overseas to kill people.  And when they finally separated it out, I remember Ruben Gallego voting for $60 billion more to Ukraine.  And then after that vote passed, waving around the Ukrainian flag on the floor of Congress.  realizing not only is she a master in word salad, she's a master chef in word salad.  What world are we living in?  Why would you ever wave the flag of another country around on the floor?  Congress.  He voted for that.  This bill is not a good bill.  It codifies into law, allowing 5 million people here illegally.  We can't handle 5 million people coming in illegally.  They want to make them permanent citizens, permanent voters for the disastrous plans of the Democrats.  And so absolutely not.  We need to start over with a decent piece of legislation that includes fully funding the border wall.  Any piece of legislation that doesn't fund the border wall is a non-starter.  We must have a border wall.  But obviously her consultants wrote on her prompter what she was supposed to say on her teleprompter.",negative,0.039120246,0.46637347,0.4945063,Assertive & Clear,Surprised & expressive,Immigration,Assertive & Direct,19.0,positive,0.4736842105263157,0.1578947368421052,0.3684210526315789,0.441304497,0.2203455202631579,0.3383499635368421
Republican,Arizona,Kari Lake,DAkFH3XNAPd,2024/10/1,"A way to bring down the cost of housing is rate buy-downs. Once you make the deal on your house, we want to make sure that money goes to help you pay less each month & throughout the process.

That will give you more money in your pocket. 

In addition to that, we're going to keep President Trump's tax cuts and expand them.

These are just two ways of making life more affordable.",neutral,0.4514304,0.5183733,0.03019626,12,positive,0.416666667,0.25,0.333333333,0.373848843,0.286191282,0.339959869," We need to wrap.  $2,700 more for the average family.  How many of you can right now afford $2,700 more a year  on top of everything we're dealing with?  This is a nightmare scenario if these guys get elected again.  If you want to talk about homes, how we're going to help young people who want to get into a home.  If you work to save a little bit for down payment, a lot of times you'll hear, oh, we're going to do down payment assistance.  One more or no?  Anybody?  Okay, sir.  That doesn't really help if you think about it.  Because if everyone gets down payment assistance like Kamala Harris wants to get,  if he gives everybody here $25,000 for down payment assistance, like I said,  everybody selling a house just says, well.  Everyone's got $25,000 more.  Let's raise the price $25,000.  So I think a better plan, and I think economists looking at this think a better plan,  is working on rate buy-downs because this is the real culprit right here.  This is what makes your monthly...  payment harder to pay for. And when your monthly payment is $2,600, you can't buy as much house.  So we want to work, once you make the deal with the house that you want to buy...  to take that money instead of giving it for a down payment.  to help pay down the mortgage rate.  And that'll actually...  end up helping you to pay less each month and over the course of the loan to pay a lot less.  And that will give you more money in your pocket.  But again, we're hoping to get this election for President Trump to get elected.  We're hoping to get our economy turned around.  Well, we do that.  We cut back and we keep President Trump's tax cuts,  which Ruben Gallego wants to raise.  That's going to put more money in your pocket.  And we're going to go beyond just keeping the current Trump tax cuts.  We want to go even further than that.  But if Ruben Gallego gets in there,  he's already said he's going to get rid of the Trump tax cuts.  On average.  You'd mentioned...  Well, we're...  Sam Mena, 3TV, CBS 5.  I just wanted to ask you to clarify...  what your plans were to help young people and first-time buyers get homes.  I know you mentioned expanding jobs and helping students get trade jobs.",negative,0.04903625,0.43473232,0.5162314,Neutral & restrained,Surprised & expressive,Immigration,Assertive & Direct,12.0,positive,0.4166666666666667,0.25,0.3333333333333333,0.3738488425833333,0.28619128225,0.339959868775
Republican,Arizona,Kari Lake,DAkFBK1oFeg,2024/10/1,"The Uniparty doesn't want peace. They want war. 

President Trump knows how to negotiate peace. That's going to save us a lot of money and a lot of lives.

Like Trump, my priority in Washington DC will be helping to feed the American family, not the war machine.",neutral,0.333939,0.4393651,0.22669585,3,negative,0.333333333,0.333333333,0.333333333,0.379514547,0.395613477,0.224871981," You mentioned making some cuts to the budget to make your plan work.  Anybody else who didn't ask a question?  Ma'am, who are you and who are you with?  There's a lot to cut. You know, one of the things I want to do is stop spending  $260 billion, sending money like that over to...  You know, when our government is continuing to start wars, they just want to throw trillions of dollars.  Their whole plan is we can get the war machine going.  churn out more, churn out more war, spend trillions of dollars more for war.  And it's not going to end until we get somebody who actually wants to negotiate peace.  The Uniparty in Washington, D.C. does not want peace.  They want war.  And President Trump knows how to negotiate peace.  And that's going to save us a lot of money.  We're not going to continue to pour money into countries and start up wars.  So we're going to look at the budget.  There's a ton that we can cut.  And we need to cut back the size of Washington, D.C.  Basically, anybody in Washington, D.C. who has not come back to work since COVID,  and you'd be surprised a lot of people haven't come back to work since COVID,  you're pretty much telling us, coming into this administration, coming into D.C.,  that your job is not really needed.  So get your butt back to work.  or face the fact of your job going away.",negative,0.021508351,0.34450093,0.63399076,Neutral & restrained,Surprised & expressive,Campaign Endorsements,Assertive & Direct,2.0,negative,0.5,0.0,0.5,0.45651004,0.25298754,0.290502432
Republican,Arizona,Kari Lake,DAkC7pMNJmk,2024/10/1,"Bruce & Michelle have worked hard their whole lives. They've fallen on hard times. Bruce had suffered a health setback with a stroke & knee surgery & can't work.

Now, they're on the verge of being forced out of their homes over a small debt.

This kind of policy is a good way to make our homeless crisis even worse.

We can afford to give seniors like Bruce & Michelle a security blanket until they get back on their feet.",negative,0.019921865,0.20931305,0.77076507,7,neutral,0.285714286,0.571428571,0.142857143,0.436444106,0.400779972,0.162775936," The bans on local jurisdictions seizing seniors' homes over small tax bills you mentioned,  is there a cap or like some sort of...  You know, we'll have to look...  Do we get everybody?  We have one more.  Did you already have a question?  We'll have to look at that, and I haven't looked at that,  but we're talking about people who are being...  forced out of their homes for small debt.  You know, they've worked hard their whole life.  They've fallen on hard times.  As we heard here, Bruce had suffered a health setback with a stroke.  and a knee surgery.  And now, you know,  If they were in a home, if that were the same situation, they were in a home, they paid their home, they probably own their home by now.  and they can't keep up with the property tax.  What we don't want to see happening between now and getting our country back on track,  which I think will happen quickly, between now and getting this country back on track.  is to have a bunch of Americans fall into homelessness.  We can't afford to let these amazing people fall into homelessness because they've done nothing wrong.  It has been absolute terrible policy that has caused...  this incredible couple to suffer the way they are.  that's what we have to do.  We need to give a little bit of a security blanket  for a short period of time to help them out.  I want to thank you all for being here.  I know you all have deadlines to meet.  We appreciate you.  If you want to talk to some of these people,  I'm sure they're willing to chat with you a little bit.  Thank you very much.  Please consider to do fair coverage  for the next several weeks,  40-plus days as we go into this election.  It would be greatly appreciated by the people of Arizona.",neutral,0.03267555,0.6369429,0.33038142,Neutral & restrained,Surprised & expressive,Campaign Endorsements,Assertive & Direct,6.0,neutral,0.3333333333333333,0.5,0.1666666666666666,0.4715975301666666,0.354099076,0.1743034123333333
Republican,Michigan,Mike Rogers,DAloj-WPbwa,2024/10/1,"Slotkin’s for EV mandates.

I’m for Michigan. 

The difference couldn’t be more clear — Congresswoman Slotkin is in Communist China’s pocket, I’ll have your back.",neutral,0.10087465,0.57363003,0.32549527,1,negative,0.0,0.0,1.0,0.05545998,0.22458938,0.7199506," I'm Mike Rogers, Slotkins for EV mandates.  I'm for Michigan.  I worked in a car factory.  These jobs are important to our families.  That's why I stood up to China and my own party.  I'm Mike Rogers, and I approve this message.  We need to change Washington to save our jobs.  Congresswoman Slotkin sold us out. Washington politicians are cutting deals with China.  Our jobs are disappearing. Now they want to ban gas cars,  killing Michigan's car industry, sending more jobs to China.",neutral,0.42134768,0.51093894,0.06771338,Neutral & restrained,Flat & Neutral,Campaign Endorsements,Subtle & Neutral,1.0,negative,0.0,0.0,1.0,0.05545998,0.22458938,0.7199506
Democratic,Pennsylvania,Bob Casey,DAllv4PMhTV,2024/10/1,"Investing in our young people is investing in our future.

Projects like the Alan Horowitz “Sixth Man” Center in North Philly are a great start.",positive,0.8977438,0.098885015,0.003371134,9,positive,0.777777778,0.222222222,0.0,0.796639293,0.184725058,0.018635659," Alright, just the bald people in the picture please.  Is that a mic?  It's a mic, yeah.  Ready, Jim.  Okay.  How are you?  Now, what's your name?  Casey was in Obama's game, I wrote a Sousa book.  Oh my god, look at Casey!  I was 22 years old then.  Well, I'm going to stand over here for good luck.  This is the epicenter right here.  Get magical powers.  Thank you.  Very good.  Very official.  Good to see you.  Thank you.  I need some work on my jump set.  I'll come to a tutorial.  We got some warmups.  How are you?  Good to see you.  And we're going.  Yes, sure.  Everybody get a picture.  We're going to face the camera over here.  와아아아아아아아아아아아아아아아아아아아아아아아아아아아아아아아아아아아아아아아아아아아아아아아아아아아아아아아아아아아아아아아아아아아아아아아아아아아아아아아아아아아아아아아아아아아아아아아아아아아아아아아아아아아아아아아아아아아아아아아아아아아아아아아아아아아아아아아아아아아아아아아아아아아아아아아아아아아아아아아아아아아아아아아아아아아아아아아아아아아아아아아아아아아아아아아아아아아아아아아아아아아아아아아아아아아아아아아아아아아아아아아아아아아아아아아아아아아아아아아아아아아아아아아아아아아아아아아아아아아아아아아아아아아아아아아아아아아아아아아아아아아아아아아아아아아아아아아아아아아아아아아아아아아아아아아아아아아아아아아아아아아아아아아아아아아아아아아아아아아아아아아아아아아아아아아아아아아아아아아아아아아아아아아아아아아아아아아아아아아아아아아아아아아아아아아아아아아아아아아아아아아아아아아아아아아아아아아아아아아아아아아아아아아아아아아아아아아아아아아아아아아아  I think I'm done.  Okay.  Yay!  Yeah.  Thank you.  some work on my job  Yes, sure.",positive,0.64279544,0.3369533,0.020251175,Energetic & Bright,Positive & engaging,Economic,Emotive & Engaging,8.0,positive,0.875,0.125,0.0,0.86802876,0.1227075219625,0.0092637310875
Democratic,Texas,Colin Allred,DAkGGdkIvKF,2024/10/1,It’s an honor to have the support of all these great Texans and their help launching the AAPI for Allred coalition! Together we’re building the movement that will take down Ted Cruz.,positive,0.97545207,0.021689454,0.002858477,17,positive,0.411764706,0.294117647,0.294117647,0.416239134,0.338947184,0.244813697," As-salamu alaykum, namaste, satsriyakaal, nihao, konnichiwa, sinchao, anhyo haseyo, aloha.  And as we say in Texas, howdy y'all.  As the first South Asian elected in the Texas legislature, this moment holds personal significance for me.  As I know firsthand the power of representation, diversity, and coming together to support leaders who truly embody our values.  This is an exciting time to be in Texas.  It is wonderful to be here in the largest battleground state in our union.  Every time our community is under attack, Colin Allred has stood in support of us.  As you're starting to see, the polls not only show that we're within striking distance of this Senate race,  we're actually in the target zone.  I'm so glad to be with you at the launch of the AAPI Texans for All Red.  I'm a proud associate member of the Congressional Asian Pacific American Caucus in Congress.  I'll fight for the state that I know we are, the state that I know that we can be.  For every Texan, make sure that you have a chance to realize your version of the American dream.  Let's go win.  Our AAPAC community is more than 2 million strong here and is growing with 1 million eligible voters.  And I want you to see yourself to be a part of this beautiful fabric that we're creating here in Texas.  We are electing leaders that are going to believe in us,  that are going to serve our best interests,  and are going to make things happen for our communities,  for the betterment of us all.",positive,0.9355334,0.06086495,0.003601607,Neutral & restrained,Concerned & Empathic,Immigration,Flat & Restrained,17.0,positive,0.4117647058823529,0.2941176470588235,0.2941176470588235,0.4162391335294118,0.338947184,0.2448136966764706
Republican,Pennsylvania,Dave McCormick,DAj-oZvtm45,2024/10/1,"I’m proud to be a member of Pennsylvania’s awesome wrestling community. 

I’ll take the grit and strength I learned wrestling on mats across the commonwealth to Washington as PA’s next Senator.",positive,0.9770065,0.020620499,0.00237303,0,,,,,,,," Hard work, hard choices.  the Pennsylvania way. That's not what we get from Washington.  The career politicians don't do the hard work.  They're selfish and soft.  I'm running for the Senate to make the hard calls.  That's why I approve this message.  Sometimes it's all you can take.  On the wrestling mat,  There's no place to hide.  Pennsylvania wrestling taught me to do the hard thing.",neutral,0.21257228,0.44314486,0.34428287,Neutral & restrained,Warm but Reserved,Immigration,Subtle & Neutral,,,,,,,,
Democratic,Ohio,Sherrod Brown,DB7L3ukOyFT,2024/11/3,"We’re going to win because of our grassroots supporters and volunteers. 

Join us on the doors ➡️ link in bio.",positive,0.9521768,0.045113124,0.002710059,2,positive,1.0,0.0,0.0,0.69076015,0.29637938,0.012860457," Well, we have the best ground operation we've ever seen in this state, in part because of what you just said, Reverend Sharpton, that we passed with 57 percent of the vote.  No last November constitutional amendment on abortion rights.  My opponent said I'm 100 percent pro-life. He wants an abortion ban.  No exceptions, no rape, no incest exceptions, no exceptions for health of the woman.  And so we make that contrast. And it's clear that that Bernie Marino thinks he knows better.  But I think the voters know better. And we're reminding voters every day of the differences.  Another one is I I spent my whole career fighting for dignity of work, as you know, Reverend Sharpton.  And my opponent stiffed as he's a luxury car dealer. He stiffed his workers out of four hundred thousand dollars and overtime pay and then shredded the records that the judge ordered him to turn over.  So even though the billionaires are all over this race, even though my opponent.  Is worth one hundred million dollars and has spent several million in this race.  I rely on small contributors and with our grassroots organization funded by these last dollars, I'm going door to door, going to union halls, doing all the things we're doing all over the state that that's what's going to win.  And that's what's going to make the difference.",positive,0.83844256,0.14131533,0.020242069,Flat & analytical,Surprised & expressive,Campaign Endorsements,Subtle & Neutral,2.0,positive,1.0,0.0,0.0,0.69076015,0.2963793799999999,0.0128604569999999
Democratic,Ohio,Sherrod Brown,DBwODYYS8Pb,2024/10/30,Thank a union member for your Halloween candy.,positive,0.8797187,0.11443297,0.005848283,16,positive,0.625,0.25,0.125,0.66014095,0.215847104,0.124011938," Hi, I'm Sheriff Brown. Today, we're going to make a candy salad, if you will,  made up of Union Made Candies. First, I'm throwing in Union Made Candies Jolly Rancher.  We know what your union card means.  It means...  More control over your work schedule means higher wages.  That's why carrying a union card is so important.  It doesn't matter whether you make candy or whether you make a car.  As we celebrate Halloween, as we mark Halloween,  these are Smarties to get union made.  uh we recognize i've always recognized when i talk about the dignity of work that carrying a union  card  In so many ways, it's job protection, it's better benefits.  I'm going to add Sauerbach kids.  You know my opponent's about, he was a car dealer.  And who bestow.  $400,000 to employees, overtime wages.  He destroyed the evidence when a judge ordered him to pay.  That's the difference between the dignity of work and somebody who cares about himself  and about his rich friends.  So to close off this candy salad,  we have Dum Dums made in Ohio.  made by Spengler Candies in Northwest Ohio and in Bryan and Williams County.  Teamsters workers made these dum-dums.  They made them for years.  They now make another one that I don't have with me today.  They make Bitterhoney.  And it's those Teamsters whose pension we saved  because union workers fought together, stuck together,  worked with me and with others to protect their union.  So we'll close.  So happy Halloween.  Enjoy union-made candy and thank you for fighting for the negative work.",positive,0.5677183,0.41268963,0.019592091,Flat & analytical,Concerned & Empathic,Immigration,Subtle & Neutral,15.0,positive,0.6666666666666666,0.2,0.1333333333333333,0.6891154427333334,0.1848458872666666,0.1260386620666666
Democratic,Ohio,Sherrod Brown,DBwAUm4Mxxu,2024/10/30,"The “Dignity of Work” was a phrase Rev. Dr. Martin Luther King Jr. returned to time and time again, and it has guided everything I do. He understood the deep connection between workers’ rights and civil rights. 

Thank you to @nationalactionnetwork for being leaders in this fight for ALL Ohioans.",positive,0.8450568,0.14763483,0.007308461,0,,,,,,,," Again.  This is none other than Sherrick Brown and the person that's really going to introduce you.  Alright!  But the problem would be if I was upset, we would have said, you might want him out, and we wouldn't have let him back in.  Alright!  Every April.  I go to the center floor and I read.  Dr. King's letter from Birmingham, J.O.A.  And the one line that I love in this letter, there's many things, but Dr. King said,  human progress never rolls in on wheels of inevitability.",neutral,0.10556669,0.68421036,0.21022294,Energetic & Bright,Angry & Confrontational,Voter Mobilization,Emotive & Engaging,,,,,,,,
Democratic,Ohio,Sherrod Brown,DBuV2PoyJCS,2024/10/29,7 days until we win.,positive,0.838502,0.15655543,0.004942545,31,positive,0.580645161,0.129032258,0.290322581,0.538188461,0.198871566,0.262939967," And you will be the difference in this race.  because it's always been Ohio.  He doesn't have all of you.  Ohioans know I'll always be on their side. I'll always fight for Ohio workers.  I mean all Ohioans, no matter who you are.  where you live, what kind of work you do.  from passing the Butch Lewis Act, saving the pensions.  of 100,000 Ohioans.  after Wall Street gambled away their retirement.  to leading the fight to ensure that Ohio veterans exposed to toxic burn pits.  get the health care they deserve.  Elections come down to one question.  Working across the aisle to protect Ohio families and law enforcement from dangerous fentanyl.  by cracking down on the chemical suppliers in China.  and the drug traffickers in Mexico.  While I've spent my career fighting for workers, my opponent has made it clear he only looks out for himself and his rich friends.  He stole overtime wages from his own employees.  So why should Ohio workers trust him to fight for them?  And despite Ohioans making their voices clear,  on this issue with 57% of the vote.  he would overturn the will of Ohioans by voting for a national abortion ban.  Absolute pro-life, no exception.  He mocked Ohio women for caring about their right to make their own health care decisions.  Those are the stakes in this race.  But while my opponent may have the special interests in the millionaires and the billionaires on his side,  It's not left or right, it's whose side are you on.",neutral,0.45641187,0.4711256,0.07246252,Flat & analytical,Positive & engaging,Immigration,Subtle & Neutral,28.0,positive,0.6428571428571429,0.0714285714285714,0.2857142857142857,0.5764124187035715,0.1534173421785714,0.2701702377607143
Democratic,Ohio,Sherrod Brown,DBuI2YJy2Mn,2024/10/29,"Ohioans know I’m on their side. Whether they’re a Democrat, a Republican, or an Independent, I will always stand up for them.",positive,0.7914096,0.19668373,0.011906621,7,positive,0.571428571,0.142857143,0.285714286,0.576362666,0.16490058,0.258736717," Politics to me is not so much left or right, it's who's side you're on.  And the reason they're spending $200 million is I take on the drug companies and I hold Wall Street accountable and I stand up for workers and unions.  I take on the railroads when they committed a disaster in East Palestine.  And the contrast is clear on abortion rights.  No matter how liberal or conservative, in the end, they want to know who's on their side.  And I think when they go to vote, in their own minds, they understand that I'm on their side on all these issues.",neutral,0.07160321,0.5975191,0.33087763,Flat & analytical,Surprised & expressive,Economic,Measured & Composed,6.0,positive,0.6666666666666666,0.0,0.3333333333333333,0.6348358506666667,0.0789064513333333,0.2862576561333333
Democratic,Ohio,Sherrod Brown,DBsPEStIB2z,2024/10/29,"Bernie Moreno's solution to being caught calling Ohio women ""a little crazy""? Buying a device that distorts audio of his events.",negative,0.015943194,0.34259406,0.64146274,3,negative,0.0,0.333333333,0.666666667,0.087918807,0.299423507,0.612657693," He's been hiding from Ohioans the whole election.  He always thinks he knows better.  He's one of those kind of candidates.  His own staff clearly doesn't trust him to go out and talk to people and answer questions.  I fight for the dignity of work.  He stiffs his employees and then refuses to talk about it or his staff steps between him and the question.  He doesn't seem to want to answer questions from much of anybody.  When he does, he gets in trouble.  So he doesn't really want to ask answer questions about voting.  Ohioans voting 57 percent for abortion rights.  About how he stiffed his employees out of their overtime, $400,000 worth, how he shredded documents.  When you're that out of step with the public, the only way to win is to spend a whole lot of money.  There's been more money against me in this race than any Senate race in history.  And so it's going to be a very close race.",negative,0.007864454,0.11809092,0.8740446,Flat & analytical,Surprised & expressive,Others,Subtle & Neutral,2.0,negative,0.0,0.0,1.0,0.019116431,0.1087025849999999,0.8721810000000001
Democratic,Ohio,Sherrod Brown,DBm073sSwNp,2024/10/27,Bernie Moreno thinks he knows better than Ohioans.,neutral,0.075531706,0.52578384,0.39868447,1,positive,1.0,0.0,0.0,0.8403372,0.15027072,0.009392087," Bernie Murillo thinks he knows better, so he wants a, when you said he wants a 100%  abortion ban, 100% pro-life, wants an abortion ban, he also said no exceptions for rape,  incest, or the health of the woman, or the life of the woman.  People don't feel like they're well represented and they don't want to send somebody to Washington.  It's going to sort of arrogantly dismiss what the voters want, and abortion is that, but  certainly on other issues.",negative,0.031219883,0.3646834,0.6040967,Neutral & restrained,Surprised & expressive,Campaign Endorsements,Subtle & Neutral,1.0,positive,1.0,0.0,0.0,0.8403372,0.15027072,0.009392087
Democratic,Ohio,Sherrod Brown,DBmePbztwIX,2024/10/26,Always good to be back in Dayton.,positive,0.98447126,0.01301366,0.002515016,8,positive,0.75,0.25,0.0,0.67200711,0.250215914,0.077776957," They know how good you are.  Thank you.  I can't tell you how happy I am to be here during this very last few days of the campaign.  I have not the slightest doubt again that he's going to win.  Thank you all. It's thrilling to be back in Dayton.  with one of Dayton's favorite sons.  There has been more money spent against me in this race than any race in the history of the United States, except for the President.  And they know how good you are.  Thank you.  Hey, Dayton.  How are you?  Hey!  We're going to win because of what you all are going to do.  And don't ever underplay your importance and your significance.  I can't tell you how happy I am.",positive,0.9782381,0.015295492,0.006466357,Neutral & restrained,Surprised & expressive,Campaign Endorsements,Assertive & Direct,8.0,positive,0.75,0.25,0.0,0.672007110375,0.25021591425,0.077776957
Democratic,Ohio,Sherrod Brown,DBmQbz2unGM,2024/10/26,"As Martin Luther King Jr. said, “Human progress never rolls in on wheels of inevitability.”",neutral,0.25575915,0.69446164,0.049779207,3,negative,0.0,0.0,1.0,0.036545454,0.121288144,0.842166367," A hundred years ago, Wall Street didn't come to...  because the health insurance interest wanted to help us. Civil rights didn't happen.  because a bunch of Southern segregationist senators had time to give him the vote.  to us and say, hey, I think we should start Social Security, take care of seniors.  We fought for it.  We demanded it.  We got it.  The polluters didn't come to us and say, it's time to clean up Lake Erie.  I want to help.  We had to force them, demand it, and make it happen.  We didn't create Medicare.",negative,0.033008534,0.35173726,0.6152542,Flat & analytical,Flat & Neutral,Economic,Flat & Restrained,3.0,negative,0.0,0.0,1.0,0.0365454537666666,0.121288144,0.8421663666666667
Democratic,Ohio,Sherrod Brown,DBl67hXPeIc,2024/10/26,"Thank you to all the hardworking volunteers in Columbus, and across the state, who are going to call and knock our way to victory.",positive,0.95830816,0.035312794,0.006379046,1,neutral,0.0,1.0,0.0,0.1989028,0.7858762,0.015220983," These are the best volunteers who are knocking on doors, who are making such a difference,  who are organizing new workers, nurses' aides and all that.  And so I just wanted Martin to meet you and you to meet Martin.",positive,0.9625691,0.031665344,0.005765484,Flat & analytical,Surprised & expressive,Campaign Endorsements,Emotive & Engaging,1.0,neutral,0.0,1.0,0.0,0.1989028,0.7858762,0.015220983
Democratic,Ohio,Sherrod Brown,DBjPdrNMaaU,2024/10/25,"Felt the energy in Gahanna. 

Let’s do this.",positive,0.8988065,0.093545415,0.007648012,2,positive,1.0,0.0,0.0,0.92814585,0.061836485,0.010017657," She was so right!  A long time friend of ours, Martin Sheen's in town.  Let me hear it for you, Sharon.  Good to see you.  How's it going?  Good to see you.  Thank you.  Thanks for your service. I'm an independent voter. I will continue to vote.  Good to see you.  What's going on?  Good to see you.  Thank you.  Thank you.  Oh, it's so exciting!",positive,0.97459376,0.022064032,0.003342236,Energetic & Bright,Flat & Neutral,Immigration,Emotive & Engaging,2.0,positive,1.0,0.0,0.0,0.92814585,0.061836485,0.0100176567
Democratic,Ohio,Sherrod Brown,DBfalAwvuS7,2024/10/24,"I’m proud to have Martin Sheen by my side this week.

He knows Ohioans are ready for us to continue our fight for the Dignity of Work.",positive,0.97187895,0.024863932,0.003257126,19,positive,0.736842105,0.157894737,0.105263158,0.703875245,0.196014358,0.10011041," Well, there's the contrast is clear. I fought for the dignity of work my whole career.  My opponent, Bernie Marino, is he stiffed his own workers out of four hundred thousand dollars in overtime.  Then he destroyed the evidence that the court demanded and to pay them back.  And how do you trust somebody that stiffs his own workers to look out for workers in Ohio?  Now, Martin saw today in Gahanna and saw in Columbus going to see in Dayton and Cincinnati and Cleveland the incredible enthusiasm of so many volunteers.  Part of that is abortion rights. Bernie Marino wants a national abortion ban.  No exceptions. I fought for issue one last fall.  The constitutional amendment for abortion rights. Fifty seven percent of Ohioans agree with me.  And Bernie thinks he knows better. So this contrast is really clear.  And in Martin, because of what's in his core and in his gut and in his heart,  helps us get that message across.  I see one of my heroes, and I'm very proud to support him.  And I see a man who stands on his beliefs, and he reflects the very best part of us,  and he challenges us to stand up for what we believe and stiffen our spines  and to live an honest and decent life to begin with,  but to go further with that and serve in public with that same kind of energy and faith.  Everybody knows who he is, where he comes from, what he stands for,  and they're going to send him back to the U.S. Senate for a fourth term.",neutral,0.105128825,0.55242556,0.3424456,Flat & analytical,Flat & Neutral,Economic,Subtle & Neutral,19.0,positive,0.7368421052631579,0.1578947368421052,0.1052631578947368,0.7038752454736843,0.1960143577105263,0.1001104102736842
Democratic,Ohio,Sherrod Brown,DBWV0ZKq-La,2024/10/20,My faith guides me in everything I do.,positive,0.8981753,0.093661234,0.008163411,5,negative,0.2,0.4,0.4,0.167787482,0.399474425,0.432738129," almost never talk about my faith, but I grew up a Lutheran in Mansfield.  For years, Jesus wouldn't have said that you're worth more than she is.  And I came across a different translation called the Poverty and Justice Bible, and it goes like this.  When I was hungry and fed, when I was thirsty, he gave me a drink.  What you did for those who were overlooked or ignored, you did for me.  And it's such a different meaning.  And it's really what, to me, what Christianity is.  I remember being taught, when I was hungry, you fed me.  When I was thirsty, you gave me a drink.  And then it goes on to say what you did for the least of these,  you did for me.  And I remember thinking.",neutral,0.24719839,0.6767486,0.07605305,Flat & analytical,Surprised & expressive,Immigration,Subtle & Neutral,5.0,negative,0.2,0.4,0.4,0.1677874824,0.3994744248,0.4327381294
Democratic,Ohio,Sherrod Brown,DBSBWKkv3RZ,2024/10/18,"Over 40,000 Ohio veterans are getting the healthcare they deserve through the Sergeant First Class Heath Robinson PACT Act.

I’ll always fight for our veterans and their families — that is our duty.",positive,0.90708864,0.08766521,0.005246125,1,positive,1.0,0.0,0.0,0.9866642,0.009226141,0.004109652," Sheridan and staff jumped into action, wrote legislation,  honoring our promise to address comprehensive toxins  passed so veterans would never have to go through what he  And our family went through  to receive the care they deserve.  brought Democrats and Republicans together, and after years of fighting,  we finally got the Sergeant First Class, Keith Robinson,  to lose him elected officials in Congress.  or claiming it was too expensive and we ought to reassess this.  And our answer was...  It's never too expensive to send them to war, only too expensive to take care of them when they come back.  Our job is to represent that.  under Sherrod's leadership.  The lives of Ohio families and Ohio military communities are undeniably better.  from securing cost living increases for disabled veterans to improving health care for women  veterans his record speaks for itself  the best advocate for veterans and servicemans in the United States Senate.  It would be, I feel, a great tragedy.  And I mean it's a tragedy.",neutral,0.37602657,0.5035081,0.120465316,Energetic & Bright,Surprised & expressive,Others,Emotive & Engaging,1.0,positive,1.0,0.0,0.0,0.9866642,0.009226141,0.0041096522
Democratic,Ohio,Sherrod Brown,DBRwGhDOrUd,2024/10/18,@Berniemorenoforohio should call on the Haslams to keep the @ClevelandBrowns where they belong — in Cleveland.,neutral,0.07725642,0.86345094,0.059292678,24,positive,0.583333333,0.166666667,0.25,0.494990983,0.270613131,0.234395881," Hey, Bernie Marino, I heard your biggest campaign donors are moving the Browns out of Cleveland.  Let's put politics aside.  I asked my opponent, Bernie Marino, to join me.  I grew up in Northeast Ohio.  I don't want the Browns to leave.  I know what it means to the city.  I know what it means to small business downtown.  I know what it means to fans.  I know what it means to workers.  So let's respect the workers.  Let's respect the city.  Let's respect the great tradition of  Jim Brown and Bobby Mitchell and Frank Ryan and Wooten and Hickerson and Shafrat  and Bernie Kosar, let's respect that tradition. For gosh sakes, stay in Cleveland.  Bernie, use your connection.  Work on them.  Get them to change their mind, please.  Cleveland Browns.  Should be in Cleveland.",neutral,0.2401778,0.63042253,0.12939966,Flat & analytical,Surprised & expressive,Economic,Subtle & Neutral,24.0,positive,0.5833333333333334,0.1666666666666666,0.25,0.4949909828666667,0.270613130875,0.2343958807374999
Democratic,Ohio,Sherrod Brown,DBRg5EVs5lu,2024/10/18,I’m committed to moving our state forward for all Ohioans.,positive,0.908064,0.08746512,0.004470907,3,positive,0.666666667,0.0,0.333333333,0.625291003,0.075070207,0.299638821," Last year, individuals lost banking services due to a very bad conversion.  Thanks to your office, now we have the attention of everyone trying to straighten that problem out.  So I want to thank you for that.  So let's work really hard to support our senator and  let's take him over the top again.  What our mission today is not to move back, but our mission is to move forward.  And my commitment to you is to continue those kinds of efforts.  So let's work really hard.",positive,0.49352378,0.3587493,0.14772695,Emotional & reactive,Flat & Neutral,Immigration,Emotive & Engaging,3.0,positive,0.6666666666666666,0.0,0.3333333333333333,0.6252910026666666,0.0750702066666666,0.2996388212
Democratic,Ohio,Sherrod Brown,DBPOvndOK0N,2024/10/17,"We might be outspent, but we’ll never be outworked. Just like the @cleguardians.",neutral,0.19807403,0.54896104,0.25296485,15,positive,0.6,0.2,0.2,0.568908526,0.226803282,0.204288186," They might be outspent, but they'll never be outworked.  just like our campaign.  outspent in these playoffs, three to one by other teams, just like we are. Teams like the Yankees  pay their whiny players hand over fist, million dollar contracts. The Guardian players continue  to win with their grit, their determination, their resilience.",neutral,0.28872776,0.5300379,0.18123439,Neutral & restrained,Flat & Neutral,Immigration,Subtle & Neutral,15.0,positive,0.6,0.2,0.2,0.568908526,0.2268032822,0.2042881855266666
Democratic,Ohio,Sherrod Brown,DBOl6A1vQUg,2024/10/17,"I have the support of Democrats, Republicans and Independents because I stand up for all Ohioans.",positive,0.8368487,0.15590471,0.007246594,5,neutral,0.4,0.6,0.0,0.545845856,0.332760567,0.121393591," on the side of Ohioans and Bernie Marino looks out for himself and his rich friends. And that's  the contrast in this race. That's what will win this race when we make that contrast.  My job is to protect people when Wall Street or the drug companies or the oil companies or  the companies that outsource jobs, when they go after people in Ohio, it really is who's  on. And I really don't buy the left or right analysis. I get votes from people,  whether they're Republicans or independents or Democrats. I get votes for a lot from a lot of  people because I stand for them. And I also make the contrast with my opponent. Ohio, as you know,  Claire, passed with 57 percent of the vote abortion rights constitutional amendment last November.  My opponent is, quote, I'm 100 percent pro-life. No exceptions.  Bernie Marino thinks he knows better than the 57 percent.",neutral,0.19484067,0.68361896,0.12154036,Emotional & reactive,Angry & Confrontational,Voter Mobilization,Subtle & Neutral,4.0,neutral,0.5,0.5,0.0,0.62592643,0.245734370625,0.128339219
Democratic,Ohio,Sherrod Brown,DBOfGBVNL4t,2024/10/17,I’ll always take on companies that ship jobs overseas and fight back against trade deals that hurt Ohio workers.,negative,0.030522222,0.35225707,0.6172207,2,positive,1.0,0.0,0.0,0.92585365,0.068699571,0.005446757," I always look at this through the eyes of Ohio workers.  I was just this week in Lordstown, a town that lost a lot of auto jobs.  We're fighting back.  We've worked together in a way that there are now several hundred jobs there with potential for growth.  So it's taking on those companies that outsource jobs, that push through bad trade agreements.  It's taking on the drug companies.  I don't see politics as left or right.  I see it as whose side you're on.  That's why they're spending literally hundreds of millions of dollars against me.  When you take on the drug companies, when you take on Wall Street, when you take on these companies that outsource jobs, they come after you.  And I knew they would.  We're going to win in spite of that.  They've got their billionaires.  I've got 12 million people in Ohio I fight for.  I'll continue to make that fight.",neutral,0.16509451,0.5705563,0.26434922,Flat & analytical,Flat & Neutral,Economic,Subtle & Neutral,2.0,positive,1.0,0.0,0.0,0.92585365,0.0686995705,0.0054467574
Democratic,Ohio,Sherrod Brown,DBJwu7Et5SB,2024/10/15,Ohio workers know I’ll never stop fighting for the issues that matter most to them.,positive,0.7197182,0.24857628,0.03170545,2,negative,0.0,0.0,1.0,0.029003433,0.176338145,0.79465839," High workers can always count on the share.  to stand by our side, but I can confidently say that the choice for Senate in Ohio is crystal clear.  Ohio workers have no better champion than Sherry Burkett.",positive,0.768486,0.20623294,0.025281047,Flat & analytical,Warm but Reserved,Others,Measured & Composed,2.0,negative,0.0,0.0,1.0,0.029003433,0.176338145,0.7946583899999999
Democratic,Ohio,Sherrod Brown,DBEps9avGxL,2024/10/13,I’m inspired by the leadership and activism of Ohio’s AAPI community. Thank you for hosting Connie and me.,positive,0.9827718,0.014278947,0.002949252,3,positive,0.666666667,0.0,0.333333333,0.619370789,0.084662883,0.295966333," Welcome, Senator, and welcome, Connie.  It's such an honor to have you guys here today.  hard to try to be able to get ahead no matter who you are and what you do whether you punch a clock  whether you work in an office whether you have a nursing degree whether you're serving  in mcdonald's whatever you do you ought to be able to make a decent enough living  our important it is to return our Senator back to the US Senate.  And I request that you talk to everyone you know, and  even those you don't know about Cheryl.  And Shevib is one of the best senators that I've seen.  to remind everyone in this room  as to how  I cannot tell you how many people in this room are ardent fans of both of you.",positive,0.9606852,0.03394129,0.005373546,Flat & analytical,Positive & engaging,Immigration,Emotive & Engaging,3.0,positive,0.6666666666666666,0.0,0.3333333333333333,0.619370789,0.0846628833333333,0.2959663326666666
Democratic,Ohio,Sherrod Brown,DBEhq2nvMBk,2024/10/13,"Thank you, Marietta. We’ll win this thing together. 

Sign up to volunteer and help get the word out about our fight for the Dignity of Work: https://mobilize.us/ohcc/",positive,0.9105759,0.083215855,0.006208232,3,positive,1.0,0.0,0.0,0.840726653,0.148488028,0.010785284," I'd rather have a bunch of volunteers in Washington County because I know you know what you need to do to win these elections.  You don't need me to tell you how important this election is.  You may need me to tell you how important you are to win this election.  And when I say we, I mean all of you.  I mean people who think their government should serve them better.  when Sharon Brown speaks.  any beliefs than the dignity of one.  You have key speaks from the heart.  And I know he means.  exactly what he says and that he truly does believe in us.",neutral,0.38540038,0.51791745,0.09668217,Flat & analytical,Surprised & expressive,Others,Measured & Composed,3.0,positive,1.0,0.0,0.0,0.8407266533333333,0.1484880276666666,0.0107852843
Democratic,Ohio,Sherrod Brown,DBCE_Ocp9mF,2024/10/12,@cleguardians are ready for Game 5.,neutral,0.44181082,0.5467586,0.01143059,6,neutral,0.333333333,0.5,0.166666667,0.42342517,0.404139791,0.172435045," Go Guardians! You have players like Fry plays and Kwon plays and Ramirez plays.  It's an exciting time, so Klaus is going to close this out with another save.",positive,0.975831,0.022016332,0.00215264,Neutral & restrained,Angry & Confrontational,Voter Mobilization,Subtle & Neutral,6.0,neutral,0.3333333333333333,0.5,0.1666666666666666,0.42342517,0.4041397913333333,0.17243504525
Democratic,Ohio,Sherrod Brown,DA8z-abu-nm,2024/10/10,#tbt,neutral,0.13110729,0.7900415,0.07885121,3,positive,1.0,0.0,0.0,0.94655786,0.046642071,0.006800103," You'll get a kick out of this.  Jackie and Carolyn especially were involved in applesauce making.  We made it this year.  And it was great fun, and the applesauce is good.  This was the first time Martin Sheen came out and campaigned for us.  This picture was, I believe, in Akron.  I screwed it up.  Next.  And Franklin was maybe 14 months maybe then.  I'm pretty sure of that because he didn't like to be picked up.  I mean, he definitely doesn't like being picked up now, but he wanted to meet Martin Sheen too, I think.  This was me listening, and I was teaching a class at Mansfield OSU as in my probably mid.  mid-late 20s, probably mid-20s, and I was teaching a class about Ohio politics.  and it probably wasn't election year because I had a beard.  This is Franklin, who is smiling for the camera.  This is a tradition we followed for several years.  We use my mom's applesauce recipe.  The grandkids who get a little more involved every year this year.  and we're out in the back in the back we're playing connie and i are playing scrabble  We have competitive Scrabble games.  This was Emily and Elizabeth.  Emily is the older of the two.  She was a union organizer for years after college.  She went back to school.  I went to law school.  Elizabeth, the younger one, elected city council twice in Columbus, decided to go a different route.  And she is the CEO at the YWCA in Columbus.  This was Bob Casey and me walking down the street in Erie, Pennsylvania, I believe.  Very good friends.  Sat next to each other for years.",positive,0.92666656,0.06455969,0.008773769,Flat & analytical,Positive & engaging,Immigration,Emotive & Engaging,3.0,positive,1.0,0.0,0.0,0.94655786,0.0466420706666666,0.0068001029333333
Democratic,Ohio,Sherrod Brown,DA3g-ikM780,2024/10/8,Fighting for Ohio is what this job is all about. That's why I'll never stop.,positive,0.9562697,0.036916662,0.006813668,7,positive,0.714285714,0.142857143,0.142857143,0.669151,0.149407716,0.181441276, I'm Sherrod Brown. I have a question.  Have you ever heard Bernie Marino talk about what he's going to do for Ohio?  Because that's what this job's all about.  expanding health care for veterans  working with law enforcement to crack down on fentanyl.  and with presidents of both parties to do what's best for our state.  Ohio only gets two senators.  You deserve someone focused on you.  That's why I approve this message.  I've spent my career focused on standing up for workers.,neutral,0.45094725,0.525209,0.023843661,Flat & analytical,Surprised & expressive,Economic,Subtle & Neutral,7.0,positive,0.7142857142857143,0.1428571428571428,0.1428571428571428,0.6691509995714285,0.1494077155714285,0.1814412760428571
Democratic,Ohio,Sherrod Brown,DAtIDq6M172,2024/10/4,"Those guys have all the money. 

But we have the people — and we are going to win.",neutral,0.30767906,0.4946636,0.19765736,3,negative,0.333333333,0.333333333,0.333333333,0.333344806,0.277290953,0.389364312," We have a lot more money, but there's a lot more of us.  The fact that, you know, five weeks out, this many people going door to door,  and a whole lot of other people around Lorain County, 27 field offices, 175 people,  50 interns, and a whole lot of volunteers like you.",positive,0.57481253,0.39770892,0.027478617,Flat & analytical,Surprised & expressive,Economic,Subtle & Neutral,3.0,negative,0.3333333333333333,0.3333333333333333,0.3333333333333333,0.3333448061,0.2772909533333333,0.3893643116666667
Democratic,Ohio,Sherrod Brown,DAkDv_ztlm_,2024/10/1,This race is about whose side you’re on. I will always be on the side of Ohioans.,neutral,0.3442049,0.6032474,0.0525477,4,negative,0.25,0.0,0.75,0.249725638,0.092125857,0.658148531," I don't see politics so much as left or right.  It's whose side you are.  I talk about the dignity of work.  If you work hard, you ought to be able to get ahead.  Bernie Marino stiffed his employees.  He then destroyed the evidence that the judge required of him.  So just like abortion rights, I support the voters of Ohio, 57 percent.  I joined them, of course, in abortion rights.  And Bernie Marino wants 100 percent.  He said I'm 100 percent pro-life.  No exceptions.  He wants a national abortion ban.  More money spent against me than any race in the country.  And there's a lot more of us than there are of them.  But they've got a whole lot of money.  I'm not complaining.  I just know we have to fight back.",neutral,0.117378026,0.5413828,0.3412392,Flat & analytical,Surprised & expressive,Others,Subtle & Neutral,4.0,negative,0.25,0.0,0.75,0.2497256376,0.0921258574999999,0.6581485309
