Segment,WC,Analytic,Clout,Authentic,Tone,WPS,BigWords,Dic,Linguistic,function,pronoun,ppron,i,we,you,shehe,they,ipron,det,article,number,prep,auxverb,adverb,conj,negate,verb,adj,quantity,Drives,affiliation,achieve,power,Cognition,allnone,cogproc,insight,cause,discrep,tentat,certitude,differ,memory,Affect,tone_pos,tone_neg,emotion,emo_pos,emo_neg,emo_anx,emo_anger,emo_sad,swear,Social,socbehav,prosocial,polite,conflict,moral,comm,socrefs,family,friend,female,male,Culture,politic,ethnicity,tech,Lifestyle,leisure,home,work,money,relig,Physical,health,illness,wellness,mental,substances,sexual,food,death,need,want,acquire,lack,fulfill,fatigue,reward,risk,curiosity,allure,Perception,attention,motion,space,visual,auditory,feeling,time,focuspast,focuspresent,focusfuture,Conversation,netspeak,assent,nonflu,filler,AllPunc,Period,Comma,QMark,Exclam,Apostro,OtherP,Emoji
1,66,32.02,23.94,20.79,6.9,6,18.18,89.39,69.7,53.03,18.18,9.09,4.55,1.52,1.52,0,1.52,9.09,18.18,10.61,0,9.09,15.15,3.03,1.52,4.55,24.24,7.58,1.52,12.12,1.52,6.06,4.55,22.73,3.03,9.09,1.52,3.03,1.52,1.52,0,1.52,0,1.52,0,1.52,0,0,0,0,0,0,0,7.58,3.03,0,0,0,1.52,1.52,4.55,0,0,0,0,3.03,3.03,0,0,9.09,0,0,9.09,0,0,0,0,0,0,0,0,0,0,0,0,0,3.03,0,0,0,0,1.52,0,7.58,13.64,0,1.52,4.55,1.52,0,6.06,1.52,1.52,12.12,0,0,0,0,0,0,28.79,15.15,3.03,0,0,10.61,0,0
1,289,35.52,97.93,63.84,52.28,11.56,13.49,95.5,80.62,61.59,20.07,14.53,1.73,4.15,3.11,0,5.19,5.54,13.49,5.54,0.69,16.26,13.15,3.81,4.5,1.73,24.22,6.92,6.23,6.92,4.84,0.35,1.73,24.22,1.38,9.34,2.77,1.04,2.42,1.73,0,3.11,0,4.84,3.46,1.38,2.08,1.04,1.04,0,0,0,0,20.07,4.5,2.08,1.04,0,0.35,2.08,14.53,0,0,0,0,0.35,0.35,0,0,3.46,0,1.73,0.69,1.04,0,1.04,0.69,0.35,0,0,0,0,0,0,1.73,1.04,1.04,0.69,0,0,0,0.35,0,12.46,11.07,0.35,1.38,9,1.04,0.35,0.69,4.5,6.23,5.88,2.08,0,0,0,0,0,19.38,9.34,4.84,0.69,0,4.15,0.35,0
1,133,30.44,44.51,33.61,3.61,7.82,15.04,92.48,69.17,57.14,18.05,16.54,6.02,1.5,2.26,3.76,2.26,1.5,12.78,6.02,2.26,13.53,8.27,6.02,8.27,2.26,15.79,4.51,6.77,9.77,2.26,3.76,3.76,20.3,0.75,12.03,1.5,0,2.26,2.26,1.5,6.02,0,6.77,2.26,4.51,0.75,0,0.75,0,0,0,0,17.29,5.26,0.75,0,1.5,1.5,2.26,11.28,0,0,0,3.76,0.75,0.75,0,0,4.51,0,0,2.26,2.26,0,2.26,2.26,0,0,0,0,2.26,0,0,2.26,1.5,0.75,0,0,0,0,0,0,9.02,9.02,0,0,7.52,0.75,0,0.75,0.75,3.01,6.77,3.01,0,0,0,0,0,21.8,12.78,3.76,0,0,4.51,0.75,0
1,239,49.46,97.06,46.03,8.51,11.38,11.72,90.79,69.46,55.65,15.48,11.3,0.42,3.77,3.77,0,1.26,4.18,12.55,4.6,2.09,16.74,9.21,4.6,5.86,2.93,22.59,2.93,6.69,10.04,3.77,1.67,4.6,21.76,0,13.81,2.51,1.26,3.77,3.35,1.26,3.35,0,4.18,1.26,2.51,0.42,0,0,0,0,0,0,15.48,2.51,0,0.42,0,0,2.09,13.39,0,0,0.42,0,1.26,0.84,0,0.42,6.69,0,0,3.35,3.35,0,1.67,0.84,0.84,0,0,0,0,0,0,0.84,2.09,1.26,0,0,0,0,0.42,0.42,12.13,10.46,0.84,2.93,8.37,0.42,0,0,3.77,0.84,7.95,5.02,0,0,0,0,0,23.43,10.88,6.69,0.84,0,4.6,0.42,0
1,363,56.74,96.87,27.81,67.94,11.34,12.95,93.94,73.83,55.65,16.25,9.64,0.83,3.86,3.86,0.83,0,6.61,14.88,5.51,2.2,16.53,6.06,6.61,6.61,0.83,19.83,6.61,6.34,8.82,5.23,1.93,1.65,23.42,1.65,11.57,2.2,1.65,3.31,3.58,1.1,3.86,0,3.58,3.31,0.28,0.55,0.55,0,0,0,0,0,15.15,3.58,1.93,0.28,0,0,1.1,11.85,0.28,0,0,1.38,1.38,1.38,0,0,9.92,0,1.65,1.38,7.16,0,0,0,0,0,0,0,0,0,0,0.28,2.48,3.86,0,0,0,0,0.28,0,11.85,8.26,0,1.65,6.61,0.28,0.28,0,3.86,1.1,7.44,5.23,0.55,0,0.28,0.28,0,23.14,9.64,6.34,0.83,0,4.41,1.93,0
1,71,69.43,89.11,41.26,64.63,14.2,11.27,91.55,70.42,59.15,21.13,15.49,7.04,4.23,4.23,0,0,5.63,21.13,11.27,0,15.49,12.68,1.41,1.41,0,19.72,4.23,2.82,14.08,7.04,2.82,4.23,18.31,2.82,8.45,4.23,0,1.41,1.41,0,1.41,0,5.63,4.23,1.41,2.82,2.82,0,0,0,0,0,11.27,1.41,0,0,1.41,0,0,9.86,0,0,0,0,8.45,4.23,4.23,0,2.82,0,0,2.82,0,0,0,0,0,0,0,0,0,0,0,0,0,0,0,0,0,1.41,0,0,7.04,8.45,2.82,2.82,2.82,1.41,0,0,0,0,8.45,4.23,0,0,0,0,0,15.49,7.04,2.82,0,0,5.63,0,0
1,528,28.5,96.39,47.7,4.99,12.28,12.88,93.56,72.73,60.98,19.32,13.26,1.89,4.55,2.08,1.7,2.46,6.06,14.2,5.11,2.46,14.58,9.85,5.11,6.82,2.65,19.13,3.22,4.36,8.9,5.11,0.95,2.84,23.67,1.52,11.17,2.46,1.89,3.03,0.57,1.33,2.65,0.38,3.41,0.38,2.27,0.95,0.95,0,0,0,0,0.76,19.89,4.17,0.38,0,0.38,0.95,1.52,14.96,0.38,0.19,1.52,0.38,3.41,3.03,0.38,0,3.79,0,0,3.03,0.76,0,1.52,0,0,0,0,0,0,0.57,0.19,0.95,0.19,0.95,0.19,0.38,0,0.19,0.57,0,8.71,10.98,0.38,1.52,9.09,0.38,0.38,0,4.92,5.11,5.87,1.52,0.19,0,0.19,0,0,16.67,8.52,4.36,0.38,0,2.46,0.95,0
1,123,27.64,92.81,75.67,98.92,4.56,7.32,92.68,74.8,54.47,19.51,15.45,7.32,2.44,5.69,0,0,4.07,13.01,7.32,0.81,9.76,11.38,8.94,1.63,0,24.39,6.5,2.44,4.88,2.44,0.81,1.63,19.51,1.63,3.25,2.44,1.63,0.81,0,0,0,0,7.32,7.32,0,3.25,3.25,0,0,0,0,0,13.82,3.25,2.44,2.44,0,0,2.44,10.57,0,0,0,0,0,0,0,0,4.07,0.81,0,2.44,0,0.81,1.63,0,0,0,0,0,0,0,0,0.81,0,2.44,0,0,0,0,0.81,0,18.7,13.82,0.81,2.44,7.32,4.07,0,0.81,3.25,3.25,8.94,4.88,4.07,0,3.25,0.81,0,395.93,17.89,5.69,365.04,0.81,6.5,0,0
1,42,18.12,4.61,84.92,88.66,7,19.05,80.95,61.9,52.38,26.19,19.05,16.67,2.38,0,0,0,7.14,14.29,2.38,0,14.29,11.9,2.38,4.76,0,19.05,2.38,0,14.29,7.14,2.38,4.76,16.67,0,2.38,0,2.38,0,0,0,0,0,4.76,4.76,0,0,0,0,0,0,0,0,9.52,4.76,0,0,0,0,2.38,4.76,2.38,0,0,0,4.76,2.38,0,2.38,9.52,2.38,0,7.14,0,0,0,0,0,0,0,0,0,0,0,0,0,0,0,0,0,0,0,0,0,7.14,0,0,7.14,0,0,0,0,4.76,11.9,0,0,0,0,0,0,28.57,14.29,4.76,0,0,9.52,0,0
1,252,25.13,94.51,36.85,50.71,14,13.1,92.06,73.02,60.71,20.24,12.3,3.17,5.16,1.98,0,1.98,7.94,14.29,6.75,1.19,13.1,10.71,5.95,8.33,0,19.05,3.97,3.17,11.11,5.95,1.19,3.97,20.63,0.4,10.32,2.78,1.59,2.38,1.59,0.79,1.59,0,3.97,2.78,0.79,0.79,0.4,0.4,0,0.4,0,0.4,14.68,4.37,2.38,0.79,0.4,0.4,1.19,10.32,0,0,0,0.4,1.19,1.19,0,0,4.76,0,0.4,0,4.37,0,0,0,0,0,0,0,0,0,0,0,0,0.4,0,0,0,0,2.38,0,6.35,9.92,0.79,0.4,7.54,0.4,0.4,0.4,3.17,4.76,4.37,3.97,0.79,0,0.79,0,0,17.06,6.75,6.75,0.4,0,2.78,0.4,0
1,719,17.15,90.28,21.48,1.22,8.36,18.78,86.09,72.88,58.55,17.94,11.54,1.25,0.42,3.48,0.42,4.59,6.4,16.41,5.29,3.76,10.15,12.38,6.4,6.12,1.67,20.03,5.01,7.65,3.06,0.56,0,2.5,22.53,1.11,9.74,2.09,1.53,1.95,2.36,0.42,3.62,0,4.59,0.56,3.89,0.28,0.28,0,0,0,0,0.14,17.52,4.31,0,0,1.39,1.25,1.25,13.07,0.14,0,0,0.56,2.92,2.92,1.81,0,0.97,0,0,0.97,0,0,2.5,0.83,0,0,0,0,0.28,0,0.97,0.14,0.7,0.97,0,0,0,0,0.14,0,8.34,7.09,1.11,1.67,5.29,1.11,0.42,0,2.23,3.06,9.04,0.14,0.97,0,0.42,0.56,0,24.34,10.29,7.93,1.81,0,4.17,0.14,0
1,43,70.9,99,36.92,56.53,14.33,13.95,93.02,72.09,58.14,16.28,13.95,4.65,4.65,4.65,0,0,2.33,18.6,9.3,0,16.28,4.65,4.65,9.3,0,16.28,2.33,4.65,16.28,13.95,0,2.33,20.93,4.65,9.3,0,2.33,4.65,0,0,0,0,2.33,2.33,0,2.33,2.33,0,0,0,0,0,18.6,2.33,2.33,0,0,0,0,16.28,9.3,0,4.65,0,6.98,6.98,0,0,0,0,0,0,0,0,0,0,0,0,0,0,0,0,0,0,4.65,0,0,0,0,0,0,0,6.98,6.98,0,2.33,6.98,0,0,0,6.98,0,4.65,0,0,0,0,0,0,18.6,11.63,4.65,0,0,2.33,0,0
1,224,43.4,92.34,7.72,47.3,13.18,18.75,80.8,67.86,56.25,13.39,10.27,2.23,3.13,2.68,0.45,1.34,3.13,12.05,3.57,4.91,15.63,11.61,5.36,7.59,0,18.75,3.57,7.59,5.36,3.13,1.79,0.45,17.86,1.34,5.36,0.89,1.79,1.79,0,0,0.89,0,1.79,1.79,0,0.45,0.45,0,0,0,0,0,11.16,2.68,1.34,0.45,0,0,1.79,8.48,0,0,0,0.45,2.68,2.68,0,0,4.46,0,0.45,1.34,2.68,0,0,0,0,0,0,0,0,0,0,0.45,0,0,0,0,0,0.45,0.45,0,4.91,8.93,0.45,1.79,4.02,3.13,0,0.45,2.68,1.79,8.48,1.34,0,0,0,0,0,21.88,8.93,6.7,0,0,4.46,1.79,0
1,269,62.76,74.04,56.05,25,13.45,17.47,80.3,59.48,51.3,10.78,7.06,1.86,2.23,0.74,1.86,0.37,3.72,11.52,8.92,0,12.27,9.67,5.58,7.43,0,14.87,3.35,1.86,6.69,2.23,3.35,2.23,21.93,0.74,7.06,2.23,1.12,0.74,0.74,0.37,2.97,0,5.58,2.97,2.6,1.49,0.74,0.74,0,0,0,0,10.41,2.6,0,0.74,0,0,1.86,7.81,0,0,2.23,0.37,2.6,2.23,0.37,0,3.72,0,0.37,1.12,2.23,0,0.74,0,0,0,0,0,0,0.37,0,0.74,0,0.37,0,0,0,0.37,1.12,0,4.09,11.15,1.12,0.37,7.81,1.49,0,0.37,6.32,5.95,4.46,0,0,0,0,0,0,19.7,8.18,7.06,0,0,4.46,0,0
1,157,50,90.02,1,98.43,7.48,16.56,85.35,63.06,51.59,19.75,11.46,2.55,0.64,0.64,7.01,0,8.28,16.56,7.01,0.64,12.1,10.19,1.91,2.55,1.27,16.56,5.73,1.27,7.64,3.18,0.64,3.82,18.47,1.91,3.82,1.27,0,0.64,0,0,0.64,1.27,8.28,7.64,0.64,1.91,1.91,0,0,0,0,0,20.38,6.37,1.91,1.27,0.64,1.91,0.64,13.38,1.27,0.64,0.64,8.28,8.28,7.64,0.64,0,1.91,0,0,1.27,0.64,0,0.64,0,0,0,0,0,0,0,0,0.64,0,0,0.64,0,0,0,0,0,8.92,3.82,0.64,0.64,2.55,0,0,0,2.55,1.91,12.1,0,0,0,0,0,0,23.57,17.83,1.91,0,0,3.82,0,0
1,66,91.46,74.59,29.49,,16.5,18.18,86.36,60.61,51.52,13.64,6.06,1.52,4.55,0,0,0,7.58,13.64,7.58,1.52,21.21,4.55,1.52,6.06,1.52,9.09,4.55,0,13.64,4.55,3.03,6.06,13.64,0,1.52,0,0,1.52,0,0,0,0,0,0,0,0,0,0,0,0,0,0,6.06,1.52,1.52,0,0,0,0,4.55,0,0,0,0,10.61,10.61,0,0,6.06,0,0,6.06,1.52,0,0,0,0,0,0,0,0,0,0,1.52,0,0,0,0,0,0,0,0,9.09,9.09,3.03,0,6.06,0,0,0,9.09,0,6.06,4.55,0,0,0,0,0,10.61,6.06,3.03,0,0,1.52,0,0
1,153,15.29,25.93,83.69,87.07,10.93,15.03,96.73,79.74,65.36,19.61,10.46,5.88,3.27,1.31,0,0,9.15,18.3,7.84,1.96,15.69,16.34,6.54,9.15,1.96,25.49,7.19,7.19,9.8,3.92,3.92,1.96,37.91,4.58,13.07,1.96,4.58,1.31,1.31,0,5.23,0,7.19,5.88,1.31,1.31,0.65,0.65,0.65,0,0,0,8.5,1.96,0,0,0.65,0,0.65,5.88,1.31,0,0,0,1.96,1.31,0.65,0,1.31,0,0,0.65,0,0.65,0,0,0,0,0,0,0,0,0,0,0.65,0.65,0,0,0,2.61,0,0,5.23,4.58,0,1.96,3.27,0,0,0,6.54,5.88,11.76,5.23,0,0,0,0,0,24.84,9.15,5.88,0,0,9.8,0,0
1,153,20.45,63.27,56.02,28.99,10.93,18.95,92.81,71.9,58.17,17.65,11.11,1.96,0.65,2.61,5.88,0,6.54,15.03,6.54,0.65,13.07,9.15,9.8,7.84,2.61,19.61,3.27,1.96,2.61,1.31,0.65,0.65,31.37,0,15.69,4.58,3.27,0.65,1.31,0,7.19,0.65,4.58,2.61,1.96,0.65,0.65,0,0,0,0,0,22.22,8.5,1.96,0.65,0.65,0,5.23,12.42,1.31,0,3.27,5.23,0.65,0.65,0,0,0.65,0,0,0.65,0,0,4.58,3.27,1.31,0,0,0,2.61,0,0,1.31,0.65,0,0,0,0,0,1.31,0,7.19,5.88,0,0.65,5.23,0.65,0,0,5.88,11.11,4.58,0,0,0,0,0,0,18.95,8.5,5.88,0.65,0,3.92,0,0
1,117,26.64,99,5.7,5.87,14.63,18.8,88.89,70.94,60.68,21.37,17.09,2.56,0,9.4,3.42,0.85,4.27,14.53,5.98,0.85,14.53,15.38,3.42,3.42,1.71,23.93,3.42,2.56,6.84,0,0.85,5.98,20.51,0.85,6.84,0,1.71,2.56,0,0,1.71,0,5.13,1.71,3.42,0,0,0,0,0,0,0,23.93,9.4,1.71,1.71,2.56,0,3.42,14.53,0,0,0,3.42,4.27,3.42,0,0.85,0,0,0,0,0,0,0,0,0,0,0,0,0,0,0,0,0,0,1.71,0,0,0,0,0,3.42,11.11,0,4.27,4.27,1.71,1.71,0,2.56,3.42,9.4,2.56,0,0,0,0,0,23.08,6.84,8.55,0.85,0,5.13,1.71,0
1,332,69.21,88.48,25.3,11.11,6.92,21.69,85.24,62.35,47.29,14.16,10.84,3.61,3.31,1.51,2.41,0,3.31,13.25,6.33,1.2,13.86,11.14,1.51,2.71,0.6,19.28,7.23,4.52,12.35,4.52,1.51,6.63,21.39,0.6,6.93,0.3,1.81,1.2,0.3,0.3,2.11,0,5.12,2.11,3.01,0.3,0.3,0,0,0,0,0,15.06,3.31,0,0.9,0.6,0.6,0.9,11.14,1.51,0,0.6,2.71,6.02,6.02,0.6,0,6.63,0.6,0,3.31,3.01,0,0.9,0.6,0,0,0,0,0,0,0,0.3,0.3,0.3,0,0,0,0.3,1.51,0,5.72,10.54,0.6,1.81,7.53,0,0,0.9,2.71,5.42,8.73,2.41,0.9,0.3,0.6,0,0,24.1,13.55,2.11,1.81,0,6.02,0.6,0
1,24,2.87,98.75,15.38,,12,12.5,87.5,70.83,62.5,20.83,12.5,0,4.17,8.33,0,0,8.33,16.67,8.33,4.17,4.17,12.5,8.33,8.33,4.17,12.5,0,8.33,8.33,4.17,0,4.17,25,0,4.17,0,0,0,0,0,4.17,0,0,0,0,0,0,0,0,0,0,0,12.5,0,0,0,0,0,0,12.5,0,0,0,0,8.33,8.33,0,0,4.17,0,0,4.17,0,0,4.17,0,0,0,0,0,0,0,0,0,0,0,0,0,0,0,0,0,4.17,0,0,0,0,0,0,0,8.33,4.17,12.5,0,4.17,0,0,4.17,0,29.17,16.67,8.33,0,0,4.17,0,0
1,179,41.04,96.78,32.66,3.68,16.27,19.55,88.83,71.51,58.1,17.88,10.61,0.56,1.68,3.35,1.68,2.23,7.26,16.2,3.91,1.68,17.32,9.5,5.59,5.59,2.23,18.99,3.91,3.35,5.03,1.68,0.56,2.79,20.67,1.12,8.94,2.23,2.23,1.12,0,2.23,0.56,0,5.59,1.68,3.91,1.68,1.12,0.56,0,0,0,0.56,15.64,1.12,0,0,0,0,1.12,12.85,0,0,0.56,2.79,1.68,1.12,0.56,0,2.79,0.56,0,0,2.23,0,0.56,0,0,0,0,0,0,0,0,1.12,0.56,0.56,1.12,0.56,1.12,0,0,0,10.61,13.97,0,0.56,11.73,1.68,0,0,2.79,3.91,7.82,1.12,0,0,0,0,0,21.79,7.26,7.26,0,0,5.03,2.23,0
1,53,86.71,99,55.39,,26.5,5.66,92.45,69.81,60.38,11.32,7.55,0,3.77,3.77,0,0,3.77,30.19,9.43,7.55,13.21,3.77,3.77,5.66,0,7.55,11.32,20.75,3.77,3.77,0,0,7.55,0,5.66,1.89,0,0,0,0,3.77,0,0,0,0,0,0,0,0,0,0,0,16.98,1.89,1.89,0,0,0,0,15.09,0,0,0,0,0,0,0,0,5.66,0,0,3.77,1.89,0,0,0,0,0,0,0,0,0,0,0,0,0,0,0,0,0,0,0,15.09,11.32,0,1.89,9.43,0,0,0,1.89,0,1.89,1.89,0,0,0,0,0,22.64,3.77,16.98,0,0,1.89,0,0
1,96,97.04,64.67,3.81,91.93,10.67,20.83,83.33,61.46,48.96,4.17,4.17,0,0,0,4.17,0,0,15.63,12.5,5.21,16.67,4.17,3.13,8.33,1.04,10.42,6.25,6.25,6.25,0,1.04,5.21,18.75,1.04,11.46,2.08,2.08,0,3.13,3.13,1.04,0,5.21,5.21,0,1.04,1.04,0,0,0,0,0,8.33,2.08,0,0,0,0,1.04,6.25,0,0,0,6.25,12.5,12.5,0,0,0,0,0,0,0,0,0,0,0,0,0,0,0,0,0,0,0,0,0,0,0,1.04,0,0,7.29,5.21,0,0,5.21,0,0,0,4.17,5.21,2.08,0,0,0,0,0,0,22.92,12.5,8.33,1.04,0,1.04,0,0
1,15,39.7,77.41,63.35,97.84,15,20,73.33,73.33,53.33,13.33,13.33,6.67,6.67,0,0,0,0,13.33,6.67,0,13.33,13.33,6.67,6.67,0,20,6.67,0,6.67,6.67,0,0,6.67,0,0,0,0,0,0,0,0,0,6.67,6.67,0,0,0,0,0,0,0,0,6.67,0,0,0,0,0,0,6.67,0,0,0,0,0,0,0,0,0,0,0,0,0,0,0,0,0,0,0,0,0,0,0,0,0,6.67,0,0,0,0,0,0,6.67,13.33,0,0,13.33,0,0,0,0,0,6.67,0,6.67,0,0,6.67,0,20,6.67,0,0,0,6.67,6.67,0
1,1083,26.28,97.05,38.62,22.54,11.52,14.68,90.49,73.13,58.36,18.56,12.83,1.94,4.71,2.49,0.65,2.68,5.72,15.24,5.45,1.29,13.3,10.34,5.91,6.46,2.4,20.13,4.71,5.17,7.85,5.63,1.2,1.02,23.73,1.66,9.42,2.31,1.39,1.57,0.74,0.83,2.68,0,3.32,1.75,1.57,0.46,0.18,0.28,0,0,0.09,0,17.64,3.32,0.37,0,0.28,0.18,2.03,14.04,0.46,0,0.92,0.09,3.42,2.68,0.37,0.55,3.32,0.09,0.18,1.11,1.94,0.09,1.66,0.28,0.28,0,0,0.09,0.28,0.74,0.18,0.46,0.18,1.85,0,0.18,0,0.28,0.09,0.09,9.7,9.05,0.65,1.2,6.37,0.74,0.46,0.28,4.25,3.51,8.03,2.12,0.74,0.09,0.46,0.18,0,19.76,8.13,6.09,0.55,0,4.62,0.37,0
1,186,4.68,85.18,76.18,14.36,9.3,10.75,93.01,86.02,61.29,26.88,17.74,8.06,3.23,2.69,1.61,1.61,9.14,16.13,5.38,2.69,8.6,11.29,4.84,9.14,0.54,25.27,5.91,3.76,4.3,3.76,0.54,0,20.97,1.61,10.22,5.38,0.54,1.08,2.15,0,2.15,0,3.76,1.08,1.61,1.61,0,0.54,0,0,0,0,13.98,0.54,0,0,0,0,0.54,13.44,0.54,0,2.15,0.54,0,0,0,0,2.15,1.08,0.54,0.54,0,0,1.61,0,0,0,0,0,0,0,0,0,0,1.08,0,0,0,0,0.54,0,9.14,9.14,2.15,2.15,3.76,3.76,0,0,3.23,2.69,6.99,1.08,5.91,0,4.3,1.61,0,29.57,11.29,12.9,0,0,5.38,0,0
1,218,45.97,69.44,78.55,7.73,9.91,12.84,83.49,65.14,50.92,15.6,11.93,2.75,1.38,1.38,2.75,3.67,3.67,11.93,5.05,3.67,12.39,11.93,3.21,3.21,1.38,19.27,5.05,5.96,4.13,1.83,1.38,0.92,23.85,0.46,5.05,0.92,0.46,0.46,0.92,0,2.75,0,5.05,1.83,3.21,0.92,0.46,0.46,0,0,0,0,15.6,5.05,0,0,0.46,1.83,1.38,9.17,0,0,0,2.75,3.67,1.38,1.83,0.46,4.59,0.46,0.46,2.29,1.38,0,0.92,0,0,0,0,0,0,0,0,0.46,0.46,0,0,0,0,0,1.38,0,4.59,15.14,0.46,1.38,12.84,0.92,0,0,5.05,4.13,10.09,0.46,0,0,0,0,0,21.1,10.09,6.42,0,0,4.59,0,0
1,537,12.91,99,41.57,27.64,13.77,12.85,95.72,78.77,64.62,24.02,14.9,1.3,7.45,3.72,0,1.12,9.12,15.27,5.03,1.49,14.34,11.55,5.77,7.26,2.23,21.97,3.72,2.98,12.1,9.87,0.93,1.49,22.35,0.93,10.24,1.12,1.49,1.3,3.35,0.56,3.35,0,2.79,1.68,1.12,1.12,0.37,0.74,0,0,0,0,25.33,6.33,0.74,0.37,0.19,0.37,4.66,18.06,0.74,0.56,0,0,1.3,1.3,0,0,2.79,0,0.74,1.86,0.37,0.19,1.68,0.37,0.19,0,0,0,0,0.37,0,1.12,0.74,0.37,0,0,0,0.19,0.19,0,10.8,7.82,0.56,1.68,6.52,0.56,0,0.19,4.28,1.49,8.01,2.05,0.19,0.19,0,0,0,17.13,6.52,4.84,1.12,0,4.66,0,0
1,151,18.31,70.77,91.9,39.53,15.1,13.91,94.04,73.51,59.6,18.54,15.23,9.27,3.31,1.32,0,0.66,3.31,16.56,4.64,0.66,13.25,7.95,7.95,10.6,1.32,13.25,7.95,3.97,5.96,3.97,1.32,0.66,17.22,1.32,6.62,1.32,1.99,1.99,0,0,1.99,0,2.65,1.99,0.66,1.32,1.32,0,0,0,0,0,16.56,3.31,0.66,0.66,0.66,0,1.99,13.25,1.32,0,1.32,0,0.66,0,0.66,0,11.92,0,0,11.26,1.99,0,0,0,0,0,0,0,0,0,0,0,1.32,0,0,0.66,0,0,0,0,6.62,13.25,0,1.32,10.6,0.66,0,0.66,3.31,4.64,2.65,1.99,0.66,0.66,0,0,0,12.58,6.62,1.99,0,0,3.97,0,0
1,454,19.35,98.67,46.38,80.7,8.25,11.67,90.09,76.87,59.91,20.48,11.23,1.32,3.3,5.51,0.44,0.66,9.25,11.01,5.73,1.76,14.1,9.03,7.71,10.13,0.44,17.84,5.29,3.74,6.39,4.63,1.32,0.44,23.57,1.32,10.35,1.98,2.42,0.66,0.66,1.98,2.86,0,4.85,4.41,0.44,1.1,1.1,0,0,0,0,0,14.76,1.98,0.88,0.66,0.22,0.22,0.66,12.33,1.54,0,0,0.88,0.22,0.22,0,0,3.96,0,0.44,2.64,0.66,0.44,1.54,0.22,0,0,0,0,0,0.44,0,0.66,0,1.54,0,0.22,0,0,0.22,0,11.67,8.81,0,1.32,5.73,0.22,0,1.54,5.51,3.52,6.83,0.22,1.32,0,1.32,0,0,26.43,12.11,7.49,1.54,0,4.85,0.44,0
1,137,83.62,98.42,1.36,1,15.22,21.9,94.16,69.34,58.39,16.79,14.6,0.73,0,0,11.68,2.19,2.19,15.33,8.76,1.46,18.98,5.11,4.38,5.11,0,12.41,5.11,2.19,7.3,0.73,1.46,5.11,16.06,0,5.11,1.46,0.73,0,0,0.73,1.46,0,6.57,0,6.57,0.73,0,0.73,0,0,0,0,25.55,5.84,0,0,4.38,0.73,1.46,18.25,0,0,2.92,10.22,6.57,5.84,2.92,0,7.3,0,0,5.84,2.19,0,2.92,1.46,0.73,0,0,0,0.73,0,0,0,0,1.46,0,0,0,0,0.73,0,4.38,10.22,0,2.19,7.3,0,0.73,0,4.38,8.76,1.46,0,0,0,0,0,0,15.33,6.57,7.3,0,0,0,1.46,0
1,148,22.9,91.56,9.25,20.23,7.79,14.86,95.27,78.38,63.51,18.24,9.46,0.68,2.7,0.68,2.7,2.03,8.78,16.22,6.08,2.03,14.86,8.78,11.49,8.11,0.68,14.86,10.14,6.08,6.76,2.7,2.7,1.35,21.62,1.35,8.11,1.35,2.03,0,2.7,0.68,1.35,0,17.57,8.78,8.78,6.08,0.68,5.41,0,0,4.05,0,16.22,6.76,1.35,1.35,0,2.03,2.7,10.14,0,0,0,2.7,0.68,0,0.68,0,0.68,0.68,0,0,0,0,5.41,2.7,0.68,0,0,0,0,0,2.03,0,0,0,0,0.68,0,0,2.7,0,9.46,9.46,0,0,7.43,0.68,0,1.35,2.7,4.73,6.08,0,0.68,0,0.68,0,0,20.27,14.19,0.68,0,0,4.73,0.68,0
1,99,16.72,96.98,1,10.27,11,16.16,86.87,67.68,53.54,20.2,14.14,2.02,1.01,0,8.08,1.01,6.06,14.14,5.05,0,13.13,12.12,10.1,5.05,0,22.22,6.06,2.02,6.06,1.01,0,5.05,22.22,0,8.08,3.03,4.04,0,0,0,1.01,0,3.03,1.01,2.02,1.01,1.01,0,0,0,0,0,18.18,2.02,0,0,1.01,0,1.01,16.16,0,0,2.02,8.08,1.01,1.01,0,0,4.04,0,0,2.02,2.02,0,1.01,0,0,0,0,0,1.01,0,0,0,0,1.01,0,0,0,0,0,0,6.06,7.07,1.01,2.02,2.02,1.01,2.02,0,3.03,8.08,6.06,2.02,0,0,0,0,0,22.22,9.09,8.08,0,0,5.05,0,0
1,151,15.76,99,22.23,29.12,13.73,11.26,94.7,79.47,65.56,25.83,17.22,5.96,9.93,0,0,0.66,8.61,13.91,5.96,0.66,14.57,13.91,5.3,4.64,0.66,22.52,4.64,1.32,15.23,12.58,0.66,1.99,17.88,0.66,6.62,0,0,2.65,2.65,0,1.32,0,3.31,1.99,1.32,0.66,0.66,0,0,0,0,0,21.85,6.62,0.66,0,1.32,0,1.32,15.23,2.65,0,0.66,0,1.32,1.32,0,0,5.3,0,0,3.97,1.32,0,0,0,0,0,0,0,0,0,0,0,0.66,0.66,0,0,0,0,0,0,3.97,9.27,0.66,3.31,4.64,1.32,0,0,1.32,5.3,5.96,3.31,1.32,0,1.32,0,0,16.56,7.28,5.96,0,0,3.31,0,0
1,132,49.68,94.21,66.42,30.55,8.8,25,84.85,67.42,55.3,23.48,12.88,4.55,3.03,0,0,0,10.61,15.91,8.33,3.03,14.39,9.85,1.52,4.55,0,18.18,3.79,2.27,8.33,4.55,0,3.79,28.03,0,12.88,2.27,0.76,1.52,5.3,0,2.27,0.76,2.27,1.52,0.76,0,0,0,0,0,0,0,17.42,0.76,0,0,0,0,0.76,15.91,1.52,0,0.76,0.76,4.55,4.55,0,0,2.27,0,0,2.27,0.76,0,0.76,0.76,0,0,0,0,0,0,0,0.76,0.76,0.76,0,0,0,0,0,0,3.79,8.33,0,0.76,7.58,0,0,0,4.55,6.82,6.82,1.52,0,0,0,0,0,21.21,12.12,3.03,0.76,0,5.3,0,0
1,28,56.86,21.49,99,,7,14.29,78.57,60.71,50,17.86,14.29,14.29,0,0,0,0,3.57,21.43,14.29,3.57,7.14,10.71,3.57,3.57,0,14.29,3.57,7.14,0,0,0,0,21.43,3.57,3.57,0,0,0,0,0,3.57,0,0,0,0,0,0,0,0,0,0,0,17.86,3.57,0,0,0,0,3.57,14.29,3.57,0,0,0,3.57,3.57,0,0,7.14,3.57,0,3.57,0,0,0,0,0,0,0,0,0,0,0,0,0,0,0,0,0,0,3.57,0,7.14,7.14,0,3.57,3.57,0,0,0,7.14,7.14,10.71,0,3.57,3.57,0,0,0,28.57,14.29,3.57,0,0,10.71,0,0
1,183,24.45,98.9,1,44.83,10.76,18.03,88.52,68.85,54.64,19.67,16.39,1.09,2.73,2.19,9.29,0.55,3.28,18.03,8.2,1.64,8.74,9.29,5.46,7.65,0.55,18.58,4.37,3.83,9.29,3.28,1.09,4.92,21.31,1.09,6.56,0.55,0,1.64,0.55,0.55,3.28,0,4.92,3.28,1.64,0.55,0.55,0,0,0,0,0,23.5,6.56,0.55,1.09,0,0,3.28,16.94,0,0,3.83,6.56,5.46,5.46,0,0,3.28,1.64,0,1.64,0.55,0,1.09,0,0,0,0,0,0,1.09,0,0.55,0.55,2.19,0,0,0,0.55,0,0,7.1,8.2,0.55,0.55,6.56,1.09,0.55,0,3.83,3.28,8.74,2.73,0.55,0,0.55,0,0,16.94,9.29,3.83,0,0,3.83,0,0
1,98,78.57,83.6,83.42,10.19,19.6,18.37,84.69,60.2,47.96,15.31,9.18,3.06,5.1,0,1.02,0,6.12,15.31,7.14,1.02,15.31,6.12,1.02,6.12,0,14.29,5.1,1.02,13.27,5.1,0,8.16,14.29,0,7.14,4.08,0,0,0,0,3.06,0,3.06,1.02,2.04,0,0,0,0,0,0,0,9.18,0,0,0,0,0,0,9.18,0,0,0,2.04,9.18,9.18,0,0,3.06,0,0,2.04,1.02,0,1.02,1.02,0,0,0,0,0,0,0,0,0,1.02,0,0,0,0,1.02,0,9.18,15.31,0,2.04,11.22,1.02,0,2.04,1.02,1.02,7.14,2.04,0,0,0,0,0,15.31,5.1,6.12,0,0,3.06,1.02,0
1,86,2.28,99,16.67,1,12.29,18.6,96.51,73.26,61.63,22.09,15.12,3.49,6.98,2.33,0,2.33,6.98,12.79,3.49,1.16,9.3,16.28,6.98,10.47,0,22.09,4.65,3.49,9.3,8.14,0,1.16,19.77,0,5.81,1.16,1.16,2.33,0,1.16,0,0,6.98,1.16,4.65,2.33,0,1.16,0,0,0,0,16.28,2.33,0,0,0,1.16,1.16,13.95,1.16,0,0,1.16,5.81,5.81,0,0,3.49,0,0,0,3.49,0,5.81,0,0,0,0,0,0,4.65,0,0,0,1.16,0,0,0,0,1.16,0,6.98,11.63,1.16,2.33,6.98,0,0,1.16,1.16,0,15.12,0,2.33,1.16,1.16,0,0,16.28,8.14,2.33,0,0,4.65,1.16,0
1,230,48.8,98.19,29.9,11.39,8.21,22.17,90.43,67.39,51.3,16.52,10,0,3.04,2.61,2.61,1.74,6.52,14.78,7.39,3.48,10.87,9.57,3.04,5.22,0.87,20,5.65,6.09,6.96,4.35,0.43,2.61,25.65,2.17,7.39,1.74,2.61,1.3,0.43,0,1.3,0,6.96,3.04,3.91,0.87,0,0.87,0.43,0,0,0,16.52,4.78,0,0,1.3,0.43,1.74,12.17,0,0.43,2.61,0,4.78,3.48,0.87,0.43,3.48,3.48,0,0,0,0,0.87,0,0,0,0,0,0,0,0.87,0,0.43,1.3,0,0.87,0,0,1.3,0.43,10,10.43,0.43,1.74,4.78,2.17,0.87,0.43,9.57,8.26,8.26,1.3,0,0,0,0,0,22.17,12.17,4.78,0,0,4.78,0.43,0
1,47,92.17,76.11,71.66,,11.75,14.89,93.62,70.21,63.83,8.51,6.38,2.13,4.26,0,0,0,2.13,23.4,14.89,4.26,17.02,14.89,4.26,2.13,0,17.02,8.51,10.64,6.38,4.26,0,2.13,19.15,0,4.26,2.13,0,0,0,0,2.13,0,0,0,0,0,0,0,0,0,0,0,8.51,2.13,2.13,0,0,0,0,6.38,2.13,0,0,0,4.26,4.26,0,0,6.38,0,0,4.26,4.26,0,0,0,0,0,0,0,0,0,0,0,0,0,0,0,0,0,2.13,0,8.51,19.15,4.26,0,12.77,2.13,0,0,2.13,6.38,4.26,6.38,0,0,0,0,0,14.89,8.51,0,0,0,6.38,0,0
1,105,48.23,96.04,2.86,99,9.55,13.33,87.62,73.33,58.1,14.29,13.33,1.9,4.76,1.9,3.81,0,0.95,13.33,4.76,2.86,16.19,11.43,5.71,4.76,1.9,20.95,4.76,6.67,12.38,8.57,0,3.81,18.1,1.9,8.57,0,0.95,2.86,2.86,0.95,2.86,0,8.57,8.57,0,0.95,0.95,0,0,0,0,0,22.86,8.57,6.67,3.81,0,0,3.81,13.33,0,0,0,4.76,3.81,3.81,0,0,4.76,0,0,0,3.81,0.95,0,0,0,0,0,0,0,0,0,1.9,0,0,0,0,0,0,0.95,0,7.62,9.52,0,1.9,5.71,1.9,0,0,1.9,2.86,8.57,0,0.95,0.95,0,0,0,19.05,10.48,3.81,0,0,4.76,0,0
1,123,23.67,44.88,70.82,44.6,13.67,17.89,95.12,74.8,60.16,15.45,8.94,3.25,3.25,0,0,0.81,6.5,13.01,5.69,0.81,14.63,12.2,8.13,7.32,3.25,22.76,4.07,4.07,7.32,4.07,0.81,2.44,27.64,3.25,11.38,2.44,0.81,4.07,1.63,0,3.25,0.81,4.88,3.25,1.63,0,0,0,0,0,0,0,11.38,4.07,0.81,0,1.63,0.81,0,7.32,0,0,0,0,4.88,1.63,3.25,0,9.76,0,0.81,4.88,0,4.07,1.63,0,0,0,0,0,0,0,0.81,1.63,0.81,1.63,0,0,0,0,0.81,0,8.13,11.38,0,2.44,7.32,1.63,0,0.81,6.5,5.69,5.69,3.25,0,0,0,0,0,13.01,7.32,3.25,0,0,1.63,0.81,0
1,395,69.39,84.3,8.72,23.43,12.74,21.01,80.51,62.03,53.42,12.66,7.59,0.76,0.51,1.01,3.04,1.77,5.06,12.66,4.56,4.05,17.22,6.33,4.56,8.1,0,14.18,2.28,3.8,4.81,1.52,0.25,3.04,18.99,0.51,5.57,1.01,1.27,0.51,1.01,0.76,1.01,0.76,4.56,2.28,2.03,1.01,0.25,0.51,0.25,0,0,0,12.66,4.3,0.25,0,1.01,0.25,1.01,8.61,0.51,0.51,0.25,3.04,4.81,3.8,0.51,0.51,5.32,0.76,0,1.77,3.04,0,0.51,0.25,0.25,0,0,0,0,0,0,0.51,0,0.76,0,0,0,0,0.25,0.25,4.81,7.59,1.27,0.76,5.57,0.25,0.25,0,5.06,7.34,3.29,2.28,0,0,0,0,0,18.73,8.86,5.82,0,0,1.77,2.28,0
1,304,20.07,67.07,59.23,44.92,12.67,15.13,91.45,80.59,63.16,17.11,9.21,2.3,2.63,0.66,1.97,0.99,7.89,14.47,6.25,0.66,13.82,11.51,7.57,9.87,1.64,23.36,6.25,2.96,5.26,3.29,0.33,1.64,23.36,2.3,8.55,1.32,1.97,1.97,0.99,0,2.96,0.33,2.3,1.97,0.33,0,0,0,0,0,0,0,11.84,2.96,0,0,0,0,1.97,8.22,0,0,0,1.97,2.96,2.96,0,0,2.3,0,0.33,1.64,0.33,0,0.33,0.33,0,0,0,0,0,0,0,0.66,0,0.99,0.99,0,0,0,0.66,0,6.58,11.51,0.33,1.32,9.87,1.32,0,0,5.59,6.25,5.92,1.32,0,0,0,0,0,16.12,8.88,4.93,0,0,2.3,0,0
1,87,51.42,13.19,28.21,1.05,9.67,20.69,88.51,63.22,50.57,14.94,11.49,5.75,0,1.15,4.6,0,3.45,9.2,4.6,0,17.24,8.05,4.6,6.9,3.45,14.94,6.9,0,4.6,0,1.15,4.6,22.99,1.15,11.49,0,1.15,3.45,2.3,0,8.05,0,8.05,2.3,5.75,1.15,1.15,0,0,0,0,0,17.24,5.75,0,0,1.15,1.15,3.45,10.34,0,0,5.75,1.15,6.9,5.75,2.3,1.15,6.9,2.3,0,3.45,1.15,0,0,0,0,0,0,0,0,0,0,2.3,1.15,0,0,0,0,1.15,1.15,0,6.9,3.45,0,2.3,1.15,0,0,0,5.75,0,5.75,3.45,0,0,0,0,0,20.69,9.2,4.6,1.15,0,4.6,1.15,0
1,82,55.8,61.79,75.67,89.58,13.67,10.98,92.68,79.27,60.98,14.63,8.54,3.66,1.22,1.22,2.44,0,6.1,19.51,12.2,1.22,10.98,6.1,4.88,12.2,0,18.29,7.32,4.88,4.88,1.22,0,3.66,21.95,0,10.98,4.88,0,2.44,2.44,0,1.22,0,4.88,4.88,0,1.22,1.22,0,0,0,0,0,8.54,1.22,0,0,0,1.22,0,6.1,0,0,0,2.44,1.22,1.22,0,0,1.22,0,1.22,0,0,0,0,0,0,0,0,0,0,0,0,2.44,0,1.22,0,0,0,0,0,0,9.76,13.41,0,3.66,8.54,2.44,0,0,4.88,2.44,4.88,0,0,0,0,0,0,14.63,7.32,6.1,0,0,1.22,0,0
1,79,98.95,95.09,38.11,97,13.17,25.32,84.81,65.82,49.37,5.06,5.06,0,3.8,1.27,0,0,0,13.92,11.39,1.27,21.52,6.33,3.8,3.8,0,15.19,5.06,8.86,11.39,6.33,1.27,3.8,13.92,0,1.27,0,0,0,0,0,1.27,0,6.33,6.33,0,1.27,1.27,0,0,0,0,0,16.46,7.59,1.27,1.27,0,1.27,3.8,8.86,0,0,0,0,3.8,2.53,1.27,0,6.33,0,0,5.06,3.8,0,0,0,0,0,0,0,0,0,0,0,0,0,0,0,0,1.27,0,0,10.13,7.59,0,1.27,6.33,0,0,0,7.59,6.33,3.8,0,0,0,0,0,0,12.66,7.59,3.8,0,0,1.27,0,0
1,247,7.43,99,77.41,58.25,14.53,12.55,90.28,75.3,63.56,21.86,14.17,1.21,2.02,6.48,1.21,2.02,7.69,13.77,4.86,1.62,12.55,12.55,8.91,8.1,1.62,21.46,4.45,3.24,6.88,2.83,0.4,3.64,26.72,0.81,13.36,4.05,2.02,2.43,1.62,0.81,3.24,0,4.86,3.64,1.21,1.21,0.4,0.81,0.4,0,0,0,17.81,2.02,0.81,0,0.4,0,0.4,15.38,1.21,0,0.4,1.21,2.43,2.02,0.4,0,1.62,0,0.81,0.81,0,0,0.4,0.4,0.4,0,0,0,0,0,0,0.4,0.81,0.4,0,0,0,0,0,0,8.91,12.96,0,3.64,10.93,0.4,0.4,0,2.83,0.81,10.93,1.21,0,0,0,0,0,15.38,6.48,3.64,0.4,0,4.86,0,0
1,83,38.29,79.87,9.35,57.93,8.3,22.89,91.57,68.67,57.83,21.69,12.05,6.02,1.2,3.61,1.2,0,9.64,12.05,1.2,1.2,20.48,12.05,6.02,2.41,0,21.69,3.61,3.61,12.05,2.41,2.41,7.23,18.07,2.41,6.02,1.2,2.41,1.2,2.41,0,0,0,2.41,2.41,0,0,0,0,0,0,0,0,15.66,7.23,1.2,0,0,1.2,3.61,8.43,0,0,0,1.2,2.41,2.41,0,0,8.43,1.2,0,6.02,1.2,0,2.41,2.41,1.2,0,0,1.2,0,0,0,0,0,1.2,0,0,0,0,0,0,4.82,9.64,2.41,0,4.82,1.2,1.2,0,1.2,3.61,7.23,2.41,0,0,0,0,0,20.48,10.84,0,1.2,0,8.43,0,0
1,52,36.37,88.42,81.58,49.66,7.43,17.31,78.85,63.46,50,21.15,17.31,5.77,3.85,1.92,0,5.77,3.85,9.62,3.85,3.85,11.54,7.69,1.92,5.77,0,19.23,0,3.85,7.69,5.77,1.92,0,21.15,1.92,5.77,0,0,3.85,1.92,0,1.92,0,1.92,1.92,0,0,0,0,0,0,0,0,19.23,5.77,3.85,1.92,0,0,1.92,11.54,0,0,0,0,0,0,0,0,5.77,0,0,3.85,1.92,0,0,0,0,0,0,0,0,0,0,1.92,0,0,0,0,0,0,0,0,11.54,7.69,0,3.85,7.69,0,0,0,7.69,3.85,5.77,0,0,0,0,0,0,25,17.31,3.85,0,0,1.92,1.92,0
1,206,37.18,83.93,52.37,14.87,10.84,15.05,87.86,73.79,58.74,20.39,16.99,6.8,1.46,0.49,6.8,0,3.4,15.05,7.77,1.94,12.14,6.8,4.37,8.74,0.49,17.96,2.91,4.37,5.83,4.37,1.46,0,24.27,1.94,10.68,3.88,2.43,0,3.88,0,1.94,0,4.37,1.94,2.43,1.46,0,1.46,0,0,0,0,22.33,6.8,0,1.46,0,0,3.88,15.53,2.91,0,0,9.71,0,0,0,0,1.46,0.97,0,0.49,0,0,3.4,0.97,0.97,0,0,0,0,0,0,0,0,0.49,0,0,0,0,0.97,0,6.31,12.14,0.49,4.37,3.88,0,0,3.4,4.37,9.71,3.4,1.46,0.97,0,0.49,0.49,0,18.45,11.65,4.85,0.49,0,1.46,0,0
1,169,25.02,97.55,27.31,99,7.68,20.71,94.67,78.11,63.31,22.49,12.43,2.37,2.37,4.73,0,2.96,10.06,14.79,5.92,2.37,14.79,10.65,7.1,5.33,0.59,17.16,5.92,4.73,8.28,5.92,2.37,0.59,17.16,0.59,6.51,0.59,0,1.78,1.18,0,3.55,0,8.28,8.28,0,1.18,1.18,0,0,0,0,0,21.89,7.1,4.14,1.78,0,0,3.55,14.2,0.59,0,0,0,0,0,0,0,4.73,0.59,0,2.96,0,1.18,1.78,0,0,0,0,0,0,1.78,0,0,0.59,0.59,0,0,0,0,0,1.18,7.69,8.88,0,1.18,7.1,1.18,0,0,1.78,1.18,7.1,0.59,1.78,0,0.59,1.18,0,25.44,15.38,5.33,0,0,4.14,0.59,0
1,146,40.1,95.6,79.21,51.92,10.43,15.75,91.1,68.49,54.79,23.29,13.7,4.11,8.22,1.37,0,0,9.59,19.18,6.16,2.74,13.7,6.85,2.74,6.16,0.68,16.44,4.11,2.74,11.64,10.27,1.37,0,17.12,1.37,6.85,0.68,0,2.74,0.68,0.68,2.74,0,3.42,2.74,0.68,0,0,0,0,0,0,0,17.81,4.11,0.68,0,0.68,0.68,1.37,10.96,1.37,0,0,0,1.37,1.37,0,0,3.42,0,0,1.37,2.74,0,2.05,1.37,0.68,0,0.68,0.68,0,0.68,0,1.37,0,2.05,0.68,0,0,1.37,0,0,11.64,15.07,0,4.11,10.27,0.68,0,0.68,3.42,1.37,6.85,2.05,0,0,0,0,0,20.55,9.59,4.79,0,0,5.48,0.68,0
1,102,64.21,96.5,6.58,4.72,25.5,16.67,94.12,61.76,53.92,16.67,12.75,4.9,2.94,0,0,2.94,3.92,15.69,5.88,0,15.69,9.8,0.98,5.88,0,15.69,1.96,5.88,18.63,6.86,2.94,8.82,16.67,3.92,4.9,0.98,0,1.96,0.98,0,1.96,0,5.88,1.96,3.92,0,0,0,0,0,0,0,21.57,3.92,0,0,3.92,0,0,17.65,3.92,0,0.98,0,7.84,7.84,0,0,4.9,0,0,4.9,0,0,0,0,0,0,0,0,0,0,0,0,0,0.98,0,0,0,0.98,0.98,0,7.84,1.96,0,0.98,0.98,0,0,0,1.96,4.9,3.92,3.92,0,0,0,0,0,21.57,3.92,10.78,0,0,6.86,0,0
1,86,24.69,40.06,61.77,3.38,12.29,17.44,91.86,77.91,63.95,18.6,10.47,4.65,1.16,4.65,0,0,8.14,20.93,8.14,0,12.79,11.63,5.81,9.3,1.16,22.09,5.81,3.49,4.65,1.16,0,3.49,29.07,0,18.6,4.65,5.81,2.33,1.16,1.16,5.81,0,3.49,0,2.33,0,0,0,0,0,0,1.16,9.3,2.33,0,0,1.16,0,0,6.98,0,0,1.16,0,2.33,2.33,0,0,2.33,0,0,2.33,0,0,1.16,0,0,0,0,0,1.16,0,0,0,0,1.16,0,0,0,0,2.33,0,3.49,8.14,2.33,1.16,4.65,0,1.16,0,1.16,6.98,3.49,2.33,0,0,0,0,0,16.28,8.14,6.98,0,0,1.16,0,0
1,99,28.02,89.78,18.26,,19.8,11.11,91.92,75.76,59.6,21.21,9.09,1.01,5.05,2.02,1.01,0,12.12,18.18,4.04,6.06,15.15,10.1,3.03,8.08,1.01,21.21,3.03,7.07,6.06,5.05,0,1.01,19.19,1.01,11.11,3.03,1.01,3.03,3.03,0,3.03,0,0,0,0,0,0,0,0,0,0,0,10.1,2.02,0,0,0,0,0,8.08,0,0,1.01,0,2.02,2.02,0,0,6.06,0,1.01,0,5.05,0,0,0,0,0,0,0,0,0,0,4.04,1.01,3.03,2.02,0,0,0,0,0,10.1,6.06,0,2.02,5.05,0,0,0,3.03,1.01,9.09,5.05,0,0,0,0,0,20.2,5.05,7.07,0,0,3.03,5.05,0
1,114,4.13,70.59,45.82,61.63,11.4,10.53,88.6,76.32,64.91,21.05,14.91,3.51,2.63,2.63,5.26,0,6.14,12.28,4.39,2.63,13.16,13.16,8.77,8.77,5.26,22.81,0,3.51,6.14,5.26,0.88,0,26.32,1.75,8.77,1.75,1.75,0.88,0.88,0,5.26,0,2.63,2.63,0,0.88,0.88,0,0,0,0,0,18.42,4.39,0,0,0,0,2.63,14.04,0.88,0,0.88,5.26,1.75,1.75,0,0,0.88,0.88,0,0,0,0,3.51,0.88,0.88,0,0,0,0,0,0.88,0,0,0.88,0,0,0,0.88,0,0,9.65,8.77,0.88,0.88,7.02,0.88,0,0,5.26,5.26,11.4,0,0.88,0,0.88,0,0,21.93,7.89,5.26,0.88,0,7.02,0.88,0
1,146,26.97,98.25,4.74,20.23,16.22,10.96,92.47,71.92,60.96,22.6,15.07,1.37,4.11,2.05,6.85,0,7.53,17.81,3.42,4.11,12.33,8.22,2.05,5.48,2.05,15.07,5.48,8.22,11.64,6.85,0.68,4.11,24.66,3.42,10.96,2.74,2.05,0.68,2.05,0,4.11,0,1.37,0.68,0.68,0,0,0,0,0,0,0,20.55,3.42,0,0,0,0,1.37,17.12,0.68,0,2.74,6.16,2.05,2.05,0,0,2.05,0,0,1.37,0.68,0,0.68,0,0,0,0,0,0.68,0,0,0,0,0,0,0,0,0,1.37,0,8.22,4.79,0.68,1.37,3.42,0,0,0,3.42,5.48,3.42,0.68,0,0,0,0,0,10.96,6.16,4.79,0,0,0,0,0
1,205,31.47,98.17,20.9,26.62,17.08,16.1,86.83,70.73,59.02,19.51,14.63,1.46,2.44,1.95,7.32,1.46,4.88,10.24,4.88,0.98,16.1,9.76,4.88,8.78,0.98,20,2.93,1.95,6.34,3.41,0.49,2.44,20.49,0,9.27,3.41,1.46,0.49,1.46,0,2.44,0,1.46,0.98,0.49,0.49,0.49,0,0,0,0,0,20.49,4.39,0.49,0.49,0,0.49,3.41,16.1,0,0.49,1.46,7.32,3.9,3.41,0,0.49,1.95,0.98,0,0.98,0,0,0,0,0,0,0,0,0,0,0,0,0,0.49,0,0,0,0,0,0,3.9,11.71,0,2.44,7.8,0.98,0.98,0,3.9,3.9,6.83,2.93,0.49,0,0.49,0,0,20.98,5.85,10.73,0,0,4.39,0,0
1,134,18.55,80.84,64.38,,8.38,14.18,91.04,74.63,59.7,20.15,12.69,2.24,2.24,5.22,2.99,0,7.46,14.93,5.97,1.49,14.18,10.45,8.21,5.97,3.73,19.4,6.72,3.73,5.97,2.24,0,3.73,29.85,0.75,13.43,2.99,1.49,0.75,3.73,0,6.72,0.75,0,0,0,0,0,0,0,0,0,0,17.16,3.73,0,0,0,0,2.24,12.69,0,0,0,2.99,4.48,4.48,0,0,4.48,0,0,3.73,0.75,0,1.49,1.49,0,0,0,0,0,0,0,0.75,0,0,0,0,0,0,0.75,0,10.45,9.7,0.75,1.49,5.97,0.75,0.75,0.75,4.48,5.22,7.46,0,0,0,0,0,0,22.39,11.94,3.73,0,0,6.72,0,0
1,86,8.25,99,1,74.64,14.33,17.44,91.86,70.93,56.98,30.23,12.79,2.33,8.14,0,0,2.33,17.44,17.44,3.49,1.16,10.47,9.3,3.49,5.81,0,18.6,5.81,1.16,13.95,10.47,2.33,1.16,19.77,0,11.63,0,4.65,3.49,0,1.16,1.16,0,5.81,4.65,1.16,0,0,0,0,0,0,0,16.28,3.49,2.33,0,0,0,1.16,12.79,0,0,0,0,0,0,0,0,5.81,1.16,0,4.65,2.33,0,2.33,0,0,0,0,0,0,0,0,1.16,0,4.65,0,0,0,1.16,1.16,0,4.65,4.65,0,0,3.49,1.16,0,0,1.16,4.65,6.98,2.33,0,0,0,0,0,23.26,6.98,8.14,0,0,6.98,1.16,0
1,206,4.93,78,62.69,41.74,13.73,16.99,92.23,77.18,66.5,22.82,12.62,3.4,2.43,4.85,1.94,0,10.19,9.71,4.85,0,14.56,13.59,10.19,9.22,1.94,20.87,4.85,2.43,4.85,2.43,0.49,1.94,26.21,0.49,10.68,2.91,0.97,0.49,1.46,0.97,4.85,0,1.46,1.46,0,0,0,0,0,0,0,0,14.08,2.43,0.49,0,0,0,0.97,9.71,0,0,0,1.94,1.94,1.46,0,0.49,3.88,0.49,0,2.43,0.97,0,2.91,2.91,0,0,0,0,0,0,0,0.49,0,0,0.49,0,0,0,1.94,0,4.37,7.28,0.49,0.49,6.31,0,0,0,4.37,4.37,7.77,3.4,0,0,0,0,0,19.42,7.28,5.83,0,0,6.31,0,0
1,345,61.37,97.79,8.16,13.95,11.13,14.49,90.72,71.3,54.78,17.68,14.2,1.74,1.45,2.03,7.83,0.29,3.48,12.46,6.67,2.32,16.81,6.67,5.22,5.22,1.45,17.68,5.8,1.74,7.54,2.32,2.32,2.9,19.13,0.58,10.43,4.93,0.87,1.45,1.16,0,2.61,0,6.96,3.19,3.77,0,0,0,0,0,0,0,22.32,4.93,0,0,2.03,0.87,1.16,17.39,0,0.87,0.87,8.99,1.16,1.16,0,0,4.64,0,0.29,1.74,2.9,0,1.16,0.87,0,0,0,0,1.16,0,0,0,1.45,0,0,0.29,1.74,0,0.58,0,9.86,10.43,0.29,1.45,6.38,2.61,0,0,2.61,1.74,9.28,0.58,0,0,0,0,0,17.39,8.41,4.35,0.58,0,3.19,0.87,0
1,74,73.93,56.18,94.68,62.77,6.17,21.62,94.59,62.16,47.3,16.22,9.46,5.41,4.05,0,0,0,6.76,14.86,9.46,0,14.86,2.7,4.05,8.11,1.35,14.86,4.05,0,14.86,4.05,5.41,6.76,20.27,1.35,12.16,4.05,2.7,1.35,1.35,0,1.35,0,8.11,5.41,2.7,2.7,2.7,0,0,0,0,0,14.86,6.76,0,0,0,5.41,1.35,6.76,0,0,0,0,9.46,9.46,0,0,5.41,0,0,5.41,0,0,0,0,0,0,0,0,0,0,0,1.35,0,0,0,0,0,0,0,0,6.76,14.86,0,4.05,9.46,0,0,0,4.05,4.05,4.05,2.7,0,0,0,0,0,21.62,16.22,2.7,0,0,2.7,0,0
1,226,76.39,61.1,43.77,1,16.14,16.37,85.84,62.39,52.65,6.64,3.1,0.88,0,1.33,0,0.88,3.54,15.04,8.41,6.19,13.72,7.52,4.87,9.73,0.44,10.62,5.31,7.96,5.31,1.33,0,3.98,18.14,1.33,4.42,1.33,0.88,0.44,1.77,0.44,0.88,0,9.73,1.77,7.96,1.77,0.44,1.33,0.44,0,0.44,0,11.95,8.85,1.33,0,4.87,0.88,0.44,4.42,0,0.44,0.88,0,3.54,1.77,1.77,0,2.21,0.44,0.44,0,0.88,0.44,3.1,0,0,0,0,0,0.44,0,2.21,0,0,0.88,0,0,0,0,0,0,4.87,9.29,0,0.44,7.08,1.33,0,0.44,7.08,5.31,4.87,0,0.44,0,0.44,0,0,17.7,6.64,8.41,0.44,0,1.33,0.88,0
1,62,17.22,97.31,35.88,99,20.67,12.9,95.16,72.58,53.23,16.13,9.68,1.61,3.23,3.23,0,1.61,6.45,12.9,8.06,0,8.06,11.29,4.84,11.29,1.61,22.58,9.68,1.61,11.29,3.23,4.84,3.23,27.42,0,12.9,6.45,1.61,3.23,1.61,0,1.61,0,12.9,12.9,0,3.23,3.23,0,0,0,0,0,17.74,3.23,1.61,1.61,0,0,1.61,12.9,0,0,0,0,3.23,3.23,0,0,4.84,0,0,4.84,0,0,1.61,0,0,0,0,0,0,0,0,0,3.23,0,3.23,0,0,1.61,0,0,11.29,4.84,0,0,4.84,0,0,0,4.84,3.23,11.29,0,0,0,0,0,0,11.29,4.84,1.61,0,0,4.84,0,0
1,206,39.98,94.24,94.02,49.98,15.85,12.62,95.63,78.64,64.08,19.9,17.96,5.83,0.97,7.77,0,0.97,1.94,13.59,6.8,0.49,16.5,9.22,7.28,6.31,0.49,19.42,3.88,3.4,6.31,3.88,0,2.43,23.3,0.97,12.62,2.91,1.94,1.46,3.4,2.43,2.91,0,4.37,2.91,0.97,0.49,0.49,0,0,0,0,0.49,20.39,7.28,0.49,0,0.97,0.97,0.97,13.11,0.49,0,0,0.49,2.43,2.43,0,0,1.94,0.97,0,0.49,0.49,0,0.49,0,0,0,0,0,0,0,0,0,0.49,0.49,0,0,0,0,0.49,0.97,9.71,10.68,0.49,3.4,8.25,0.97,0.49,0.49,4.85,1.46,5.83,2.43,0.97,0.97,0,0,0,15.53,4.85,6.8,1.46,0,1.94,0.49,0
1,92,60.52,81.44,97.91,35.66,8.36,17.39,94.57,66.3,50,13.04,8.7,2.17,1.09,5.43,0,0,4.35,18.48,8.7,2.17,10.87,10.87,4.35,3.26,1.09,20.65,8.7,6.52,4.35,2.17,1.09,1.09,21.74,0,13.04,3.26,0,2.17,2.17,1.09,4.35,0,5.43,3.26,2.17,2.17,1.09,1.09,0,0,0,0,14.13,5.43,3.26,2.17,1.09,0,2.17,8.7,1.09,0,0,0,2.17,2.17,0,0,4.35,0,0,2.17,2.17,0,5.43,0,0,0,0,0,0,2.17,1.09,2.17,0,0,0,0,0,0,0,1.09,9.78,18.48,1.09,3.26,15.22,1.09,0,1.09,3.26,1.09,4.35,5.43,0,0,0,0,0,17.39,13.04,3.26,0,0,1.09,0,0
1,263,8.13,85.67,78.32,73.72,8.48,9.51,94.3,78.33,63.12,21.29,15.97,5.32,5.7,1.52,3.42,0,5.32,13.31,5.32,4.18,13.31,15.21,8.75,7.6,0.76,25.86,6.08,7.6,7.22,6.08,0.38,0.76,29.28,0.76,11.41,1.52,1.14,2.28,3.42,0.76,3.8,0.38,4.18,3.8,0.38,2.28,2.28,0,0,0,0,0,16.35,4.56,0,0,0,0,3.42,11.41,0,0,0,3.42,1.52,1.14,0,0.38,0.76,0,0,0.76,0,0,0,0,0,0,0,0,0,0,0,1.14,1.14,1.9,0,0,0,0,0,0,9.89,12.93,0,2.28,9.13,1.9,0,0.38,6.08,4.94,8.37,4.56,0.38,0,0,0.38,0,27.38,10.27,6.08,1.52,0,9.51,0,0
1,406,19.13,93.2,74.07,42.09,13.1,10.1,91.63,77.09,61.58,18.47,12.81,1.97,4.19,2.96,2.71,0.74,5.67,14.53,7.39,1.72,12.32,9.85,9.36,7.88,2.22,19.7,6.9,5.42,6.4,4.93,0.49,0.99,21.18,0.25,11.58,3.94,2.46,0.99,0.74,1.48,4.19,0,2.96,2.22,0.74,0.74,0.49,0.25,0,0,0.25,0,14.53,1.48,0.25,0,0,0,0.74,12.81,0,0.74,0.25,2.46,1.23,1.23,0,0,2.22,0.25,0,1.23,1.48,0,0.99,0,0,0,0,0,0,0,0,0.49,0,0.74,0.49,0.49,0,0,0.49,0,10.34,13.55,0,3.2,8.62,1.48,0,0.74,3.45,5.67,7.14,2.71,0.49,0,0.25,0.25,0,17,7.88,4.68,0.49,0,3.2,0.74,0
1,151,59.93,74.1,85.05,29.12,10.79,19.21,90.07,72.85,58.94,13.25,7.95,2.65,1.32,3.97,0,0,5.3,11.26,7.95,2.65,18.54,9.27,7.28,8.61,1.32,17.88,5.3,4.64,6.62,1.32,1.99,3.31,21.85,0.66,9.93,1.99,1.99,0.66,2.65,0,4.64,0,4.64,2.65,1.99,0,0,0,0,0,0,0,13.91,5.3,1.32,2.65,1.99,0.66,1.32,9.27,0,0,0,1.32,4.64,4.64,0,0,1.32,0,0.66,0.66,0,0,0.66,0,0,0,0,0,0,0,0,0,0,0.66,0,0,0,0,0,0,7.28,11.26,0,0.66,9.93,0.66,0,0,4.64,1.99,7.95,1.32,0,0,0,0,0,21.19,10.6,6.62,0,0,3.97,0,0
1,212,20.65,86.4,14.39,33.4,10.1,11.79,89.62,75.47,55.19,19.81,17.92,6.13,4.72,0.94,3.3,2.36,1.89,8.02,5.19,0.47,10.85,8.96,6.6,5.19,2.83,24.06,4.72,1.42,8.49,4.72,1.42,2.36,24.53,0.47,12.74,0.47,0.47,7.55,1.42,1.89,1.89,0,5.66,3.3,2.36,1.89,1.42,0.47,0,0,0,0,19.81,4.72,0,0,0.94,0.47,2.36,14.15,0,0,0.94,2.36,0.94,0.94,0,0,3.77,0,0,2.36,0.94,0.47,0,0,0,0,0,0,0,0,0,1.42,5.66,0.47,0,0,0,0,1.89,0.47,12.74,13.21,0.94,2.36,9.43,0,0.47,0,2.83,6.13,4.72,1.42,0,0,0,0,0,23.11,11.32,6.6,0,0,4.25,0.94,0
1,391,14.64,99,24.52,99,4.25,7.42,94.12,75.7,52.17,27.11,23.53,8.18,1.79,9.46,3.32,0.77,3.58,9.46,3.07,0,9.72,9.21,4.09,2.3,0.51,24.81,5.12,3.07,4.6,4.09,0.51,0,18.67,2.56,6.14,2.56,1.02,1.53,0.26,1.28,0.26,0.51,12.02,11.76,0.26,4.86,4.6,0.26,0,0.26,0,0,27.62,8.95,4.86,4.35,0,0,5.63,19.95,2.05,0.77,1.79,5.12,0.51,0.51,0,0,1.53,0,0.26,1.28,0,0,0.51,0,0,0,0,0,0,0,0,1.28,0.26,2.05,0,0,0,0,0.77,0,16.11,9.72,0,1.02,4.86,3.58,0,0.26,2.3,5.12,5.63,2.81,6.14,0.77,4.86,0.51,0,37.08,21.74,7.16,2.81,0,5.37,0,0
1,403,37.96,99,67.33,46.46,16.79,19.11,91.56,71.96,55.58,18.36,12.66,1.99,6.45,0.99,0.99,0.25,5.71,13.15,5.46,2.23,13.65,10.67,4.22,5.96,0.5,21.09,6.95,2.98,10.67,7.94,0.5,2.23,19.85,0.5,5.71,0.25,0.99,1.99,1.24,0,0.74,0.25,5.21,3.47,1.74,0.25,0.25,0,0,0,0,0,18.11,2.98,0.74,0.5,0.74,0.25,0.99,14.89,0.5,0,0,1.24,3.23,2.48,0.5,0.25,3.23,0.74,0.74,0.5,1.24,0,0.74,0,0,0,0,0,0,0,0.25,0.74,0.74,0.99,0.99,0,0,0,2.23,0,10.67,15.88,0.25,2.73,12.41,1.24,0.74,0.25,5.46,5.21,7.44,0.99,0,0,0,0,0,18.61,6.7,7.94,0,0,3.23,0.74,0
1,74,24.47,94.28,27.74,39.97,10.57,16.22,87.84,68.92,59.46,17.57,10.81,2.7,4.05,2.7,1.35,0,6.76,17.57,6.76,1.35,8.11,10.81,2.7,8.11,1.35,16.22,6.76,8.11,4.05,4.05,0,0,20.27,2.7,9.46,1.35,2.7,1.35,0,1.35,2.7,0,4.05,2.7,1.35,1.35,0,1.35,0,0,0,0,14.86,1.35,1.35,1.35,0,0,1.35,12.16,0,0,0,4.05,2.7,1.35,1.35,0,0,0,0,0,0,0,0,0,0,0,0,0,0,0,0,0,0,0,0,1.35,0,0,1.35,0,8.11,9.46,0,1.35,8.11,0,0,0,1.35,1.35,8.11,0,1.35,0,1.35,0,0,16.22,9.46,2.7,0,0,4.05,0,0
1,368,20.46,70.07,46.68,40.09,11.87,18.48,91.58,73.37,60.05,20.11,10.33,1.63,1.63,1.09,1.9,4.08,9.78,14.13,5.98,2.17,11.96,8.7,5.71,7.61,3.26,18.75,3.8,2.99,4.62,2.45,0,2.17,23.91,1.9,13.04,0.82,3.26,2.17,1.36,0.82,4.08,0,2.45,1.9,0.54,0,0,0,0,0,0,0,17.12,5.71,2.45,0.27,0.27,0,2.17,11.41,0,0,0,2.45,5.98,5.71,1.09,0,4.89,0,0.54,1.9,2.45,0,0.54,0.27,0,0.27,0,0,0,0,0.27,0,0.82,0.54,0,0,0,0,0.27,0,9.51,12.23,0.27,2.72,9.78,0,0.27,0,2.72,5.71,3.8,0.54,0,0,0,0,0,19.02,7.88,6.25,0.82,0,3.26,0.82,0
1,207,44.59,87.1,25.51,4.83,12.18,18.36,89.37,70.05,54.59,15.94,11.59,2.42,1.93,0.97,2.9,1.45,4.35,13.04,7.73,2.9,13.04,11.59,4.83,4.83,1.93,22.71,3.86,3.86,6.76,2.42,0.97,4.35,24.15,0.97,8.21,1.45,1.45,1.93,0.48,0.48,1.93,0,2.9,0.48,2.42,0.97,0,0.97,0.97,0,0,0,16.43,3.38,0.48,0,0.97,0,1.45,12.56,0.48,0,0.48,2.9,4.35,4.35,0.48,0,2.9,0,0.97,0.97,0.97,0,0,0,0,0,0,0,0,0,0,1.93,0,2.42,0,0,0,0,0.48,0,8.21,9.18,0,1.93,8.21,0,0,0,3.38,5.8,9.66,0.97,0,0,0,0,0,17.39,7.73,2.9,0.48,0,5.31,0.97,0
1,351,57.81,99,54.92,7.44,10.64,13.11,91.17,73.5,58.4,19.37,15.1,2.56,2.85,4.56,1.99,1.99,4.27,13.96,8.26,1.42,15.67,9.12,3.13,5.98,0.28,19.09,4.56,3.42,9.69,5.98,1.42,2.28,17.95,0,6.27,1.99,1.99,0.85,0.57,0,1.42,0.28,5.13,1.71,3.13,1.42,0,1.14,0,0,0.85,0,21.94,3.99,0,0.57,0.28,0,1.99,17.95,3.42,0,0.85,3.13,1.14,0.85,0.28,0,0.57,0,0,0.57,0,0,3.42,3.13,0.57,0,0.28,0.85,0,0,0,0,0.28,0.85,0,0,0,0,1.14,0,7.98,10.54,0.28,2.85,7.41,1.14,0,0.85,5.41,4.27,5.13,0.28,0,0,0,0,0,18.8,10.26,4.56,0.28,0,3.13,0.57,0
1,506,22.14,81.04,67.06,10.45,13.68,14.43,88.14,69.37,57.51,17.98,11.66,2.77,3.36,2.17,1.38,1.78,6.32,14.43,5.34,1.58,12.65,13.24,4.74,4.94,3.75,22.13,4.15,3.95,7.51,4.74,0.79,1.98,24.11,1.78,11.86,3.56,1.78,2.17,0.59,1.38,3.36,0,3.75,1.38,2.37,0.99,0.4,0.59,0.4,0,0.2,0,15.22,3.16,0.59,0.59,0.4,0.2,1.38,11.86,0.2,0.2,0,1.78,1.19,0.99,0.2,0,3.36,0.2,0.2,0.79,1.98,0.2,0.79,0.4,0.4,0,0,0,0,0.4,0,1.19,0.59,0.99,0.4,0,0,0,0.59,0,10.08,13.24,0.2,1.78,11.66,0.2,0.2,0.2,0.99,3.16,8.7,2.96,0.4,0,0.4,0,0,23.72,7.11,5.93,3.16,0,6.72,0.79,0
1,110,56.07,99,1.71,1,13.75,15.45,93.64,74.55,62.73,19.09,16.36,0.91,0.91,1.82,10.91,0,2.73,12.73,8.18,0,18.18,8.18,6.36,6.36,0.91,18.18,1.82,0,4.55,0.91,1.82,1.82,17.27,0,4.55,0,0,0.91,0.91,0,2.73,0,8.18,1.82,6.36,3.64,0,3.64,0,1.82,0.91,0,30.91,8.18,1.82,0,4.55,0,2.73,22.73,0,0,4.55,11.82,3.64,3.64,0,0,3.64,0,0,3.64,0,0,0.91,0,0,0,0,0,0.91,0,0,0,0.91,0,0,0,0,0,0,0,7.27,12.73,0.91,2.73,9.09,1.82,0,0,2.73,5.45,5.45,0,0,0,0,0,0,10,7.27,2.73,0,0,0,0,0
1,187,9.03,88.45,1.74,9.82,9.84,13.9,92.51,71.12,62.03,18.18,11.23,0.53,1.6,2.14,4.81,1.07,6.95,14.97,6.95,2.14,7.49,14.44,6.42,7.49,2.14,20.86,2.67,3.74,9.09,2.14,0,6.95,31.55,2.67,11.76,2.14,0,3.21,2.67,0.53,4.81,0,7.49,3.21,4.28,2.14,1.6,0.53,0,0,0.53,0,18.72,5.35,0,0,1.07,0,4.28,13.37,1.6,0,5.35,0,1.07,1.07,0,0,1.07,0,0,1.07,0,0,3.21,1.07,0,0,0,0,2.67,0,0,0,1.07,0.53,0,0,0,0,0.53,0,6.42,2.67,0,0,2.14,0,0,0,4.81,10.7,4.28,2.67,0,0,0,0,0,21.39,12.83,6.95,0.53,0,0.53,0.53,0
1,40,5.64,99,45.52,20.23,8,12.5,95,80,65,20,17.5,5,0,10,2.5,0,2.5,12.5,5,7.5,10,12.5,17.5,2.5,0,22.5,0,10,12.5,0,5,7.5,32.5,0,7.5,0,0,2.5,2.5,2.5,2.5,0,5,2.5,2.5,0,0,0,0,0,0,0,22.5,7.5,0,0,0,0,5,15,0,0,2.5,0,5,5,0,0,0,0,0,0,0,0,0,0,0,0,0,0,0,0,0,0,0,0,0,0,0,2.5,2.5,0,15,2.5,0,0,2.5,0,0,0,12.5,2.5,10,2.5,0,0,0,0,0,20,7.5,5,5,0,2.5,0,0
1,148,26.1,95.35,1,51.44,12.33,18.92,91.22,72.3,57.43,22.3,14.19,1.35,0.68,4.05,4.05,3.38,8.11,12.16,4.05,0.68,14.19,10.14,2.7,5.41,2.7,20.95,1.35,4.05,2.03,1.35,0.68,0,19.59,1.35,12.16,1.35,1.35,5.41,0,2.03,2.7,0,2.03,2.03,0,0,0,0,0,0,0,0,18.92,2.7,0.68,0.68,0,0,1.35,14.86,0.68,0,0,4.05,1.35,1.35,0,0,4.05,0,0,0.68,3.38,0,5.41,5.41,0,0,0,0,0,0,0,2.7,3.38,1.35,0,0,0,0.68,2.03,0,6.08,8.11,0,2.03,4.73,0,0,2.03,0.68,3.38,4.05,4.73,0,0,0,0,0,17.57,8.11,6.08,0,0,2.7,0.68,0
1,54,3.37,98.75,77.17,,7.71,18.52,98.15,72.22,61.11,20.37,16.67,3.7,5.56,3.7,1.85,0,3.7,16.67,9.26,5.56,5.56,22.22,7.41,1.85,3.7,31.48,1.85,5.56,11.11,5.56,0,5.56,37.04,0,11.11,3.7,1.85,0,0,1.85,3.7,0,0,0,0,0,0,0,0,0,0,0,22.22,1.85,1.85,1.85,0,0,0,18.52,0,0,0,1.85,11.11,11.11,0,0,1.85,0,0,1.85,0,0,0,0,0,0,0,0,0,0,0,0,0,1.85,0,0,0,0,0,0,14.81,3.7,0,1.85,1.85,0,0,0,9.26,9.26,11.11,3.7,0,0,0,0,0,31.48,11.11,7.41,1.85,0,11.11,0,0
1,69,30.77,99,2.47,65.92,11.5,8.7,85.51,71.01,55.07,21.74,14.49,0,2.9,1.45,8.7,0,7.25,14.49,5.8,1.45,14.49,11.59,4.35,5.8,0,24.64,4.35,1.45,7.25,2.9,1.45,2.9,27.54,1.45,7.25,4.35,1.45,1.45,0,0,0,0,4.35,2.9,0,1.45,0,0,0,0,0,0,17.39,1.45,1.45,0,0,0,0,15.94,0,0,0,8.7,7.25,7.25,0,0,1.45,0,0,1.45,0,0,1.45,0,0,0,0,0,0,0,0,0,1.45,1.45,0,0,0,0,0,1.45,7.25,8.7,0,4.35,5.8,0,0,1.45,2.9,8.7,10.14,1.45,0,0,0,0,0,26.09,8.7,5.8,0,0,10.14,1.45,0
1,124,44.01,92.62,3.43,6.37,12.4,13.71,87.9,66.94,54.03,17.74,12.1,0.81,4.03,1.61,2.42,2.42,5.65,12.1,5.65,0,16.94,13.71,2.42,4.03,3.23,25.81,5.65,1.61,4.84,4.03,0,0.81,23.39,2.42,6.45,0,0.81,1.61,0.81,0,3.23,0,1.61,0,1.61,0,0,0,0,0,0,0,16.13,1.61,0,0,0,0.81,0.81,12.9,0,0,0,2.42,2.42,2.42,0,0,8.87,0,0,0.81,8.87,0,0,0,0,0,0,0,0,0,0,0,0.81,0.81,0,0,0,0,1.61,0,10.48,8.06,2.42,0.81,3.23,1.61,0,0,4.03,3.23,10.48,10.48,0.81,0,0.81,0,0,20.97,8.06,2.42,0,0,10.48,0,0
1,244,55.44,85.2,4.23,77.3,13.56,16.39,86.89,76.23,56.15,15.16,11.48,2.46,4.1,0,1.64,2.46,3.69,12.7,6.56,2.05,15.57,10.66,4.1,5.33,1.64,22.95,5.33,5.74,5.33,4.1,0,1.23,22.95,1.64,10.25,0.41,2.05,5.33,0,0.82,2.05,0,4.51,4.1,0.41,0,0,0,0,0,0,0,12.7,2.05,0.41,0,0,0,0.82,10.66,0.41,0,2.05,0,2.46,2.05,0,0.41,4.1,0,1.23,0.82,2.05,0,0,0,0,0,0,0,0,0,0,2.05,2.46,1.23,0,0.41,0,0,0.41,0,9.02,8.2,1.23,2.05,4.51,1.23,0,0.41,4.1,4.51,5.33,0.82,0.41,0,0.41,0,0,16.8,7.38,5.33,0,0,4.1,0,0
1,192,41.86,84.23,65.48,6.65,11.29,16.15,88.54,73.96,57.29,14.58,13.54,4.17,7.81,0.52,1.04,0,1.04,7.81,4.69,2.08,19.27,14.06,5.21,6.77,2.6,25,5.21,3.13,11.46,8.33,1.56,1.56,26.56,1.56,9.9,1.04,1.56,3.65,0,0.52,3.13,0,4.69,1.56,3.13,0.52,0,0.52,0,0,0,0,14.58,4.69,0,0,0.52,0,3.13,9.9,0,0,0,1.04,1.56,1.56,0,0,1.04,0,0,1.04,0,0,1.56,0.52,0.52,0,0,0,0,0.52,0,2.6,1.56,0,0,0.52,0,0,2.08,0,9.9,11.46,1.56,1.56,8.85,1.56,0,0,6.25,3.13,7.81,4.17,0.52,0,0.52,0,0,22.4,8.33,5.73,1.04,0,6.77,0.52,0
1,208,41.98,88.42,15.38,1.94,11.56,18.75,95.19,75.48,55.77,15.87,12.5,2.4,5.77,0.96,1.92,1.44,3.37,13.94,5.77,1.44,13.46,10.58,5.29,4.81,1.92,22.6,7.69,7.69,11.54,5.77,0.48,5.29,27.88,1.44,15.38,1.44,1.44,4.33,2.4,1.92,4.33,0,2.88,0,2.88,0.96,0,0.96,0,0.48,0,0,13.46,0.96,0,0.48,0,0,0,11.54,0,0,0,2.4,10.1,10.1,0,0,0,0,0,0,0,0,0.96,0.48,0,0,0,0,0,0,0,0,2.88,1.44,0,0,1.44,0,1.44,0,10.58,8.65,0.96,0,6.73,0.48,0.48,0,3.85,4.33,6.25,1.92,0,0,0,0,0,16.83,9.13,3.85,0,0,3.85,0,0
1,233,33.12,99,34.2,60.7,12.94,13.73,93.13,73.39,55.36,19.31,14.59,3.43,5.15,5.58,0.43,0,4.72,14.16,4.72,1.29,13.3,9.01,6.44,4.72,0.86,22.75,5.58,3.86,12.45,5.58,0.86,6.01,22.32,1.72,9.44,0.86,0.43,3.43,1.29,2.15,0.43,0,5.15,3.86,1.29,0.86,0,0.86,0.43,0,0,0,18.88,4.29,1.29,0.86,0.43,0.86,1.72,13.73,0.43,0,0,0.86,2.15,1.29,0.86,0,3,0,0.43,0.43,2.15,0,0.43,0,0,0,0,0,0,0,0,0.43,3,0.86,0,1.29,0,0,1.29,0,11.59,13.3,1.29,1.72,9.01,1.29,0.43,0,4.29,2.15,5.15,6.01,0,0,0,0,0,16.74,8.58,3.43,0,0,4.72,0,0
1,111,80.1,95.03,73.75,76.19,9.25,17.12,91.89,65.77,51.35,13.51,11.71,2.7,4.5,0,1.8,2.7,1.8,10.81,7.21,0.9,18.02,6.31,6.31,4.5,0,11.71,8.11,4.5,9.01,7.21,0.9,0.9,12.61,0,3.6,0,0,1.8,0.9,0,1.8,0,5.41,4.5,0.9,2.7,2.7,0,0,0,0,0,17.12,4.5,0.9,0,0,0,0.9,12.61,0.9,0,0,2.7,0,0,0,0,10.81,0.9,0.9,7.21,6.31,0,2.7,0.9,0.9,0,0,0,0,1.8,0,0,0.9,0.9,0,0,0,0,0,0.9,10.81,15.32,0,0.9,14.41,0,0,0,5.41,5.41,4.5,0.9,0.9,0.9,0,0,0,18.02,10.81,4.5,0,0,2.7,0,0
1,279,41.62,50.74,84.25,59.59,9.62,18.28,88.17,74.19,58.78,16.49,11.11,5.38,2.51,0.36,2.15,0,5.38,15.05,7.17,2.51,12.9,10.39,4.66,6.81,1.08,19.35,5.02,5.73,6.81,4.3,0.36,2.51,22.22,0.36,8.6,1.79,1.79,0.36,2.15,0.36,1.79,0,3.23,2.87,0.36,1.43,1.43,0,0,0,0,0,8.96,1.79,0,0,0,0,0,7.17,0.72,0.36,1.43,1.08,2.15,2.15,0,0,5.38,2.15,0,3.23,0,0,0.36,0,0,0,0,0,0,0,0,0,0.36,0.72,0,0,0,0,0,0,10.75,12.19,0,2.87,8.96,0.36,0.36,0,5.38,8.6,4.3,0.36,0,0,0,0,0,19.35,10.39,5.38,0,0,2.87,0.72,0
1,410,33.46,67.23,42.46,50.14,12.81,10.24,89.76,75.12,61.22,18.05,10.49,4.63,0.73,1.22,2.68,1.22,7.56,14.88,7.8,2.44,13.66,9.02,6.59,9.76,0.24,17.8,4.88,2.2,3.41,1.95,0.98,0.49,16.83,2.2,5.37,0.49,0.49,1.95,0.98,0.24,1.22,0,3.41,2.68,0.73,0.73,0.24,0.49,0,0.24,0,0,11.71,2.44,0.24,0.24,0,0.73,0.24,8.78,1.22,0,0.73,3.66,0.24,0.24,0,0,3.66,0.24,0,3.17,1.22,0,3.41,0,0,0,0,0,0,3.41,0,0,0.24,1.71,0,0,0.24,0,0,0,5.85,12.2,0.73,2.68,8.05,1.22,0,1.22,4.63,7.8,1.22,0.24,0,0,0,0,0,15.12,7.8,4.88,0.49,0,1.71,0.24,0
1,121,28.71,91.4,99,82.62,15.13,7.44,93.39,70.25,54.55,19.01,12.4,4.13,4.96,3.31,0,0,6.61,12.4,5.79,0,12.4,8.26,3.31,11.57,0,21.49,3.31,0.83,7.44,5.79,0.83,0.83,13.22,0.83,4.96,1.65,0,0,3.31,0,3.31,0,4.13,4.13,0,1.65,1.65,0,0,0,0,0,12.4,1.65,0.83,0,0,0,0.83,9.92,0,0,0,0,10.74,10.74,0,0,0.83,0,0,0.83,0.83,0,0.83,0,0,0,0,0,0,0,0,0,0,3.31,0,0,0,0.83,1.65,0,14.88,19.01,1.65,4.13,15.7,0,0,0.83,3.31,2.48,4.13,4.13,0.83,0.83,0,0,0,17.36,5.79,4.13,0.83,0,5.79,0.83,0
1,278,19.93,40.06,51.64,29.97,12.64,18.71,92.09,67.99,56.47,17.99,10.43,3.96,1.8,2.88,0,1.8,7.55,15.47,6.47,3.24,10.79,12.59,4.68,6.12,3.6,19.42,3.96,3.6,4.68,1.8,0.72,2.16,26.98,0.36,12.59,3.24,1.44,2.52,1.8,1.44,5.04,0,2.88,1.8,1.08,0.72,0.36,0.36,0,0,0,0,12.23,3.96,0.36,0,0.36,0,2.88,7.91,0,0,0,0.36,5.4,3.24,0,2.16,7.19,0,0,6.12,1.44,0,0.72,0.36,0,0.36,0,0,0,0,0.36,0.36,0.36,1.08,0.36,0,0,0.36,0,0.36,8.63,7.55,1.44,0.72,5.4,0,0.72,0,2.52,3.24,10.07,2.52,1.44,0.72,0.36,0.36,0,24.82,7.91,10.07,0,0,5.76,1.08,0
1,107,60.4,94.26,60.78,99,9.73,18.69,88.79,69.16,52.34,13.08,11.21,2.8,6.54,0.93,0.93,0,1.87,14.02,7.48,0.93,14.02,4.67,8.41,7.48,0.93,14.95,7.48,4.67,14.02,7.48,0.93,5.61,14.02,0,3.74,1.87,0,0.93,0,0,0.93,0,9.35,9.35,0,1.87,1.87,0,0,0,0,0,14.95,4.67,3.74,1.87,0,0,2.8,9.35,0,0.93,0,0.93,5.61,4.67,0.93,0,4.67,0,0,0.93,2.8,0.93,0,0,0,0,0,0,0,0,0,0,0,2.8,0,0,0,0.93,0,0,14.95,13.08,0.93,1.87,10.28,0,0.93,0.93,3.74,5.61,0.93,0,0,0,0,0,0,20.56,10.28,7.48,0,0,2.8,0,0
1,184,9.71,97.45,74.45,,16.73,9.78,93.48,75,60.87,23.91,19.02,5.43,2.17,4.35,0.54,5.43,4.89,11.41,6.52,1.09,11.96,9.78,8.7,8.15,1.63,21.2,2.72,1.63,3.8,2.17,0.54,1.09,21.2,0,10.87,5.98,0,1.09,2.17,0,1.63,0.54,0,0,0,0,0,0,0,0,0,0,19.57,2.17,0,0,0,0,1.09,16.85,0.54,0,1.09,1.09,2.17,2.17,0,0,2.17,1.09,0,0.54,0.54,0,1.63,0,0,0,0,0,0,1.09,0,1.09,0.54,1.63,0,0,0,0,0.54,0,10.33,8.15,1.09,1.09,4.89,1.09,0,0,4.35,2.17,7.61,4.89,0.54,0,0,0.54,0,18.48,5.98,7.61,0,0,4.89,0,0
1,89,42.36,60.12,40.93,1,12.71,15.73,97.75,67.42,59.55,21.35,7.87,2.25,3.37,1.12,0,1.12,13.48,14.61,8.99,0,12.36,7.87,2.25,6.74,2.25,14.61,1.12,2.25,16.85,7.87,1.12,7.87,21.35,0,8.99,0,1.12,1.12,1.12,0,6.74,0,5.62,0,4.49,0,0,0,0,0,0,1.12,16.85,6.74,1.12,0,3.37,0,2.25,11.24,0,0,0,0,3.37,3.37,0,0,11.24,0,0,8.99,2.25,1.12,1.12,0,0,0,0,0,0,1.12,0,0,0,2.25,0,0,0,1.12,0,0,4.49,10.11,2.25,1.12,6.74,0,0,0,1.12,11.24,2.25,2.25,0,0,0,0,0,19.1,7.87,7.87,0,0,3.37,0,0
1,113,5.17,70.83,46.94,62.01,9.42,10.62,88.5,76.11,64.6,21.24,15.04,3.54,2.65,2.65,5.31,0,6.19,12.39,4.42,2.65,13.27,13.27,7.96,7.96,5.31,23.01,0,3.54,6.19,5.31,0.88,0,26.55,1.77,8.85,1.77,1.77,0.88,0.88,0,5.31,0,2.65,2.65,0,0.88,0.88,0,0,0,0,0,18.58,4.42,0,0,0,0,2.65,14.16,0.88,0,0.88,5.31,1.77,1.77,0,0,0.88,0.88,0,0,0,0,3.54,0.88,0.88,0,0,0,0,0,0.88,0,0,0.88,0,0,0,0.88,0,0,9.73,8.85,0.88,0.88,7.08,0.88,0,0,5.31,5.31,11.5,0,0.88,0,0.88,0,0,22.12,9.73,3.54,0.88,0,7.08,0.88,0
1,178,15.81,75.16,78.52,36.25,8.9,14.04,93.82,76.4,63.48,19.66,14.04,6.18,2.81,2.25,2.81,0,5.62,14.61,5.62,2.25,15.73,17.98,7.3,5.06,1.12,28.09,4.49,6.18,4.49,2.81,0,1.69,34.83,1.69,12.92,5.62,2.81,1.69,3.37,0.56,1.69,0,4.49,2.81,1.69,2.25,1.69,0.56,0,0,0,0,12.36,2.25,0,0,0,0,2.25,10.11,0,0,1.12,2.81,2.81,2.81,0,0,1.12,0,0,0.56,0.56,0,0.56,0.56,0,0,0,0,0.56,0,0,0,0.56,1.12,0,0,0,0,0,0.56,7.87,10.11,0.56,1.12,7.87,0.56,0.56,0.56,4.49,9.55,8.43,2.81,0,0,0,0,0,23.03,12.36,1.69,0,0,8.99,0,0
1,171,16.82,96.18,17.01,20.23,13.15,10.53,91.23,77.19,62.57,18.13,16.96,2.92,0.58,5.85,5.85,0.58,1.17,14.04,5.26,0,12.87,11.11,7.02,8.77,2.34,22.22,5.26,3.51,1.17,0.58,0.58,0,24.56,1.17,14.62,2.34,1.17,2.92,1.17,2.34,4.68,0,3.51,1.75,1.75,0,0,0,0,0,0,0,24.56,7.6,0,0.58,0,0,7.02,16.96,0,0,0,6.43,0,0,0,0,1.17,0,0,1.17,0,0,0.58,0,0,0,0,0,0,0,0,1.17,0.58,0.58,0,0,0,0,0,0.58,8.19,9.94,0.58,1.75,7.02,1.75,0,0,2.92,6.43,4.09,0,0,0,0,0,0,14.04,8.77,3.51,0,0,1.75,0,0
1,34,64.21,40.06,67.28,,17,11.76,91.18,67.65,61.76,17.65,11.76,5.88,2.94,2.94,0,0,5.88,23.53,8.82,2.94,14.71,11.76,0,5.88,0,17.65,2.94,5.88,8.82,2.94,0,5.88,23.53,0,8.82,0,0,0,2.94,0,5.88,0,0,0,0,0,0,0,0,0,0,0,5.88,0,0,0,0,0,0,5.88,0,0,0,0,17.65,17.65,0,0,5.88,0,0,0,5.88,0,0,0,0,0,0,0,0,0,0,0,0,2.94,0,0,0,0,0,0,8.82,5.88,0,0,5.88,0,0,0,2.94,11.76,2.94,0,0,0,0,0,0,11.76,5.88,2.94,0,0,2.94,0,0
1,230,47.48,91.69,12.35,8.19,12.11,16.52,89.57,67.39,53.04,15.65,11.3,1.3,3.91,0.43,2.61,1.3,4.35,12.61,6.96,2.17,14.35,12.17,3.04,4.35,3.48,23.91,5.22,3.48,8.7,4.35,0.87,4.35,23.48,1.3,7.83,0.87,1.74,1.3,0.87,0.43,2.61,0,1.3,0,1.3,0,0,0,0,0,0,0,17.83,3.04,0.43,0,0.87,0,1.3,13.91,0,0,0,2.61,3.91,3.91,0,0,6.09,0,0.87,1.3,4.35,0,0,0,0,0,0,0,0,0,0,1.74,0,2.17,0,0,0,0,1.3,0,9.57,8.26,1.3,0.87,6.52,0,0,0,3.48,4.35,9.13,4.78,0,0,0,0,0,18.7,8.26,2.61,0,0,7.83,0,0
1,108,41.36,10.99,92.16,5.19,10.8,15.74,89.81,69.44,57.41,14.81,10.19,6.48,0.93,0,0,1.85,4.63,10.19,5.56,1.85,17.59,12.04,8.33,5.56,1.85,18.52,6.48,2.78,6.48,2.78,1.85,2.78,26.85,0,9.26,4.63,2.78,0,0,0,3.7,0,1.85,0,1.85,0,0,0,0,0,0,0,9.26,4.63,0,0,0.93,0.93,1.85,4.63,0,0.93,0,0,3.7,1.85,1.85,0,4.63,0,0,4.63,0,0,0,0,0,0,0,0,0,0,0,0,0,0.93,0,0,0,0,0.93,0.93,9.26,7.41,0.93,0,6.48,0,0,0,4.63,10.19,4.63,1.85,0,0,0,0,0,20.37,10.19,3.7,0,0,6.48,0,0
1,85,50.27,21.68,55.07,20.23,14.17,23.53,90.59,70.59,51.76,18.82,9.41,8.24,0,0,0,1.18,9.41,9.41,4.71,1.18,16.47,9.41,3.53,4.71,1.18,18.82,5.88,7.06,8.24,5.88,0,2.35,20,1.18,7.06,0,4.71,0,1.18,0,1.18,0,4.71,2.35,2.35,0,0,0,0,0,0,0,11.76,4.71,1.18,0,0,1.18,1.18,7.06,3.53,0,0,0,0,0,0,0,7.06,0,0,1.18,5.88,0,3.53,3.53,0,0,0,0,0,0,0,0,0,3.53,0,0,0,0,0,0,3.53,7.06,0,1.18,4.71,1.18,0,0,3.53,1.18,8.24,1.18,0,0,0,0,0,20,7.06,4.71,0,0,7.06,1.18,0
1,283,10.35,99,23.47,12.78,11.32,17.31,87.63,69.26,61.13,22.26,13.78,1.77,4.95,2.47,2.12,1.06,8.48,12.01,5.3,0.35,13.07,14.84,6.71,5.65,2.12,21.55,1.41,0.35,9.54,7.42,1.41,0.71,22.26,0.71,8.48,2.83,1.41,1.06,0.35,0.35,2.12,0,2.83,1.06,1.77,0,0,0,0,0,0,0,22.26,3.89,0,0,0.35,0.35,2.12,16.61,2.47,0,0,2.83,1.06,0.35,0.71,0,0.71,0,0,0.35,0.35,0,2.47,2.12,0.71,0,0,0.71,0,0,0,3.53,0,0.35,0,0,0,0,0.71,0,10.25,7.77,0.71,0.35,6.36,0.35,0,0,3.89,3.53,9.54,2.47,0,0,0,0,0,20.49,8.48,6.36,0.35,0,5.3,0,0
1,170,48.49,95.49,3.67,9.05,12.14,13.53,84.71,64.71,50.59,17.06,12.35,0.59,2.94,1.18,4.71,2.94,4.71,13.53,4.71,2.35,13.53,8.82,2.94,4.71,1.76,22.94,2.94,1.76,8.24,4.12,1.76,2.35,24.12,3.53,9.41,0.59,1.76,2.94,1.18,0.59,2.94,0,4.71,1.76,2.94,0,0,0,0,0,0,0,20.59,6.47,1.18,0,1.76,0.59,2.35,14.12,0,0,0,5.29,5.88,5.29,0.59,0,1.76,0,0.59,0.59,0.59,0,0,0,0,0,0,0,0,0,0,0.59,0,1.18,0,0,0,0.59,1.18,0,6.47,11.18,1.18,4.12,6.47,1.18,0.59,0,1.18,5.88,6.47,4.71,0,0,0,0,0,23.53,9.41,7.65,0,0,4.71,1.76,0
1,29,37.7,60.57,67.94,99,9.67,17.24,86.21,58.62,48.28,13.79,3.45,0,0,3.45,0,0,10.34,10.34,3.45,0,13.79,10.34,3.45,10.34,0,17.24,6.9,3.45,3.45,0,0,3.45,13.79,0,3.45,0,0,0,0,0,3.45,0,13.79,13.79,0,3.45,3.45,0,0,0,0,0,3.45,0,0,0,0,0,0,3.45,0,0,0,0,0,0,0,0,10.34,10.34,0,0,0,0,3.45,0,0,0,0,0,0,3.45,0,0,0,0,0,0,0,0,3.45,0,24.14,10.34,0,3.45,10.34,0,0,0,3.45,0,6.9,6.9,0,0,0,0,0,17.24,6.9,3.45,0,3.45,3.45,0,0
1,77,30.26,99,17.57,8.22,8.56,16.88,85.71,59.74,48.05,19.48,14.29,1.3,5.19,3.9,3.9,0,5.19,9.09,3.9,2.6,12.99,12.99,2.6,3.9,1.3,20.78,2.6,2.6,7.79,5.19,1.3,1.3,23.38,0,7.79,1.3,0,3.9,1.3,0,2.6,0,3.9,1.3,2.6,1.3,0,1.3,0,1.3,0,0,18.18,1.3,0,0,1.3,0,1.3,16.88,0,0,0,5.19,5.19,5.19,0,0,5.19,0,0,5.19,1.3,0,0,0,0,0,0,0,0,0,0,2.6,0,1.3,0,0,0,1.3,0,0,12.99,10.39,0,5.19,6.49,2.6,0,0,3.9,3.9,5.19,3.9,0,0,0,0,0,32.47,14.29,9.09,0,0,9.09,0,0
1,114,47.02,40.06,52.19,74.93,19,13.16,86.84,71.05,56.14,12.28,7.02,3.51,1.75,0,0.88,0,5.26,21.93,8.77,5.26,10.53,10.53,5.26,8.77,0,17.54,8.77,9.65,9.65,4.39,0.88,4.39,28.07,0,13.16,2.63,2.63,2.63,3.51,0,4.39,0,5.26,4.39,0.88,0,0,0,0,0,0,0,11.4,5.26,2.63,0,0.88,0,0.88,6.14,0.88,0,0,0.88,4.39,4.39,0,0,4.39,0,0,0.88,3.51,0,0,0,0,0,0,0,0,0,0,0,0.88,0,0,0,0,0,0,0,7.89,7.89,0,0.88,7.02,0,0,0.88,3.51,3.51,10.53,0,0,0,0,0,0,11.4,6.14,0.88,0,0,4.39,0,0
1,180,38.08,92.24,16.61,36.04,16.36,20,91.11,72.22,57.78,17.22,10,1.67,6.67,0,0,1.11,7.22,12.78,5,1.11,16.11,11.67,4.44,6.67,1.67,20.56,6.67,1.11,12.22,8.33,1.11,3.33,22.78,0.56,12.78,2.78,4.44,3.89,1.67,0,3.33,0,4.44,2.78,1.67,0,0,0,0,0,0,0,12.22,0.56,0,0,0.56,0,0,11.11,1.11,0,0,0,1.67,1.67,0,0,3.33,0.56,0,2.22,0.56,0,1.11,0,0,0,0,0,0,0.56,0,1.67,1.67,0,0,0,0,0,2.78,0,7.78,9.44,2.22,0.56,6.11,0.56,0,0,2.22,1.67,7.22,4.44,0,0,0,0,0,15.56,7.22,3.33,0,0,4.44,0.56,0
1,12,73.36,98.75,3.81,99,6,8.33,75,66.67,50,8.33,8.33,0,0,8.33,0,0,0,16.67,8.33,0,8.33,8.33,8.33,0,0,16.67,0,8.33,8.33,8.33,0,0,25,8.33,8.33,8.33,8.33,0,0,0,0,0,16.67,16.67,0,0,0,0,0,0,0,0,33.33,25,16.67,8.33,0,0,16.67,8.33,0,0,0,0,0,0,0,0,0,0,0,0,0,0,0,0,0,0,0,0,0,0,0,0,0,0,0,0,0,0,0,0,8.33,0,0,0,0,0,0,0,0,0,8.33,0,8.33,8.33,0,0,0,41.67,8.33,25,8.33,0,0,0,0
1,48,7.65,99,54.55,83,12,33.33,95.83,70.83,54.17,25,18.75,0,4.17,2.08,6.25,0,6.25,10.42,4.17,0,6.25,10.42,0,10.42,0,22.92,4.17,0,8.33,4.17,4.17,0,22.92,0,14.58,6.25,2.08,2.08,4.17,0,2.08,0,4.17,4.17,0,2.08,2.08,0,0,0,0,0,31.25,2.08,0,0,0,0,0,22.92,0,0,0,6.25,0,0,0,0,6.25,0,0,0,6.25,0,0,0,0,0,0,0,0,0,0,4.17,2.08,2.08,0,0,0,0,0,0,18.75,14.58,0,2.08,14.58,0,0,0,2.08,0,12.5,4.17,0,0,0,0,0,10.42,8.33,0,0,0,0,2.08,0
1,220,8.11,64.24,63.35,70.26,14.67,10,94.09,78.64,61.36,22.73,16.36,6.82,3.64,2.27,2.73,0.91,6.36,13.18,5,0,11.82,11.82,9.09,6.36,1.82,21.82,6.36,3.64,10.45,5,2.73,2.27,27.27,2.27,15,4.55,0,1.36,1.82,1.82,5.45,0,4.09,3.64,0.45,2.27,2.27,0,0,0,0,0,16.82,4.55,0.45,0,0,0.45,2.73,12.27,0,0,0.91,3.18,4.09,4.09,0,0,3.64,0,0,3.64,0,0,0.91,0,0,0,0,0.45,0,0.45,0,0,0.91,1.36,0.91,0,0,0,0,0,10.91,4.55,0,0.91,4.09,0,0,0,2.27,6.82,6.82,0,0.45,0.45,0,0,0,21.36,6.82,8.18,0,0,6.36,0,0
1,187,41.92,85.02,25.19,44.23,13.36,14.97,90.37,73.26,56.68,20.32,13.37,2.14,3.21,0.53,5.88,1.6,6.95,15.51,6.42,0,16.58,8.56,5.35,5.88,2.14,19.79,5.35,2.14,4.81,3.74,0.53,0.53,20.86,0,12.3,3.74,1.07,4.28,0.53,0,4.28,0,4.81,3.21,1.6,1.6,1.07,0.53,0,0.53,0,0,18.18,4.28,0.53,0,0.53,0,2.67,13.37,0,0,2.14,4.81,0,0,0,0,0,0,0,0,0,0,2.67,2.67,1.6,0,0,0,0.53,0,0,1.07,3.21,2.67,0,0.53,0,0.53,1.07,0,9.63,10.16,1.07,2.14,7.49,0,0,0,4.81,6.42,5.35,4.28,0,0,0,0,0,19.79,8.56,6.95,0,0,4.28,0,0
1,72,2.87,99,30.29,98.34,14.4,12.5,95.83,80.56,63.89,31.94,26.39,9.72,1.39,11.11,0,2.78,5.56,9.72,1.39,0,11.11,11.11,5.56,4.17,1.39,23.61,4.17,2.78,11.11,1.39,4.17,5.56,27.78,1.39,20.83,9.72,4.17,6.94,2.78,0,0,0,6.94,6.94,0,0,0,0,0,0,0,0,23.61,5.56,1.39,0,0,0,4.17,18.06,0,0,0,0,5.56,5.56,0,0,0,0,0,0,0,0,0,0,0,0,0,0,0,0,0,4.17,0,0,0,0,0,2.78,0,0,13.89,1.39,0,0,1.39,0,0,0,1.39,0,4.17,1.39,0,0,0,0,0,11.11,6.94,1.39,0,0,2.78,0,0
1,32,3.43,58.66,89.39,,16,6.25,93.75,81.25,68.75,21.88,15.63,3.13,0,12.5,0,0,6.25,15.63,9.38,0,9.38,15.63,6.25,6.25,9.38,28.13,6.25,3.13,0,0,0,0,37.5,0,28.13,6.25,0,3.13,6.25,0,12.5,0,0,0,0,0,0,0,0,0,0,0,18.75,3.13,0,0,0,0,0,15.63,0,0,0,0,0,0,0,0,0,0,0,0,0,0,0,0,0,0,0,0,0,0,0,0,0,0,0,0,0,0,0,0,12.5,9.38,3.13,0,6.25,0,0,0,0,3.13,6.25,6.25,0,0,0,0,0,21.88,6.25,6.25,0,0,9.38,0,0
1,54,19.76,99,27.44,,54,14.81,92.59,77.78,68.52,20.37,16.67,0,0,14.81,0,0,3.7,11.11,7.41,0,12.96,14.81,1.85,9.26,1.85,20.37,5.56,1.85,11.11,0,11.11,0,22.22,1.85,14.81,0,1.85,3.7,0,0,7.41,0,0,0,0,0,0,0,0,0,0,0,18.52,1.85,0,0,0,1.85,0,16.67,0,0,0,0,0,0,0,0,3.7,0,0,3.7,0,0,3.7,0,0,0,0,0,0,1.85,0,0,0,0,0,1.85,0,0,0,0,7.41,11.11,0,0,9.26,0,0,1.85,1.85,0,3.7,0,0,0,0,0,0,3.7,0,0,0,0,3.7,0,0
1,257,45.94,99,22.78,15.85,11.17,12.45,91.05,73.54,55.25,18.68,14.01,2.33,5.06,3.5,2.33,0.39,4.67,15.18,7.78,2.33,12.45,7,4.28,7.39,0.78,20.62,7.78,4.28,6.61,5.84,0,0.78,20.23,0.39,12.06,3.11,1.95,2.72,1.17,0,4.67,0,3.11,1.17,1.56,0.39,0,0,0,0,0,0,19.84,3.11,0,0,0,0.39,2.72,16.73,0.78,0.39,0.78,3.89,3.11,2.33,0,0.78,3.11,1.17,0.39,1.56,0,0,0.39,0,0,0,0,0,0,0,0,2.33,1.17,1.95,0,0,0,0,0.39,0,8.17,11.28,1.95,0.78,6.23,3.11,0.39,0,1.95,2.72,5.45,2.72,0.39,0.39,0,0,0,17.9,7.39,3.89,1.56,0,5.06,0,0
1,48,43.4,18.97,54.55,4.22,6.86,22.92,77.08,60.42,45.83,20.83,14.58,10.42,0,0,2.08,2.08,6.25,12.5,6.25,4.17,10.42,8.33,0,4.17,2.08,22.92,2.08,2.08,12.5,2.08,4.17,6.25,20.83,0,2.08,2.08,0,0,0,0,0,0,2.08,0,2.08,0,0,0,0,0,0,0,10.42,2.08,0,0,0,0,2.08,8.33,2.08,0,2.08,0,6.25,6.25,0,0,4.17,0,0,4.17,0,0,0,0,0,0,0,0,0,0,0,0,0,0,0,0,0,0,0,2.08,4.17,6.25,0,2.08,4.17,0,0,0,2.08,8.33,6.25,2.08,0,0,0,0,0,31.25,14.58,4.17,0,0,10.42,2.08,0
1,77,56.86,93.41,97.09,91.84,7,16.88,93.51,72.73,57.14,18.18,11.69,5.19,3.9,1.3,1.3,0,6.49,16.88,6.49,3.9,14.29,5.19,3.9,7.79,0,14.29,7.79,3.9,9.09,3.9,0,5.19,20.78,0,9.09,3.9,1.3,0,0,0,3.9,0,5.19,5.19,0,1.3,1.3,0,0,0,0,0,19.48,3.9,0,0,0,0,2.6,15.58,0,0,0,3.9,6.49,3.9,2.6,0,1.3,0,0,1.3,0,0,0,0,0,0,0,0,0,0,0,0,0,0,0,0,0,0,0,0,9.09,9.09,0,1.3,7.79,0,0,0,7.79,6.49,6.49,0,0,0,0,0,0,24.68,20.78,2.6,1.3,0,0,0,0
1,187,32.74,99,19.44,70.65,15.58,14.97,88.77,73.8,59.36,18.72,13.37,3.21,8.02,0.53,1.07,0,5.35,13.37,4.81,2.14,15.51,11.76,6.95,5.35,0,23.53,4.28,5.35,14.97,8.56,2.14,4.28,22.46,2.14,6.95,2.67,1.6,2.14,1.07,0.53,0.53,0,4.28,3.74,0.53,1.07,1.07,0,0,0,0,0,17.11,4.28,2.14,0.53,0,0,1.6,12.83,1.6,0,0,1.07,4.28,4.28,0,0,1.6,0,0,1.6,0,0,0.53,0.53,0,0,0,0,0.53,0,0,0.53,0.53,1.6,0,0.53,0,0.53,0,1.07,7.49,10.7,3.74,1.07,4.81,2.14,0.53,0,4.28,4.28,8.02,6.42,0.53,0.53,0,0,0,19.25,6.42,7.49,0.53,0,4.81,0,0
1,66,36.2,99,50.45,99,11,13.64,81.82,66.67,54.55,16.67,15.15,4.55,4.55,4.55,0,0,1.52,12.12,6.06,0,15.15,7.58,10.61,7.58,0,12.12,7.58,3.03,9.09,7.58,1.52,1.52,7.58,0,0,0,0,0,0,0,0,0,13.64,13.64,0,1.52,1.52,0,0,0,0,0,21.21,7.58,3.03,3.03,0,1.52,6.06,15.15,0,3.03,0,0,0,0,0,0,1.52,1.52,0,0,0,0,0,0,0,0,0,0,0,0,0,0,0,0,0,0,0,0,1.52,0,13.64,12.12,0,0,12.12,0,0,0,1.52,0,6.06,0,1.52,0,1.52,0,0,30.3,9.09,15.15,0,0,6.06,0,0
1,79,35.33,99,80.13,90.96,7.9,13.92,93.67,78.48,59.49,26.58,20.25,3.8,5.06,10.13,0,1.27,6.33,16.46,5.06,0,15.19,10.13,1.27,2.53,1.27,22.78,7.59,1.27,8.86,6.33,0,2.53,22.78,2.53,8.86,0,2.53,3.8,1.27,0,2.53,0,5.06,5.06,0,5.06,5.06,0,0,0,0,0,26.58,5.06,0,0,0,0,3.8,20.25,0,1.27,0,0,2.53,1.27,1.27,0,1.27,0,0,0,1.27,0,0,0,0,0,0,0,0,0,0,2.53,0,0,0,0,0,0,0,0,16.46,17.72,0,5.06,12.66,1.27,0,0,2.53,0,10.13,1.27,0,0,0,0,0,22.78,7.59,5.06,5.06,0,5.06,0,0
1,139,31.22,99,33.85,29.97,12.64,12.95,96.4,74.82,62.59,18.71,13.67,0.72,4.32,6.47,1.44,0,5.04,14.39,5.76,2.16,17.99,17.27,2.16,7.91,0.72,31.65,5.04,3.6,8.63,7.91,0,0.72,23.02,0,7.91,1.44,2.16,0.72,1.44,1.44,2.16,0,5.04,2.88,2.16,1.44,0,1.44,0,0,0,0,20.86,6.47,1.44,0,0,0,2.88,15.83,1.44,0,0,1.44,5.04,4.32,0,0.72,2.88,2.16,0.72,0,0,0,1.44,0.72,0,0,0,0,0,0,0,0,0,1.44,1.44,0,0.72,0,0,0,5.04,10.79,0,3.6,7.19,0.72,0,0.72,2.88,0,16.55,11.51,0.72,0.72,0,0,0,24.46,6.47,7.91,1.44,0,8.63,0,0
1,69,56.23,65.68,88.15,65.92,11.5,13.04,91.3,75.36,55.07,13.04,8.7,2.9,2.9,2.9,0,0,4.35,10.14,4.35,0,18.84,7.25,5.8,10.14,1.45,23.19,7.25,5.8,8.7,2.9,4.35,4.35,18.84,1.45,7.25,1.45,1.45,0,0,0,4.35,0,5.8,4.35,1.45,1.45,1.45,0,0,0,0,0,10.14,2.9,1.45,1.45,1.45,0,1.45,7.25,0,0,0,0,5.8,5.8,0,0,1.45,0,0,1.45,0,0,0,0,0,0,0,0,0,0,0,0,0,4.35,0,0,0,0,0,0,10.14,13.04,0,2.9,10.14,1.45,0,0,2.9,2.9,5.8,2.9,0,0,0,0,0,18.84,8.7,4.35,0,0,5.8,0,0
1,415,27.78,81.86,91.09,57.93,10.38,8.43,92.05,75.42,54.7,17.11,10.12,3.61,4.1,1.45,0.72,0.24,6.99,12.77,4.82,1.93,12.53,8.92,5.54,8.92,1.2,20.96,5.78,7.47,6.27,4.58,0.48,1.2,20.24,1.2,5.3,0.72,0,1.69,1.45,0.96,1.69,0,2.89,2.65,0.24,0.48,0.48,0,0,0,0,0,10.84,1.93,0.48,0,0,0,1.45,8.67,0,0,0,0.72,6.99,6.99,0,0,0.72,0.48,0,0.24,0.24,0,0.24,0,0,0,0,0,0,0,0,0,0.96,2.65,0,0.48,0,0.24,0.96,0,11.57,16.63,1.69,2.89,11.57,1.45,0,0.24,7.47,4.82,6.02,2.17,0.72,0.48,0.24,0,0,20.72,9.64,5.3,0.24,0,5.06,0.48,0
1,203,62.62,71.39,67.94,20.23,11.94,15.76,87.19,66.01,50.25,13.79,8.37,0.49,0.49,0.99,5.42,0.99,5.42,12.81,5.91,1.97,13.79,9.36,4.93,3.45,0.49,18.23,5.91,5.42,1.97,0.99,0,0.99,20.69,1.48,4.93,0,0.49,0,0.49,0.49,2.96,0,5.91,2.96,2.96,0.49,0.49,0,0,0,0,0,14.78,6.9,1.48,0,0.49,2.96,0.49,7.88,0,0,1.48,3.94,3.94,1.48,1.97,0.49,2.96,0.49,0.49,0,1.97,0,0,0,0,0,0,0,0,0,0,0,0,0.49,0,0,0,0,0.99,0,4.93,21.18,0.49,0.99,18.23,0.99,0,1.48,3.45,3.45,9.85,0,0,0,0,0,0,18.23,8.37,5.91,0,0,3.94,0,0
1,65,44.27,96.64,41.41,,10.83,21.54,93.85,70.77,50.77,16.92,12.31,1.54,0,7.69,3.08,0,4.62,13.85,7.69,0,10.77,10.77,0,6.15,3.08,21.54,9.23,4.62,3.08,1.54,0,1.54,26.15,3.08,10.77,0,4.62,3.08,1.54,0,3.08,0,0,0,0,0,0,0,0,0,0,0,20,3.08,1.54,0,0,0,1.54,13.85,0,0,0,4.62,0,0,0,0,3.08,0,0,3.08,0,0,1.54,1.54,0,0,0,0,0,0,0,0,1.54,4.62,0,0,0,0,1.54,0,3.08,12.31,0,3.08,9.23,0,0,0,6.15,4.62,7.69,1.54,0,0,0,0,0,20,9.23,4.62,0,0,4.62,1.54,0
1,183,65.02,98.6,11.41,27.46,13.07,18.03,89.62,75.96,56.83,16.94,10.38,1.09,4.92,4.37,0,0,6.56,18.03,5.46,3.83,16.94,10.38,3.28,3.28,0,19.67,4.92,11.48,8.2,4.92,0.55,2.73,19.67,1.64,8.2,1.64,1.64,2.19,0.55,0.55,1.64,0,2.73,1.64,1.09,0,0,0,0,0,0,0,11.48,1.64,0.55,0,0,1.09,0,9.84,0,0,0,0,0.55,0.55,0,0,7.65,0,0.55,0.55,6.56,0,1.09,0.55,0,0.55,0,0,0,0.55,0,6.56,0.55,1.64,0,0,0,0,0,0,4.37,5.46,1.09,1.09,3.28,0,0,0,4.92,2.19,3.83,7.1,0,0,0,0,0,14.75,8.74,3.83,0,0,1.09,1.09,0
1,197,52.5,64.08,43.79,34.52,19.7,8.63,89.85,70.56,55.84,16.24,9.64,4.06,2.54,1.52,0.51,1.02,6.6,11.68,4.57,1.52,19.29,7.61,6.6,8.12,1.02,19.8,3.05,4.06,7.11,4.06,1.02,2.03,17.77,1.02,7.61,1.02,2.03,0.51,1.02,0,2.54,0,8.63,4.57,3.55,1.52,0,1.02,0,1.02,0,1.02,15.23,6.09,2.03,0,1.52,0.51,1.02,8.63,2.03,0,0,0.51,1.52,1.52,0,0,5.08,0,0,1.52,3.55,0,0.51,0,0,0,0,0,0,0,0,0,0,3.55,0,0,0,0.51,0,0,10.66,8.63,0.51,1.52,6.6,0,0.51,0.51,2.54,1.52,5.08,3.55,0,0,0,0,0,17.77,5.08,7.61,0,0,5.08,0,0
1,79,19.62,15.52,97.66,59.98,26.33,11.39,93.67,74.68,60.76,18.99,11.39,6.33,0,3.8,1.27,0,7.59,11.39,2.53,0,15.19,8.86,7.59,6.33,3.8,18.99,5.06,2.53,2.53,1.27,0,1.27,31.65,1.27,18.99,2.53,1.27,1.27,3.8,1.27,11.39,0,2.53,2.53,0,0,0,0,0,0,0,0,18.99,7.59,2.53,0,0,0,3.8,12.66,0,0,6.33,1.27,1.27,1.27,0,0,2.53,1.27,1.27,0,0,0,0,0,0,0,0,0,0,0,0,0,1.27,0,0,0,0,0,3.8,0,3.8,10.13,0,1.27,8.86,0,0,0,1.27,2.53,7.59,0,0,0,0,0,0,16.46,3.8,8.86,0,0,3.8,0,0
1,101,2.91,91.75,1,1,12.63,20.79,97.03,75.25,65.35,21.78,13.86,0.99,0.99,2.97,1.98,6.93,7.92,7.92,2.97,2.97,12.87,16.83,5.94,7.92,4.95,24.75,1.98,2.97,8.91,2.97,0.99,4.95,32.67,0.99,16.83,1.98,4.95,2.97,3.96,1.98,1.98,0,9.9,0.99,8.91,2.97,0,2.97,1.98,0,0,0,22.77,6.93,1.98,0,1.98,0,0,14.85,0,0,0,1.98,3.96,3.96,0,0,1.98,0,0,0,1.98,0,2.97,0,0,0,0,0,0,0,1.98,0.99,1.98,0.99,0,0,0,0,0.99,0,5.94,3.96,0,0,3.96,0,0,0,0,0,13.86,1.98,0,0,0,0,0,23.76,4.95,6.93,2.97,0,7.92,0.99,0
1,273,32.06,90.19,73.69,20.23,13,13.55,91.58,76.19,58.61,20.51,12.45,5.86,0.73,5.86,0,0,8.06,18.32,6.23,3.3,13.19,9.16,4.03,8.42,0,17.58,5.86,5.86,4.03,1.83,1.47,0.73,21.25,0.73,5.49,0.37,0.73,0.73,2.2,0,1.83,0,4.4,2.2,2.2,1.47,0,1.47,1.1,0,0,0,15.02,4.03,0.73,0.73,0,0,2.56,11.36,1.1,0,0,2.2,2.2,2.2,0,0,4.03,0,0.37,2.2,1.47,0,1.47,0.73,0,0.37,0,0,0,0.37,0,0.37,0,0.37,0,0,0,0,0.37,0,9.16,9.52,1.1,2.2,6.23,1.1,0,1.1,5.86,5.13,4.03,3.3,0.37,0,0.37,0,0,14.29,7.69,4.4,0.73,0,1.1,0.37,0
1,152,52.34,98.63,56.92,29.06,11.69,19.74,90.79,69.74,52.63,19.08,13.16,2.63,7.24,1.32,0.66,1.32,5.92,13.82,5.92,0.66,14.47,9.87,3.29,2.63,1.32,19.74,5.26,4.61,15.13,8.55,2.63,3.95,18.42,1.32,8.55,3.95,1.32,2.63,0,0.66,1.32,0,4.61,2.63,1.97,0.66,0,0.66,0,0,0,0,16.45,2.63,0.66,0,0,0.66,0.66,13.16,1.32,0,0,0.66,0,0,0,0,8.55,0,0,4.61,5.26,0,2.63,0,0,0,0,0,0,0,0,1.97,0,1.32,0,0,0,0,0,0,9.87,15.79,0,1.97,11.18,0,0.66,2.63,1.32,1.32,7.24,0.66,0,0,0,0,0,15.13,8.55,2.63,0,0,3.95,0,0
1,223,26.95,97.95,95.29,32.69,15.93,10.31,94.17,77.58,63.23,20.63,12.11,1.79,4.93,4.04,0,1.35,8.52,11.66,4.48,1.35,16.59,10.76,6.28,8.07,0,26.01,1.79,3.14,5.83,5.83,0,0,22.87,1.35,10.31,2.24,0.45,3.14,1.35,1.35,3.59,0,0.9,0.9,0,0,0,0,0,0,0,0,13.45,1.79,0.9,0,0,0,0.45,11.66,0,0,0,0,4.93,4.93,0,0,1.35,0,0.9,0.45,0,0,0.45,0,0,0,0,0,0,0,0,0.9,0.45,3.59,0,0.9,0,0,0,0,15.7,17.49,0.45,4.04,12.56,0.9,0,0.45,6.28,3.59,7.17,4.48,0,0,0,0,0,15.7,6.28,5.83,0,0,3.59,0,0
1,93,11.71,99,17.19,70.91,7.15,19.35,87.1,73.12,54.84,23.66,18.28,2.15,8.6,3.23,2.15,2.15,5.38,13.98,7.53,0,8.6,13.98,6.45,3.23,1.08,26.88,3.23,3.23,13.98,12.9,0,1.08,23.66,1.08,8.6,2.15,1.08,1.08,0,1.08,2.15,0,3.23,3.23,0,0,0,0,0,0,0,0,25.81,6.45,2.15,0,0,0,3.23,19.35,2.15,0,0,2.15,1.08,1.08,0,0,0,0,0,0,0,0,1.08,0,0,0,0,0,0,0,0,3.23,0,2.15,0,0,0,0,0,1.08,10.75,8.6,1.08,1.08,7.53,1.08,0,0,1.08,5.38,8.6,4.3,0,0,0,0,0,26.88,12.9,5.38,1.08,0,7.53,0,0
1,87,41.08,95.07,11.47,36.68,14.5,22.99,87.36,64.37,49.43,14.94,10.34,2.3,1.15,2.3,4.6,0,4.6,12.64,2.3,0,12.64,8.05,3.45,6.9,1.15,11.49,8.05,8.05,4.6,4.6,0,0,19.54,3.45,8.05,4.6,2.3,1.15,1.15,0,0,0,1.15,1.15,0,0,0,0,0,0,0,0,17.24,3.45,1.15,0,1.15,0,0,12.64,1.15,0,4.6,0,0,0,0,0,13.79,0,0,12.64,1.15,0,0,0,0,0,0,0,0,0,0,0,0,0,0,0,0,0,0,0,9.2,8.05,0,1.15,5.75,0,0,1.15,3.45,1.15,4.6,0,1.15,0,1.15,0,0,13.79,6.9,4.6,0,0,2.3,0,0
1,680,53.84,95.49,8.59,3.78,13.33,16.91,89.12,71.47,56.62,17.65,12.35,1.62,1.62,1.18,6.03,1.03,5.29,16.91,8.53,1.47,14.41,9.12,5.29,5.29,0.88,19.56,4.85,4.71,4.71,2.35,0.74,1.62,23.24,1.32,10,2.79,2.5,1.62,1.03,0.59,1.91,0,4.85,1.32,3.53,1.18,0.44,0.74,0.15,0.15,0.29,0,19.71,4.71,0.29,0.15,0.59,1.03,1.32,14.56,0.74,0.15,0.74,6.32,4.12,3.82,1.03,0,2.35,0,0,1.32,0.88,0.15,0.88,0.59,0.15,0,0,0,0.29,0,0,0,0.74,0.74,0,0,0,0,0.29,0,7.5,8.97,0.15,2.06,6.91,0.29,0,0,2.94,4.71,7.06,0.74,0.29,0.15,0.15,0,0,18.09,6.76,5.29,1.76,0,3.97,0.29,0
1,147,29.12,99,24.32,2.31,9.8,17.01,89.8,65.31,54.42,15.65,12.24,1.36,4.08,2.04,3.4,0.68,3.4,12.93,6.8,0,9.52,14.29,4.08,4.76,1.36,19.73,6.8,1.36,9.52,6.12,0.68,2.72,19.73,0,6.12,1.36,0.68,2.04,0.68,0,2.04,0,5.44,1.36,4.08,0,0,0,0,0,0,0,19.73,3.4,0.68,0,1.36,1.36,0,16.33,0.68,0,0,5.44,8.16,7.48,0.68,0,0.68,0,0.68,0,0,0,1.36,0.68,0,0,0,0,0.68,0,0,0.68,0,2.04,0,0,0,0.68,1.36,0,7.48,12.93,1.36,0,10.88,0.68,0,0,4.08,4.08,8.84,1.36,0,0,0,0,0,19.73,11.56,4.76,0,0,3.4,0,0
1,104,62.1,13.12,92.26,20.23,13,14.42,88.46,68.27,55.77,13.46,7.69,2.88,1.92,0.96,0,1.92,5.77,18.27,10.58,2.88,14.42,7.69,4.81,7.69,3.85,18.27,3.85,6.73,1.92,1.92,0,0,27.88,0.96,18.27,4.81,2.88,1.92,2.88,0.96,8.65,0,1.92,0.96,0.96,0,0,0,0,0,0,0,9.62,1.92,0.96,0,0,0,0.96,6.73,0,0,0.96,0,1.92,1.92,0,0,0,0,0,0,0,0,2.88,1.92,0,0,0,0,0.96,0,0,0,1.92,0,0,0,0,0,0.96,0,3.85,9.62,0,0,9.62,0,0,0,1.92,0.96,6.73,4.81,0,0,0,0,0,20.19,9.62,4.81,0,0,5.77,0,0
1,67,78.91,66.39,48.48,42.34,9.57,20.9,80.6,53.73,34.33,10.45,5.97,2.99,0,0,1.49,1.49,4.48,10.45,1.49,2.99,11.94,1.49,2.99,4.48,0,16.42,0,8.96,4.48,0,0,4.48,23.88,0,7.46,0,4.48,0,0,0,2.99,0,1.49,1.49,0,0,0,0,0,0,0,0,16.42,5.97,0,0,0,0,5.97,10.45,0,0,2.99,4.48,4.48,4.48,0,0,8.96,2.99,1.49,2.99,1.49,0,1.49,0,0,0,0,0,1.49,0,0,0,0,0,0,0,0,0,1.49,0,4.48,2.99,0,0,2.99,0,0,0,10.45,5.97,2.99,0,0,0,0,0,0,20.9,10.45,7.46,0,0,2.99,0,0
1,126,9.16,72.07,77.17,20.23,15.75,16.67,96.03,73.81,56.35,18.25,14.29,5.56,1.59,4.76,2.38,0,3.97,15.08,2.38,7.94,10.32,12.7,7.94,6.35,1.59,26.19,3.97,9.52,5.56,1.59,0.79,3.17,24.6,0.79,9.52,2.38,1.59,3.17,3.17,0,3.97,0,4.76,2.38,2.38,1.59,1.59,0,0,0,0,0,15.87,4.76,0,0,0,0,4.76,10.32,0,0,2.38,0,0.79,0.79,0,0,2.38,0,0,0.79,1.59,0,0,0,0,0,0,0,0,0,0,1.59,0.79,1.59,0,0,0,0,0,0.79,9.52,11.11,0,1.59,7.94,1.59,0.79,0,6.35,4.76,7.94,5.56,0,0,0,0,0,23.81,6.35,10.32,0,0,7.14,0,0
1,37,66.85,40.06,55.76,99,12.33,16.22,86.49,64.86,51.35,8.11,5.41,2.7,2.7,0,0,0,2.7,13.51,5.41,0,16.22,10.81,5.41,5.41,2.7,16.22,8.11,2.7,21.62,5.41,8.11,10.81,21.62,5.41,13.51,2.7,0,5.41,0,0,5.41,0,8.11,8.11,0,2.7,2.7,0,0,0,0,0,13.51,5.41,0,0,0,0,2.7,8.11,0,0,0,0,2.7,2.7,0,0,5.41,0,0,5.41,0,0,0,0,0,0,0,0,0,0,0,0,0,0,0,0,0,0,0,0,10.81,10.81,0,0,10.81,0,0,0,2.7,0,8.11,0,0,0,0,0,0,10.81,8.11,2.7,0,0,0,0,0
1,208,9.76,92.12,15.38,26.52,9.9,16.83,92.31,75.48,60.58,19.23,13.94,2.4,2.88,0.48,8.17,0,5.29,13.94,3.85,1.44,13.46,11.54,9.62,8.65,1.92,19.71,8.17,2.88,7.69,3.85,1.44,2.88,23.08,0.96,8.17,2.4,0,0.48,0,2.88,2.4,0,5.29,2.88,2.4,0.96,0.48,0.48,0,0,0.48,0,17.79,1.92,0,0,0,0,0.96,14.42,0.48,0,0.48,8.65,1.92,1.44,0.48,0,0.96,0,0,0.48,0.48,0,1.44,0.96,0,0,0,0,0,0,0,1.92,0,1.44,1.92,0,0,0,1.44,0,8.17,11.06,0,1.44,8.65,0.48,0,0.96,3.85,6.73,10.1,0,0.48,0,0.48,0,0,19.23,10.1,4.33,0,0,4.81,0,0
1,283,45.59,89.21,32.04,2.92,13.48,12.72,91.17,71.38,57.95,15.55,9.89,1.06,1.77,1.77,4.24,0.35,5.65,15.9,9.19,1.06,13.43,10.95,5.65,7.07,1.41,18.37,5.65,4.24,8.13,3.18,1.41,3.53,24.38,3.18,10.6,2.12,1.41,2.83,1.06,0.35,3.89,0,4.95,1.06,3.53,1.06,0,0.71,0,0,0,0,15.19,2.83,1.06,0,0,0.71,1.06,12.72,1.06,0.35,1.06,4.95,2.83,2.83,0,0,2.83,0.35,0.35,1.06,1.06,0,1.06,0.35,0,0,0,0,0,0,0,1.06,0,0.71,0.35,0,0,0,0.35,0.35,6.36,10.25,0,1.77,8.83,0,0.35,0,4.95,3.89,7.77,1.41,0,0,0,0,0,19.79,7.42,6.01,0,0,6.01,0.35,0
1,201,37.12,99,19.76,2.89,10.58,19.9,87.56,73.13,57.71,20.9,15.42,2.99,3.98,0.5,2.99,2.49,5.47,16.42,6.47,0.5,14.93,9.45,3.98,5.97,1.99,22.89,2.99,1.99,8.96,6.97,0,1.99,21.39,2.49,6.97,1,1.49,2.49,1,0,1,0,2.49,0,2.49,1,0,1,0,0,0,0,21.39,1.99,0,0,0,0.5,1.49,18.91,1.49,0,0,3.48,1,1,0,0,1,0,0.5,0,0.5,0,1.49,0.5,0,0,0,0,0,1,0,0.5,1.49,2.49,0,0,0,0,0.5,0,12.44,9.95,0,1.49,7.96,0.5,1,0,4.48,3.98,8.46,4.48,0,0,0,0,0,14.93,8.96,2.49,0,0,3.48,0,0
1,35,65.15,99,24.32,65.27,11.67,8.57,80,65.71,54.29,17.14,14.29,2.86,5.71,2.86,0,0,2.86,17.14,2.86,5.71,17.14,5.71,2.86,5.71,0,14.29,0,8.57,11.43,11.43,0,0,11.43,0,5.71,0,0,2.86,2.86,0,2.86,0,8.57,5.71,2.86,0,0,0,0,0,0,0,22.86,8.57,5.71,0,0,0,2.86,14.29,0,0,0,0,0,0,0,0,2.86,0,0,0,2.86,0,0,0,0,0,0,0,0,0,0,2.86,0,2.86,0,0,0,0,2.86,0,14.29,14.29,2.86,2.86,8.57,2.86,0,0,0,0,2.86,2.86,0,0,0,0,0,11.43,8.57,2.86,0,0,0,0,0
1,16,78.28,11.66,15.38,96.74,5.33,25,31.25,25,18.75,12.5,6.25,6.25,0,0,0,0,6.25,12.5,6.25,0,0,0,0,0,0,6.25,0,0,0,0,0,0,6.25,0,6.25,6.25,0,0,0,0,0,0,6.25,6.25,0,0,0,0,0,0,0,0,6.25,6.25,0,6.25,0,0,0,0,0,0,0,0,0,0,0,0,0,0,0,0,0,0,0,0,0,0,0,0,0,0,0,0,0,0,0,0,0,0,0,0,0,0,0,0,0,0,0,0,0,0,0,0,0,0,0,0,0,18.75,18.75,0,0,0,0,0,0
1,135,84.88,93.73,72.9,66.91,12.27,18.52,88.15,67.41,49.63,11.11,7.41,0.74,5.19,1.48,0,0,3.7,12.59,7.41,0.74,17.78,8.89,2.96,5.19,0,19.26,4.44,8.89,12.59,5.19,1.48,5.93,20.74,0.74,5.93,2.22,1.48,0.74,0,0,0.74,0,4.44,3.7,0.74,1.48,1.48,0,0,0,0,0,13.33,5.19,1.48,2.22,0,0,1.48,6.67,0,0,0,0,6.67,6.67,0,0,0,0,0,0,0,0,0,0,0,0,0,0,0,0,0,0.74,0,2.22,0,0,0,0.74,0.74,0,13.33,9.63,0,1.48,8.89,0.74,0,0,8.15,0.74,5.93,5.93,1.48,1.48,0,0,0,18.52,8.89,5.19,0,0,4.44,0,0
1,15,89.52,1.24,99,97.84,7.5,20,86.67,60,53.33,13.33,13.33,13.33,0,0,0,0,0,6.67,6.67,0,26.67,6.67,6.67,6.67,0,13.33,0,0,6.67,0,0,6.67,20,0,6.67,6.67,0,0,0,0,0,0,6.67,6.67,0,6.67,6.67,0,0,0,0,0,6.67,6.67,6.67,0,0,0,0,0,0,0,0,0,6.67,6.67,0,0,0,0,0,0,0,0,0,0,0,0,0,0,0,0,0,0,0,0,0,0,0,0,0,0,13.33,26.67,0,6.67,26.67,0,0,0,6.67,0,13.33,0,0,0,0,0,0,20,13.33,0,0,0,6.67,0,0
1,139,39.28,99,29.22,,10.69,10.79,92.09,79.14,64.75,20.86,15.11,0,1.44,4.32,8.63,0,5.76,15.83,9.35,2.16,17.27,7.91,12.23,5.04,0.72,22.3,0.72,0.72,2.88,1.44,0,1.44,20.14,0,6.47,2.88,2.16,0,1.44,0,2.88,0,0,0,0,0,0,0,0,0,0,0,28.06,9.35,0,0.72,0,0,3.6,19.42,0,0,0,9.35,2.16,2.16,0,0,0.72,0,0,0.72,0,0,3.6,0,0,0,0,0,0,0,0,0,0,0,0,0,0,0,0,0,5.04,13.67,0.72,0.72,12.23,0,0,0,5.04,10.07,4.32,0,0,0,0,0,0,16.55,8.63,3.6,1.44,0,2.88,0,0
1,193,87.24,77.72,15.1,52.22,9.19,11.4,88.08,68.39,52.85,13.47,9.84,3.11,1.04,2.59,2.07,0,3.63,15.54,8.81,1.04,17.1,7.25,2.07,3.63,1.04,20.21,4.15,3.63,5.18,1.55,0.52,3.11,17.62,1.55,6.22,1.04,1.55,1.55,0,0,2.07,0,4.15,3.11,1.04,1.04,0,1.04,0,0,0,0,12.95,3.63,1.04,1.04,0,0,3.63,9.33,1.55,0,0.52,3.11,5.18,4.66,1.04,0,4.15,1.04,0.52,1.55,1.04,0,1.04,0.52,0,0,0,0,0,0.52,0,0,1.04,0.52,0.52,0,0,0,0,0,8.29,8.81,1.04,2.07,4.66,0,1.55,0,3.11,3.11,7.25,4.66,0,0,0,0,0,18.13,10.88,4.66,0,0,2.59,0,0
1,265,54.43,77.98,15.18,2.5,12.62,20.38,85.28,63.4,54.72,12.08,6.04,1.13,2.64,1.13,0.75,0.38,6.04,14.72,7.17,0.75,15.47,11.32,5.28,7.55,1.51,15.47,3.4,3.4,6.79,3.4,0,3.4,19.25,0.38,7.92,1.89,0.38,1.89,1.51,1.13,2.26,0,8.68,3.02,5.66,1.51,0.38,1.13,1.13,0,0,0,14.72,6.79,1.51,0,1.51,0,2.64,7.92,1.13,0,0,0.75,4.15,4.15,0,0,1.51,0,0,0.38,0.75,0.38,2.64,2.64,0,0,0,0,2.64,0,0,0.75,0,0.38,0,0,0,0,0,0,4.53,8.3,0.38,0,7.92,0,0.38,0,1.89,0.75,7.92,2.26,1.13,0,1.13,0,0,23.02,9.43,6.79,0,0,5.66,1.13,0
1,234,56.12,74.21,2.93,5.87,9.36,12.82,85.04,68.8,55.56,17.95,12.39,3.42,0.85,1.71,6.41,0,5.56,14.96,8.12,0.43,14.53,8.12,3.42,5.98,1.71,19.66,1.71,2.99,7.26,1.71,0.43,5.13,23.93,1.28,11.11,3.42,2.14,2.56,1.28,0,2.14,0,1.71,0,1.71,0.43,0,0.43,0,0,0,0,14.96,4.27,0,0,0,0.43,3.42,10.68,1.71,0,0,6.84,5.98,5.56,0,0.43,1.71,0,0,1.71,0,0,0.85,0.43,0,0,0,0,0.85,0,0,0.43,1.71,0,0,0,0,0,0.43,0,3.85,6.41,0.43,1.28,3.85,0.85,0.43,0,2.56,3.42,6.84,2.99,0,0,0,0,0,22.22,11.97,4.27,0,0,5.56,0.43,0
1,234,56.12,74.21,2.93,5.87,9.36,12.82,85.04,68.8,55.56,17.95,12.39,3.42,0.85,1.71,6.41,0,5.56,14.96,8.12,0.43,14.53,8.12,3.42,5.98,1.71,19.66,1.71,2.99,7.26,1.71,0.43,5.13,23.93,1.28,11.11,3.42,2.14,2.56,1.28,0,2.14,0,1.71,0,1.71,0.43,0,0.43,0,0,0,0,14.96,4.27,0,0,0,0.43,3.42,10.68,1.71,0,0,6.84,5.98,5.56,0,0.43,1.71,0,0,1.71,0,0,0.85,0.43,0,0,0,0,0.85,0,0,0.43,1.71,0,0,0,0,0,0.43,0,3.85,6.41,0.43,1.28,3.85,0.85,0.43,0,2.56,3.42,6.84,2.99,0,0,0,0,0,22.22,11.97,4.27,0,0,5.56,0.43,0
1,198,75.22,72.07,26.42,42.71,14.14,16.67,87.37,69.7,50.51,12.12,7.58,2.02,0,2.53,2.02,1.01,4.55,11.62,5.56,2.53,16.67,4.55,5.05,6.57,1.52,17.17,4.04,5.05,4.55,0.51,0,4.04,16.67,1.52,5.56,2.02,3.03,0,0,0,0.51,0,4.55,3.03,1.52,0,0,0,0,0,0,0,10.61,3.54,1.52,0,0.51,0,1.01,7.07,0.51,0,0,2.02,5.56,5.56,0,0,10.61,0,0.51,5.05,5.56,0,3.54,3.54,0,0,0,0,0,0,0,0,0,2.02,0,0,0,0,0.51,0,5.56,11.11,0.51,3.03,7.58,0,0,0,1.52,4.04,4.55,1.52,0,0,0,0,0,15.66,6.06,6.57,1.01,0,1.52,0.51,0
1,254,57.19,91.13,49.93,6.58,11.55,20.47,90.94,67.32,54.72,14.57,10.24,2.36,4.72,0.79,0.79,0.79,4.33,16.93,10.63,1.57,12.2,9.45,5.12,6.3,1.57,18.11,3.94,5.12,11.02,5.91,0.39,4.72,20.47,1.18,8.27,1.57,0.39,3.15,0,1.57,1.97,0,6.69,2.36,3.94,1.57,0.79,0.39,0,0.39,0,0,14.57,2.76,0.79,1.18,0.79,0,1.57,11.02,0.79,0.39,0,1.57,5.91,5.91,2.36,0,1.97,0,0,1.57,0.39,0,0.79,0.79,0.79,0,0,0.79,0,0,0,3.15,0,0.79,0,0,0,0,2.36,0,8.27,13.39,0.39,1.97,11.81,0.39,0,0,2.36,5.12,6.69,0.39,0.39,0,0.39,0,0,20.87,9.06,6.3,0,0,4.72,0.79,0
1,198,75.22,72.07,26.42,42.71,14.14,16.67,87.37,69.7,50.51,12.12,7.58,2.02,0,2.53,2.02,1.01,4.55,11.62,5.56,2.53,16.67,4.55,5.05,6.57,1.52,17.17,4.04,5.05,4.55,0.51,0,4.04,16.67,1.52,5.56,2.02,3.03,0,0,0,0.51,0,4.55,3.03,1.52,0,0,0,0,0,0,0,10.61,3.54,1.52,0,0.51,0,1.01,7.07,0.51,0,0,2.02,5.56,5.56,0,0,10.61,0,0.51,5.05,5.56,0,3.54,3.54,0,0,0,0,0,0,0,0,0,2.02,0,0,0,0,0.51,0,5.56,11.11,0.51,3.03,7.58,0,0,0,1.52,4.04,4.55,1.52,0,0,0,0,0,15.66,6.06,6.57,1.01,0,1.52,0.51,0
1,295,57,76.38,41.6,7.86,11.35,18.31,88.47,65.76,52.88,15.25,10.17,3.39,0,4.07,1.36,0,5.08,12.2,6.44,4.41,14.58,9.49,4.07,5.42,1.02,18.31,3.39,2.03,9.49,0,0.34,9.15,18.31,0.34,7.8,1.02,1.36,2.03,1.69,0,2.37,0,5.42,2.03,3.39,0.68,0.34,0.34,0,0,0,0,15.93,6.1,1.69,0.68,1.69,0.34,2.03,9.15,0,0,1.36,0.68,3.39,3.39,0,0,2.03,0,0,1.69,0.34,0,0.68,0,0,0,0,0,0,0,0.34,0,0.34,0,0,0,0,0,0.34,0,4.41,12.2,0.34,2.37,9.15,1.02,0.68,0,2.03,5.08,4.41,1.02,0.34,0,0.34,0,0,20.34,9.15,6.44,0.34,0,3.05,1.36,0
1,295,57,76.38,41.6,7.86,11.35,18.31,88.47,65.76,52.88,15.25,10.17,3.39,0,4.07,1.36,0,5.08,12.2,6.44,4.41,14.58,9.49,4.07,5.42,1.02,18.31,3.39,2.03,9.49,0,0.34,9.15,18.31,0.34,7.8,1.02,1.36,2.03,1.69,0,2.37,0,5.42,2.03,3.39,0.68,0.34,0.34,0,0,0,0,15.93,6.1,1.69,0.68,1.69,0.34,2.03,9.15,0,0,1.36,0.68,3.39,3.39,0,0,2.03,0,0,1.69,0.34,0,0.68,0,0,0,0,0,0,0,0.34,0,0.34,0,0,0,0,0,0.34,0,4.41,12.2,0.34,2.37,9.15,1.02,0.68,0,2.03,5.08,4.41,1.02,0.34,0,0.34,0,0,20.34,9.15,6.44,0.34,0,3.05,1.36,0
1,279,56.7,69.29,45.96,53.56,13.29,21.51,82.8,64.52,53.76,15.05,12.9,5.38,2.15,1.08,2.51,1.08,2.15,10.75,5.38,2.15,15.05,8.96,3.94,6.09,0.72,15.77,3.58,3.58,10.39,2.87,1.79,6.45,16.13,0.72,5.02,0.72,1.08,1.43,0,0,1.43,0,2.87,2.51,0.36,0.72,0.72,0,0,0,0,0,14.34,5.02,1.79,0.36,0.72,0,2.87,9.32,0,0,0,2.51,6.81,6.09,0.36,0.36,5.73,0.36,0.36,3.58,0.72,0.72,0.36,0.36,0,0.36,0,0,0,0,0,0.72,0,0,0,0,0,0,0.36,0,3.58,10.04,0,1.79,8.6,0.36,0,0,3.58,6.09,2.87,1.43,0,0,0,0,0,16.13,7.53,4.66,0,0,2.15,1.79,0
1,164,66.41,80.24,34.03,13.67,10.93,22.56,88.41,73.17,53.66,14.63,9.76,3.05,3.66,0.61,1.22,1.22,4.88,10.98,7.32,3.05,15.24,10.98,3.66,3.05,1.22,18.29,4.88,10.37,4.88,4.27,0.61,0.61,15.85,0,9.15,1.83,0.61,4.27,1.22,0,0.61,0,0.61,0,0.61,0,0,0,0,0,0,0,10.37,0.61,0,0,0,0.61,0,7.93,1.22,0,0,1.22,0.61,0.61,0,0,10.37,0,0.61,4.88,5.49,0,1.22,0.61,0.61,0,0,0,0,0.61,0,0,0.61,1.22,0,0,0,1.22,0,0,10.98,11.59,0.61,2.44,9.15,0.61,0,0,4.27,1.83,1.22,1.22,0,0,0,0,0,15.85,9.15,4.88,0,0,1.22,0.61,0
1,206,24.34,80.09,6.36,26.59,9.81,11.17,88.35,72.33,53.4,18.93,13.11,3.88,0.97,1.46,4.85,1.46,5.83,15.05,4.37,4.37,8.74,7.28,5.34,6.31,0.97,19.42,7.77,6.8,4.37,1.94,0.49,1.94,24.76,0.97,15.05,3.4,2.91,3.4,2.91,0.49,3.4,0,1.46,0.97,0.49,0,0,0,0,0,0,0,19.42,6.8,1.94,0,0,0,4.85,13.11,0,0,0,4.85,8.74,8.25,0,0.49,1.94,0,0.49,1.46,0,0,0,0,0,0,0,0,0,0,0,0,0,0.97,0,0,0,0,0.49,1.46,3.88,6.31,1.46,0.97,3.4,1.46,0,0,2.91,5.83,6.31,0,0.49,0,0.49,0,0,20.87,9.22,5.83,1.94,0,2.43,1.46,0
1,79,65.25,81.39,38.11,1,8.78,18.99,89.87,72.15,59.49,11.39,5.06,0,0,5.06,0,0,6.33,31.65,8.86,11.39,11.39,7.59,2.53,7.59,2.53,15.19,3.8,15.19,6.33,0,2.53,3.8,18.99,0,5.06,0,1.27,0,1.27,0,1.27,0,3.8,0,3.8,0,0,0,0,0,0,0,8.86,1.27,0,0,0,1.27,0,6.33,0,0,0,0,0,0,0,0,1.27,0,0,0,1.27,0,2.53,1.27,1.27,0,0,1.27,0,0,1.27,0,0,2.53,0,0,0,0,0,0,6.33,11.39,2.53,2.53,6.33,2.53,0,0,6.33,2.53,7.59,0,0,0,0,0,0,16.46,11.39,0,0,0,5.06,0,0
1,252,22.36,67.92,14.55,12.02,10.96,17.46,86.11,65.87,57.54,16.67,9.52,1.98,1.59,1.59,0.79,3.57,7.14,13.49,5.16,1.19,11.9,13.1,5.16,7.54,1.19,20.63,2.78,2.78,9.13,1.59,0.79,6.75,25,1.98,8.33,0.4,1.19,2.38,0.79,0.79,3.57,0,3.97,1.59,2.38,0.4,0.4,0,0,0,0,0,14.29,5.95,0.4,0,1.59,0,2.78,8.33,0,0,0,0.79,7.94,7.14,0.4,0.4,3.97,0,0,3.17,0.4,0.4,0.4,0.4,0,0.4,0,0,0,0,0,0.4,0.79,1.19,0,0,0,0,0.79,0,5.95,6.35,0.4,0.79,4.37,0.4,0.79,0,4.37,4.76,7.54,1.98,0,0,0,0,0,22.62,9.92,7.14,0.79,0,4.37,0.4,0
1,282,90.46,40.06,49.75,59.13,15.67,25.18,81.56,60.64,48.23,9.57,5.32,2.84,1.06,0.71,0,0.71,4.26,16.67,6.38,5.67,17.73,5.67,1.77,5.67,0.71,13.12,5.67,6.74,6.74,1.42,1.77,4.26,13.48,1.42,3.19,0,1.06,0.35,0,0,1.42,0,3.9,3.19,0.71,0,0,0,0,0,0,0,5.67,2.48,0.71,0.35,0,0,1.42,3.19,0,0,0,0,7.45,7.45,0.71,0,7.8,0,1.06,6.03,2.48,0,0,0,0,0,0,0,0,0,0,0,0.35,0,0,0,0,0,0,1.06,3.55,10.28,0,2.48,8.16,0,0,0,3.55,2.84,3.9,2.84,0,0,0,0,0,19.5,8.87,6.74,0,0,1.77,2.13,0
1,182,83.25,65.94,15.98,9.61,14,20.88,82.97,58.24,42.31,7.69,4.95,1.65,1.65,0.55,0.55,0.55,2.75,14.84,5.49,5.49,11.54,7.69,0,5.49,0,14.84,6.04,9.89,12.64,2.2,0,10.44,18.13,2.2,4.4,0.55,0.55,2.2,0.55,0,1.1,0,4.4,1.65,2.75,0,0,0,0,0,0,0,8.24,2.75,0,0,1.1,0,0,4.95,0,0,0,0.55,12.64,12.64,1.1,0,3.3,0,0,2.75,0.55,0,0,0,0,0,0,0,0,0,0,0.55,0.55,0.55,0,0,0,0,0.55,0,4.95,7.69,0,1.65,4.95,1.1,0,0,5.49,2.2,3.85,1.65,0,0,0,0,0,15.38,8.24,5.49,0,0,1.65,0,0
1,226,39.96,86.03,18.96,68.97,9.83,21.24,85.4,61.95,48.67,16.81,12.83,3.98,2.21,0.88,5.75,0,3.98,11.95,5.75,0.88,12.39,11.5,1.77,5.75,2.21,20.35,6.19,2.21,11.95,2.65,3.1,6.64,23.45,0.88,7.96,2.21,2.21,1.77,0,0.44,2.21,0,5.75,4.42,1.33,0.44,0.44,0,0,0,0,0,17.26,2.21,0.88,0,0.44,0.44,0.44,14.16,0.44,0,0.44,6.19,5.75,5.75,0,0,4.87,0.44,0,2.21,2.65,0,1.77,0.88,0,0.44,0,0,0,0,0,0.88,0.44,0.44,0,0,0,0.44,0.88,0.88,5.75,7.96,0,0.44,7.08,0,0,0.44,4.87,5.31,8.41,2.21,0,0,0,0,0,23.01,10.18,5.31,0,0,7.08,0.44,0
1,281,50.58,90.35,96.98,53.3,17.56,14.95,92.53,72.24,63.35,19.93,15.3,5.69,1.07,4.27,1.07,2.85,4.63,13.88,6.41,1.42,19.22,7.12,5.69,9.25,0,13.52,3.2,3.91,6.76,1.78,1.42,3.56,20.28,0,9.96,3.2,2.49,0.71,2.14,0.36,3.2,0,2.85,2.49,0.36,0,0,0,0,0,0,0,15.66,2.14,1.07,0,0.36,0,0.71,13.88,0,0,0.36,1.07,1.42,1.42,0,0,5.34,0,0,4.27,1.42,0,0.36,0.36,0,0,0,0,0,0,0,0.36,0,0.71,0,0,0,1.42,0.36,0.36,6.05,14.59,0.71,1.07,13.17,0.71,0,0,3.91,1.78,6.05,0.71,0,0,0,0,0,13.52,5.69,3.91,0,0,3.56,0.36,0
1,119,18.12,98.36,9.59,72.85,17,19.33,89.08,75.63,55.46,21.01,14.29,1.68,6.72,0.84,1.68,2.52,6.72,10.92,3.36,0.84,11.76,10.92,3.36,6.72,1.68,24.37,8.4,3.36,11.76,6.72,1.68,3.36,21.85,0.84,12.61,5.04,2.52,2.52,0,0,1.68,0,5.04,4.2,0.84,0.84,0,0.84,0.84,0,0,0,15.13,1.68,0,0,0,0,1.68,13.45,0,0,0,1.68,8.4,8.4,0,0,7.56,0,0,7.56,0,0,0,0,0,0,0,0,0,0,0,0,2.52,0,0,0,0,0.84,0,0,7.56,8.4,2.52,0,5.88,0.84,0,0,0.84,2.52,5.88,5.04,0,0,0,0,0,15.97,5.88,5.88,0,0,4.2,0,0
1,200,42.65,66.51,59.9,20.23,15.38,14,90,70.5,60,18,13,8,1.5,1.5,1,0,5,22,10,3.5,13,15.5,4.5,3,1,20.5,7.5,8,9.5,5.5,0,4,24,1,4,0.5,0.5,1.5,1,0,1,0,3,1.5,1.5,0.5,0,0.5,0,0,0,0,14.5,3.5,1.5,0.5,0,0,1,11.5,4.5,0,1,3.5,4.5,4.5,0,0,4.5,1,0.5,2.5,0.5,0,0.5,0,0,0,0,0,0,0,0.5,0.5,0,0.5,2,0,0,0,0,0,4,8,0.5,1,7,0,0,0,4.5,6.5,10.5,0,0,0,0,0,0,17.5,6.5,2.5,0,0,8.5,0,0
1,66,12.37,1.92,86.68,42.71,6,25.76,86.36,68.18,53.03,19.7,13.64,12.12,1.52,0,0,0,6.06,9.09,4.55,0,13.64,9.09,9.09,7.58,4.55,19.7,4.55,0,10.61,3.03,1.52,6.06,22.73,4.55,3.03,0,3.03,0,0,0,0,0,3.03,1.52,0,1.52,0,0,0,0,0,0,7.58,3.03,0,0,0,0,1.52,3.03,0,0,0,0,3.03,3.03,0,0,15.15,0,0,10.61,6.06,0,0,0,0,0,0,0,0,0,0,0,0,4.55,0,0,0,0,0,1.52,7.58,6.06,1.52,1.52,3.03,0,0,0,7.58,6.06,3.03,4.55,0,0,0,0,0,27.27,13.64,3.03,3.03,0,6.06,1.52,0
1,104,44.86,81.78,4.31,1,8.67,22.12,85.58,66.35,54.81,17.31,4.81,0,2.88,0,0,1.92,12.5,14.42,6.73,2.88,14.42,16.35,2.88,2.88,0,25.96,1.92,0.96,9.62,2.88,0.96,5.77,20.19,0,8.65,0.96,1.92,2.88,0,0.96,0.96,0,10.58,1.92,8.65,0,0,0,0,0,0,0,15.38,8.65,1.92,0,4.81,0.96,0,5.77,0,0,0,0,4.81,4.81,0,0,2.88,0,0,1.92,0,0.96,0,0,0,0,0,0,0,0,0,1.92,0,0,0,0,0,0,0,0,3.85,8.65,0,0.96,8.65,0,0,0,0,3.85,10.58,0,0,0,0,0,0,19.23,11.54,0.96,0,0,5.77,0.96,0
1,145,39.7,75.29,34.08,29.53,14.5,12.41,94.48,75.17,61.38,22.07,13.79,4.83,2.07,1.38,5.52,0,8.28,16.55,6.21,2.76,15.17,8.28,4.14,5.52,1.38,17.93,4.83,4.14,6.9,2.76,0.69,3.45,22.07,0,9.66,2.76,2.07,1.38,0.69,0.69,2.07,0,3.45,2.07,1.38,0.69,0.69,0,0,0,0,0,14.48,2.07,0.69,0.69,0,0,1.38,11.03,0.69,0,0,5.52,2.07,2.07,0,0,2.07,0,0,2.07,0,0,1.38,1.38,0,0,0,0,0.69,0,0,0,0.69,0.69,0,0,0,0,2.76,0,8.28,11.03,2.07,0,6.21,2.76,0.69,0,6.9,5.52,5.52,3.45,0,0,0,0,0,13.1,6.9,3.45,0,0,2.76,0,0
1,50,28.63,98.38,85.71,81.12,8.33,12,94,68,52,16,10,0,6,4,0,0,6,8,4,4,14,6,8,12,0,12,2,6,14,6,4,6,22,0,12,2,2,2,8,0,4,0,4,4,0,2,2,0,0,0,0,0,14,4,2,2,0,0,2,10,0,0,0,0,10,10,0,0,0,0,0,0,0,0,0,0,0,0,0,0,0,0,0,0,2,0,0,0,0,0,0,0,14,10,0,4,8,2,0,0,8,2,2,6,2,2,0,0,0,22,12,8,0,0,2,0,0
1,116,84,30.46,49.88,84.51,23.2,25.86,81.9,65.52,53.45,6.9,1.72,0,1.72,0,0,0,5.17,15.52,10.34,0,15.52,6.9,3.45,11.21,0.86,7.76,10.34,6.03,3.45,1.72,0,1.72,15.52,0,7.76,0.86,1.72,0.86,0.86,0.86,4.31,0,4.31,4.31,0,0,0,0,0,0,0,0,3.45,0,0,0,0,0,0,1.72,0,0,0,0,1.72,1.72,0,0,3.45,0.86,0,1.72,0.86,0,0,0,0,0,0,0,0,0,0,0,0.86,0,0,0,0,0,1.72,0,5.17,12.07,0,0,12.07,0,0,0,1.72,0,6.9,0,0,0,0,0,0,16.38,4.31,9.48,0,0,2.59,0,0
1,308,29.4,78.1,16.09,16.53,13.39,18.83,88.31,71.75,60.39,19.48,14.29,3.57,0.32,1.62,8.12,0.32,5.19,17.53,7.79,2.6,12.34,11.04,3.9,7.79,1.62,18.83,3.9,4.55,1.62,1.62,0,0,25,0.65,11.69,2.92,0.97,1.95,1.95,0.32,3.9,0,1.95,0.65,0.97,0.32,0,0,0,0,0,0,18.51,4.22,0.32,0,0,0.65,2.27,13.96,1.95,0.32,0.97,8.12,0.97,0.65,0.32,0,1.62,0,0.32,0.97,0,0.32,2.27,2.27,0,0.32,0,0,0.32,0,0,0.97,0.32,0.32,0,0.65,0,0,0.32,0.32,5.19,9.09,0.65,2.27,5.52,0.32,0,0.32,4.55,5.52,6.49,0.32,0,0,0,0,0,17.21,7.14,5.84,0.32,0,2.92,0.97,0
1,161,11.65,98.12,99,94.11,7,14.29,91.3,74.53,55.28,22.98,15.53,4.97,4.97,5.59,0,0,7.45,12.42,3.11,3.73,13.04,11.18,5.59,6.83,1.86,26.71,1.86,4.97,8.7,8.07,0.62,0,24.22,3.11,9.94,3.11,1.24,2.48,1.24,0,4.97,0,5.59,5.59,0,1.24,1.24,0,0,0,0,0,25.47,8.07,1.86,3.73,0,0,3.73,16.77,0,0.62,0,0,0.62,0.62,0,0,3.73,0,0.62,1.24,0.62,1.24,0,0,0,0,0,0,0,0,0,1.24,0,2.48,0,0,0,0.62,0,0,14.29,12.42,0,6.21,8.7,0,0,0,5.59,4.35,6.83,2.48,1.24,0.62,0,0.62,0,32.92,15.53,8.7,0,0,8.7,0,0
1,140,50.4,95.38,1.27,29.89,17.5,15,89.29,70,54.29,13.57,10.71,0.71,3.57,0,6.43,0,2.86,9.29,6.43,0.71,15,12.14,5,6.43,0.71,22.86,5,2.14,11.43,4.29,2.86,5,25,2.14,10.71,0.71,1.43,4.29,0.71,1.43,2.86,0,5,2.86,2.14,0.71,0.71,0,0,0,0,0,17.14,2.86,0,0,0,0.71,1.43,13.57,0,0,0,6.43,6.43,6.43,0,0,0.71,0,0,0,0.71,0,0.71,0,0,0,0,0,0,0,0,1.43,0.71,2.14,0,0,0,0.71,0,0,8.57,12.14,1.43,0.71,8.57,1.43,0,0,2.86,3.57,7.14,3.57,0.71,0,0.71,0,0,16.43,8.57,3.57,0,0,4.29,0,0
1,73,38.1,83.81,28.97,1,6.64,28.77,87.67,54.79,45.21,19.18,16.44,9.59,1.37,2.74,1.37,1.37,2.74,15.07,8.22,1.37,8.22,13.7,0,4.11,0,17.81,5.48,0,13.7,2.74,1.37,9.59,13.7,0,4.11,1.37,0,2.74,0,0,0,0,9.59,2.74,6.85,0,0,0,0,0,0,0,19.18,5.48,0,0,1.37,2.74,1.37,13.7,1.37,0,4.11,1.37,12.33,12.33,2.74,0,5.48,1.37,0,4.11,1.37,0,0,0,0,0,0,0,0,0,0,0,1.37,0,0,0,0,1.37,1.37,0,4.11,8.22,0,1.37,6.85,0,0,0,0,0,6.85,5.48,0,0,0,0,0,26.03,15.07,1.37,0,0,8.22,1.37,0
1,128,13.27,93.47,15.38,20.23,10.67,17.97,89.06,69.53,57.03,21.88,12.5,0.78,1.56,3.91,4.69,0,9.38,8.59,3.91,1.56,13.28,10.94,3.91,8.59,3.13,20.31,2.34,1.56,6.25,1.56,0,4.69,25.78,2.34,12.5,3.13,2.34,3.13,0.78,0,3.13,0,1.56,0.78,0.78,0,0,0,0,0,0,0,15.63,2.34,0.78,0,0,0.78,0,13.28,0.78,0,0,4.69,3.91,3.13,0,0.78,0.78,0,0,0.78,0,0,2.34,2.34,0,0.78,0,0,1.56,0,0,1.56,0,0.78,0,0,0,0,3.91,0,6.25,9.38,0,3.13,5.47,0.78,0,0,4.69,7.03,3.13,1.56,0,0,0,0,0,18.75,7.81,5.47,1.56,0,3.91,0,0
1,91,79.91,10.68,81.58,20.23,13,12.09,86.81,70.33,52.75,8.79,7.69,4.4,0,0,0,1.1,1.1,13.19,5.49,4.4,18.68,8.79,4.4,4.4,3.3,25.27,4.4,4.4,3.3,0,2.2,1.1,18.68,0,8.79,0,0,2.2,2.2,0,4.4,0,2.2,1.1,1.1,0,0,0,0,0,0,0,10.99,5.49,0,0,0,1.1,3.3,5.49,0,0,0,2.2,1.1,1.1,0,0,6.59,0,0,3.3,1.1,2.2,1.1,0,0,0,0,0,0,0,1.1,0,1.1,3.3,0,0,0,0,0,0,6.59,14.29,1.1,6.59,7.69,1.1,0,0,2.2,9.89,3.3,4.4,0,0,0,0,0,19.78,9.89,6.59,0,0,3.3,0,0
1,298,16.9,98.26,3.42,67.79,11.92,17.79,90.94,71.48,56.38,20.13,14.09,2.35,2.01,0.67,8.39,0.34,6.04,15.1,5.37,2.35,11.07,9.73,8.72,6.04,1.01,18.12,4.03,6.38,7.38,4.36,1.01,2.01,28.19,1.01,10.74,4.03,1.01,2.01,2.35,1.68,0.34,0.34,4.03,3.36,0.34,1.34,0.67,0.34,0,0,0,0,22.48,5.37,0,0.34,0,0.67,3.36,16.78,3.02,0,1.01,9.06,3.02,2.68,0.34,0,1.68,0,0,0,1.34,0.34,1.01,1.01,0,0,0,0,0.34,0,0,0.34,0,1.01,0,0,0,0.34,0,0,8.05,6.04,0,0.34,4.7,1.01,0.34,0,6.71,6.71,6.04,0,0.34,0,0,0,0.34,19.13,8.05,6.71,0.34,0,4.03,0,0
1,101,24.31,91.75,91.66,80.65,25.25,5.94,95.05,84.16,62.38,22.77,15.84,4.95,2.97,0.99,0,6.93,6.93,16.83,5.94,0,12.87,10.89,7.92,2.97,0,24.75,8.91,3.96,6.93,3.96,2.97,0,26.73,1.98,12.87,6.93,1.98,3.96,0,0,0.99,0,3.96,3.96,0,0,0,0,0,0,0,0,16.83,3.96,0,0,0,0,1.98,12.87,0.99,0,0,0,0.99,0.99,0,0,3.96,0,0.99,0.99,1.98,0,0,0,0,0,0,0,0,0,0,0,1.98,0.99,0,0,0,0,0,0,6.93,12.87,1.98,0.99,9.9,0,0.99,0,5.94,0.99,10.89,4.95,0,0,0,0,0,13.86,3.96,6.93,0,0,1.98,0.99,0
1,156,23.06,84.23,74.77,4.87,10.4,16.67,96.15,71.79,59.62,24.36,14.74,5.77,1.92,3.21,0,3.21,9.62,16.03,3.85,3.85,17.31,9.62,7.05,5.77,0.64,21.15,1.28,5.77,5.77,3.21,0.64,1.92,18.59,0.64,4.49,0.64,1.28,0.64,1.28,0,1.28,0,5.77,1.92,3.85,1.28,0,1.28,0,0.64,0,0,14.1,3.21,1.28,0,1.92,0,0,10.9,0,0,0,0,0.64,0.64,0,0,10.26,0,0,8.97,1.92,0,1.92,1.28,0,0,0,0,0,0,0,0,0,4.49,0,0,0,0.64,0,0,7.69,11.54,0.64,1.28,8.33,2.56,0,0,5.13,3.85,6.41,2.56,0,0,0,0,0,20.51,9.62,3.21,0,0,7.69,0,0
1,154,33.77,15.05,92.29,39.1,12.83,18.18,88.96,62.34,52.6,16.88,11.69,5.84,0.65,0.65,1.95,1.95,5.19,14.94,7.14,1.95,12.34,6.49,3.9,12.99,1.3,12.99,1.3,3.25,3.9,1.3,1.3,1.3,24.68,0.65,14.29,2.6,1.95,0,3.9,1.3,8.44,0,2.6,1.95,0.65,0,0,0,0,0,0,0,9.09,0,0,0,0,0,0,9.09,0,0.65,0,1.95,3.9,3.9,0,0,5.19,0,0,3.9,1.3,0,1.3,1.3,0,0,0,0,0.65,0,0,0,0,1.95,0,0,0,0.65,0.65,0,10.39,7.14,0,1.3,5.84,0.65,0,0,3.9,0.65,7.79,0.65,0,0,0,0,0,17.53,7.79,5.19,0,0,3.9,0.65,0
1,71,13.7,92.57,85.48,83.63,23.67,12.68,91.55,76.06,61.97,19.72,12.68,4.23,4.23,2.82,0,0,7.04,14.08,2.82,8.45,12.68,14.08,7.04,5.63,0,25.35,4.23,8.45,7.04,4.23,0,2.82,29.58,1.41,7.04,4.23,2.82,0,1.41,0,0,1.41,4.23,4.23,0,0,0,0,0,0,0,0,12.68,4.23,1.41,0,0,0,2.82,8.45,0,0,0,0,2.82,2.82,0,0,1.41,1.41,0,0,0,0,0,0,0,0,0,0,0,0,0,0,0,0,0,0,0,0,0,0,4.23,11.27,1.41,2.82,5.63,0,4.23,0,7.04,7.04,4.23,5.63,1.41,1.41,0,0,0,21.13,4.23,12.68,0,0,4.23,0,0
1,63,87.19,75.96,67.59,6.51,21,15.87,93.65,63.49,49.21,11.11,6.35,0,0,0,3.17,1.59,4.76,15.87,7.94,3.17,17.46,9.52,3.17,3.17,0,14.29,9.52,3.17,11.11,1.59,1.59,7.94,23.81,0,7.94,0,1.59,0,0,1.59,4.76,0,6.35,1.59,3.17,1.59,0,0,0,0,0,0,12.7,1.59,0,0,0,0,0,11.11,0,0,0,6.35,6.35,6.35,0,0,7.94,1.59,0,6.35,1.59,0,3.17,1.59,0,0,0,0,0,0,0,0,0,0,0,0,0,0,0,0,4.76,12.7,0,1.59,9.52,1.59,0,0,7.94,7.94,4.76,0,0,0,0,0,0,14.29,4.76,6.35,0,0,3.17,0,0
1,32,5.64,87.7,32.54,1.56,8,34.38,90.63,53.13,50,25,21.88,15.63,6.25,0,0,0,3.13,18.75,3.13,0,6.25,12.5,0,9.38,0,15.63,0,3.13,28.13,15.63,6.25,6.25,18.75,3.13,3.13,0,3.13,0,0,0,0,0,3.13,0,3.13,0,0,0,0,0,0,0,25,6.25,0,0,3.13,0,3.13,18.75,9.38,0,9.38,3.13,3.13,3.13,0,0,9.38,3.13,0,6.25,0,0,0,0,0,0,0,0,0,0,0,0,0,0,0,0,0,0,3.13,0,0,0,0,0,0,0,0,0,0,0,9.38,3.13,0,0,0,0,0,31.25,12.5,3.13,0,0,15.63,0,0
1,54,55.25,98.75,10.18,77.5,10.8,25.93,81.48,62.96,59.26,16.67,14.81,0,3.7,0,0,11.11,1.85,22.22,3.7,5.56,16.67,9.26,5.56,1.85,1.85,9.26,3.7,7.41,14.81,7.41,3.7,3.7,12.96,1.85,5.56,0,0,0,1.85,0,3.7,0,3.7,3.7,0,0,0,0,0,0,0,0,20.37,5.56,3.7,0,0,0,0,18.52,0,0,0,0,1.85,1.85,0,0,5.56,0,0,1.85,3.7,0,1.85,0,0,0,0,0,0,0,0,0,0,0,0,0,0,1.85,0,0,5.56,3.7,0,0,3.7,0,0,0,3.7,0,1.85,3.7,0,0,0,0,0,22.22,9.26,11.11,0,0,1.85,0,0
1,228,40.49,37.53,82.39,39.38,12,20.18,91.67,71.49,58.33,18.42,13.16,7.46,1.32,1.75,1.75,0,5.26,13.16,7.46,2.19,15.79,11.4,5.26,6.14,1.75,21.05,3.07,2.63,9.21,1.75,0.88,6.58,26.32,0.88,13.16,3.95,0.88,1.75,2.63,1.32,4.39,0.88,2.19,1.75,0.44,0,0,0,0,0,0,0,14.04,3.07,0.44,0.44,0.44,0,1.32,10.09,0,0,0,2.63,5.7,4.82,0.44,0.44,3.07,0.44,0,2.19,0,0.44,0,0,0,0,0,0,0,0,0,0,0.88,3.07,1.32,0,0,0,1.32,0,7.46,8.33,0.44,1.32,6.14,0.44,0,0,3.51,6.58,6.58,0.88,0,0,0,0,0,18.42,8.33,5.26,0,0,4.39,0.44,0
1,232,29.38,45.17,73.33,79.69,16.57,13.79,95.26,73.28,60.34,17.24,12.07,5.17,0,3.45,2.16,0.43,5.17,14.66,7.76,1.29,14.22,9.48,5.6,11.64,1.72,18.53,4.31,3.45,9.05,1.72,0.86,6.47,23.28,0.43,13.79,3.88,0.86,0,2.16,1.29,5.6,0,5.6,4.74,0.86,0.86,0.43,0.43,0,0,0,0,15.52,4.74,2.16,1.29,0,0,2.59,9.91,1.29,0.43,2.16,0.43,4.31,3.88,0.43,0,2.59,0,0.43,2.16,0,0,0.86,0.43,0,0,0,0,0.43,0,0,0.86,0,0,0,0,0,0,0.86,0,3.45,7.76,0.43,1.29,4.31,0.43,0.43,1.29,3.45,3.45,5.6,3.45,0.43,0,0.43,0,0,16.81,6.03,8.19,0,0,2.59,0,0
1,56,2.35,99,35.49,98.65,9.33,17.86,89.29,75,60.71,19.64,14.29,0,7.14,7.14,0,0,5.36,5.36,3.57,0,8.93,16.07,5.36,14.29,0,25,5.36,0,16.07,7.14,5.36,3.57,26.79,0,10.71,1.79,1.79,3.57,0,0,1.79,0,7.14,7.14,0,0,0,0,0,0,0,0,23.21,3.57,1.79,0,0,0,0,16.07,0,0,0,0,3.57,3.57,0,0,0,0,0,0,0,0,0,0,0,0,0,0,0,0,0,0,1.79,0,0,0,0,0,0,0,16.07,10.71,0,1.79,8.93,0,0,0,5.36,7.14,8.93,0,0,0,0,0,0,17.86,10.71,3.57,0,0,3.57,0,0
1,158,10.77,58.89,38.11,4.97,7.9,15.82,81.01,66.46,55.06,17.72,13.92,4.43,0.63,2.53,5.06,1.27,3.8,13.92,3.8,5.06,6.33,10.76,6.33,6.33,1.9,17.09,5.06,6.33,1.9,0.63,0,1.27,25.95,1.27,15.19,7.59,1.9,0.63,2.53,0,4.43,0,4.43,1.27,3.16,2.53,0,2.53,0,2.53,0,0,19.62,8.86,0.63,0,1.27,0.63,5.7,10.76,0,0,5.06,0,1.27,1.27,0,0,0.63,0,0.63,0,0,0,0,0,0,0,0,0,0,0,0,0,0,0,0,0,0,0,0,0,4.43,6.96,0.63,0,5.06,0.63,0,1.27,0.63,2.53,8.86,0,0,0,0,0,0,24.05,10.13,8.23,2.53,0,2.53,0.63,0
1,33,6.68,86.82,98.58,,11,18.18,93.94,69.7,60.61,21.21,15.15,3.03,9.09,3.03,0,0,6.06,12.12,0,0,15.15,12.12,6.06,9.09,3.03,18.18,3.03,0,18.18,12.12,9.09,0,30.3,0,12.12,0,0,0,0,3.03,9.09,0,0,0,0,0,0,0,0,0,0,0,15.15,3.03,0,0,0,0,0,12.12,0,0,0,0,0,0,0,0,6.06,0,0,6.06,0,0,0,0,0,0,0,0,0,0,0,0,0,0,0,0,0,0,0,0,9.09,15.15,0,6.06,6.06,0,0,3.03,6.06,0,15.15,0,0,0,0,0,0,15.15,9.09,3.03,0,0,3.03,0,0
1,65,53.56,49.21,73.25,6.78,16.25,13.85,95.38,72.31,55.38,13.85,6.15,4.62,0,0,0,0,7.69,12.31,7.69,3.08,16.92,12.31,4.62,9.23,0,20,4.62,7.69,6.15,1.54,3.08,1.54,26.15,1.54,10.77,3.08,1.54,1.54,3.08,0,4.62,0,1.54,0,1.54,0,0,0,0,0,0,0,10.77,0,0,0,0,0,0,10.77,7.69,0,1.54,0,0,0,0,0,12.31,0,1.54,6.15,4.62,0,3.08,3.08,0,0,0,0,0,0,0,0,0,0,0,0,0,0,0,0,4.62,10.77,3.08,1.54,6.15,0,1.54,0,3.08,4.62,7.69,1.54,0,0,0,0,0,23.08,4.62,3.08,1.54,0,12.31,1.54,0
1,200,19.3,60.87,13.33,34.28,15.38,18,85,69.5,57.5,18,11.5,3,2,1,3.5,2,6.5,19.5,8.5,5,8,12.5,3,9,2,21,3,6.5,4.5,2.5,1,1,18.5,1,6.5,0,0.5,1,2,0,4.5,0,2,1.5,0.5,0.5,0.5,0,0,0,0,0,15.5,5.5,1.5,0.5,0.5,0,3,10,0.5,0,0,3.5,1,1,0,0,4.5,0,0,2.5,2,0,0.5,0.5,0,0.5,0,0,0,0,0,0,0.5,0.5,0,0,0,0,0.5,0,5.5,9.5,1.5,2.5,5.5,2,0,0.5,1,1.5,10.5,0.5,0,0,0,0,0,22.5,8.5,8,0,0,6,0,0
1,606,20.58,97.75,44.28,22.28,13.47,14.85,91.58,70.3,59.08,19.31,11.22,2.15,6.6,0.99,0.33,0.83,8.09,15.18,5.28,1.82,15.18,12.54,6.27,8.42,1.32,22.44,2.97,4.46,10.73,7.59,0.66,2.48,19.14,0,7.1,2.64,0.83,1.16,1.65,0.66,1.98,0,2.81,1.32,1.16,0.5,0.17,0,0,0,0,0,14.69,1.82,0.33,0.17,0,0,0.5,12.87,1.16,0,0.5,0.83,1.65,1.49,0.5,0,5.94,0.17,0.17,1.82,3.96,0,0.66,0.33,0,0.17,0.17,0,0.33,0,0,1.65,0.33,0.33,0,0,0,0,0.83,0,8.75,9.24,0.83,1.98,6.44,0.66,0,0,3.63,2.31,8.42,8.58,0.17,0,0,0.17,0,20.63,7.76,5.45,0.33,0,6.77,0.33,0
1,358,28.57,94.49,19.63,2.82,11.93,16.2,91.62,71.79,58.1,19.83,12.29,3.35,5.03,0.56,1.12,1.96,7.54,17.32,6.7,0.28,13.13,10.06,5.31,6.98,1.68,18.16,4.47,3.07,11.17,5.31,0.28,5.59,22.63,1.4,10.06,1.12,0.56,3.07,1.4,1.96,1.96,0,3.07,0.28,2.79,0.56,0,0.56,0.28,0,0,0,17.88,3.63,0,0,0.84,1.4,1.4,13.69,1.12,0,0.28,1.68,0.84,0.28,0.28,0.28,3.63,0.56,0,1.12,2.23,0,1.68,0.28,0,0,0,0,0.28,0.56,0.28,0.56,2.23,1.12,0,1.12,0,0,0.56,0,4.47,10.34,1.96,0.84,6.98,1.12,0,0,3.35,4.19,6.15,2.79,0.84,0.56,0.28,0,0,17.32,8.1,4.75,0.28,0,4.19,0,0
1,404,7.15,72.76,19.42,23.35,9.62,13.61,92.57,78.22,63.86,23.76,14.11,5.2,0.74,1.98,5.69,0.5,9.65,17.08,5.94,0.99,11.14,13.12,6.68,5.94,3.47,23.02,5.45,5.2,3.22,1.73,0.25,1.24,28.71,1.49,13.12,3.47,0.74,2.23,3.71,1.73,1.73,0,2.48,1.24,0.99,1.73,0.99,0.5,0,0,0.5,0,17.33,3.71,0.74,0.5,0,0.5,2.23,13.37,2.48,0,4.21,3.71,0.5,0.5,0,0,2.97,0,0.25,2.48,0,0.25,0.5,0.25,0,0,0,0,0.25,0.25,0,0.5,0.5,0.5,0,0,0,0,0,0.74,6.93,8.17,0.5,2.48,5.45,0.74,0,0,2.97,6.68,8.42,0.99,0,0,0,0,0,21.53,10.64,3.47,0.5,0,6.44,0.5,0
1,239,6.64,82.79,23.98,25.64,14.06,16.32,88.28,75.31,62.76,23.01,15.06,5.86,0.84,6.28,1.67,0,7.95,17.15,5.86,2.09,10.04,10.88,8.79,7.11,2.51,20.92,4.6,4.18,3.35,2.09,0,1.26,24.69,1.26,12.13,2.51,1.26,2.93,2.93,2.09,2.51,0,3.77,2.09,1.67,0.84,0.42,0.42,0,0,0.42,0,18.83,7.11,1.67,0,0,0.84,4.18,11.72,0.42,0,0,2.93,0,0,0,0,1.26,0,0,1.26,0,0,1.26,0.84,0.42,0,0,0,0,0,0,0,1.67,0,0.84,0,0,0,0,0.84,5.44,6.69,1.67,1.26,3.35,0.84,0,0,3.35,2.09,8.79,3.35,0.42,0,0.42,0,0,24.69,8.37,8.79,0.42,0,6.28,0.84,0
1,226,30.05,92.13,53.37,39.57,10.76,11.06,94.69,76.55,59.29,22.12,10.62,2.65,3.98,2.21,1.33,0,11.5,11.5,5.31,0,16.37,12.39,4.87,4.42,1.33,26.11,3.54,4.87,4.87,3.98,0.88,0,22.12,0.44,8.41,3.1,0,1.77,1.77,0.44,2.21,0,3.1,2.21,0.88,0.88,0.44,0.44,0,0,0,0,16.37,5.31,1.33,1.33,0,0,2.21,11.06,0,0,1.77,0,0.44,0.44,0,0,5.31,0,0,2.65,3.54,0,3.1,0,0,0,0,0,0,2.65,0,0,1.77,1.33,0.44,0,0,0.44,0,0,10.62,13.27,0.88,1.77,8.85,2.21,0.44,0,3.1,2.21,10.62,7.08,0.88,0,0.44,0.44,0,23.45,10.18,5.31,0.88,0,6.64,0.44,0
1,135,44.1,77.41,84.46,91.78,7.5,17.04,79.26,63.7,45.93,21.48,14.81,7.41,3.7,1.48,0,2.22,6.67,8.15,4.44,0,11.85,6.67,0.74,5.19,0.74,20.74,2.96,1.48,12.59,5.93,0.74,5.93,15.56,0,9.63,5.93,1.48,1.48,0,0,0,0,5.19,5.19,0,0,0,0,0,0,0,0,17.78,6.67,4.44,0.74,0,0,1.48,9.63,0,0,0,0,1.48,1.48,0,0,2.96,0,0,2.96,0.74,0,0,0,0,0,0,0,0,0,0,0,0.74,0.74,0,0,0,0,0,0,8.89,12.59,0,2.22,8.89,0.74,0.74,0,0.74,2.22,8.15,0,0.74,0.74,0,0,0,23.7,13.33,5.93,0,0,4.44,0,0
1,50,5.22,98.38,13.33,4.56,10,18,98,84,64,22,14,0,6,0,2,6,8,8,0,0,16,10,12,8,2,22,10,0,16,6,2,8,22,2,8,2,0,2,2,0,2,0,6,2,4,0,0,0,0,0,0,0,20,6,2,0,0,0,2,14,0,0,0,2,4,4,0,0,10,0,0,4,6,0,0,0,0,0,0,0,0,0,0,0,0,2,0,0,0,0,2,0,6,6,0,2,6,0,0,0,4,4,4,0,0,0,0,0,0,18,14,2,0,0,2,0,0
1,85,10.73,87.81,99,95.42,10.63,16.47,94.12,76.47,60,24.71,21.18,9.41,2.35,8.24,0,0,3.53,10.59,2.35,3.53,14.12,15.29,3.53,5.88,0,22.35,5.88,4.71,8.24,2.35,3.53,2.35,28.24,0,11.76,2.35,2.35,2.35,1.18,1.18,3.53,0,8.24,7.06,1.18,3.53,3.53,0,0,0,0,0,22.35,8.24,0,0,0,2.35,0,11.76,0,0,0,0,2.35,2.35,0,0,2.35,0,0,1.18,0,1.18,1.18,0,0,0,0,0,0,0,0,0,0,0,0,0,0,0,0,0,16.47,14.12,0,2.35,10.59,0,0,1.18,8.24,9.41,4.71,1.18,0,0,0,0,0,17.65,8.24,1.18,1.18,0,7.06,0,0
1,169,53.56,99,51.62,57.22,10.56,8.88,95.27,69.23,60.95,17.75,16.57,0,8.88,1.78,0,2.37,1.18,10.65,4.14,0,20.12,15.98,1.18,4.14,0.59,26.63,1.18,3.55,15.38,11.24,1.18,2.96,18.34,2.96,0.59,0,0,0,0.59,0,0,0,4.73,3.55,1.18,0,0,0,0,0,0,0,25.44,4.73,1.18,1.18,0,0,1.18,21.3,0.59,0,1.78,1.18,2.37,2.37,0,0,6.51,0.59,0.59,2.96,0.59,1.78,0,0,0,0,0,0,0,0,0,0,0,1.18,0,0,0,0,0,0,14.79,14.79,0.59,1.18,13.02,0.59,0,0,4.14,1.78,10.65,12.43,1.18,0,1.18,0,0,17.75,9.47,2.96,0,0,4.14,1.18,0
1,132,12.37,49.07,98.58,30.55,18.86,17.42,87.12,75.76,61.36,21.21,13.64,6.06,4.55,0,0,2.27,7.58,16.67,4.55,3.03,12.88,11.36,6.82,8.33,1.52,20.45,3.79,6.82,9.09,7.58,0,1.52,31.06,2.27,12.12,4.55,0,0,0,2.27,5.3,0,2.27,1.52,0.76,0,0,0,0,0,0,0,13.64,5.3,2.27,0,0,0,1.52,9.85,0,0.76,0,0,7.58,7.58,0,0,0.76,0,0,0.76,0,0,0,0,0,0,0,0,0,0,0,0,0,0.76,0,0,0,0,0,0,7.58,9.85,0,0.76,9.09,0,0,0,4.55,5.3,10.61,1.52,0.76,0,0.76,0,0,19.7,5.3,8.33,0,0,6.06,0,0
1,203,1.81,96.58,81.96,20.23,22.56,13.3,96.06,81.28,67.98,25.12,15.27,3.45,4.43,5.42,1.48,0,9.85,16.26,3.94,2.96,10.84,12.32,5.91,14.78,0.99,21.18,6.4,3.94,11.82,6.4,0.99,4.43,27.59,0.49,13.3,3.45,0.99,2.46,4.93,0,5.42,0,3.94,1.97,1.97,0,0,0,0,0,0,0,18.72,5.42,0.99,0,0.99,1.48,0.99,13.79,0,1.48,1.48,0,4.43,4.43,0,0,2.46,0,0,2.46,0,0,0,0,0,0,0,0,0,0,0,0,0,0.49,0,0,0,0,0.99,0,7.88,6.9,0,1.48,5.91,0,0,0,7.39,5.91,5.42,1.48,0.99,0,0.99,0,0,14.29,4.43,7.39,0,0,2.46,0,0
1,164,13.52,96.14,51.25,37.8,16.4,20.12,92.68,70.73,57.32,21.34,14.63,3.05,1.22,7.93,1.83,0,6.71,15.24,4.27,2.44,12.2,14.02,4.27,6.1,1.83,21.34,3.66,4.88,10.98,1.83,3.66,5.49,30.49,1.83,10.37,1.83,1.22,1.83,1.22,0.61,3.66,0,6.1,3.66,2.44,0,0,0,0,0,0,0,21.34,8.54,2.44,1.22,0.61,1.22,2.44,12.8,0,0,1.22,1.22,5.49,5.49,0,0,3.66,0,0,2.44,1.83,0,0.61,0.61,0.61,0,0,0.61,0,0,0,0,0,0.61,0,0,0,0,0,0,9.15,7.32,0.61,1.83,4.88,0,0,0.61,6.71,7.93,7.93,0.61,0,0,0,0,0,18.29,6.1,4.27,0.61,0,7.32,0,0
1,83,41.85,91.63,6.2,89.13,13.83,13.25,84.34,71.08,59.04,16.87,8.43,2.41,1.2,1.2,1.2,2.41,8.43,22.89,7.23,6.02,12.05,10.84,4.82,6.02,0,14.46,8.43,9.64,3.61,2.41,0,1.2,16.87,0,4.82,1.2,1.2,2.41,1.2,0,1.2,0,4.82,4.82,0,0,0,0,0,0,0,0,16.87,4.82,2.41,1.2,0,0,1.2,12.05,1.2,0,0,3.61,2.41,2.41,0,0,1.2,0,0,0,1.2,0,0,0,0,0,0,0,0,0,0,0,1.2,0,0,0,0,0,0,0,4.82,6.02,0,1.2,6.02,0,0,0,1.2,3.61,7.23,0,0,0,0,0,0,25.3,10.84,8.43,0,0,3.61,2.41,0
1,75,87.58,82.98,79.53,39.67,12.5,14.67,82.67,58.67,45.33,10.67,10.67,4,2.67,0,4,0,0,14.67,9.33,2.67,16,4,5.33,6.67,0,12,5.33,0,9.33,2.67,0,6.67,13.33,0,4,2.67,0,1.33,0,0,0,0,1.33,1.33,0,0,0,0,0,0,0,0,10.67,0,0,0,0,0,0,9.33,0,0,0,4,12,12,0,0,2.67,0,0,2.67,0,0,1.33,0,0,0,0,0,0,0,0,1.33,0,1.33,0,0,0,0,0,0,10.67,14.67,0,2.67,10.67,0,0,1.33,8,2.67,2.67,0,0,0,0,0,0,18.67,8,5.33,0,0,2.67,2.67,0
1,82,7.71,96.14,26.35,20.23,13.67,21.95,91.46,75.61,60.98,23.17,13.41,2.44,4.88,4.88,1.22,0,9.76,20.73,6.1,0,10.98,15.85,6.1,7.32,0,25.61,2.44,3.66,6.1,4.88,0,1.22,31.71,0,15.85,1.22,7.32,2.44,0,1.22,4.88,0,2.44,1.22,1.22,0,0,0,0,0,0,0,14.63,2.44,1.22,0,0,0,1.22,10.98,0,0,1.22,0,4.88,3.66,0,1.22,7.32,0,0,0,7.32,0,2.44,1.22,0,0,0,0,0,1.22,0,0,0,1.22,0,0,0,0,2.44,0,4.88,8.54,0,3.66,4.88,0,0,0,1.22,4.88,12.2,0,0,0,0,0,0,20.73,7.32,6.1,0,0,7.32,0,0
1,52,64.84,93.13,81.58,20.23,6.5,5.77,94.23,63.46,46.15,15.38,9.62,1.92,5.77,1.92,0,0,5.77,21.15,5.77,7.69,9.62,1.92,3.85,3.85,1.92,13.46,7.69,9.62,11.54,5.77,3.85,3.85,25,1.92,7.69,0,1.92,1.92,1.92,0,3.85,0,11.54,5.77,5.77,1.92,1.92,0,0,0,0,0,25,13.46,1.92,3.85,5.77,0,5.77,11.54,0,0,0,1.92,1.92,1.92,0,0,0,0,0,0,0,0,1.92,0,0,0,0,0,0,0,0,1.92,0,1.92,0,0,0,1.92,0,0,17.31,9.62,0,0,7.69,0,1.92,0,11.54,3.85,5.77,3.85,0,0,0,0,0,28.85,17.31,7.69,0,0,3.85,0,0
1,194,2.83,98.09,34.87,27.02,11.41,8.76,90.72,78.35,64.43,26.29,17.53,3.09,6.19,3.09,0,3.61,8.76,12.89,4.12,0.52,10.31,13.4,7.22,6.7,2.58,26.29,2.06,3.09,10.82,7.73,0.52,2.58,26.8,2.06,12.37,2.58,1.03,3.61,2.06,0,4.64,0,2.58,1.55,1.03,0.52,0.52,0,0,0,0,0,21.13,4.64,1.03,0,1.03,0,1.03,16.49,1.55,0,0,0,1.03,1.03,0,0,1.55,0,0,1.03,0.52,0,0,0,0,0,0,0,0,0,0,1.03,0.52,3.09,0,0,0,0,0,0,10.31,6.19,0,1.03,4.12,0.52,0,0.52,4.12,4.64,8.76,3.09,0.52,0,0,0.52,0,19.59,8.25,5.15,1.03,0,5.15,0,0
1,122,52.99,99,14.52,6.23,15.25,10.66,87.7,67.21,51.64,16.39,11.48,0,7.38,2.46,1.64,0,4.92,10.66,5.74,2.46,16.39,9.84,4.92,6.56,0,20.49,4.92,2.46,13.11,7.38,0,5.74,14.75,1.64,4.92,1.64,0.82,1.64,0,0,0.82,0,6.56,1.64,3.28,1.64,0,0,0,0,0,0,16.39,3.28,0,1.64,1.64,0,0,14.75,0,0,0,3.28,5.74,5.74,0,0,3.28,0,1.64,1.64,0,0,0.82,0.82,0,0,0,0,0,0,0,0,0,4.92,0,0,0,0,0,0,4.1,13.93,0,3.28,9.84,0.82,0,1.64,0,3.28,8.2,1.64,0,0,0,0,0,22.13,7.38,4.92,0,0,6.56,3.28,0
1,182,12.29,79.51,78.82,35.85,26,14.84,97.8,77.47,65.38,22.53,12.64,6.59,4.4,0,1.1,0,9.89,17.58,4.95,1.1,15.38,10.99,7.69,10.99,0,17.58,4.95,5.49,10.99,7.69,0.55,2.75,20.88,0.55,6.04,2.2,1.1,0.55,0.55,0.55,0.55,0,2.2,1.65,0.55,0,0,0,0,0,0,0,11.54,1.1,0.55,0,0,0,0,9.89,2.75,0,2.75,0,1.1,1.1,0,0,10.44,0.55,4.4,2.75,2.75,0,0,0,0,0,0,0,0,0,0,2.2,0,1.1,0,0,0,0,0,0,4.95,11.54,2.2,0.55,8.79,0.55,0.55,0,5.49,3.3,7.14,4.4,0,0,0,0,0,9.34,3.85,3.3,0,0,2.2,0,0
1,132,1.92,20.56,93.6,12.34,12,12.88,98.48,88.64,70.45,28.03,18.94,11.36,0,5.3,1.52,0,9.09,10.61,5.3,0,11.36,12.88,6.06,12.12,1.52,25.76,5.3,2.27,1.52,0,0,1.52,29.55,0.76,9.09,3.03,0,0.76,1.52,0.76,3.79,1.52,2.27,0.76,1.52,0,0,0,0,0,0,0,13.64,6.06,0,0,0,0.76,3.03,7.58,0,0,0.76,0.76,1.52,0.76,0.76,0,6.06,0,0,0.76,1.52,3.79,6.06,0,0,0,0,0,0,6.06,0,3.03,0,0,3.79,0,0,0,0,0,4.55,6.82,1.52,2.27,3.03,0,0,0,5.3,15.91,5.3,0,0,0,0,0,0,20.45,8.33,9.09,0,0,3.03,0,0
1,600,33.53,82.98,74.02,20.23,12,15.83,88.83,69.83,56.17,17.17,10.17,2.5,2.83,1.33,0.33,2.67,7,14,6.5,2.17,13.5,10.17,7.17,6.5,1.17,19.5,5,2.67,8.17,3.67,2.17,2.5,23,1.33,9.17,3.5,0.83,1.17,1.17,0.5,2.5,0.17,4.33,2.17,2.17,0.83,0.5,0.33,0,0.17,0,0,13.83,4,0.83,0.33,1,0,1.67,10,0.17,0,0.5,0.5,4,2.5,0.83,0.67,3.33,1,0.17,1.33,0.67,0.17,1,0,0,0,0,0,0,0.5,0.33,0.83,0.33,1.5,0,0.17,0,0.17,0.33,0.33,9.83,9.83,0,1.33,8.5,1,0,0.17,4.83,3.5,7.83,1.83,0,0,0,0,0,21,8.33,7.5,0,0,4.67,0.5,0
1,221,66.72,92.66,49.85,81.96,10.52,14.93,86.88,66.06,50.68,16.29,12.67,5.43,4.52,0.9,1.36,0,3.62,17.65,6.79,2.71,12.67,4.98,1.81,6.79,0.45,17.65,3.17,6.33,9.5,7.69,1.36,0.9,11.76,0.9,3.17,0.9,0.45,0.9,0,0,0.9,0,4.98,4.52,0.45,1.81,1.81,0,0,0,0,0,16.74,4.07,2.71,2.26,0,0,1.36,12.67,3.62,0,0.9,3.62,3.62,1.81,2.26,0,2.26,0.9,0,1.36,0,0,1.36,0,0,0,0,0,0,0,0,0,0.9,1.36,0,0,0,0,1.36,0.45,7.24,13.12,2.71,3.17,8.14,0,0,0,1.81,7.69,3.62,2.71,0,0,0,0,0,23.08,8.6,10.41,0.9,0,3.17,0,0
1,42,85.89,93.83,72.58,57.46,14,11.9,97.62,64.29,47.62,7.14,7.14,0,4.76,2.38,0,0,0,4.76,0,4.76,21.43,0,4.76,9.52,2.38,16.67,4.76,2.38,7.14,7.14,0,0,7.14,0,7.14,0,0,0,0,0,7.14,0,2.38,2.38,0,0,0,0,0,0,0,0,23.81,7.14,2.38,2.38,0,0,7.14,14.29,4.76,0,0,0,16.67,16.67,0,0,0,0,0,0,0,0,0,0,0,0,0,0,0,0,0,0,0,7.14,0,0,0,0,4.76,0,23.81,14.29,0,2.38,11.9,0,0,0,0,0,0,0,0,0,0,0,0,14.29,7.14,7.14,0,0,0,0,0
1,157,51.93,99,16.43,91.18,15.7,20.38,91.72,67.52,53.5,15.92,10.83,1.27,1.27,6.37,0,1.91,5.1,12.74,5.1,1.27,15.29,7.64,5.1,7.01,0.64,16.56,4.46,3.82,7.64,1.91,1.91,3.82,21.66,1.91,8.28,2.55,0.64,3.18,1.91,0,1.27,0.64,5.1,5.1,0,0.64,0.64,0,0,0,0,0,15.92,3.18,0.64,1.91,0,0,1.91,12.74,0,0.64,0,0,8.92,8.92,0,0,6.37,0,0,6.37,0,0,1.27,0,0,0,0,0,0,0,0,0.64,0.64,0.64,0,0,0,0,0.64,0,10.19,7.64,2.55,0.64,3.18,0.64,0,0,7.01,0.64,7.64,3.82,0,0,0,0,0,20.38,7.01,6.37,0,0,4.46,2.55,0
1,659,17.61,90.35,30.61,30.57,11.56,15.48,93.93,74.2,58.12,21.4,12.59,2.88,2.12,2.73,2.88,1.67,8.8,13.81,5.01,1.82,12.9,11.23,6.83,5.31,1.97,23.37,4.55,4.55,6.83,2.58,1.97,2.28,24.58,0.3,10.77,2.88,1.06,1.37,2.58,1.52,2.12,0.15,4.86,2.73,1.97,2.28,1.52,0.61,0.3,0,0,0,16.08,3.19,0,0.3,0.3,0,1.82,12.44,0.3,0,1.97,1.06,2.43,1.52,0.3,0.61,4.86,0.3,0,3.34,1.21,0,1.21,0,0,0,0,0,0,0.61,0,0.3,0.61,1.21,0,0,0,0.15,0.15,0,8.04,10.32,0.46,2.58,6.22,0.76,0.46,0.46,2.88,4.7,9.56,4.4,0.3,0,0.3,0,0,19.73,8.65,5.46,0,0,5.31,0.3,0
1,663,47.16,84.09,34.93,11.1,12.75,18.55,88.54,71.64,56.41,16.29,9.2,1.51,1.81,2.11,0.45,3.17,7.09,18.85,7.69,3.62,11.76,9.05,4.07,6.18,1.36,18.55,4.98,7.54,5.58,2.26,0.9,2.41,21.42,1.96,8.75,2.11,1.51,0.75,1.36,0.9,2.41,0,3.62,1.36,2.26,0.3,0,0.3,0,0.15,0,0,13.12,3.32,0.45,0.45,0.45,0,1.66,9.65,0.15,0,0.9,0.3,3.47,2.71,0.3,0.75,5.43,0,0.6,2.26,2.56,0,1.06,0.45,0.15,0.15,0,0,0,0.3,0.15,0,0.3,1.36,0,0.15,0,0.3,0.15,0,7.54,7.39,0.15,1.66,5.43,0.6,0,0.3,4.07,3.02,7.09,2.71,0.45,0.15,0.3,0,0,18.85,8.45,6.18,0,0,3.62,0.6,0
1,23,8.37,99,4.38,84.9,7.67,13.04,86.96,82.61,78.26,17.39,13.04,0,13.04,0,0,0,4.35,8.7,4.35,0,26.09,17.39,8.7,21.74,0,21.74,4.35,4.35,13.04,13.04,0,0,13.04,0,8.7,4.35,0,4.35,0,0,0,0,4.35,4.35,0,0,0,0,0,0,0,0,13.04,0,0,0,0,0,0,13.04,0,0,0,0,0,0,0,0,0,0,0,0,0,0,0,0,0,0,0,0,0,0,0,0,0,0,0,0,0,0,0,0,4.35,8.7,0,4.35,4.35,0,0,0,0,0,8.7,0,0,0,0,0,0,21.74,13.04,4.35,0,0,4.35,0,0
1,126,33.38,54.27,5.94,93.93,11.45,23.81,88.89,69.84,57.94,15.87,6.35,1.59,1.59,1.59,0,1.59,9.52,11.11,5.56,0.79,12.7,11.9,3.97,5.56,3.17,18.25,7.14,3.17,7.14,2.38,3.97,0.79,24.6,5.56,11.9,1.59,0.79,3.17,1.59,0.79,4.76,0,5.56,5.56,0,0,0,0,0,0,0,0,11.11,2.38,0,0,0,0,0,8.73,0,0,0,0,2.38,1.59,0.79,0,7.14,0.79,0.79,5.56,0.79,0,0.79,0,0,0,0,0,0,0.79,0,3.97,0,0,1.59,0,0,3.17,0,0,11.9,3.97,0,1.59,2.38,0.79,0,0,0.79,0,11.11,1.59,0,0,0,0,0,19.05,8.73,5.56,0,0,2.38,2.38,0
1,101,58.1,63.5,91.66,67.03,11.22,9.9,91.09,75.25,57.43,13.86,7.92,4.95,1.98,0,0.99,0,5.94,13.86,6.93,3.96,14.85,6.93,6.93,7.92,0,14.85,7.92,6.93,4.95,2.97,0.99,0.99,19.8,0.99,6.93,1.98,1.98,0,0.99,1.98,0,0,2.97,2.97,0,1.98,1.98,0,0,0,0,0,7.92,0.99,0,0,0,0,0.99,6.93,2.97,0,1.98,0,4.95,4.95,0,0,2.97,0.99,0.99,0,0.99,0,0,0,0,0,0,0,0,0,0,0,0,0.99,0,0,0,0,0,0,13.86,13.86,0,3.96,12.87,0,0,0,2.97,8.91,0,0.99,2.97,0.99,1.98,0,0,15.84,9.9,4.95,0,0,0.99,0,0
1,147,3.72,90.06,17.29,29.39,16.33,13.61,81.63,69.39,55.78,13.61,10.2,2.72,3.4,0.68,1.36,1.36,3.4,7.48,0.68,0,9.52,12.24,8.84,15.65,0,21.77,6.8,4.76,5.44,4.76,0,0.68,21.09,0.68,8.84,2.04,2.04,2.04,0.68,1.36,1.36,0,4.76,2.72,2.04,1.36,0.68,0.68,0.68,0,0,0,14.97,4.08,0.68,0,0,0.68,2.72,10.2,2.04,0,0.68,1.36,0,0,0,0,0.68,0,0,0.68,0,0,1.36,1.36,0,0,0,0,1.36,0,0,0.68,0.68,0.68,0,0,0,0,0,0,8.16,9.52,0,2.72,6.12,0.68,0,1.36,1.36,4.08,6.12,4.76,0,0,0,0,0,18.37,7.48,6.12,0,0,4.76,0,0
1,460,22.01,70.35,40.1,32.27,11.79,11.09,91.09,73.26,60.87,18.7,13.48,3.91,1.52,2.39,5,0.43,5.22,15.43,7.17,1.96,13.26,12.39,5.22,6.96,3.91,22.39,2.61,2.83,7.83,3.26,0.65,3.91,26.96,3.04,10.22,2.61,1.09,2.61,0.87,0,3.7,0,1.74,1.3,0.43,0.43,0.22,0.22,0,0,0,0,16.74,3.7,0.87,0.22,0.43,0,1.52,12.83,1.09,0,0.65,5.43,3.04,3.04,0,0,2.39,0.65,0.87,0.87,0,0,0.43,0.22,0,0,0,0,0,0,0,0.22,0.22,1.09,0.43,0,0,0,0.87,0,6.52,11.09,0.65,2.17,7.17,1.96,0,0,4.78,4.78,9.57,0.65,0,0,0,0,0,19.78,8.48,5,0,0,5.87,0.43,0
1,75,5.78,19.67,98.82,39.67,5,14.67,89.33,64,45.33,24,18.67,12,4,0,2.67,0,5.33,13.33,6.67,1.33,4,14.67,4,4,1.33,26.67,4,4,13.33,5.33,4,5.33,30.67,2.67,8,0,6.67,0,0,0,1.33,0,4,2.67,1.33,0,0,0,0,0,0,0,20,9.33,0,0,0,5.33,1.33,6.67,0,0,0,2.67,4,4,0,0,2.67,0,0,2.67,0,0,2.67,1.33,0,0,0,0,0,0,0,0,0,1.33,0,0,0,0,0,0,16,12,0,1.33,10.67,0,0,1.33,8,6.67,9.33,2.67,0,0,0,0,0,42.67,20,9.33,0,0,13.33,0,0
1,19,2.68,1,99,,6.33,15.79,73.68,57.89,47.37,26.32,21.05,21.05,0,0,0,0,5.26,5.26,0,0,10.53,15.79,5.26,5.26,0,26.32,0,0,5.26,0,0,5.26,26.32,5.26,0,0,0,0,0,0,0,0,0,0,0,0,0,0,0,0,0,0,5.26,5.26,0,0,0,0,5.26,0,0,0,0,0,0,0,0,0,5.26,0,0,5.26,0,0,0,0,0,0,0,0,0,0,0,0,0,0,0,0,0,0,0,0,5.26,10.53,0,0,10.53,0,0,0,10.53,10.53,5.26,5.26,0,0,0,0,0,42.11,15.79,5.26,0,0,21.05,0,0
1,77,23.77,99,97.09,61.07,7,12.99,96.1,75.32,51.95,27.27,20.78,2.6,10.39,5.19,0,2.6,6.49,12.99,1.3,1.3,12.99,6.49,2.6,3.9,0,25.97,2.6,3.9,18.18,18.18,0,0,20.78,2.6,3.9,0,0,1.3,2.6,0,2.6,0,2.6,2.6,0,0,0,0,0,0,0,0,31.17,0,0,0,0,0,0,29.87,2.6,1.3,1.3,0,3.9,3.9,0,0,6.49,2.6,1.3,1.3,0,1.3,2.6,0,0,0,0,0,0,0,0,1.3,0,9.09,0,0,0,0,1.3,0,24.68,15.58,0,3.9,12.99,0,0,2.6,7.79,2.6,7.79,0,0,0,0,0,0,27.27,14.29,7.79,0,0,5.19,0,0
1,97,53.32,99,14.83,91.57,10.78,9.28,89.69,69.07,54.64,15.46,12.37,0,9.28,3.09,0,0,3.09,7.22,6.19,2.06,17.53,10.31,4.12,8.25,1.03,19.59,3.09,4.12,13.4,11.34,1.03,1.03,17.53,1.03,3.09,1.03,1.03,1.03,0,0,1.03,0,5.15,5.15,0,2.06,2.06,0,0,0,0,0,18.56,4.12,0,0,0,0,3.09,14.43,0,0,0,0,5.15,5.15,0,0,5.15,0,0,5.15,1.03,0,0,0,0,0,0,0,0,0,0,0,0,1.03,0,0,0,0,0,0,10.31,7.22,2.06,0,4.12,1.03,0,0,7.22,1.03,8.25,9.28,1.03,1.03,0,0,0,25.77,9.28,5.15,0,0,10.31,1.03,0
1,116,76.81,45.17,92,60.88,8.92,18.1,93.1,68.97,50,7.76,3.45,1.72,1.72,0,0,0,4.31,12.07,5.17,3.45,17.24,8.62,4.31,7.76,0.86,19.83,6.03,9.48,5.17,1.72,0.86,2.59,16.38,0,4.31,0,0,1.72,1.72,0,1.72,0,6.03,4.31,1.72,1.72,1.72,0,0,0,0,0,6.03,2.59,0,0,0,0,0.86,3.45,0,0,0,0.86,1.72,0.86,0,0.86,7.76,0.86,0.86,5.17,1.72,0,4.31,1.72,0.86,0.86,0,0.86,0,0.86,0,0.86,0,2.59,0,0,0,0.86,1.72,0,7.76,11.21,0,4.31,9.48,0,0,0,10.34,2.59,4.31,0.86,0.86,0,0,0.86,0,20.69,12.93,1.72,0,0,4.31,1.72,0
1,197,18.41,66.88,68.74,26.91,15.15,15.74,88.32,71.57,53.81,19.8,13.71,4.06,1.02,1.52,0,7.11,6.09,15.74,2.54,2.54,12.18,10.66,4.57,5.08,3.05,22.84,3.55,5.58,3.55,1.02,1.02,1.52,23.86,2.54,5.58,2.03,1.02,0.51,0,0,1.52,0,2.03,1.02,0.51,0.51,0,0,0,0,0,0,14.21,3.05,0,0,0,0.51,1.52,10.66,0,0,0,0,7.61,7.11,0,0.51,6.6,0.51,1.52,1.02,3.55,0,1.02,0,0,0,0,0,0,1.02,0,0,0,0.51,0,0,0,0.51,0,0,8.12,9.14,0.51,2.03,6.6,0.51,0.51,0,5.08,6.6,9.64,1.52,0,0,0,0,0,23.35,7.11,10.66,0,0,5.08,0.51,0
1,278,34.15,81.22,14.25,24.84,13.9,13.31,88.85,69.06,57.55,16.55,10.07,1.44,1.08,1.44,5.76,0,6.47,14.39,6.47,3.6,12.59,9.35,7.55,5.76,1.8,17.63,4.68,3.96,3.6,1.08,0.36,2.16,21.94,1.44,8.63,2.52,1.08,1.44,0.36,0.36,3.6,0.36,1.8,1.08,0.72,0,0,0,0,0,0,0,14.39,2.52,0,0,0.36,0.36,0.72,11.87,0,0,0.36,6.47,2.88,2.16,0.36,0.36,2.52,0,0.36,2.16,0.36,0,0.72,0,0,0,0,0,0,0,0.36,0.72,0.36,2.16,0,0.72,0,0.36,0.72,0.36,8.27,10.79,1.44,2.52,5.04,2.88,0,0,4.32,2.88,9.71,1.44,0,0,0,0,0,22.3,6.83,8.63,0.36,0,3.6,2.88,0
1,69,51.87,89.9,65.33,99,11.5,14.49,82.61,68.12,47.83,14.49,13.04,4.35,4.35,4.35,0,0,1.45,10.14,5.8,0,13.04,7.25,4.35,7.25,1.45,17.39,8.7,0,4.35,4.35,0,0,27.54,2.9,13.04,1.45,4.35,4.35,0,0,1.45,0,8.7,8.7,0,2.9,2.9,0,0,0,0,0,11.59,1.45,0,0,0,0,1.45,8.7,0,0,0,0,4.35,4.35,0,0,0,0,0,0,0,0,0,0,0,0,0,0,0,0,0,1.45,2.9,1.45,0,0,0,0,0,0,17.39,8.7,0,4.35,5.8,0,0,0,7.25,1.45,4.35,0,1.45,1.45,0,0,0,21.74,8.7,4.35,0,0,5.8,2.9,0
1,244,50.51,59.57,40.56,31.5,13.56,19.26,86.89,66.39,51.64,14.75,8.2,3.69,0,0.82,2.46,0,6.56,17.21,9.84,2.46,10.66,9.84,4.1,8.2,0,17.21,6.97,4.92,7.38,0,1.64,6.15,21.31,0.41,7.38,2.46,1.23,0.82,1.23,0.41,2.05,0,4.92,2.87,2.05,0,0,0,0,0,0,0,11.07,2.46,1.23,0,0,0,0,8.2,0,0,0.41,3.69,6.97,6.97,0,0,3.28,0.41,0,2.05,1.23,0,1.23,1.23,0,0.82,0,0,0,0,0,0,0.41,0,0,0,0,0,0.41,0.41,5.74,11.89,0,2.05,7.38,1.23,0,1.23,2.46,4.1,9.84,0,0.41,0,0.41,0,0,18.44,7.79,4.51,0,0,6.15,0,0
1,78,5.91,86.44,1,79.29,5.57,10.26,87.18,76.92,51.28,23.08,16.67,7.69,0,3.85,3.85,1.28,6.41,11.54,3.85,1.28,5.13,12.82,8.97,1.28,0,23.08,7.69,7.69,2.56,2.56,0,0,19.23,0,11.54,3.85,5.13,6.41,0,0,0,0,3.85,3.85,0,3.85,3.85,0,0,0,0,0,12.82,1.28,1.28,0,0,0,0,12.82,0,0,0,3.85,0,0,0,0,0,0,0,0,0,0,1.28,0,0,0,0,0,0,0,0,0,2.56,0,0,0,0,0,0,0,14.1,10.26,1.28,0,3.85,6.41,0,0,0,0,10.26,2.56,6.41,0,3.85,2.56,0,24.36,16.67,3.85,1.28,0,1.28,1.28,0
1,85,33.03,67.61,17.36,9.05,9.44,16.47,89.41,64.71,48.24,20,17.65,4.71,0,2.35,7.06,3.53,2.35,8.24,2.35,0,12.94,7.06,2.35,5.88,2.35,16.47,8.24,5.88,9.41,0,3.53,5.88,17.65,1.18,4.71,0,0,1.18,1.18,0,3.53,0,3.53,1.18,2.35,0,0,0,0,0,0,0,20,7.06,0,1.18,1.18,1.18,4.71,12.94,0,0,7.06,0,5.88,3.53,0,2.35,9.41,0,0,5.88,3.53,0,1.18,0,0,0,0,0,0,0,0,0,0,2.35,0,0,0,0,0,0,12.94,12.94,1.18,0,11.76,1.18,0,0,1.18,0,11.76,1.18,0,0,0,0,0,22.35,10.59,5.88,0,0,5.88,0,0
1,194,32.14,70.03,45.7,76.25,12.13,11.34,93.81,74.23,57.73,22.68,13.92,5.15,5.67,0,1.03,2.06,8.76,13.92,7.73,0.52,12.89,8.76,3.09,5.67,3.09,22.16,3.09,2.06,13.92,7.73,0.52,5.67,20.1,0,10.82,1.55,2.58,2.58,0.52,0.52,3.09,0,4.64,4.12,0.52,0,0,0,0,0,0,0,18.04,6.19,2.58,0,1.03,0,2.06,10.82,0,0,0,1.03,3.61,3.61,0,0,2.06,0,0,1.55,0.52,0,1.03,1.03,0,0,0,0,0,0,0,1.03,1.03,1.55,1.03,1.03,0,0,1.03,1.03,8.25,7.73,1.03,1.03,6.7,0,0,0,3.61,7.73,3.61,0,0.52,0.52,0,0,0,18.56,9.28,4.64,0,0,4.64,0,0
1,131,51.61,17.33,11.32,30.64,10.92,12.21,85.5,67.18,60.31,12.98,8.4,6.11,0,1.53,0,0,4.58,19.85,9.92,3.05,13.74,12.98,5.34,7.63,0.76,18.32,3.82,7.63,2.29,1.53,0.76,0,22.9,0.76,12.98,0.76,0,6.11,3.05,1.53,3.82,0,2.29,1.53,0.76,0,0,0,0,0,0,0,6.87,1.53,0.76,0,0,0,0.76,4.58,0.76,0,0.76,0,0,0,0,0,2.29,0.76,0,1.53,0.76,0,5.34,0,0,0,0,2.29,0,5.34,0,0.76,0.76,0,0,0,0,0,0,0,3.05,6.11,0,0.76,3.82,1.53,0,0,2.29,0.76,8.4,0.76,1.53,0.76,0.76,0,0,19.85,9.16,7.63,0,0,3.05,0,0
1,134,8.02,95.13,59.19,67.25,12.18,10.45,88.81,75.37,63.43,21.64,18.66,5.22,8.21,0,1.49,0.75,2.99,14.93,5.97,2.24,9.7,13.43,5.22,8.21,2.24,20.9,7.46,3.73,10.45,8.21,0.75,1.49,26.87,0.75,5.97,1.49,0,0.75,2.24,1.49,2.24,0,2.99,2.99,0,0.75,0.75,0,0,0,0,0,15.67,1.49,0.75,0,0,0,0.75,14.18,0,0,0.75,1.49,2.24,2.24,0,0,1.49,0,0,1.49,0,0,0,0,0,0,0,0,0,0,0,0.75,0,0.75,1.49,0,0,0,0,1.49,5.97,7.46,1.49,1.49,3.73,0.75,0,0,7.46,3.73,13.43,2.99,0.75,0,0.75,0,0,14.93,8.21,2.24,0,0,4.48,0,0
1,10,3.8,89.5,7.03,99,10,10,90,90,60,40,30,20,0,10,0,0,10,0,0,0,10,10,0,0,0,30,0,0,0,0,0,0,20,0,20,0,0,10,10,0,0,0,10,10,0,0,0,0,0,0,0,0,40,20,0,0,0,0,10,20,0,0,0,0,0,0,0,0,0,0,0,0,0,0,0,0,0,0,0,0,0,0,0,0,10,0,0,0,0,0,0,0,30,0,0,0,0,0,0,0,0,0,0,0,10,10,0,0,0,20,10,10,0,0,0,0,0
1,341,27.77,67.54,96.95,3.32,10.66,11.73,93.26,74.19,61.58,19.94,12.61,4.99,2.64,1.47,0.29,2.93,7.33,11.73,4.11,0.88,16.42,10.56,4.11,7.62,2.64,21.41,2.93,1.76,5.57,2.93,0.29,2.35,19.94,2.05,8.21,1.76,0.88,0.88,2.93,0.88,1.47,0,5.87,1.47,3.81,2.35,0.59,1.76,0,0.88,0,1.17,15.84,4.11,0.59,0,0.88,0.29,0.29,10.85,0,0,0,0.29,2.93,1.76,0,1.17,2.35,0.29,0.59,0.59,0.88,0,0.88,0,0,0,0,0,0,0,0,0,0.29,0.88,1.17,0,0.88,0,0.29,0,14.08,17.6,0.29,4.69,14.66,0.59,0,0,2.05,1.47,8.21,4.4,0.29,0,0.29,0,0,20.53,9.68,4.11,0,0,6.45,0.29,0
1,68,84.92,66.03,98.96,85.53,6.8,14.71,82.35,66.18,50,8.82,7.35,2.94,2.94,1.47,0,0,1.47,11.76,8.82,1.47,17.65,8.82,7.35,4.41,0,19.12,2.94,5.88,7.35,2.94,2.94,2.94,23.53,4.41,4.41,1.47,0,0,0,1.47,1.47,0,7.35,5.88,1.47,0,0,0,0,0,0,0,7.35,2.94,0,0,0,0,1.47,4.41,0,0,0,0,0,0,0,0,0,0,0,0,0,0,0,0,0,0,0,0,0,0,0,0,0,1.47,0,0,0,0,0,0,4.41,20.59,0,5.88,13.24,1.47,0,1.47,5.88,0,7.35,8.82,1.47,0,0,1.47,0,29.41,16.18,2.94,1.47,0,5.88,2.94,0
1,59,89.52,40.06,53.8,45.75,14.75,23.73,81.36,61.02,45.76,10.17,6.78,3.39,0,0,3.39,0,3.39,11.86,6.78,0,18.64,6.78,3.39,3.39,1.69,13.56,8.47,1.69,10.17,1.69,5.08,3.39,13.56,1.69,5.08,0,0,1.69,1.69,0,1.69,0,8.47,5.08,3.39,3.39,0,1.69,0,0,0,0,8.47,1.69,1.69,0,0,0,0,6.78,0,0,0,3.39,5.08,5.08,0,0,3.39,0,0,3.39,1.69,0,0,0,0,0,0,0,0,0,0,0,0,1.69,0,0,0,3.39,0,1.69,5.08,15.25,0,3.39,11.86,0,0,0,3.39,6.78,5.08,0,0,0,0,0,0,16.95,6.78,6.78,0,0,3.39,0,0
1,237,7.17,69.54,38.11,20.23,15.8,12.24,92.41,78.48,62.87,18.99,8.44,2.53,3.8,0.84,0,1.27,10.55,14.35,3.8,0.84,13.08,16.46,6.33,9.7,1.27,27.85,8.02,5.06,7.17,3.8,0.84,2.53,27.85,0,9.7,1.69,1.69,1.69,0.42,1.69,2.95,0,2.53,1.27,1.27,0.42,0.42,0,0,0,0,0,9.7,2.53,0,0,0.84,0,1.69,7.17,1.27,0,0,0,4.64,4.22,0,0.42,1.27,0,0,1.27,0,0,0,0,0,0,0,0,0,0,0,0,0,0.84,0,0,0,0,0,0,6.33,8.86,1.27,0.84,5.06,1.69,0,0,5.06,4.22,11.39,3.38,0,0,0,0,0,16.88,5.91,4.22,0.42,0,6.33,0,0
1,163,66.22,65.38,34.68,37.92,10.87,20.86,86.5,66.26,53.37,14.11,9.82,3.07,0.61,0.61,4.91,0.61,4.29,16.56,4.29,3.68,15.95,4.29,4.29,7.98,0.61,11.04,4.29,7.36,8.59,1.84,1.23,5.52,14.72,0.61,7.36,2.45,1.23,0.61,0.61,0.61,2.45,0,6.13,3.68,2.45,0.61,0.61,0,0,0,0,0,14.11,4.91,1.23,0,1.23,0.61,0.61,9.2,0,0,0,4.91,0,0,0,0,4.91,0,0,3.68,1.84,0,3.07,1.84,0,0,0,0,1.84,0,0,0,0.61,0.61,0,0,0,0.61,0,0,7.36,11.66,0.61,0.61,9.2,2.45,0,0,3.68,2.45,7.36,1.84,0.61,0,0.61,0,0,14.11,8.59,3.68,0.61,0,1.23,0,0
1,97,56.41,64.43,60.51,10.11,16.17,16.49,87.63,72.16,59.79,17.53,10.31,3.09,0,1.03,3.09,3.09,7.22,16.49,7.22,0,17.53,9.28,5.15,7.22,0,16.49,5.15,0,4.12,1.03,2.06,1.03,20.62,0,10.31,5.15,3.09,0,1.03,0,3.09,0,3.09,1.03,2.06,1.03,1.03,0,0,0,0,0,14.43,5.15,0,0,0,1.03,4.12,9.28,0,1.03,1.03,3.09,2.06,2.06,0,0,3.09,0,0,3.09,0,0,1.03,1.03,0,0,0,0,1.03,0,0,2.06,0,0,0,0,0,0,0,0,7.22,10.31,0,3.09,7.22,0,0,0,1.03,4.12,5.15,4.12,0,0,0,0,0,13.4,6.19,5.15,0,0,2.06,0,0
1,51,10.19,99,90.94,99,8.5,21.57,92.16,70.59,54.9,29.41,23.53,7.84,7.84,7.84,0,0,5.88,19.61,1.96,1.96,9.8,7.84,5.88,1.96,0,17.65,3.92,3.92,15.69,13.73,1.96,0,25.49,0,9.8,1.96,5.88,1.96,0,0,0,0,7.84,7.84,0,1.96,1.96,0,0,0,0,0,31.37,3.92,0,0,0,0,1.96,21.57,0,1.96,0,0,0,0,0,0,3.92,0,1.96,1.96,0,0,0,0,0,0,0,0,0,0,0,1.96,0,3.92,0,0,0,1.96,0,0,21.57,9.8,0,0,9.8,0,0,0,7.84,5.88,1.96,3.92,0,0,0,0,0,19.61,11.76,3.92,0,0,3.92,0,0
1,90,27.51,53.33,14.22,99,15,10,84.44,71.11,61.11,14.44,7.78,0,2.22,1.11,4.44,0,6.67,14.44,7.78,0,14.44,12.22,7.78,8.89,3.33,18.89,5.56,1.11,6.67,5.56,1.11,0,24.44,1.11,10,0,0,1.11,0,2.22,6.67,0,7.78,7.78,0,0,0,0,0,0,0,0,14.44,5.56,3.33,0,0,0,1.11,8.89,0,0,0,4.44,2.22,2.22,0,0,3.33,0,0,3.33,0,0,0,0,0,0,0,0,0,0,0,2.22,1.11,0,0,0,0,1.11,0,1.11,8.89,8.89,0,2.22,5.56,1.11,0,0,3.33,3.33,8.89,3.33,0,0,0,0,0,17.78,6.67,5.56,0,0,5.56,0,0
1,84,91.07,54.27,56.69,1,14,29.76,86.9,60.71,42.86,7.14,2.38,1.19,0,0,1.19,0,4.76,14.29,10.71,0,13.1,4.76,4.76,5.95,0,10.71,7.14,5.95,10.71,0,0,10.71,13.1,0,5.95,2.38,1.19,0,2.38,0,2.38,0,7.14,1.19,5.95,1.19,0,1.19,0,1.19,0,0,16.67,9.52,0,0,4.76,1.19,1.19,5.95,0,0,0,1.19,5.95,5.95,0,0,8.33,0,0,5.95,3.57,0,3.57,0,0,0,0,0,0,3.57,0,0,0,1.19,0,0,0,0,0,1.19,5.95,9.52,0,2.38,7.14,0,0,0,4.76,4.76,2.38,0,0,0,0,0,0,19.05,7.14,3.57,0,0,8.33,0,0
1,181,17.8,99,38.94,35.94,11.31,17.13,93.92,71.27,59.12,20.44,14.92,1.66,4.97,4.42,0,3.31,5.52,14.36,3.31,2.76,11.6,9.94,4.97,6.08,2.21,18.23,3.31,6.63,9.94,6.08,1.1,2.76,23.76,2.76,10.5,1.66,2.76,2.21,1.66,0,3.31,0,1.1,1.1,0,0,0,0,0,0,0,0,21.55,4.42,1.1,0,0,1.66,1.66,16.02,0,0,0,0,4.97,4.97,0,0,2.76,0,0.55,2.21,0,0,1.1,0.55,0,0,0,0,0,0.55,0,0.55,1.1,2.76,0,0,0,0,0,0.55,9.94,5.52,0,0.55,5.52,0,0,0,6.08,2.21,4.97,3.31,1.1,0,0,1.1,0,20.44,8.84,7.73,1.1,0,2.21,0.55,0
1,98,50.71,46.09,93.64,51.68,14,9.18,96.94,70.41,55.1,16.33,8.16,5.1,3.06,0,0,0,8.16,12.24,4.08,1.02,16.33,8.16,4.08,6.12,2.04,21.43,4.08,1.02,5.1,3.06,1.02,1.02,22.45,2.04,11.22,4.08,1.02,2.04,1.02,1.02,1.02,0,3.06,2.04,0,0,0,0,0,0,0,1.02,10.2,1.02,0,0,0,0,1.02,7.14,0,0,0,0,5.1,5.1,0,0,2.04,0,0,1.02,0,1.02,0,0,0,0,0,0,0,0,0,0,1.02,1.02,0,1.02,0,0,3.06,0,17.35,14.29,0,2.04,13.27,1.02,0,0,3.06,2.04,5.1,2.04,0,0,0,0,0,13.27,7.14,5.1,0,0,1.02,0,0
1,335,23.77,96.85,13.1,67.25,12.88,17.01,91.64,73.13,57.91,21.19,14.63,2.09,5.07,0.6,5.37,1.19,6.57,14.63,7.16,1.49,12.24,12.84,5.37,5.07,0.9,24.18,5.37,3.28,9.25,5.37,1.49,2.69,25.37,0.9,11.04,1.79,2.99,2.69,0.9,0,2.99,0.3,5.37,4.18,1.19,0.6,0.3,0.3,0,0,0.3,0,18.81,3.58,1.79,0.6,0.3,0,0.9,14.33,0,0,0.3,5.37,3.58,2.99,0,0.6,4.78,0.6,0.3,2.99,1.19,0,0.9,0,0,0,0,0,0,0,0.3,1.19,0.6,1.19,0,0,0,0.6,0,0,10.15,10.75,0,2.39,8.36,0.3,0,0,2.39,3.88,10.15,2.39,0,0,0,0,0,24.48,8.96,7.46,0,0,7.76,0.3,0
1,417,25.66,89.04,69.07,23.25,13.03,14.15,91.85,74.1,57.31,18.23,14.39,4.08,3.36,0.48,3.12,2.64,3.84,13.19,6.47,2.88,11.99,9.35,8.15,6.47,1.44,21.34,6.24,4.32,7.91,4.56,0.96,2.4,22.06,1.92,8.39,2.4,2.16,1.44,1.44,0.48,1.44,0,3.12,1.68,1.44,0.24,0,0.24,0,0,0,0,16.31,2.88,0.24,0,0,0.24,1.68,12.95,0.48,0,0.24,3.12,4.08,3.36,0,0.72,1.44,0,0.24,0.24,0.96,0,0,0,0,0,0,0,0,0,0,0.48,0.48,0.72,0,0,0,0,1.2,0,11.03,12.47,0.24,2.88,9.83,0.72,0.24,0,4.8,2.88,7.67,3.12,0,0,0,0,0,19.9,7.43,6.24,0.24,0,5.76,0.24,0
1,106,20.65,72.6,5.76,10.8,8.15,13.21,96.23,75.47,52.83,17.92,15.09,2.83,0,0.94,11.32,0,2.83,3.77,0,0.94,16.04,14.15,5.66,3.77,1.89,25.47,10.38,11.32,1.89,0,0,1.89,24.53,1.89,4.72,1.89,1.89,0,0,0,2.83,0,2.83,0.94,1.89,0,0,0,0,0,0,0,16.98,4.72,0,0,1.89,0,2.83,12.26,0,0,11.32,0,4.72,0.94,0,3.77,5.66,0,0,0,5.66,0,2.83,1.89,0,0,0,0,0,0,0,0,0,5.66,0,0,0,0,0,0.94,13.21,14.15,2.83,1.89,9.43,1.89,0,0,1.89,5.66,11.32,1.89,0,0,0,0,0,19.81,10.38,0.94,1.89,0,6.6,0,0
1,34,29.85,99,26.78,99,4.86,0,91.18,73.53,52.94,26.47,20.59,2.94,2.94,11.76,2.94,0,5.88,2.94,2.94,0,14.71,5.88,5.88,2.94,0,23.53,2.94,2.94,5.88,5.88,0,0,8.82,0,2.94,2.94,2.94,0,0,0,0,0,8.82,8.82,0,5.88,5.88,0,0,0,0,0,26.47,2.94,2.94,2.94,0,0,2.94,23.53,0,2.94,2.94,0,0,0,0,0,0,0,0,0,0,0,0,0,0,0,0,0,0,0,0,0,0,0,0,0,0,0,0,0,23.53,17.65,0,2.94,5.88,5.88,2.94,0,2.94,2.94,2.94,2.94,0,0,0,0,0,32.35,14.71,5.88,2.94,2.94,5.88,0,0
1,221,8.83,99,9.4,7.85,14.73,13.12,91.86,78.28,62.9,23.53,13.57,1.36,5.43,0.9,2.71,1.81,9.95,10.41,3.17,2.26,14.93,16.74,4.52,6.33,1.36,27.6,4.98,4.52,8.6,6.79,1.36,0.45,25.34,0.45,8.14,1.36,0.45,2.26,1.36,0,1.81,0,1.36,0,1.36,0,0,0,0,0,0,0,21.72,4.07,0,0,0,0,4.07,17.65,2.71,0,1.36,3.17,0.45,0.45,0,0,2.26,0,0.45,1.36,0.45,0,1.81,0.9,0,0,0,0,0.9,0,0.9,3.17,1.36,0,0,0,0,0,0.9,0,3.62,8.14,0,1.81,6.33,0.45,0,0,3.17,6.33,11.31,4.98,0,0,0,0,0,18.1,6.79,4.52,0,0,5.43,1.36,0
1,89,35.81,94.61,3.15,,8.9,10.11,88.76,77.53,61.8,19.1,10.11,0,2.25,3.37,4.49,0,8.99,11.24,4.49,3.37,19.1,13.48,6.74,3.37,2.25,22.47,2.25,5.62,2.25,2.25,0,0,28.09,2.25,11.24,1.12,4.49,3.37,0,1.12,2.25,0,0,0,0,0,0,0,0,0,0,0,13.48,3.37,1.12,1.12,0,0,0,11.24,0,0,0,5.62,3.37,3.37,0,0,10.11,0,1.12,0,8.99,0,1.12,0,0,0,0,0,0,1.12,0,0,1.12,0,0,0,0,0,0,0,7.87,11.24,0,3.37,6.74,1.12,0,0,2.25,6.74,10.11,2.25,0,0,0,0,0,22.47,10.11,3.37,1.12,0,5.62,2.25,0
1,130,27.08,94.52,17.99,30.73,10.83,12.31,80,65.38,52.31,13.85,6.92,0.77,3.85,0.77,0.77,0.77,6.92,10.77,5.38,3.08,10,13.08,5.38,6.92,0.77,22.31,5.38,3.85,10,3.85,0,6.15,23.85,0,3.85,1.54,0.77,1.54,0,0,0.77,0,5.38,3.08,2.31,0,0,0,0,0,0,0,14.62,4.62,0,0,0,0,3.85,10,0,0,0,0.77,4.62,4.62,0,0,0.77,0,0,0,0.77,0,0,0,0,0,0,0,0,0,0,0,0,1.54,0,0,0,0,0.77,0,6.15,7.69,1.54,0,6.15,1.54,0,0,6.15,8.46,6.92,1.54,0,0,0,0,0,22.31,8.46,9.23,0.77,0,3.08,0.77,0
1,1061,19.71,97.23,59.97,29.09,9.39,10.93,90.67,74.55,60.98,21.02,16.31,5.09,4.05,4.43,0.85,1.13,4.71,13.95,6.13,2.07,13.1,12.44,5.28,6.79,1.51,22.34,4.34,4.62,9.61,5.84,1.13,2.73,23.47,1.79,9.52,2.73,1.6,1.7,1.51,0,2.36,0.38,3.49,2.07,1.41,0.38,0.28,0.09,0,0,0,0,17.53,2.83,0.47,0.47,0,0.19,1.13,14.89,1.51,0,0.75,0.94,1.98,1.89,0,0.09,4.15,0.47,0.57,2.36,0.09,0.66,0.75,0.66,0,0.09,0,0,0.38,0,0,1.51,0.28,0.75,0,0.19,0,0.19,0.75,0.19,6.88,9.71,0.85,1.98,6.69,0.75,0.09,0.19,3.2,4.71,6.6,3.58,1.13,1.13,0,0,0,21.11,9.71,4.34,0.75,0.38,5.75,0.19,0
1,351,13.59,99,85.43,65.14,6.88,12.82,97.15,76.35,61.82,20.23,15.67,2.28,3.42,8.83,0,0.57,4.56,18.23,3.99,4.56,13.39,14.81,6.55,3.99,2.85,24.5,6.55,9.4,8.26,6.55,0.28,1.42,25.64,2.28,9.4,3.42,2.56,0.85,1.14,0,3.7,0,4.27,3.42,0.57,1.99,1.14,0.57,0,0,0,0,19.66,1.99,0,0.28,0,0,0.85,16.24,0,1.99,0,0.57,5.13,4.84,0,0.28,0,0,0,0,0,0,1.42,0,0,0,0,0,0,0,0,0.28,0.28,2.56,0,0,0,0,0.28,0,11.68,11.97,0.28,1.14,9.97,0.57,1.14,0,4.27,4.56,9.69,0.57,0.57,0,0,0.28,0.28,29.34,11.11,5.7,3.42,0,8.26,0.85,0
1,340,23.98,99,63.35,37.12,9.71,10.59,95,73.82,57.06,18.53,14.12,0.88,6.76,5.59,0,0.59,4.41,10.88,4.12,2.06,14.41,13.24,2.65,7.65,2.35,25,7.35,4.12,11.18,7.35,2.06,1.76,27.06,0.88,8.82,1.76,0.88,1.47,2.65,0.29,4.12,0,1.76,1.47,0.29,0.29,0,0.29,0.29,0,0,0,19.71,2.35,0,0,0.29,0,2.06,16.47,0,0.59,0,0.59,5.59,5.59,0,0,2.06,0.29,0.29,1.18,0.29,0,1.18,0.29,0.29,0,0,0,0,0.29,0,1.76,0,2.94,0,0.29,0,0.59,1.18,0,14.41,7.35,0.59,0.59,6.18,0,0,0,7.94,4.71,8.53,8.53,1.18,0.59,0.59,0,0,21.76,7.06,6.18,3.24,0,5.29,0,0
1,178,42.36,99,57.08,80.32,12.71,14.04,93.82,70.79,57.87,21.91,15.73,2.25,6.18,1.69,0,3.37,6.18,14.04,5.06,1.12,16.85,11.24,2.81,5.06,0,25.28,3.93,2.81,12.36,8.99,0.56,2.81,18.54,1.69,3.37,1.69,0,0,0.56,0.56,0.56,0,3.93,3.93,0,0,0,0,0,0,0,0,24.16,5.06,0.56,0,0.56,0,3.93,18.54,2.25,0,0,0,2.81,2.25,0.56,0,5.06,0,0,5.06,0,0,0,0,0,0,0,0,0,0,0,0,0,1.12,0,1.69,0,0,0.56,0,11.8,11.24,0,0.56,10.11,0.56,0,0,3.93,5.06,7.87,10.11,0.56,0,0.56,0,0,20.79,6.74,5.62,1.12,0,7.3,0,0
1,133,22.98,99,49.46,67.6,7,6.02,96.24,73.68,54.14,25.56,21.05,5.26,7.52,7.52,0,0,4.51,9.02,2.26,2.26,14.29,8.27,3.01,6.02,0,23.31,6.02,5.26,8.27,7.52,0,0.75,19.55,0,6.77,1.5,0.75,3.01,0,0.75,0.75,0,3.01,3.01,0,0.75,0.75,0,0,0,0,0,23.31,3.76,2.26,2.26,0,0,3.01,18.05,0,0,0,1.5,8.27,8.27,0,0,0.75,0,0.75,0,0,0,0,0,0,0,0,0,0,0,0,0,3.01,2.26,0,0,0,0,1.5,0,15.04,7.52,0,1.5,6.02,1.5,0,0,6.02,0,7.52,6.77,0,0,0,0,0,25.56,14.29,7.52,0,0,3.76,0,0
1,259,41.76,78.68,61.24,9.18,11.77,16.6,90.35,69.88,58.69,16.22,7.34,1.16,2.32,1.54,0,1.16,8.88,15.44,8.49,1.16,14.67,12.36,5.41,6.18,2.32,21.24,3.09,1.93,8.49,3.47,1.54,3.47,25.48,0.39,11.97,4.63,2.32,0,0.77,1.54,3.86,0,3.47,1.16,2.32,0,0,0,0,0,0,0,13.13,2.32,0,0,0.39,0.77,0.39,10.42,1.93,0,2.32,0,0.39,0.39,0,0,2.7,0,0.39,2.32,0,0,2.32,1.16,0,0,0,0,1.16,0,0,0.77,0,0.77,0.39,0,0,0,0,0,6.56,8.11,0,1.54,6.56,0,0,0.39,1.93,2.7,10.42,3.47,0,0,0,0,0,20.08,8.11,5.02,0.39,0,5.41,1.16,0
1,40,11.36,99,15.38,90.5,20,12.5,95,80,60,20,15,2.5,0,5,0,0,5,15,5,0,7.5,10,5,10,0,25,5,2.5,5,0,2.5,2.5,25,2.5,10,2.5,2.5,2.5,0,0,2.5,0,10,7.5,2.5,0,0,0,0,0,0,0,27.5,7.5,2.5,0,0,0,0,20,0,0,0,0,0,0,0,0,5,0,0,5,0,0,2.5,2.5,0,0,0,0,0,0,0,0,2.5,0,0,0,0,0,0,0,7.5,5,0,2.5,2.5,0,0,0,2.5,2.5,10,0,0,0,0,0,0,15,5,7.5,0,0,2.5,0,0
1,155,47.39,84.42,14.37,79.59,5.74,14.19,85.16,65.16,47.74,14.19,9.68,1.94,5.16,0.65,1.94,0,4.52,14.84,6.45,1.29,10.97,9.68,3.87,4.52,2.58,17.42,7.74,7.74,11.61,5.16,1.94,4.52,18.06,1.94,9.03,2.58,0.65,1.94,2.58,0,3.23,0,6.45,5.16,1.29,2.58,2.58,0,0,0,0,0,12.9,1.94,0.65,0.65,0,1.29,0.65,10.32,0,0,0.65,1.94,0.65,0.65,0,0,5.81,0,0,4.52,1.29,0,1.29,0,0,0,0,0.65,0,1.29,0,1.29,0,0.65,0,0,0,0.65,1.29,0,10.32,8.39,0,0.65,6.45,1.29,0,0,1.29,0.65,7.74,2.58,3.23,0,3.23,0,0,32.26,16.77,7.1,0.65,0,7.74,0,0
1,96,37.3,92.97,39.59,83,8,13.54,94.79,73.96,51.04,19.79,13.54,2.08,9.38,0,1.04,1.04,6.25,7.29,5.21,1.04,12.5,8.33,1.04,5.21,4.17,26.04,3.13,3.13,16.67,11.46,1.04,4.17,21.88,0,12.5,1.04,4.17,3.13,0,0,4.17,0,4.17,4.17,0,0,0,0,0,0,0,0,21.88,8.33,3.13,0,1.04,0,3.13,12.5,0,0,0,1.04,4.17,4.17,0,0,1.04,0,0,0,1.04,0,2.08,2.08,0,0,0,0,0,0,0,2.08,2.08,2.08,0,0,0,0,2.08,1.04,11.46,6.25,0,2.08,6.25,0,0,0,5.21,10.42,2.08,0,1.04,1.04,0,0,0,27.08,14.58,7.29,0,0,5.21,0,0
1,62,97.63,98.45,3.43,1,20.67,33.87,80.65,50,40.32,4.84,4.84,1.61,0,1.61,1.61,0,0,9.68,8.06,1.61,16.13,3.23,1.61,4.84,0,4.84,8.06,1.61,9.68,0,0,9.68,6.45,0,0,0,0,0,0,0,0,0,16.13,4.84,11.29,3.23,1.61,1.61,0,0,1.61,0,22.58,4.84,0,0,3.23,0,0,16.13,0,0,1.61,1.61,9.68,9.68,3.23,0,1.61,0,0,1.61,0,0,3.23,0,0,0,0,0,1.61,0,1.61,0,0,0,0,0,0,0,0,0,8.06,9.68,3.23,0,6.45,0,0,0,1.61,4.84,1.61,0,0,0,0,0,0,16.13,4.84,8.06,0,0,0,3.23,0
1,277,8.09,82.76,44.29,1.93,19.79,15.16,91.34,77.26,65.34,21.3,10.47,3.61,2.89,1.08,0,1.44,10.83,14.08,2.17,0.72,15.16,13.36,6.14,10.47,1.08,22.38,4.69,2.17,5.78,4.33,0.36,1.44,21.66,0.36,11.91,1.44,1.81,2.17,2.89,1.81,2.53,0,2.89,0,2.89,0.36,0,0.36,0,0,0.36,0,16.25,4.69,0,0,0,0,4.33,11.19,1.08,0.36,0.36,0,1.81,0.72,0,1.08,0.36,0.36,0,0,0,0,0,0,0,0,0,0,0,0,0,0,0.36,0.36,0.72,0,0,0,0,0,7.58,10.11,1.81,2.17,7.22,0.36,0,0,2.53,2.17,9.39,3.25,0,0,0,0,0,13.36,4.69,4.69,0.72,0,3.25,0,0
1,94,58.19,98.95,21.81,35.29,11.75,9.57,91.49,78.72,59.57,15.96,10.64,1.06,7.45,1.06,0,0,5.32,17.02,9.57,2.13,13.83,10.64,5.32,4.26,1.06,22.34,8.51,6.38,9.57,9.57,0,0,17.02,1.06,4.26,1.06,0,2.13,0,0,2.13,0,1.06,1.06,0,0,0,0,0,0,0,0,13.83,1.06,0,0,0,0,1.06,12.77,0,0,0,0,5.32,5.32,0,0,6.38,1.06,2.13,2.13,2.13,0,2.13,0,0,0,0,0,0,0,0,0,0,6.38,0,0,0,0,0,0,12.77,8.51,1.06,1.06,5.32,0,1.06,2.13,5.32,3.19,8.51,0,1.06,1.06,0,0,0,21.28,8.51,8.51,0,0,3.19,1.06,0
1,34,79.1,73.71,97.97,95.42,11.33,8.82,94.12,76.47,67.65,14.71,11.76,2.94,0,5.88,0,2.94,2.94,17.65,8.82,0,20.59,8.82,5.88,5.88,0,17.65,2.94,2.94,2.94,0,0,2.94,32.35,0,17.65,5.88,2.94,0,2.94,0,8.82,0,5.88,5.88,0,2.94,2.94,0,0,0,0,0,14.71,2.94,2.94,2.94,0,0,2.94,11.76,0,0,0,0,8.82,8.82,0,0,5.88,0,0,0,5.88,0,0,0,0,0,0,0,0,0,0,0,0,0,0,0,0,0,0,0,8.82,8.82,0,0,8.82,0,0,0,2.94,8.82,5.88,0,0,0,0,0,0,11.76,8.82,2.94,0,0,0,0,0
1,32,62.1,94.84,75.23,96.74,6.4,9.38,93.75,68.75,50,15.63,9.38,3.13,6.25,0,0,0,6.25,12.5,6.25,6.25,12.5,12.5,0,3.13,0,25,9.38,6.25,15.63,6.25,3.13,6.25,21.88,0,0,0,0,0,0,0,0,0,6.25,6.25,0,0,0,0,0,0,0,0,15.63,6.25,0,0,0,0,3.13,9.38,0,0,0,0,3.13,3.13,0,0,6.25,3.13,0,3.13,0,0,0,0,0,0,0,0,0,0,0,0,0,0,0,0,0,3.13,0,0,15.63,12.5,3.13,3.13,6.25,3.13,3.13,0,9.38,6.25,9.38,6.25,0,0,0,0,0,28.13,15.63,6.25,0,0,3.13,3.13,0
1,81,44.1,75.13,1,2.93,27,14.81,88.89,69.14,53.09,13.58,8.64,0,0,1.23,4.94,2.47,4.94,13.58,9.88,2.47,11.11,6.17,6.17,9.88,3.7,22.22,2.47,0,2.47,0,1.23,1.23,33.33,1.23,22.22,3.7,0,6.17,6.17,1.23,6.17,0,7.41,2.47,4.94,0,0,0,0,0,0,0,19.75,3.7,0,0,1.23,0,2.47,14.81,1.23,0,2.47,4.94,0,0,0,0,0,0,0,0,0,0,7.41,4.94,0,0,0,0,6.17,0,0,0,6.17,0,0,0,0,0,0,0,7.41,1.23,0,0,0,0,0,1.23,1.23,3.7,13.58,6.17,0,0,0,0,0,24.69,3.7,12.35,0,0,4.94,3.7,0
1,87,74.08,99,16,94.86,14.5,14.94,97.7,73.56,57.47,19.54,16.09,2.3,8.05,5.75,0,0,3.45,18.39,8.05,1.15,17.24,6.9,0,5.75,1.15,18.39,5.75,2.3,18.39,11.49,2.3,4.6,13.79,0,11.49,4.6,1.15,2.3,1.15,1.15,2.3,0,10.34,8.05,2.3,1.15,0,1.15,0,0,0,0,21.84,5.75,2.3,0,0,1.15,0,16.09,1.15,0,0,0,1.15,1.15,0,0,6.9,1.15,1.15,3.45,1.15,0,2.3,2.3,0,0,0,0,1.15,0,0,0,0,3.45,2.3,0,0,0,0,0,8.05,5.75,0,0,4.6,0,0,1.15,1.15,0,4.6,0,0,0,0,0,0,19.54,9.2,8.05,0,0,2.3,0,0
1,21,42.52,99,1,1,5.25,19.05,100,76.19,76.19,14.29,14.29,0,0,14.29,0,0,0,19.05,14.29,9.52,19.05,19.05,0,9.52,9.52,19.05,4.76,4.76,9.52,0,0,9.52,23.81,0,14.29,0,4.76,9.52,0,0,9.52,0,4.76,0,4.76,0,0,0,0,0,0,0,28.57,4.76,0,0,4.76,0,0,23.81,0,0,0,0,4.76,4.76,0,0,0,0,0,0,0,0,0,0,0,0,0,0,0,0,0,0,0,0,0,0,0,0,4.76,0,0,0,0,0,0,0,0,0,4.76,0,14.29,0,0,0,0,0,0,33.33,19.05,0,0,0,14.29,0,0
1,157,8.83,99,80.86,28.76,12.08,11.46,92.99,79.62,64.97,23.57,21.02,5.1,7.01,3.82,0.64,1.27,2.55,13.38,2.55,2.55,14.65,14.65,7.01,5.73,0.64,24.2,7.01,8.28,14.01,9.55,1.27,3.18,28.03,3.18,10.19,1.91,1.27,1.27,2.55,0,3.82,0.64,1.91,1.27,0.64,0.64,0.64,0,0,0,0,0,20.38,1.91,0,0,0,0.64,0,19.11,1.27,0,0.64,0.64,1.27,1.27,0,0,3.18,0,0,3.18,0,0,0,0,0,0,0,0,0,0,0,1.91,0.64,0,0,0.64,0,0,0.64,1.27,12.74,12.1,1.27,2.55,7.64,1.91,0,0.64,3.82,3.18,9.55,6.37,0,0,0,0,0,15.29,8.28,2.55,0,0,4.46,0,0
1,363,43.45,85.91,36.74,59.08,9.55,14.33,87.05,68.6,51.79,15.43,9.92,3.03,1.93,2.2,1.65,0.55,5.51,15.43,7.44,2.48,11.02,10.74,5.51,4.68,0.83,20.66,6.61,5.51,7.16,2.48,1.65,3.31,23.14,2.2,8.54,3.31,1.38,1.1,1.1,0.83,1.38,0.28,6.34,4.41,1.93,3.03,1.38,1.65,0,0.28,0,0,13.22,2.75,0.55,0.28,0.28,0.83,1.65,9.92,0,0.28,0,2.48,2.2,1.93,0,0.28,4.13,0,0.55,1.93,2.2,0,1.1,0.28,0,0,0,0,0,0.83,0,0,0,0.28,0,0,1.1,0.83,0.28,0,9.37,9.92,0.55,1.38,6.06,2.75,0,0.28,3.86,4.13,7.71,4.13,0.83,0,0.83,0,0,23.97,12.4,6.61,0,0,4.96,0,0
1,103,3.91,24.5,77.76,4.8,10.3,15.53,93.2,76.7,60.19,28.16,16.5,11.65,0.97,2.91,0,0,11.65,13.59,4.85,2.91,7.77,12.62,4.85,5.83,0.97,27.18,1.94,3.88,9.71,2.91,0.97,5.83,29.13,2.91,11.65,6.8,2.91,1.94,0,0,0,0,3.88,0.97,2.91,0,0,0,0,0,0,0,14.56,8.74,0,0,1.94,0,4.85,5.83,0.97,0,0.97,0,4.85,4.85,0,0,4.85,0.97,0,2.91,0.97,0,0.97,0.97,0.97,0,0,0,0,0,0,0,0.97,0,0,0,0,0,0.97,0,4.85,3.88,0.97,0,1.94,0.97,0.97,0,3.88,2.91,11.65,1.94,0,0,0,0,0,19.42,9.71,3.88,0,0,5.83,0,0
1,61,35.92,95.74,11.41,71.67,10.17,11.48,95.08,75.41,60.66,14.75,11.48,1.64,4.92,1.64,0,3.28,3.28,21.31,8.2,1.64,9.84,8.2,4.92,9.84,1.64,19.67,6.56,11.48,11.48,4.92,1.64,4.92,18.03,0,11.48,4.92,0,3.28,0,0,3.28,0,3.28,3.28,0,1.64,1.64,0,0,0,0,0,14.75,1.64,1.64,1.64,0,0,1.64,13.11,0,0,0,0,0,0,0,0,4.92,0,0,3.28,1.64,0,0,0,0,0,0,0,0,0,0,0,0,4.92,0,0,0,0,0,0,8.2,3.28,0,0,3.28,0,0,0,1.64,0,4.92,6.56,0,0,0,0,0,21.31,9.84,8.2,0,0,3.28,0,0
1,41,89.52,94.33,2.54,,10.25,12.2,90.24,63.41,53.66,14.63,4.88,0,4.88,0,0,0,9.76,19.51,12.2,0,17.07,7.32,4.88,2.44,0,17.07,2.44,2.44,9.76,7.32,0,2.44,12.2,0,4.88,0,2.44,0,2.44,0,0,0,0,0,0,0,0,0,0,0,0,0,7.32,0,0,0,0,0,0,7.32,0,0,0,0,0,0,0,0,17.07,0,0,9.76,7.32,0,0,0,0,0,0,0,0,0,0,0,0,7.32,0,0,0,0,0,0,14.63,4.88,0,0,4.88,0,0,0,2.44,2.44,4.88,4.88,0,0,0,0,0,14.63,9.76,0,0,0,4.88,0,0
1,874,39.97,83.88,53.02,34.75,13.87,14.07,90.39,71.4,57.67,17.39,8.7,1.37,3.66,1.6,0.23,1.72,8.7,15.9,6.86,2.06,14.65,11.33,5.38,5.84,1.49,20.25,4.92,4.69,6.64,4.46,0.69,1.49,24.03,0.8,11.9,2.52,1.95,1.37,2.29,1.03,3.66,0,2.75,1.83,0.8,0.57,0.23,0.23,0,0,0,0,12.36,2.86,0.69,0.11,0,0.11,1.6,9.5,0.23,0,0,0.34,3.55,2.29,0.23,1.03,3.32,0.23,0.11,1.95,1.03,0.11,0.69,0.11,0.11,0,0,0,0,0.34,0,0.69,0.46,1.6,0.23,0.11,0,0.46,0,0.11,8.35,9.84,0.11,1.37,8.01,0.23,0,0.57,3.2,1.49,8.24,4,0.57,0.34,0,0.23,0,21.17,6.75,7.89,0.46,0,5.15,0.92,0
1,306,37.99,87.01,26.78,44.74,10.93,17.65,88.24,69.61,54.25,17.97,11.44,3.27,2.61,0.98,2.61,0.65,6.54,16.34,6.54,3.27,11.76,10.13,6.54,2.94,1.31,17.65,7.52,4.25,7.19,3.59,2.61,2.29,22.22,0.33,7.19,1.96,1.31,0.33,0.65,2.61,0.33,0,3.59,2.61,0.98,0.33,0.33,0,0,0,0,0,15.69,4.25,0.65,0,0.65,0.33,1.31,10.46,0.33,0,0,2.94,0.33,0.33,0,0,3.59,0.33,0.98,1.31,1.31,0,1.31,0.65,0,0,0,0,0,0.33,0,0,0,1.31,0.98,0,0,0.98,0.98,0,8.17,11.44,1.31,1.31,6.86,1.96,0,0.33,3.92,4.25,7.52,2.61,0.65,0,0.65,0,0,17.65,8.82,3.59,0.33,0,3.59,1.31,0
1,136,10.53,31.82,97.2,3.78,10.46,13.24,92.65,72.06,61.76,22.06,18.38,9.56,1.47,5.15,0,2.21,3.68,10.29,4.41,2.94,14.71,12.5,5.15,8.82,3.68,19.12,3.68,3.68,2.21,1.47,0,0.74,23.53,0,11.03,0,1.47,1.47,1.47,1.47,5.88,0,6.62,2.21,4.41,2.21,0.74,1.47,1.47,0,0,0,16.91,4.41,0,0,1.47,1.47,1.47,11.03,1.47,0,0,0.74,2.94,2.94,0,0,1.47,0.74,0,0,0,0.74,0,0,0,0,0,0,0,0,0,0,0.74,2.94,0,0,1.47,0,1.47,0,12.5,11.03,0,1.47,10.29,0,0,0,2.94,1.47,10.29,3.68,0,0,0,0,0,24.26,11.03,3.68,0,0,9.56,0,0
1,41,4.45,80.24,99,98.92,4.56,2.44,97.56,90.24,60.98,29.27,24.39,12.2,0,7.32,0,0,4.88,2.44,0,0,14.63,9.76,12.2,2.44,0,34.15,7.32,0,0,0,0,0,19.51,0,7.32,4.88,4.88,2.44,0,0,0,0,7.32,7.32,0,0,0,0,0,0,0,0,21.95,9.76,4.88,0,0,0,4.88,12.2,0,0,0,0,4.88,4.88,0,0,2.44,0,2.44,0,0,0,0,0,0,0,0,0,0,0,0,0,0,9.76,0,0,0,0,0,0,14.63,12.2,0,4.88,12.2,0,0,0,4.88,0,7.32,2.44,2.44,0,2.44,0,0,36.59,17.07,7.32,4.88,0,7.32,0,0
1,379,45.05,90.95,60.08,31.07,16.48,9.5,90.77,75.99,61.74,17.41,10.03,2.11,2.9,2.37,0.53,1.58,7.39,16.36,8.71,1.58,14.51,9.23,5.54,7.12,2.11,20.58,3.96,3.69,4.49,3.96,0,0.53,20.84,2.37,7.92,1.06,0.79,1.58,1.32,0.53,3.17,0,1.32,1.06,0.26,0.26,0.26,0,0,0,0,0,17.41,3.96,0,0,0,0.26,2.37,12.66,0.79,0,2.64,0.26,1.85,1.85,0,0,1.06,0,1.06,0,0,0,0,0,0,0,0,0,0,0,0,0,0.53,1.58,0.53,0,0,0,0,0.26,11.08,14.51,0,4.75,9.23,1.06,0.26,0.26,1.32,2.9,9.5,0.53,0.53,0.26,0.26,0,0,17.68,5.01,5.8,1.06,0,5.28,0.53,0
1,257,31.39,86.35,51.22,50.04,17.13,15.95,90.66,75.49,60.31,18.68,10.12,2.33,5.84,0.39,0.78,0.39,8.56,17.9,5.06,2.33,14.79,12.06,5.84,5.06,1.17,21.01,7.78,5.06,10.89,6.23,1.17,3.5,26.85,1.17,11.28,2.33,2.33,3.5,1.17,0.39,3.11,0,3.5,2.72,0.78,0.39,0.39,0,0,0,0,0,11.67,2.72,1.56,0,0,0.39,0.39,9.34,0.39,0,0,0.78,5.84,5.06,0,0.78,1.17,0,0,1.17,0.39,0,0.39,0.39,0,0,0,0,0.39,0,0,1.17,0.39,1.95,0,0,0,1.17,0,0,8.56,9.34,0.78,1.95,6.61,1.17,0,0,6.23,3.5,8.56,2.72,0,0,0,0,0,16.34,6.23,6.23,0,0,3.89,0,0
1,222,28.95,99,96.22,20.23,14.8,14.41,92.34,72.97,57.21,17.57,13.06,1.35,6.31,1.35,0,3.6,4.5,14.41,4.95,2.25,13.51,10.36,5.41,7.21,1.8,20.72,4.5,4.95,11.71,7.66,1.8,2.25,17.57,1.8,5.41,0.9,1.8,0.9,0.45,0,1.8,0,6.31,3.15,3.15,1.8,0.45,1.35,0,0,0,0,18.92,2.7,0.9,0,0,0,1.8,15.77,0,0,0.45,0.45,0.45,0.45,0,0,2.7,0,0,2.7,0,0,0,0,0,0,0,0,0,0,0,0,0,1.8,0,0,1.35,0,0.45,0,13.96,20.27,0,3.15,18.47,0.9,0,0,3.15,4.05,5.86,0,0,0,0,0,0,16.22,6.76,3.6,0,0,5.86,0,0
1,203,75.67,87.65,64.7,4.68,16.92,20.69,82.27,68.47,57.14,13.3,7.39,1.48,2.96,0,0,1.48,5.91,17.24,9.85,0,16.26,8.87,5.42,4.93,0.99,15.76,4.43,3.45,6.4,3.45,0.99,1.97,17.73,0.99,4.43,0.99,0,1.48,0.49,0.99,0.99,0,3.94,0.99,2.96,0.49,0,0.49,0.49,0,0,0,11.82,1.97,0,0,0,0.99,0.49,9.85,0,0,0,0,0.99,0.99,0,0,2.46,0,0,2.46,0,0,1.48,0.49,0,0,0,0,0.99,0,0,0,0.99,0.99,0,0,0,0,0.49,0,8.87,13.79,0.49,2.46,11.82,0.49,0,0,3.94,1.48,7.88,0.49,0,0,0,0,0,17.24,5.91,7.88,0,0,2.96,0.49,0
1,69,51.87,99,55.19,84.9,11.5,14.49,92.75,69.57,57.97,20.29,17.39,0,10.14,0,0,7.25,2.9,17.39,5.8,1.45,17.39,7.25,2.9,8.7,0,17.39,4.35,4.35,17.39,14.49,2.9,0,13.04,0,1.45,0,0,1.45,0,0,0,0,4.35,4.35,0,0,0,0,0,0,0,0,27.54,1.45,0,0,0,1.45,0,23.19,2.9,0,0,0,0,0,0,0,1.45,0,0,1.45,0,0,0,0,0,0,0,0,0,0,0,0,0,1.45,0,0,0,0,1.45,0,14.49,14.49,0,0,14.49,0,0,0,5.8,2.9,7.25,8.7,0,0,0,0,0,20.29,11.59,4.35,0,0,4.35,0,0
1,924,10.49,89.38,50.45,32.21,9.06,12.45,93.07,78.46,60.61,21.32,13.31,3.68,2.38,4.76,0,2.27,8.01,13.53,5.19,0.87,12.55,11.15,8.12,8.23,2.06,23.48,5.19,3.79,5.09,2.6,1.08,1.41,23.92,1.19,12.12,2.06,1.19,3.14,2.71,1.19,2.71,0,4.76,2.81,1.95,1.73,0.76,0.97,0.11,0.22,0,0,15.69,3.9,1.19,0.43,0.43,0.43,1.41,11.26,0,0,0.22,0.32,1.3,1.3,0,0,2.49,0,0.11,1.73,0.65,0,2.06,1.41,0.65,0,0,0,0,0,0.11,1.95,1.41,1.73,0.87,0,0.43,0.22,0.22,0,9.63,9.74,0.54,2.49,6.82,0.32,0.65,0.11,3.57,3.57,8.77,2.27,1.19,0.11,0.97,0.11,0,23.92,11.47,5.19,1.19,0,5.95,0.11,0
1,161,60.52,89.33,40.32,69.1,10.06,21.74,89.44,67.7,48.45,12.42,9.32,1.86,4.97,1.24,0,0.62,3.11,10.56,8.07,1.86,11.8,10.56,2.48,6.21,1.24,21.12,7.45,4.35,10.56,4.97,0.62,4.97,25.47,0,13.04,1.86,3.11,3.73,0,0,2.48,0.62,4.35,3.73,0.62,0,0,0,0,0,0,0,11.8,1.86,1.24,0,0,0,0.62,9.32,0,0,0,0,5.59,4.97,0.62,0,3.73,0,0.62,0,3.11,0,0.62,0.62,0,0,0,0,0,0,0,0.62,2.48,1.24,0.62,0,0,0,0,0,11.8,5.59,0,1.24,4.97,0,0,0,8.07,4.97,5.59,1.24,0,0,0,0,0,20.5,7.45,6.83,2.48,0,3.73,0,0
1,187,14.56,99,54.32,44.23,5.19,10.16,94.12,78.07,57.75,25.13,21.39,6.95,1.07,10.16,2.14,0,3.74,10.16,3.74,2.14,12.3,13.9,3.74,2.67,1.07,26.2,4.81,4.28,4.81,3.21,1.6,0,26.74,2.14,11.76,4.28,1.07,3.21,1.6,1.07,1.07,0,3.74,2.67,1.07,1.07,1.07,0,0,0,0,0,24.06,4.81,2.14,1.07,0,0,2.14,19.25,1.6,1.6,0.53,4.81,3.21,2.14,0,1.07,1.6,1.07,0,0.53,0,0,0,0,0,0,0,0,0,0,0,1.6,1.07,2.67,0,0,0,0,0,0,14.97,9.09,0,1.6,5.88,0.53,0,1.07,4.28,2.67,9.63,3.21,5.35,2.14,3.21,0,0,31.02,14.44,5.88,3.74,0.53,6.42,0,0
1,82,34.12,91.94,51.25,37.8,10.25,19.51,86.59,74.39,52.44,14.63,10.98,3.66,6.1,0,1.22,0,3.66,10.98,3.66,0,14.63,10.98,8.54,6.1,0,18.29,12.2,6.1,7.32,7.32,0,0,20.73,0,10.98,2.44,2.44,2.44,2.44,1.22,0,0,3.66,2.44,1.22,1.22,0,1.22,0,0,0,0,10.98,1.22,1.22,0,0,0,0,8.54,0,0,0,1.22,0,0,0,0,4.88,0,0,2.44,2.44,0,2.44,2.44,1.22,0,0,0,0,0,0,0,2.44,1.22,0,0,0,0,0,0,8.54,14.63,0,1.22,13.41,0,0,0,1.22,3.66,7.32,1.22,0,0,0,0,0,13.41,9.76,0,0,0,3.66,0,0
1,165,48.76,93.08,9.55,13.71,11.79,14.55,94.55,69.7,58.18,16.36,12.73,1.21,0,0.61,10.3,0.61,3.64,12.12,4.24,1.82,19.39,7.27,7.88,7.27,1.82,15.76,4.24,4.24,5.45,0.61,1.82,3.03,26.06,1.82,15.15,7.27,1.21,1.21,7.27,1.82,1.82,0,4.24,1.82,2.42,0,0,0,0,0,0,0,22.42,6.67,0,0,1.21,0.61,4.24,15.76,0,0,0,10.3,3.03,3.03,0,0,6.06,0,0,3.64,3.03,0,0.61,0.61,0,0,0,0,0.61,0,0,0,1.21,0.61,0,0,0,0.61,1.21,0,7.27,8.48,0,1.82,6.67,0.61,0,0,3.64,1.82,7.27,1.21,0,0,0,0,0,16.97,8.48,3.03,0,0,4.85,0.61,0
1,167,14.46,68.07,94.52,20.23,9.28,12.57,90.42,77.84,61.08,16.77,12.57,4.79,2.99,0.6,0,2.99,4.19,11.38,5.39,0.6,11.98,14.37,7.19,8.38,1.2,22.16,7.78,5.39,4.79,2.99,0,1.8,30.54,1.2,12.57,3.59,0,2.4,1.2,2.99,2.99,0,5.39,2.4,2.4,1.2,0,0.6,0,0,0,0,14.37,2.99,0,0,0,0,2.4,10.18,0,0,0,0,1.2,0.6,0,0.6,1.2,0,0,0.6,0.6,0,0,0,0,0,0,0,0,0,0,1.2,0,1.2,0,0,0,0,0.6,0.6,5.99,14.37,1.2,1.8,10.78,0.6,0,0.6,5.39,7.78,7.19,1.2,1.8,0,0,1.8,0,22.16,10.78,5.99,0,0,4.79,0.6,0
1,322,70.06,93.04,82.61,16.68,14.64,16.15,92.24,69.88,54.97,14.29,10.56,0.93,3.11,0.93,1.55,4.04,3.73,16.15,9.01,2.48,14.91,6.83,4.97,6.83,0.62,16.15,6.21,5.9,9.32,4.66,1.86,2.8,20.81,0.62,9.01,2.48,0.31,0.93,1.55,0,4.66,0,4.66,2.17,2.48,0.31,0.31,0,0,0,0,0,17.39,3.11,0.31,0,0.31,0.31,0.93,13.66,0.62,0.31,0,1.55,1.86,1.55,0.31,0,5.28,0,1.55,2.17,1.86,0,1.24,0.31,0.31,0,0,0.31,0,0,0.31,0.62,0.31,1.55,0.93,0,0,0,0.31,0.31,11.8,14.29,0.62,2.17,10.87,0.31,0,0.31,4.66,4.35,6.52,4.97,0,0,0,0,0,19.88,8.39,7.45,0.31,0,3.42,0.31,0
1,1909,20.02,67.38,89.7,37.57,13.17,14.56,93.4,75.85,59.4,19.64,13.51,6.23,3.14,2.1,0.63,1.05,6.13,13.99,5.87,1.62,13.46,11.63,7.6,6.23,1.89,23.73,5.03,4.03,5.97,3.98,0.52,1.47,25.09,0.94,10.74,3.4,0.79,1.73,1.78,0.94,3.2,0,4.4,2.67,1.47,0.94,0.42,0.26,0.26,0,0,0,14.98,3.77,1.31,0.05,0.26,0.05,1.78,10.74,0.79,0,1.05,0.89,2.72,2.72,0,0,1.52,0,0.21,0.68,0.68,0,1.99,1,0.1,0,0,0.1,1,0.05,0.16,0.42,0.89,0.63,0.16,0,0,0,0.42,0,8.43,12.47,1.36,1.73,8.8,1.15,0.21,0,4.09,4.98,7.7,3.56,0.1,0,0.1,0,0,19.28,7.6,5.34,0.42,0,5.45,0.47,0
1,45,27.51,66.21,1,85.84,7.5,17.78,80,68.89,57.78,15.56,11.11,6.67,2.22,0,0,0,4.44,6.67,2.22,0,15.56,11.11,6.67,8.89,0,20,2.22,0,6.67,4.44,0,2.22,15.56,0,4.44,0,0,2.22,0,0,0,0,8.89,6.67,2.22,0,0,0,0,0,0,0,20,11.11,2.22,2.22,0,2.22,8.89,8.89,2.22,0,2.22,0,0,0,0,0,0,0,0,0,0,0,0,0,0,0,0,0,0,0,0,0,2.22,0,0,0,0,0,0,0,0,0,0,0,0,0,0,0,0,11.11,0,0,0,0,0,0,0,17.78,13.33,4.44,0,0,0,0,0
1,8,62.1,99,89.39,1,8,12.5,100,50,50,25,12.5,0,12.5,0,0,0,12.5,25,12.5,0,12.5,12.5,0,0,0,25,0,0,12.5,12.5,0,0,25,0,0,0,0,0,0,0,0,0,12.5,0,12.5,0,0,0,0,0,0,0,12.5,0,0,0,0,0,0,12.5,0,0,0,0,0,0,0,0,0,0,0,0,0,0,0,0,0,0,0,0,0,0,0,0,0,0,0,0,0,0,0,0,0,12.5,0,0,12.5,0,0,0,12.5,0,12.5,25,0,0,0,0,0,37.5,12.5,12.5,0,0,12.5,0,0
1,118,51.39,50.15,41.6,31.93,6.21,19.49,83.05,65.25,54.24,18.64,14.41,8.47,0,0.85,4.24,0,4.24,16.1,7.63,5.08,12.71,12.71,0.85,4.24,0,21.19,3.39,4.24,0.85,0,0.85,0.85,25.42,0.85,5.93,3.39,3.39,0,0.85,0,0.85,0.85,2.54,1.69,0.85,0,0,0,0,0,0,0,11.02,0,0,0,0,0,0,10.17,0.85,0,0.85,5.93,5.08,5.08,0,0,4.24,2.54,0,0,0.85,0.85,0,0,0,0,0,0,0,0,0,0,0,0.85,0,0,0,0,0.85,0,3.39,6.78,0,0.85,5.08,0,0.85,0,2.54,10.17,7.63,0,0,0,0,0,0,31.36,14.41,4.24,3.39,0,7.63,1.69,0
1,52,1.84,99,70.92,49.66,13,13.46,96.15,75,61.54,25,17.31,1.92,5.77,9.62,0,0,7.69,7.69,0,0,15.38,15.38,7.69,7.69,3.85,28.85,1.92,0,13.46,9.62,1.92,1.92,17.31,0,7.69,0,1.92,1.92,0,0,5.77,0,1.92,1.92,0,0,0,0,0,0,0,0,25,5.77,1.92,0,0,0,3.85,17.31,0,1.92,0,0,3.85,3.85,0,0,0,0,0,0,0,0,0,0,0,0,0,0,0,0,0,7.69,0,9.62,0,0,0,0,1.92,0,19.23,13.46,0,0,13.46,0,0,0,1.92,1.92,5.77,7.69,0,0,0,0,0,19.23,7.69,7.69,0,0,3.85,0,0
1,314,42.34,98.69,57.13,74.85,11.21,13.38,94.59,75.8,58.28,19.43,13.38,1.91,7.32,1.27,2.23,0.32,6.05,13.38,5.73,0.64,15.92,7.96,4.78,7.64,0.96,18.79,5.73,3.5,11.78,7.96,1.91,1.91,22.61,1.27,8.92,1.59,0.96,1.91,1.91,1.27,2.87,0,5.41,4.46,0.96,1.27,1.27,0,0,0,0,0,16.56,2.55,0,0,0,0,1.59,13.69,0,0.64,0,2.23,5.1,4.14,0.32,0.64,1.91,0,0.32,1.27,0.32,0,0,0,0,0,0,0,0,0,0,3.5,0.32,3.5,0,0,0,0,0.32,0.64,15.61,13.06,0.96,1.27,9.24,1.91,0,0,6.37,1.59,6.69,5.41,0.32,0,0.32,0,0,19.11,8.92,6.05,0,0,4.14,0,0
1,328,21.81,70.17,68.21,37.8,11.31,15.85,92.38,76.83,58.54,21.04,15.85,7.01,3.66,1.52,0.61,2.13,5.18,12.8,5.49,1.22,12.8,9.15,7.62,4.88,2.44,22.26,4.27,4.57,7.01,4.27,0.91,1.83,23.48,2.13,14.33,5.79,0.3,3.35,2.13,1.22,1.83,0,1.22,1.22,0,0.3,0.3,0,0,0,0,0,14.63,3.35,0,0,0,0.3,0.3,11.28,0.91,0,0,1.22,4.57,3.66,0.91,0,2.74,0,0.3,2.13,0.61,0,0,0,0,0,0,0,0,0,0,0,1.83,1.22,0.61,0,0,0,0,0,8.23,10.67,1.22,1.22,7.93,0.61,0,0,0.91,0,8.54,5.49,2.13,0,2.13,0,0,20.43,9.45,4.88,0,0,5.79,0.3,0
1,207,29.48,77.85,44.75,73.14,18.82,21.74,92.27,71.01,60.39,16.43,11.59,2.42,2.9,0.97,2.9,1.45,4.83,14.49,8.7,0.48,11.59,10.63,6.28,8.21,2.42,19.81,3.38,2.42,9.66,4.35,1.93,3.38,27.05,0,16.43,4.83,3.86,1.45,0.48,0.97,4.35,0.48,4.35,3.86,0.48,0.48,0.48,0,0,0,0,0,15.94,3.86,2.9,0,0.48,0,0,12.08,0,0,2.9,0,5.8,5.8,0,0,2.9,0.97,0,1.93,0,0,0.97,0.97,0,0.97,0,0,0,0,0,1.93,0.48,0.97,0,0,0,0,0.97,0,5.8,8.21,0,0.97,7.73,0,0,0,1.45,6.28,5.31,2.9,0,0,0,0,0,16.43,4.83,7.25,0.48,0,2.9,0.97,0
1,344,13.51,99,53.52,66.06,9.05,8.72,97.09,81.69,60.17,23.84,18.9,3.2,4.36,9.3,1.16,0,4.94,9.3,4.36,1.74,13.66,7.27,7.27,8.72,2.03,25,4.94,2.62,9.59,4.94,3.78,0.87,26.45,0.58,13.08,3.78,1.45,2.03,4.07,0.58,3.2,0,6.69,4.65,1.74,1.45,1.16,0,0,0,0,0.29,23.26,4.36,0.87,0.29,0.58,0,2.33,18.9,0.87,0.29,0.58,1.45,2.03,2.03,0,0,3.2,1.16,0,1.45,0.58,0,0.87,0,0,0,0,0,0,0.58,0,1.74,0,2.91,0,0,0,1.16,1.16,0,14.53,9.59,2.33,1.74,5.81,1.16,1.45,0,4.07,2.91,6.1,2.03,2.62,1.74,0.87,0,0,26.16,8.43,8.43,2.62,0,6.69,0,0
1,19,2.68,70.59,8.42,,6.33,15.79,89.47,73.68,52.63,26.32,21.05,10.53,10.53,0,0,0,5.26,10.53,5.26,0,5.26,10.53,0,10.53,5.26,31.58,0,0,15.79,10.53,0,5.26,26.32,0,15.79,0,5.26,10.53,0,0,0,0,0,0,0,0,0,0,0,0,0,0,21.05,10.53,0,0,0,0,10.53,10.53,0,0,0,0,0,0,0,0,0,0,0,0,0,0,0,0,0,0,0,0,0,0,0,10.53,0,0,0,0,0,0,0,0,15.79,10.53,0,5.26,5.26,0,0,0,0,0,10.53,0,0,0,0,0,0,31.58,15.79,5.26,0,0,10.53,0,0
1,104,28.53,45.74,98.89,20.23,17.33,14.42,96.15,69.23,57.69,20.19,17.31,6.73,0,0.96,0,7.69,2.88,13.46,5.77,1.92,14.42,8.65,3.85,9.62,1.92,17.31,2.88,2.88,5.77,0.96,0.96,3.85,26.92,1.92,13.46,4.81,1.92,0.96,4.81,0,3.85,0,1.92,0.96,0.96,0,0,0,0,0,0,0,13.46,0,0,0,0,0,0,12.5,0,0,0,0,3.85,3.85,0,0,3.85,0,0,2.88,0.96,0,1.92,1.92,0,0,0,0,0.96,0,0,0,0.96,1.92,0,0,0,0,0.96,0,6.73,12.5,0,0.96,12.5,0,0,0,2.88,0,8.65,0,0,0,0,0,0,17.31,5.77,4.81,0,0,5.77,0.96,0
1,189,66.04,80.61,24.32,27.21,9.45,15.87,86.77,65.08,55.03,13.23,10.05,2.65,2.65,2.65,1.06,0,3.17,14.29,8.99,3.7,14.81,11.11,4.23,4.76,1.59,17.99,3.7,4.76,10.58,4.76,0.53,5.82,22.22,1.06,7.94,1.06,0.53,2.65,1.06,1.06,4.23,0,3.7,2.12,1.59,1.59,1.06,0.53,0,0,0,0,14.29,4.23,1.06,0,0.53,0.53,1.06,10.58,0,0,0,1.06,7.94,7.94,0,0,0.53,0.53,0,0,0,0,0,0,0,0,0,0,0,0,0,0,1.06,0.53,0,0,0,0,0.53,0,6.35,6.88,0,0.53,5.29,1.06,0,0.53,4.23,1.06,10.05,4.23,0.53,0.53,0,0,0,21.69,11.11,4.23,0.53,0,5.82,0,0
1,240,70.17,82.66,15.38,8.55,10.43,19.58,87.08,64.58,53.33,16.25,12.92,2.92,0,2.08,4.17,2.92,3.33,15,5.83,2.08,17.08,7.08,2.92,4.58,1.67,14.17,4.17,2.5,6.67,1.25,1.25,4.58,16.67,2.5,7.92,1.67,1.67,1.25,1.25,0,2.5,0,5.42,2.08,3.33,0,0,0,0,0,0,0,17.5,4.58,1.25,0,1.67,0.42,0.42,12.92,0.42,0.42,0.42,4.17,1.25,1.25,0,0,6.67,0,0,5,2.92,0,2.92,2.5,0.42,0,0,0.42,0.42,0,0,0,0,0.83,0.83,0,0,0,1.67,0.42,6.67,9.17,0.83,0.83,7.5,0.42,0,0,2.5,2.08,3.75,1.67,0,0,0,0,0,16.67,9.17,3.75,0.42,0,2.5,0.83,0
1,51,46.7,51.75,60.65,1,10.2,19.61,92.16,78.43,64.71,19.61,7.84,3.92,0,0,0,3.92,11.76,13.73,7.84,0,19.61,11.76,5.88,7.84,0,19.61,3.92,1.96,3.92,1.96,1.96,0,21.57,0,15.69,5.88,1.96,1.96,7.84,0,1.96,0,3.92,0,3.92,0,0,0,0,0,0,0,11.76,3.92,0,0,0,1.96,1.96,7.84,1.96,0,0,0,0,0,0,0,1.96,0,0,1.96,0,0,1.96,0,0,0,0,0,0,0,0,0,0,1.96,0,0,0,0,1.96,0,11.76,9.8,0,3.92,5.88,0,0,0,0,1.96,7.84,0,1.96,0,1.96,0,0,21.57,7.84,5.88,0,0,7.84,0,0
1,7,18.12,99,24.32,,7,14.29,85.71,85.71,57.14,28.57,14.29,0,0,14.29,0,0,14.29,0,0,0,14.29,14.29,0,0,0,28.57,0,0,0,0,0,0,14.29,0,14.29,14.29,0,0,0,0,0,0,0,0,0,0,0,0,0,0,0,0,28.57,14.29,0,0,0,0,14.29,14.29,0,0,0,0,0,0,0,0,0,0,0,0,0,0,0,0,0,0,0,0,0,0,0,0,0,0,0,0,0,0,0,0,28.57,0,0,0,0,0,0,0,0,0,0,0,14.29,14.29,0,0,0,28.57,14.29,14.29,0,0,0,0,0
1,388,16.06,86.59,31.5,27.02,13.86,13.4,89.69,72.16,58.25,18.81,12.37,2.32,2.06,2.32,3.35,1.29,6.44,14.95,5.41,1.29,12.37,11.6,6.19,7.22,3.61,21.91,2.58,2.84,8.25,2.84,1.55,4.12,28.09,1.29,14.43,3.87,3.61,1.8,1.55,0.77,4.64,0,4.64,2.58,2.06,0.52,0,0.52,0.52,0,0,0,21.39,6.7,1.29,0,0.77,0.52,3.09,15.21,1.55,0,3.87,1.29,1.29,1.29,0,0,0.52,0,0.26,0.26,0,0,2.06,0.77,0,0,0,0,1.29,0,0.26,0.26,0.26,0.26,0,0,0,0,0.52,0,8.25,8.51,1.29,1.29,5.67,1.8,0,0,2.84,3.61,8.51,1.8,0,0,0,0,0,19.59,7.22,3.61,0,0,6.96,1.8,0
1,52,26.1,99,70.92,99,4.33,11.54,94.23,71.15,51.92,19.23,17.31,3.85,7.69,5.77,0,0,1.92,9.62,5.77,0,7.69,13.46,5.77,0,0,25,7.69,3.85,11.54,7.69,0,3.85,21.15,1.92,7.69,3.85,0,0,0,1.92,1.92,0,15.38,15.38,0,5.77,5.77,0,0,0,0,0,36.54,13.46,7.69,5.77,0,0,3.85,26.92,1.92,0,0,5.77,5.77,5.77,0,0,0,0,0,0,0,0,0,0,0,0,0,0,0,0,0,0,0,1.92,0,0,0,0,0,0,13.46,11.54,0,0,9.62,1.92,0,0,1.92,3.85,7.69,0,0,0,0,0,0,34.62,26.92,3.85,0,0,3.85,0,0
1,46,66.69,18.24,99,53.96,9.2,8.7,82.61,58.7,50,13.04,6.52,6.52,0,0,0,0,6.52,15.22,6.52,0,13.04,2.17,6.52,6.52,2.17,8.7,6.52,4.35,6.52,0,2.17,4.35,17.39,8.7,4.35,0,0,0,0,2.17,2.17,0,2.17,2.17,0,2.17,2.17,0,0,0,0,0,10.87,4.35,0,0,0,0,2.17,6.52,0,0,0,4.35,0,0,0,0,0,0,0,0,0,0,0,0,0,0,0,0,0,0,0,0,0,0,0,0,0,0,0,0,4.35,17.39,0,4.35,15.22,0,0,0,6.52,2.17,2.17,0,2.17,0,2.17,0,0,32.61,17.39,8.7,0,2.17,4.35,0,0
1,233,65.91,83.56,95.49,15.44,13.71,12.45,87.55,72.1,59.66,15.88,9.87,2.58,3,3.86,0,0,6.01,15.02,9.87,1.72,15.88,6.01,7.73,6.87,0.43,12.88,6.87,2.58,5.15,3.43,0.43,1.29,23.18,0.43,13.3,5.58,0.86,0,3,0.86,4.29,0,0.43,0,0.43,0.43,0,0.43,0.43,0,0,0,9.87,0.86,0,0,0,0,0.43,8.58,0,0,0.86,0,0.86,0.86,0,0,3,2.15,0,0.86,0,0,2.58,0,0,0,0,0,0,1.72,0,0,0,2.15,0,0,0,0,0,0,9.44,12.88,0,0.86,11.16,0.43,0,0.43,3,2.15,6.01,0,0,0,0,0,0,18.88,6.44,7.73,0.86,0,3.43,0.43,0
1,263,24.94,94.92,37.4,92.64,10.12,20.53,90.87,66.16,49.81,20.53,14.07,3.42,3.04,2.66,1.9,1.9,6.46,11.03,4.18,1.14,12.17,6.84,5.32,8.37,0.76,18.63,4.94,3.42,14.07,8.75,2.66,3.04,23.57,0.38,12.55,3.04,6.08,0,1.14,0,2.66,0,7.6,6.46,1.14,1.52,1.52,0,0,0,0,0,17.49,4.56,1.52,0.76,0.76,1.14,1.14,13.69,0,0.38,0,1.9,0.76,0,0,0.76,6.46,0.38,0,5.32,2.28,0,3.42,0,0,0,0,0,0,3.42,0,0,0,0.38,0.76,0,0,0.38,1.14,0,9.13,6.08,0,0.76,4.94,0.38,0,0,3.42,6.08,7.98,2.28,0.38,0,0,0.38,0,22.81,10.65,5.7,0,0,5.32,1.14,0
1,55,8.65,86.82,25.81,47.86,11,20,81.82,65.45,49.09,16.36,12.73,3.64,3.64,0,5.45,0,3.64,12.73,3.64,1.82,5.45,7.27,10.91,9.09,0,16.36,7.27,1.82,10.91,3.64,0,7.27,23.64,0,7.27,3.64,3.64,0,0,0,0,0,5.45,3.64,1.82,0,0,0,0,0,0,0,16.36,5.45,1.82,0,1.82,0,1.82,9.09,0,0,0,5.45,1.82,1.82,0,0,3.64,0,3.64,0,0,0,1.82,0,0,0,0,0,0,0,1.82,0,0,1.82,0,0,0,0,3.64,0,3.64,5.45,0,0,5.45,0,0,0,7.27,9.09,5.45,1.82,0,0,0,0,0,16.36,9.09,0,0,0,5.45,1.82,0
1,169,8.21,99,60.09,47.12,9.39,12.43,95.86,79.29,65.09,27.22,23.08,2.96,4.73,10.06,0,5.33,4.14,11.83,4.14,0,13.02,13.61,2.37,7.69,1.18,23.67,4.14,2.96,9.47,7.69,0,1.78,25.44,2.37,10.06,1.78,1.18,1.78,4.14,0,5.92,0,4.14,2.96,1.18,2.37,2.37,0,0,0,0,0,31.36,5.92,0.59,0.59,0,0,4.73,24.85,0.59,0.59,0,0,1.18,1.18,0,0,4.14,0,0.59,1.78,1.78,0.59,0.59,0.59,0.59,0,0,0.59,0,0,0,1.18,0,0,0,0,0,0,0.59,0,11.24,6.51,0,1.78,5.33,0.59,0,0,3.55,0,8.88,1.18,0,0,0,0,0,24.85,10.06,7.69,1.78,0,5.33,0,0
1,55,66.59,99,9.55,,13.75,12.73,85.45,72.73,52.73,16.36,14.55,0,5.45,3.64,1.82,3.64,1.82,14.55,9.09,1.82,10.91,7.27,7.27,0,0,21.82,5.45,7.27,9.09,7.27,0,1.82,20,1.82,10.91,0,5.45,1.82,0,0,3.64,0,1.82,0,0,1.82,0,0,0,0,0,0,18.18,0,0,0,0,0,0,18.18,1.82,1.82,0,3.64,1.82,1.82,0,0,1.82,0,0,0,0,1.82,1.82,0,0,0,0,0,0,0,0,1.82,0,7.27,0,0,0,0,0,0,14.55,10.91,0,1.82,7.27,0,0,1.82,1.82,1.82,7.27,0,0,0,0,0,0,9.09,5.45,1.82,0,0,1.82,0,0
1,226,37.4,53.27,90.12,47.03,13.29,15.49,86.73,70.8,54.87,17.26,9.29,2.65,2.65,3.1,0,0.88,7.96,13.72,5.75,2.21,14.16,6.19,7.08,6.64,3.54,17.7,4.87,3.98,5.31,4.42,0,0.88,27.43,0,16.37,3.98,2.65,1.33,1.33,1.33,5.75,0,1.77,1.77,0,0,0,0,0,0,0,0,10.18,2.65,1.77,0,0,0,0.88,8.41,0,0,0,0.44,2.21,0.88,0,1.33,2.21,0,0,1.33,1.33,0,0.88,0,0,0,0,0,0,0.88,0,0,0.88,0.88,0,0,0.88,0,0.44,0,7.96,7.52,0.44,1.77,6.19,0,0,0,6.19,2.21,4.87,0.88,0,0,0,0,0,21.24,6.19,7.96,1.33,0,5.75,0,0
1,24,89.52,,1,,2.4,8.33,41.67,29.17,8.33,0,0,0,0,0,0,0,0,0,0,0,4.17,0,0,4.17,0,4.17,0,0,0,0,0,0,4.17,4.17,0,0,0,0,0,0,0,0,0,0,0,0,0,0,0,0,0,0,8.33,8.33,8.33,8.33,0,0,0,0,0,0,0,0,4.17,4.17,0,0,0,0,0,0,0,0,0,0,0,0,0,0,0,0,0,0,0,4.17,0,0,0,0,0,0,12.5,4.17,0,0,4.17,0,0,0,0,0,0,0,16.67,0,16.67,0,0,62.5,33.33,20.83,4.17,4.17,0,0,0
1,66,63.17,99,79.84,99,7.33,16.67,78.79,69.7,53.03,13.64,13.64,3.03,6.06,4.55,0,0,0,7.58,6.06,0,18.18,12.12,4.55,6.06,0,21.21,7.58,4.55,10.61,7.58,1.52,1.52,13.64,0,0,0,0,0,0,0,0,0,10.61,10.61,0,0,0,0,0,0,0,0,19.7,7.58,4.55,4.55,0,1.52,4.55,12.12,0,1.52,0,0,1.52,1.52,0,0,1.52,0,0,0,1.52,0,0,0,0,0,0,0,0,0,0,0,0,0,0,0,0,0,0,0,15.15,12.12,0,3.03,12.12,0,0,0,4.55,1.52,10.61,0,0,0,0,0,0,25.76,13.64,4.55,0,0,7.58,0,0
1,108,16.08,99,46.17,64,7.2,12.96,92.59,72.22,61.11,20.37,14.81,1.85,4.63,5.56,2.78,0,5.56,16.67,4.63,0.93,12.04,13.89,8.33,3.7,0,25.93,1.85,6.48,11.11,5.56,3.7,2.78,22.22,1.85,4.63,1.85,2.78,0,0.93,0,0,0,4.63,3.7,0.93,0,0,0,0,0,0,0,19.44,5.56,2.78,0,0,0,2.78,13.89,0,0,0,2.78,1.85,0.93,0,0.93,3.7,0.93,0.93,1.85,0,0,0,0,0,0,0,0,0,0,0,0,0,3.7,0,0,0,0.93,0,1.85,8.33,15.74,1.85,0.93,12.04,1.85,0.93,0,3.7,3.7,11.11,1.85,0,0,0,0,0,25.93,12.04,6.48,0.93,0.93,5.56,0,0
1,81,44.1,33.09,43.97,20.23,10.13,18.52,83.95,58.02,45.68,16.05,11.11,6.17,2.47,1.23,1.23,0,4.94,8.64,4.94,2.47,12.35,9.88,1.23,7.41,1.23,13.58,6.17,1.23,7.41,2.47,0,4.94,18.52,0,7.41,0,1.23,1.23,1.23,0,4.94,0,4.94,2.47,2.47,1.23,0,1.23,0,0,0,0,11.11,3.7,1.23,0,0,0,1.23,7.41,0,0,0,1.23,6.17,4.94,0,1.23,6.17,2.47,0,3.7,1.23,0,1.23,1.23,0,0,0,0,0,0,0,2.47,0,0,0,0,1.23,0,0,0,6.17,11.11,1.23,2.47,1.23,7.41,0,0,4.94,0,8.64,2.47,0,0,0,0,0,24.69,7.41,7.41,2.47,0,6.17,1.23,0
1,530,33.78,99,59.42,25.08,11.28,13.02,93.96,71.51,59.06,18.87,12.64,1.51,6.98,1.32,0.19,2.64,6.23,17.55,6.42,3.02,13.4,11.7,3.96,6.42,0.94,21.51,5.28,6.04,10.19,8.11,0.75,1.51,21.7,2.08,7.17,2.64,0.75,0.57,1.13,0.19,2.45,0,4.72,2.45,2.08,1.89,0.75,0.94,0.19,0,0,0,17.36,2.08,0.19,0.19,0,0.19,1.51,15.09,0.94,0,0.94,0.75,2.08,1.51,0.57,0.38,4.72,0.38,0.75,3.02,0.57,0.19,0.19,0,0,0,0,0,0,0.19,0,1.32,0,0.75,0.57,0,0,0,0.57,0.38,7.55,11.7,0.75,1.13,8.68,0.19,0.38,0.57,3.77,2.83,7.36,7.17,0.38,0,0.38,0,0,18.87,8.87,4.72,0,0,4.91,0.38,0
1,119,41.7,99,52.67,59.8,13.22,10.92,92.44,71.43,57.14,22.69,15.97,3.36,3.36,8.4,0,0.84,6.72,16.81,3.36,0,18.49,12.61,1.68,3.36,0.84,24.37,2.52,5.88,10.92,6.72,2.52,1.68,25.21,3.36,5.88,1.68,2.52,0.84,0,0,0.84,0,6.72,4.2,1.68,0,0,0,0,0,0,0.84,18.49,5.04,1.68,1.68,0.84,0,0.84,14.29,0,0,0,0,2.52,1.68,0,0.84,5.88,0,0.84,1.68,0,3.36,0,0,0,0,0,0,0,0,0,0.84,0,2.52,0,0,0,0.84,0,0,11.76,10.92,2.52,0.84,7.56,0.84,0,0,5.04,1.68,9.24,5.88,0,0,0,0,0,20.17,5.88,5.04,1.68,0,7.56,0,0
1,207,41.71,60.18,44.75,73.14,13.8,15.46,91.3,72.95,56.04,16.43,11.59,5.31,1.93,1.45,1.45,0.97,4.83,12.08,5.31,0,14.49,9.66,6.76,3.38,2.9,24.64,3.86,1.93,5.31,2.42,1.93,1.93,23.19,0.97,14.01,4.35,2.42,3.86,0,0.97,2.9,0,5.31,4.35,0.97,0.97,0.48,0,0,0,0,0,14.01,2.9,1.45,0,0,0.48,0.97,11.11,0.48,0,2.42,1.93,0.48,0.48,0,0,1.93,0.97,0,0.48,0.48,0,1.93,1.93,0.48,0,0,0.48,0.97,0,0,0,2.9,0.48,0.97,0,0,0,1.45,0,7.25,10.14,2.42,3.38,5.31,0.48,0,0.48,1.45,1.45,8.21,4.83,0,0,0,0,0,13.53,6.76,2.42,0.48,0,3.38,0.48,0
1,72,73.36,99,68.87,20.23,8,15.28,87.5,61.11,51.39,16.67,11.11,1.39,6.94,0,0,1.39,5.56,16.67,8.33,2.78,15.28,8.33,5.56,1.39,0,22.22,2.78,2.78,12.5,8.33,1.39,2.78,16.67,0,2.78,0,2.78,0,0,0,0,0,5.56,2.78,2.78,0,0,0,0,0,0,0,15.28,2.78,0,0,0,0,1.39,12.5,1.39,0,0,0,4.17,2.78,0,1.39,5.56,0,0,5.56,0,0,0,0,0,0,0,0,0,0,0,0,0,1.39,0,0,0,0,0,0,13.89,13.89,0,2.78,12.5,0,0,0,4.17,2.78,8.33,11.11,1.39,1.39,0,0,0,20.83,12.5,1.39,0,0,6.94,0,0
1,42,35.59,98.75,39.59,88.66,10.5,14.29,88.1,71.43,61.9,16.67,11.9,2.38,7.14,2.38,0,0,4.76,11.9,7.14,0,16.67,14.29,9.52,4.76,0,19.05,4.76,2.38,11.9,7.14,0,4.76,21.43,2.38,9.52,4.76,2.38,2.38,0,0,0,0,4.76,4.76,0,2.38,2.38,0,0,0,0,0,11.9,2.38,0,0,0,0,2.38,9.52,0,0,0,0,4.76,4.76,0,0,2.38,0,0,2.38,0,0,0,0,0,0,0,0,0,0,0,0,0,0,0,0,0,0,0,0,16.67,7.14,0,0,7.14,0,0,0,4.76,0,11.9,0,0,0,0,0,0,23.81,14.29,4.76,0,0,4.76,0,0
1,53,9.37,99,79.41,49.04,4.82,13.21,92.45,71.7,50.94,18.87,15.09,1.89,9.43,3.77,0,0,3.77,9.43,1.89,0,7.55,7.55,7.55,9.43,0,24.53,3.77,0,20.75,16.98,3.77,0,20.75,0,9.43,3.77,1.89,0,1.89,0,1.89,0,5.66,3.77,1.89,0,0,0,0,0,0,0,20.75,5.66,0,0,1.89,0,1.89,15.09,0,1.89,0,0,5.66,5.66,0,0,0,0,0,0,0,0,0,0,0,0,0,0,0,0,0,0,0,3.77,0,0,0,1.89,0,0,18.87,9.43,0,1.89,7.55,0,0,0,5.66,0,3.77,5.66,0,0,0,0,0,20.75,18.87,0,0,1.89,0,0,0
1,87,41.08,53.79,16,36.68,7.91,16.09,86.21,56.32,42.53,16.09,8.05,1.15,1.15,1.15,0,4.6,8.05,13.79,3.45,1.15,10.34,4.6,4.6,5.75,2.3,17.24,1.15,0,3.45,2.3,1.15,0,14.94,0,12.64,1.15,2.3,3.45,1.15,0,4.6,0,3.45,2.3,1.15,0,0,0,0,0,0,0,10.34,2.3,0,1.15,0,0,2.3,8.05,1.15,0,0,0,6.9,2.3,0,4.6,5.75,0,0,3.45,3.45,0,0,0,0,0,0,0,0,0,0,0,2.3,2.3,2.3,0,0,0,1.15,0,10.34,8.05,1.15,3.45,4.6,0,1.15,0,1.15,1.15,4.6,1.15,0,0,0,0,0,22.99,12.64,8.05,0,0,2.3,0,0
1,64,22.41,58.66,99,69.4,10.67,4.69,92.19,67.19,59.38,26.56,20.31,12.5,6.25,0,0,1.56,6.25,28.13,7.81,1.56,7.81,10.94,4.69,0,0,14.06,4.69,7.81,9.38,9.38,0,0,23.44,3.13,6.25,0,0,0,4.69,0,1.56,0,3.13,3.13,0,1.56,1.56,0,0,0,0,0,14.06,3.13,1.56,0,0,0,1.56,10.94,1.56,0,0,1.56,0,0,0,0,7.81,0,0,1.56,0,6.25,1.56,0,0,0,0,0,0,0,0,0,0,0,0,0,0,0,0,0,6.25,14.06,0,1.56,12.5,0,0,0,3.13,9.38,3.13,0,0,0,0,0,0,20.31,9.38,7.81,0,0,3.13,0,0
1,119,71.06,55.09,64.51,1,39.67,19.33,89.92,67.23,52.1,12.61,5.04,2.52,0,0,0,0,7.56,19.33,13.45,1.68,10.08,8.4,4.2,6.72,0.84,15.97,7.56,4.2,10.92,0.84,0.84,10.08,22.69,0.84,11.76,2.52,1.68,0.84,0.84,1.68,2.52,0,5.88,0.84,5.04,2.52,0,2.52,0,0,0,0,10.92,1.68,0,0,0.84,0.84,0,8.4,0.84,0,0,1.68,5.04,5.04,0,0,5.04,0,0,4.2,0.84,0,0.84,0,0,0,0,0,0,0,0,0.84,0,0,0,0,0,0,0.84,0,6.72,10.92,0,1.68,8.4,0,0,0.84,3.36,2.52,7.56,0.84,0,0,0,0,0,15.13,3.36,6.72,0,0,5.04,0,0
1,96,13.27,75.49,68.87,20.23,13.71,16.67,94.79,69.79,54.17,19.79,13.54,6.25,6.25,1.04,0,0,6.25,11.46,6.25,0,8.33,13.54,2.08,8.33,2.08,21.88,7.29,1.04,13.54,9.38,0,4.17,21.88,0,8.33,1.04,2.08,1.04,1.04,0,1.04,0,6.25,3.13,3.13,1.04,1.04,0,0,0,0,0,18.75,9.38,2.08,0,0,3.13,2.08,8.33,2.08,0,0,0,4.17,3.13,1.04,0,3.13,0,0,2.08,1.04,0,4.17,2.08,0,0,0,0,0,1.04,1.04,0,0,0,2.08,0,0,0,0,0,10.42,10.42,0,2.08,7.29,1.04,0,0,4.17,1.04,13.54,1.04,0,0,0,0,0,18.75,7.29,5.21,0,0,6.25,0,0
1,96,65.07,98.75,85.54,34.94,16,16.67,83.33,71.88,58.33,14.58,10.42,1.04,8.33,1.04,0,0,4.17,16.67,5.21,3.13,19.79,6.25,10.42,4.17,1.04,13.54,2.08,7.29,9.38,8.33,0,1.04,15.63,1.04,6.25,1.04,2.08,1.04,1.04,0,1.04,0,1.04,1.04,0,0,0,0,0,0,0,0,12.5,2.08,0,0,0,0,2.08,10.42,0,0,0,0,1.04,1.04,0,0,4.17,0,0,3.13,3.13,0,0,0,0,0,0,0,0,0,0,0,1.04,1.04,0,0,0,0,0,0,7.29,22.92,2.08,3.13,16.67,1.04,0,0,2.08,0,7.29,4.17,1.04,1.04,0,0,0,25,6.25,8.33,0,0,4.17,6.25,0
1,115,3.8,95.64,51.02,61.25,12.78,14.78,92.17,78.26,60,23.48,14.78,2.61,5.22,1.74,0,4.35,8.7,13.04,3.48,0.87,11.3,12.17,9.57,7.83,1.74,22.61,4.35,7.83,7.83,5.22,0.87,1.74,27.83,2.61,13.04,4.35,1.74,1.74,2.61,0,3.48,0,2.61,2.61,0,0.87,0.87,0,0,0,0,0,16.52,1.74,0.87,0,0,0,0.87,13.91,0,0,0,0,2.61,2.61,0,0,0.87,0,0,0.87,0,0,0,0,0,0,0,0,0,0,0,0,0,0.87,0.87,0,0,0,0.87,0,7.83,9.57,0.87,0,6.09,1.74,0.87,0.87,3.48,0.87,9.57,0,0.87,0,0.87,0,0,24.35,7.83,7.83,0,0,8.7,0,0
1,322,55.92,58.55,62.51,43.34,23,12.42,85.71,70.5,56.52,15.53,10.25,3.42,1.55,2.48,0.93,1.24,5.28,15.22,7.14,6.52,13.98,9.32,2.48,6.83,1.55,20.5,2.48,7.14,4.04,2.8,0.31,0.93,24.22,2.17,8.39,1.24,0.93,3.11,1.86,0,3.73,0,2.8,2.17,0.62,0,0,0,0,0,0,0,12.42,3.73,1.86,0.31,0.31,0.62,0.62,7.76,0,0,0,0.93,2.48,2.48,0,0,3.42,0,0,1.55,1.86,0,0,0,0,0,0,0,0,0,0,0.93,0.93,1.24,0,0,0,0,0,0,6.52,11.8,0.31,0.93,10.25,1.24,0.31,0,4.35,4.66,7.45,2.8,0.31,0.31,0,0,0,18.01,5.9,4.97,0,0,4.04,3.11,0
1,70,31.66,6.16,86.85,84.26,23.33,15.71,91.43,81.43,68.57,18.57,10,8.57,0,1.43,0,0,8.57,15.71,10,4.29,18.57,15.71,7.14,10,0,22.86,7.14,4.29,1.43,0,1.43,0,27.14,1.43,11.43,2.86,1.43,1.43,2.86,1.43,2.86,0,4.29,4.29,0,2.86,2.86,0,0,0,0,0,1.43,0,0,0,0,0,0,1.43,0,0,0,0,0,0,0,0,1.43,0,0,1.43,0,0,1.43,0,0,0,0,0,0,0,0,0,0,1.43,0,0,0,1.43,0,0,8.57,7.14,0,1.43,5.71,0,0,0,4.29,1.43,10,2.86,2.86,1.43,1.43,0,0,14.29,2.86,2.86,0,0,8.57,0,0
1,101,61.03,99,88.55,67.03,11.22,17.82,93.07,69.31,55.45,15.84,11.88,0,3.96,4.95,0,1.98,3.96,12.87,3.96,1.98,18.81,8.91,3.96,6.93,0,19.8,1.98,4.95,11.88,4.95,3.96,2.97,18.81,1.98,4.95,1.98,1.98,0,0.99,0,0.99,0,4.95,3.96,0.99,0,0,0,0,0,0,0,22.77,5.94,2.97,2.97,0,0,3.96,16.83,0.99,0,0,0,7.92,7.92,0,0,3.96,1.98,0,1.98,0,0,0,0,0,0,0,0,0,0,0,0,0,0.99,0,0,0,0.99,0,0,5.94,14.85,1.98,3.96,11.88,0,0,0,5.94,0,2.97,6.93,0,0,0,0,0,19.8,8.91,5.94,0,0,3.96,0.99,0
1,190,7.82,96.45,11.77,98.18,11.18,10.53,92.11,75.26,63.16,22.11,18.95,5.79,5.79,3.16,0.53,0.53,3.16,13.68,5.79,1.58,10.53,12.63,6.84,7.89,2.11,23.16,3.68,3.68,11.58,7.89,1.05,2.63,24.21,3.16,10.53,1.58,1.58,2.11,3.16,0,1.58,1.05,7.89,7.37,0.53,1.58,1.58,0,0,0,0,0,19.47,5.26,2.11,2.11,0,0,0.53,14.21,1.05,0,0,0.53,2.11,1.58,0,0.53,4.21,0.53,0,0.53,0,3.16,0.53,0.53,0,0,0,0,0,0,0,2.11,1.05,0.53,0,0,0,1.05,0.53,1.05,5.79,5.26,2.11,0,2.11,1.58,0.53,0,3.16,4.21,4.21,8.42,0.53,0.53,0,0,0,17.37,8.95,4.21,0,0,4.21,0,0
1,94,9.26,99,49.75,9.87,8.55,12.77,95.74,68.09,57.45,20.21,14.89,0,10.64,4.26,0,0,5.32,17.02,4.26,0,8.51,9.57,5.32,11.7,0,15.96,6.38,3.19,20.21,15.96,3.19,1.06,20.21,0,9.57,0,1.06,2.13,4.26,0,6.38,0,5.32,2.13,3.19,0,0,0,0,0,0,0,23.4,4.26,0,0,3.19,0,1.06,19.15,1.06,1.06,0,0,7.45,7.45,0,0,2.13,0,1.06,1.06,0,0,0,0,0,0,0,0,0,0,0,1.06,0,0,0,0,0,0,1.06,0,8.51,6.38,0,4.26,3.19,0,0,0,6.38,1.06,7.45,4.26,0,0,0,0,0,23.4,10.64,9.57,0,1.06,2.13,0,0
1,380,15.88,92.11,40.84,39.38,12.67,14.47,91.32,77.37,59.47,18.95,11.84,1.84,2.37,4.74,0,2.11,7.11,14.21,6.58,0.53,10.79,13.16,6.05,6.84,2.11,24.21,6.32,4.47,5.79,2.37,1.32,2.11,25.79,0.79,13.16,3.42,1.32,3.68,3.16,1.05,3.42,0,3.95,2.37,1.05,1.32,0.53,0.26,0,0,0,0,13.95,2.11,0,0,0.26,0.26,1.58,11.32,0.26,0,0,0,5.79,5.53,0,0.26,3.42,0.26,0.26,1.32,1.58,0,0.26,0,0,0,0,0,0,0.26,0,0.26,2.37,1.58,0,0.26,0,0.26,0,0.26,8.42,10.53,0.26,1.05,8.68,0.53,0.26,0,2.11,2.11,10.53,1.05,0.79,0.26,0.26,0.26,0,22.37,8.16,7.37,0,0,6.58,0.26,0
1,138,32.73,65.68,25.51,3.88,11.5,11.59,88.41,73.91,60.14,14.49,11.59,1.45,0,1.45,7.25,1.45,2.9,12.32,9.42,0.72,12.32,13.77,7.25,5.8,2.9,21.74,5.07,3.62,3.62,0,0,3.62,29.71,2.17,10.14,2.9,0.72,0.72,1.45,0,3.62,0,2.17,0,2.17,0,0,0,0,0,0,0,13.77,2.9,0,0,1.45,1.45,0,10.87,0,0,5.8,1.45,2.9,2.9,0,0,2.17,0,0.72,0.72,0,0.72,0,0,0,0,0,0,0,0,0,0,0,2.17,0,0,0,0,0,0,7.97,11.59,2.17,0.72,7.97,1.45,0,0.72,5.8,3.62,13.77,0.72,0,0,0,0,0,23.19,8.7,7.97,0,0,5.8,0.72,0
1,150,51.7,74.29,44.33,29.19,9.38,19.33,90.67,67.33,50.67,14.67,10,2.67,5.33,0,1.33,0.67,4.67,9.33,5.33,4,14,9.33,4,6,1.33,16,8.67,5.33,12,5.33,3.33,4,25.33,0,9.33,2.67,1.33,0,0,1.33,3.33,0,7.33,4,3.33,2,0,2,0,0,0,0,9.33,1.33,0,0,0,0,1.33,8,0,0,0,1.33,1.33,1.33,0,0,11.33,0,0,8.67,2.67,0,0,0,0,0,0,0,0,0,0,0,0,0,0,1.33,0,0,0.67,2,4,6,0,0.67,5.33,0,0,0,4,6.67,4.67,0.67,0,0,0,0,0,24.67,10.67,10,0,0,4,0,0
1,307,15.46,84.71,26.49,3.53,13.35,16.94,92.83,75.9,60.91,21.5,10.1,2.93,1.95,1.3,2.28,1.3,11.4,14.01,2.93,0.65,14.01,11.4,7.49,5.54,0.98,22.15,3.26,3.26,5.54,3.26,1.3,1.3,24.76,0.33,12.7,2.61,1.63,1.63,2.61,2.61,2.61,0,2.28,0,2.28,1.3,0,1.3,0.98,0.33,0,0,17.92,5.21,0,0,0,0.33,3.58,11.73,2.28,0,2.93,0.98,0.98,0.65,0,0.33,2.61,0,0.98,0.98,0.33,0.33,0.98,0.65,0,0,0,0,0.65,0,0.33,0.65,0.33,1.63,0,0,0,0,0.33,0,6.19,10.75,0.98,1.63,6.51,1.3,0.33,0,2.28,3.58,8.47,2.93,0,0,0,0,0,15.64,6.51,4.56,0.98,0,3.26,0.33,0
1,106,9.37,99,74.21,64.84,11.78,16.04,95.28,78.3,58.49,24.53,22.64,0,5.66,10.38,0,6.6,1.89,13.21,2.83,1.89,9.43,8.49,1.89,9.43,1.89,24.53,4.72,2.83,11.32,11.32,0,0,12.26,0,9.43,0,0,0.94,3.77,0,9.43,0,2.83,2.83,0,0,0,0,0,0,0,0,33.96,1.89,1.89,0,0,0,0,28.3,0,0.94,0,0,2.83,1.89,0,0.94,4.72,0.94,0.94,2.83,0,0,4.72,0,0,0,0,0,0,0,0,0,0,9.43,0,0,0,0,0,0,18.87,16.98,0.94,2.83,10.38,0.94,0,4.72,0,0,1.89,4.72,0,0,0,0,0,18.87,7.55,9.43,0.94,0,0.94,0,0
1,221,41.32,64.14,36.99,20.23,9.61,13.12,87.78,70.14,56.11,17.65,10.86,4.07,0,0.9,4.52,0.45,6.79,17.65,9.95,1.36,12.22,13.12,2.26,6.79,1.81,23.08,2.26,4.07,4.98,0.45,1.36,3.62,27.15,0.9,9.05,2.71,2.71,0,1.81,0,2.26,0,1.81,0.9,0.9,0,0,0,0,0,0,0,14.03,2.26,0,0,0,0,1.36,11.31,0.45,0,0.45,6.33,4.98,4.98,0,0,2.71,0.45,0,1.36,1.36,0,0,0,0,0,0,0,0,0,0,0,0,0.9,0,0,0,0.45,0.45,0,6.33,10.41,0.9,2.26,5.88,0.45,0.45,0.9,3.62,6.33,10.86,1.81,0,0,0,0,0,24.43,10.41,3.62,0.45,0,9.5,0.45,0
1,42,7.34,93.83,1,3.2,8.4,23.81,80.95,57.14,47.62,23.81,9.52,0,0,0,9.52,0,14.29,14.29,0,0,7.14,7.14,7.14,2.38,2.38,11.9,4.76,0,9.52,0,7.14,2.38,21.43,2.38,11.9,4.76,7.14,0,0,2.38,0,0,11.9,4.76,7.14,0,0,0,0,0,0,0,16.67,2.38,2.38,0,0,0,2.38,14.29,0,0,4.76,9.52,0,0,0,0,2.38,0,0,2.38,0,0,9.52,7.14,0,0,0,0,4.76,0,2.38,0,0,0,0,0,0,0,2.38,0,2.38,7.14,0,2.38,4.76,0,0,0,0,2.38,7.14,0,0,0,0,0,0,23.81,11.9,2.38,0,0,7.14,2.38,0
1,556,21.07,94.39,58.08,12.67,12.93,15.11,90.83,74.46,58.81,19.42,14.93,4.14,3.42,2.34,1.8,1.62,4.5,12.05,6.12,1.26,12.41,12.05,4.32,7.55,2.34,22.66,5.22,3.24,8.09,4.86,0.9,2.34,22.48,0.36,9.53,3.06,0.72,1.8,1.44,0.36,2.52,0,3.6,1.44,2.16,1.08,0,1.08,0,0.54,0,0,18.71,2.52,0.36,0,0.18,0.54,0.72,15.47,0.9,0,1.62,0.54,5.58,4.5,1.44,0,1.44,0.36,0,0.54,0.54,0,1.44,0.72,0.36,0,0,0.18,0,0.36,0,0,0.9,1.08,0,0,0.36,0.18,0.18,0,9.35,10.79,0.36,2.7,7.91,0.36,0.36,0.18,2.52,2.52,10.07,1.08,0.36,0,0.36,0,0,21.58,7.73,7.01,0.36,0,6.47,0,0
1,34,29.85,24.36,26.78,66.58,6.8,26.47,88.24,79.41,64.71,23.53,5.88,2.94,0,0,0,2.94,17.65,20.59,5.88,0,17.65,0,17.65,2.94,2.94,8.82,5.88,2.94,0,0,0,0,17.65,5.88,8.82,2.94,0,5.88,5.88,0,0,0,2.94,2.94,0,0,0,0,0,0,0,0,11.76,8.82,2.94,0,0,0,5.88,2.94,0,0,0,0,2.94,2.94,0,0,2.94,0,0,0,2.94,0,0,0,0,0,0,0,0,0,0,0,2.94,0,0,0,0,0,0,0,5.88,5.88,0,0,5.88,0,0,0,8.82,0,0,0,0,0,0,0,0,23.53,14.71,8.82,0,0,0,0,0
1,152,27.77,77.01,1.85,29.06,13.82,19.08,92.76,74.34,64.47,19.08,11.84,1.32,0.66,0.66,7.89,1.32,7.24,17.11,4.61,1.97,19.74,9.87,7.24,9.21,3.29,18.42,3.29,2.63,8.55,1.97,3.29,3.95,19.74,1.32,5.92,0,0,1.32,1.32,0,3.29,0,4.61,2.63,1.97,0.66,0.66,0,0,0,0,0,18.42,5.26,0,0,0,0,4.61,13.16,0.66,0,1.32,7.89,3.95,3.95,0,0,3.95,0.66,0,2.63,0.66,0,0.66,0.66,0,0,0,0,0.66,0,0,0,1.32,0.66,0,0,0,0.66,0,0,7.24,7.89,0.66,1.97,4.61,0.66,0.66,0,4.61,4.61,4.61,1.97,0,0,0,0,0,17.76,7.24,5.92,0,0,4.61,0,0
1,78,61.17,98.75,23.3,99,13,7.69,80.77,67.95,52.56,14.1,14.1,3.85,6.41,2.56,0,0,0,12.82,8.97,0,14.1,10.26,5.13,6.41,0,17.95,8.97,2.56,11.54,8.97,1.28,1.28,16.67,1.28,1.28,0,1.28,0,0,0,0,0,12.82,11.54,0,5.13,5.13,0,0,0,0,1.28,15.38,1.28,1.28,1.28,0,0,1.28,12.82,0,1.28,0,0,0,0,0,0,3.85,1.28,0,1.28,0,1.28,0,0,0,0,0,0,0,0,0,0,0,1.28,0,0,0,0,0,0,15.38,6.41,0,1.28,5.13,0,0,0,3.85,3.85,7.69,3.85,0,0,0,0,0,21.79,7.69,7.69,0,0,6.41,0,0
1,201,3.04,99,19.76,42.34,10.58,12.44,89.55,76.12,60.2,26.37,20.4,3.48,10.95,2.99,1.99,0,5.97,8.96,2.99,0.5,11.94,12.94,4.98,8.96,2.99,26.37,3.98,1,12.94,11.94,0.5,0.5,25.87,0,10.95,2.49,1.99,2.49,2.49,1,3.98,0,1.49,1.49,0,1,1,0,0,0,0,0,23.88,3.98,0,0,0,0,3.48,19.4,0,0,2.49,1,6.97,5.47,1.49,0,1,0,0,1,1,0,0.5,0,0,0,0,0,0,0,0,1.49,1,1,0,0,0,0,1,0,5.97,6.97,0,2.49,4.48,1.99,0,0,1,4.98,10.45,2.99,0,0,0,0,0,25.87,10.95,4.98,0.5,0,9.45,0,0
1,354,17.64,98.44,85.75,45.75,9.83,9.6,92.94,74.01,62.99,24.86,18.08,6.5,4.52,5.93,0,0.85,6.78,18.36,7.34,1.41,12.43,11.02,6.5,5.08,1.13,18.64,3.67,3.95,10.73,6.78,1.13,2.82,24.86,1.41,9.89,5.08,1.41,0.85,0.85,0.56,2.26,0.28,2.82,1.98,0.28,1.13,0.85,0,0,0,0,0.28,18.64,2.26,0.56,0.28,0,0,1.13,15.82,1.41,0,0,2.54,2.54,1.41,0,1.13,1.98,0.28,0,0.85,0.56,0.28,0.56,0,0,0,0,0,0,0,0,0.28,0.28,0.56,0,0,0,0,0,0.85,10.45,6.5,0,1.13,5.65,0.28,0,0,4.24,2.82,7.06,1.69,1.41,0.28,0.28,0.85,0,23.16,9.04,7.34,1.69,0,4.8,0.28,0
1,86,70.9,97.83,99,87.73,7.82,17.44,91.86,72.09,54.65,11.63,6.98,0,5.81,1.16,0,0,4.65,15.12,8.14,2.33,16.28,8.14,5.81,8.14,0,15.12,8.14,6.98,9.3,5.81,1.16,2.33,25.58,5.81,6.98,1.16,1.16,1.16,0,1.16,2.33,1.16,4.65,4.65,0,0,0,0,0,0,0,0,12.79,2.33,1.16,1.16,0,0,2.33,10.47,1.16,0,0,0,8.14,8.14,0,0,0,0,0,0,0,0,0,0,0,0,0,0,0,0,0,0,0,2.33,0,0,0,1.16,0,0,10.47,22.09,0,2.33,20.93,1.16,0,0,5.81,3.49,6.98,2.33,2.33,1.16,1.16,0,0,23.26,15.12,2.33,0,0,5.81,0,0
1,96,16.96,64.67,20.31,69.4,7.38,11.46,91.67,71.88,60.42,20.83,12.5,3.13,0,1.04,4.17,4.17,8.33,14.58,5.21,1.04,13.54,14.58,5.21,4.17,3.13,25,3.13,1.04,6.25,1.04,0,5.21,23.96,0,5.21,0,2.08,0,0,1.04,2.08,0,6.25,4.17,1.04,0,0,0,0,0,0,1.04,20.83,9.38,4.17,1.04,0,0,1.04,12.5,1.04,0,0,5.21,2.08,2.08,0,0,2.08,0,0,0,2.08,0,1.04,1.04,0,0,0,0,0,0,0,0,0,0,0,0,0,0,0,0,4.17,3.13,0,1.04,3.13,0,0,0,8.33,3.13,8.33,7.29,1.04,0,1.04,0,0,22.92,15.63,1.04,1.04,0,5.21,0,0
1,125,30.74,98.83,20.6,11.97,11.36,13.6,94.4,75.2,55.2,19.2,12.8,3.2,6.4,0.8,0,1.6,6.4,12.8,5.6,0.8,14.4,11.2,4.8,8,0,23.2,9.6,4,8.8,7.2,0.8,0.8,16.8,0,3.2,0,0.8,0,0,1.6,0.8,0,7.2,3.2,4,1.6,0,1.6,0,0,0,0,21.6,8,0,0,0,4,2.4,13.6,0.8,0,0,0.8,1.6,0.8,0.8,0,4.8,0,0.8,3.2,0.8,0,1.6,1.6,0,0,0,0,0,0,0,0,0,1.6,0,0,1.6,0,0.8,0,11.2,9.6,0.8,0.8,4.8,3.2,0,0.8,4,0,10.4,6.4,0.8,0,0.8,0,0,17.6,8,2.4,0.8,0,6.4,0,0
1,108,38.62,51.1,33.29,48.44,9.82,10.19,97.22,76.85,60.19,17.59,13.89,7.41,0.93,0,0.93,3.7,3.7,16.67,7.41,6.48,12.04,12.96,3.7,4.63,0.93,22.22,4.63,7.41,7.41,3.7,1.85,1.85,22.22,0.93,8.33,0,0,6.48,0.93,0,1.85,0,1.85,1.85,0,0.93,0.93,0,0,0,0,0,12.04,0.93,0,0,0,0,0,11.11,1.85,0,0.93,0.93,3.7,3.7,0,0,3.7,0.93,0,1.85,0,0.93,0,0,0,0,0,0,0,0,0,0,5.56,0.93,0,0,0,0,0,0,6.48,7.41,0.93,1.85,6.48,0.93,0,0,5.56,6.48,2.78,0,3.7,0,1.85,1.85,0,24.07,9.26,10.19,0.93,0,2.78,0.93,0
1,189,48.87,99,88.95,77.5,9.45,11.11,80.95,68.78,57.14,17.46,12.7,0,10.58,0.53,0,0.53,4.76,13.23,6.88,1.59,16.93,11.11,7.94,4.23,0,21.16,2.12,4.76,11.11,10.58,0.53,0,20.11,2.65,2.12,0,0,0.53,0.53,0,1.59,0,3.7,3.7,0,0.53,0.53,0,0,0,0,0,15.34,0.53,0.53,0,0,0,0,14.81,1.06,0,0,0,0,0,0,0,0,0,0,0,0,0,0.53,0,0,0,0,0,0,0.53,0,0,0,2.12,0,0,0,0,0,0,14.81,13.76,0,4.23,12.7,1.06,0,0,6.88,0.53,12.17,5.82,0,0,0,0,0,24.34,10.58,4.76,0,0,7.94,1.06,0
1,170,39.7,96.27,26.78,46.94,12.14,13.53,87.65,70.59,55.88,14.12,10,0,4.71,0,3.53,0.59,4.12,17.06,7.65,5.29,10.59,11.18,3.53,8.24,1.18,20,4.71,5.88,8.82,5.88,0.59,2.35,24.12,0,7.06,0.59,2.35,0,1.18,0,3.53,0,2.94,2.35,0.59,0,0,0,0,0,0,0,17.06,3.53,1.18,0,0,0,1.76,13.53,1.76,0,6.47,0,0,0,0,0,1.76,0,1.18,0.59,0,0,3.53,1.18,0,0,0,0,0,0,2.35,2.35,0,1.76,0,0,0,0,0,0,5.29,8.24,0,1.18,6.47,0,0.59,0,6.47,11.18,2.94,1.76,0,0,0,0,0,14.71,8.24,2.94,0,0,2.94,0.59,0
1,59,17.64,40.06,7.47,,8.43,8.47,81.36,76.27,61.02,23.73,13.56,3.39,0,1.69,6.78,1.69,10.17,22.03,6.78,1.69,10.17,11.86,0,5.08,5.08,23.73,3.39,8.47,5.08,0,3.39,1.69,28.81,3.39,8.47,0,1.69,0,1.69,0,5.08,0,0,0,0,0,0,0,0,0,0,0,15.25,3.39,0,0,0,0,3.39,11.86,0,0,0,6.78,1.69,1.69,0,0,3.39,0,0,3.39,0,0,0,0,0,0,0,0,0,0,0,0,0,8.47,0,0,0,3.39,0,0,6.78,5.08,0,3.39,1.69,0,0,0,3.39,5.08,10.17,0,0,0,0,0,0,23.73,8.47,3.39,1.69,0,10.17,0,0
1,40,39.7,89.5,45.52,20.23,8,25,87.5,55,47.5,20,17.5,12.5,5,0,0,0,2.5,10,2.5,0,15,12.5,2.5,2.5,0,20,0,2.5,15,10,0,5,17.5,2.5,2.5,2.5,2.5,0,0,0,0,0,5,2.5,2.5,0,0,0,0,0,0,0,25,7.5,0,0,2.5,0,2.5,17.5,7.5,0,2.5,5,2.5,2.5,0,0,10,2.5,0,7.5,0,0,0,0,0,0,0,0,0,0,0,0,0,0,0,0,0,0,0,0,2.5,7.5,5,0,2.5,0,0,0,0,0,10,2.5,0,0,0,0,0,22.5,12.5,0,0,0,10,0,0
1,120,57.21,69.2,63.35,72.45,9.23,14.17,93.33,71.67,54.17,14.17,10,3.33,1.67,0.83,3.33,0,4.17,14.17,9.17,3.33,12.5,11.67,3.33,5.83,0.83,20.83,5.83,4.17,10.83,2.5,1.67,7.5,26.67,0.83,8.33,0,1.67,0.83,0,0.83,5,0,3.33,3.33,0,0,0,0,0,0,0,0,15,3.33,1.67,1.67,0,0.83,0,11.67,2.5,0,0,6.67,5.83,4.17,1.67,0,1.67,0,0,1.67,0,0,1.67,0,0,0,0,0,0,0,0,0,0.83,0,0,0,0,0,0,0,11.67,10.83,3.33,3.33,4.17,1.67,0,0,8.33,6.67,6.67,1.67,0.83,0,0.83,0,0,20,12.5,2.5,0,0,4.17,0.83,0
1,73,12.85,99,37.99,93.52,8.11,17.81,95.89,73.97,63.01,21.92,17.81,0,12.33,5.48,0,0,4.11,8.22,1.37,0,16.44,8.22,5.48,12.33,1.37,15.07,2.74,2.74,15.07,13.7,0,1.37,20.55,4.11,4.11,0,0,1.37,1.37,0,2.74,0,8.22,6.85,1.37,1.37,1.37,0,0,0,0,0,30.14,6.85,0,2.74,1.37,0,1.37,21.92,1.37,0,0,0,5.48,5.48,0,0,5.48,0,0,0,0,5.48,0,0,0,0,0,0,0,0,0,1.37,0,4.11,0,0,0,0,1.37,0,20.55,8.22,0,0,8.22,0,0,0,6.85,2.74,5.48,2.74,1.37,1.37,0,0,0,26.03,12.33,6.85,0,0,6.85,0,0
1,194,16.55,93.73,10.94,76.25,16.17,14.43,88.66,74.74,59.79,20.62,8.76,0,2.58,2.58,3.09,0.52,11.86,13.4,6.19,1.55,12.37,12.37,4.64,8.76,1.55,22.16,6.7,2.06,7.22,4.12,2.58,0.52,25.26,0,11.34,2.06,2.06,2.58,2.06,1.03,2.06,0,3.61,3.61,0,0,0,0,0,0,0,0,13.4,3.09,2.06,0,0,0,1.03,10.31,0.52,0,0,3.09,1.55,1.03,0,0.52,2.06,0,0,2.06,0,0,0.52,0.52,0.52,0,0,0.52,0,0,0,3.09,0.52,2.58,0,0,0,1.03,1.03,0,4.12,7.73,0,2.06,5.67,0,0,0,5.15,7.22,4.64,3.09,0,0,0,0,0,15.46,5.15,5.15,1.03,0,3.61,0.52,0
1,230,32.34,45.21,35.59,25.87,14.38,20.43,88.26,68.7,56.09,18.26,10.43,3.91,3.04,0.87,2.61,0,7.83,22.17,5.65,4.78,11.74,7.83,3.91,7.83,2.17,16.09,2.61,10.43,7.83,3.48,2.17,2.17,24.35,4.35,9.13,2.17,1.3,0.43,0,0,4.78,0.43,3.91,2.17,1.74,0,0,0,0,0,0,0,10.87,3.04,0.43,0,0.87,0.87,0.87,7.83,0.43,0,0.43,2.61,0.87,0.43,0,0.43,6.96,0,0,2.61,3.91,0.87,2.17,1.3,0,0,0,0,1.74,0,0,0,0.43,0,0,0,0,0.43,0,0,7.39,5.65,0,1.3,3.91,0.43,0,0,3.04,3.91,7.39,3.48,0.87,0,0,0.87,0,17.83,6.96,5.65,0,0,4.78,0.43,0
1,36,10.19,92.24,1,64,9,22.22,94.44,86.11,66.67,27.78,8.33,0,0,0,8.33,0,19.44,13.89,2.78,0,16.67,16.67,2.78,5.56,0,27.78,5.56,2.78,8.33,2.78,5.56,2.78,27.78,0,5.56,2.78,2.78,0,0,2.78,0,0,8.33,5.56,2.78,2.78,2.78,0,0,0,0,0,19.44,8.33,0,0,0,0,5.56,11.11,2.78,0,0,8.33,0,0,0,0,2.78,2.78,0,0,0,0,2.78,2.78,0,0,0,0,2.78,0,0,0,0,0,0,0,0,0,2.78,0,2.78,8.33,0,2.78,2.78,2.78,0,0,2.78,11.11,13.89,0,0,0,0,0,0,16.67,11.11,0,0,0,5.56,0,0
1,536,37.12,90.2,49.83,33.24,10.94,13.25,89.93,70.34,55.04,14.93,10.45,1.87,4.29,1.31,0.19,2.61,4.48,13.43,7.09,1.87,13.06,9.89,8.02,6.34,1.87,18.84,5.6,4.48,7.65,5.04,0.93,1.68,20.34,0.37,8.21,1.31,1.68,1.87,0.93,0.56,2.05,0,3.17,1.87,0.93,0.75,0.37,0,0,0,0,0,14.74,3.36,0.56,0.19,0.19,0.19,2.61,10.45,0.56,0,0.19,0,3.73,3.73,0,0,3.36,0.75,0,1.31,1.49,0.19,0.75,0.19,0.19,0,0,0,0,0.37,0.19,0.56,0.37,1.31,0,0.19,0,0.19,0,0,8.21,12.31,0.19,1.87,8.58,1.49,0.19,0.56,4.48,3.54,7.28,1.87,1.12,0.37,0.37,0.19,0.19,20.71,8.96,6.16,0.56,0,4.66,0.37,0
1,168,24.66,93.83,7.34,47.3,12,17.26,86.9,64.29,50.6,16.67,10.71,1.19,4.17,0.6,2.98,0.6,5.95,11.9,5.95,2.98,10.12,13.1,4.76,5.95,1.19,19.64,4.76,4.17,9.52,4.17,1.79,3.57,27.38,1.19,9.52,0,0,2.38,2.98,1.79,2.98,0,2.98,2.38,0.6,1.79,1.19,0.6,0,0,0,0,17.86,2.98,0,0,0,0.6,0,12.5,0,0,0,4.17,5.95,5.36,0.6,0,4.17,0,0,4.17,0.6,0,0,0,0,0,0,0,0,0,0,0,0.6,1.19,0,0,0,0,0,0,10.71,10.12,1.19,1.19,5.36,2.98,0,0.6,4.76,7.14,5.95,0,0.6,0,0.6,0,0,22.02,9.52,5.95,0,0,6.55,0,0
1,153,67.81,98.21,32.94,20.23,12.75,15.03,89.54,62.09,49.67,14.38,11.76,1.31,4.58,0.65,0,4.58,2.61,15.03,6.54,4.58,14.38,9.15,1.31,6.54,0,18.95,1.31,5.88,8.5,6.54,1.31,0.65,20.26,0,5.23,1.31,1.96,0,0.65,0,1.31,0,1.31,0.65,0.65,0,0,0,0,0,0,0,15.69,1.96,0.65,0,0.65,0,0.65,13.07,1.31,0,0,0,1.96,1.31,0,0.65,7.19,0,0.65,5.23,1.31,0,4.58,0.65,0.65,0,0,0,0,2.61,0.65,1.31,0,2.61,0,0,0,0,0,0,7.19,5.88,1.31,0,3.92,0,1.31,0.65,7.84,3.92,6.54,5.23,0,0,0,0,0,18.95,8.5,7.84,0,0,2.61,0,0
1,88,1.18,10.07,79.84,55.62,9.78,15.91,94.32,78.41,65.91,25,19.32,14.77,2.27,1.14,0,0,5.68,13.64,3.41,1.14,13.64,18.18,7.95,11.36,1.14,28.41,4.55,2.27,7.95,4.55,1.14,2.27,34.09,2.27,17.05,0,5.68,4.55,1.14,1.14,3.41,0,4.55,2.27,0,2.27,0,0,0,0,0,0,10.23,1.14,0,0,0,0,1.14,9.09,3.41,0,0,1.14,3.41,2.27,1.14,0,0,0,0,0,0,0,1.14,0,0,0,0,0,0,0,0,0,3.41,1.14,0,0,0,1.14,1.14,2.27,6.82,10.23,4.55,0,5.68,0,0,0,3.41,4.55,12.5,4.55,0,0,0,0,0,23.86,10.23,3.41,0,0,10.23,0,0
1,391,9.3,82.71,95.75,47.38,12.22,11.51,96.68,81.07,63.17,23.53,13.81,5.88,2.81,4.35,0.26,0,9.72,16.88,4.6,1.79,12.53,8.7,8.18,9.72,1.02,21.99,5.12,6.39,5.12,3.32,0.77,1.02,29.41,2.05,15.35,8.18,1.53,0.51,2.05,1.53,1.53,0,5.63,3.58,1.79,2.05,1.28,0.51,0.51,0,0,0,13.55,3.84,0.77,0,0.26,0,0,9.21,0,0,0,0.51,1.28,1.02,0,0.26,4.35,0,0,0.77,0,3.58,0.77,0,0,0,0,0,0,0,0,0,0.26,1.79,0,0,0,0,0.26,0,11,10.49,0.26,1.79,6.91,1.02,0,0.51,4.09,5.12,6.65,1.02,0.77,0,0.51,0.26,0,18.41,7.42,4.6,0.51,0,5.63,0.26,0
1,215,59.2,85.99,1,20.23,9.77,19.53,86.05,68.84,56.28,16.74,11.63,0.47,0.47,0.47,10.23,0,5.12,16.74,6.51,3.72,15.81,10.23,2.33,5.58,0.93,20.47,3.26,5.12,3.26,0.93,0.93,1.4,23.72,3.72,6.98,0.47,0.93,1.4,0.47,0.93,2.79,0,3.72,1.86,1.86,0.47,0,0.47,0,0,0.47,0,15.35,2.33,1.4,0,0.47,0,0,12.09,0,0.47,0,10.23,6.05,6.05,0,0,2.33,0,0,0.93,1.4,0,0.47,0.47,0,0,0,0,0,0,0,0,0.47,1.4,0,0,0,0.47,0,0,5.58,11.16,1.4,0.93,7.91,0.47,0.93,0,3.26,6.98,6.51,0,0.47,0,0.47,0,0,19.53,10.23,3.26,0,0,5.12,0.93,0
1,383,22.25,99,64.08,56.94,11.61,14.1,92.43,74.67,59.79,19.32,14.36,1.57,7.57,2.87,1.04,1.04,4.96,10.97,5.74,0.26,13.32,10.97,5.22,9.66,0.52,20.63,5.48,4.7,11.75,10.18,1.04,0.52,21.15,0.78,10.18,1.31,0.78,2.61,2.87,0.26,3.66,0,2.87,2.61,0.26,1.04,1.04,0,0,0,0,0,20.89,2.09,0,0,0,0,1.04,17.23,1.31,0.26,1.04,1.83,4.7,3.39,1.31,0,2.35,0,0.26,0.78,0,1.31,0.26,0,0,0,0,0,0,0,0,1.83,0.78,0,0,0.26,0,0.26,0.78,0,13.32,12.79,0.26,2.61,10.7,0.78,0,0.52,3.92,2.09,7.57,2.61,0,0,0,0,0,16.71,8.62,3.92,0,0,4.18,0,0
1,353,50.39,97.99,82.32,27.75,12.17,19.26,93.48,73.65,57.79,17.56,11.61,2.27,7.08,0.85,0,0.85,5.95,15.86,5.95,2.27,16.43,8.22,5.1,6.8,1.13,17.85,5.1,6.52,11.61,7.37,1.42,3.97,22.66,3.4,7.93,1.98,2.27,1.13,0,1.13,1.42,0,3.4,1.98,1.42,0.28,0.28,0,0,0,0,0,14.73,1.42,0.28,0.28,0,0,0.85,12.18,0,0,0,0,4.25,3.68,0.57,0,6.23,0.57,0.57,1.7,3.12,0.28,0,0,0,0,0,0,0,0,0,1.7,0.57,0.57,0,0,0,0.28,0.57,0.28,8.78,13.88,0,3.4,11.05,1.13,0,0,4.25,2.27,8.78,1.42,0,0,0,0,0,20.11,8.5,5.38,0,0,6.23,0,0
1,429,41.64,93.8,15.76,33.23,9.53,19.35,87.41,69.46,55.48,17.48,12.35,2.1,2.56,0.93,5.59,0.7,5.13,14.92,5.59,1.63,14.92,9.09,6.06,5.36,1.86,17.48,5.36,3.96,7.23,5.13,0.23,2.1,22.38,0.93,8.86,1.4,0.93,0.93,1.63,1.63,3.26,0,2.8,1.86,0.93,0.47,0,0.47,0,0,0,0,18.88,2.56,1.17,0,0,0.47,0.7,15.62,2.1,0,1.63,6.76,3.5,3.03,0.47,0,2.1,0.23,0.7,0.23,0.7,0.23,0.7,0.47,0,0,0,0,0,0,0.23,0,0.47,1.4,1.17,0.23,0,0,0.93,0,6.99,9.79,0,1.17,8.39,0.23,0,0,2.8,4.66,8.16,0,0.23,0,0.23,0,0,21.68,11.19,4.2,0,0,6.06,0.23,0
1,253,24.43,98.93,64.44,20.23,8.16,10.28,91.3,71.94,54.55,23.32,18.58,5.14,9.49,2.77,1.19,0,4.74,12.65,3.16,0.79,13.04,7.11,3.95,5.53,1.98,20.16,4.35,3.56,14.62,9.88,1.19,4.35,25.3,1.58,12.25,2.77,1.58,2.77,1.19,0.4,3.56,0,3.95,1.98,1.98,1.19,0.4,0.79,0,0,0,0,21.74,5.14,0.79,0.79,0.4,0,2.77,15.42,0.4,0,1.19,0.4,5.14,5.14,0,0,3.56,0.4,0,1.58,1.58,0,0,0,0,0,0,0,0,0,0,0,1.98,1.58,0.4,0,0,0,0.4,0,10.28,8.3,0.79,1.19,5.53,0.79,0,0.4,5.93,5.14,3.16,1.98,0.4,0,0,0.4,0,20.95,13.04,2.77,0,0,5.14,0,0
1,133,67.62,62.36,65.4,78.21,19,18.05,86.47,66.17,53.38,9.77,6.77,2.26,0,0,0.75,0,3.01,15.04,12.03,3.01,10.53,10.53,3.01,9.77,0,16.54,6.77,3.01,10.53,0,3.01,8.27,24.06,0.75,9.02,1.5,1.5,0,3.01,0.75,3.01,0,5.26,4.51,0.75,0,0,0,0,0,0,0,9.77,0.75,0,0,0,0,0.75,9.02,0,0,0,1.5,6.77,6.77,0,0,2.26,1.5,0,0.75,0.75,0,0.75,0.75,0,0,0,0,0,0,0,0,0,0.75,0,0,0,0.75,0,0,6.02,9.77,0,2.26,7.52,0,0,0,4.51,6.02,6.02,3.01,0,0,0,0,0,15.79,6.02,6.77,0,0,3.01,0,0
1,264,16.96,99,1,4.99,10.15,12.88,89.39,71.97,60.23,22.35,17.05,1.14,4.17,1.52,9.09,0,5.3,12.5,3.41,2.27,14.77,12.12,4.17,7.2,1.52,22.73,2.65,3.41,6.82,4.92,0,1.89,18.18,0.38,7.58,1.52,1.89,1.14,0.38,1.52,1.52,0,2.65,0.38,2.27,0.76,0.38,0.38,0,0,0,0,22.73,3.79,0,0.38,0.38,0,1.52,18.94,1.14,0,1.52,8.71,4.17,4.17,0,0,1.89,0,0.76,0.38,0.76,0,1.52,0.38,0,0,0,0,0.38,0,0.38,0,0,1.14,0,0,0,0,0,0,10.98,9.47,0.38,2.65,6.06,1.14,0,0,2.65,3.79,7.95,3.79,0,0,0,0,0,20.45,12.12,3.03,0,0,4.92,0.38,0
1,285,36.67,96.04,38.36,83.47,12.39,21.75,94.39,68.77,55.09,19.65,14.74,4.56,5.61,1.75,0.7,0.7,4.91,12.63,5.26,1.4,12.28,7.37,3.86,6.67,1.05,16.84,5.26,3.16,13.68,7.37,2.11,4.56,20,1.4,10.18,2.11,1.75,1.4,0.35,0.7,2.46,0,6.67,5.26,1.05,0.35,0.35,0,0,0,0,0.35,21.4,6.67,2.46,1.05,0.35,0.7,1.4,14.39,1.4,0,0.7,0,4.21,4.21,0,0,4.56,0.35,0.7,2.46,1.05,0,2.46,1.75,0,0.35,0,0,0,0,0,0.35,0.7,0.7,0,0,0,0.35,1.05,0.35,8.77,8.07,0.7,1.4,5.61,0.35,0.35,0,2.46,3.51,4.91,1.4,0,0,0,0,0,18.25,8.77,7.37,0,0,2.11,0,0
1,140,48.23,61.28,8.95,53.43,14,22.14,79.29,65,53.57,12.86,10.71,0.71,0,1.43,2.86,4.29,2.14,12.14,5.71,1.43,12.86,12.14,2.86,5,2.86,20,3.57,3.57,4.29,2.14,2.14,0,25.71,0,16.43,3.57,0.71,4.29,0.71,1.43,5.71,0,3.57,2.86,0.71,0.71,0,0.71,0,0,0,0,15.71,4.29,0,0,0,0,2.14,11.43,0,0,2.86,0,5,3.57,1.43,0,3.57,1.43,0.71,0,0.71,0.71,0.71,0,0,0,0,0,0,0,0,0.71,0,0,0,0,0,0.71,0.71,0,2.86,8.57,0,0.71,6.43,0.71,0,0.71,0.71,3.57,6.43,0.71,0,0,0,0,0,20,6.43,6.43,0.71,0,5,1.43,0
1,241,5.42,75.37,73.48,52.26,13.39,11.2,92.12,76.76,63.07,21.58,14.11,4.15,3.32,0.83,3.73,0.83,7.47,17.01,3.73,4.98,10.37,13.28,6.64,8.71,1.66,22.41,2.9,5.81,7.05,4.98,0.83,1.24,25.31,0.41,12.03,4.56,2.07,2.49,1.66,0,4.98,0,2.07,2.07,0,0.41,0.41,0,0,0,0,0,15.77,2.49,0.41,0,0,0,0.83,12.86,1.66,0,5.39,0.83,0.83,0.83,0,0,1.66,0,0.83,0.83,0,0,2.07,1.24,0.41,0,0,0,0,0,0.83,2.07,0.41,0.83,0,0,0,0,0.41,0,10.37,10.37,1.24,2.07,7.47,0.41,0,0.83,4.56,7.47,4.98,2.9,0,0,0,0,0,16.18,7.47,4.56,0,0,3.32,0.83,0
1,212,83.39,48.46,76.88,15,8.83,17.92,86.79,62.74,50.94,11.79,6.6,3.77,0,0,1.42,0.47,5.19,17.45,10.85,3.77,14.62,8.49,2.36,6.13,0.47,16.51,3.77,3.77,6.6,0.47,1.42,5.19,22.64,0.94,8.02,1.89,1.89,0.94,0.47,0.47,2.36,0,2.36,0.94,1.42,0.47,0.47,0,0,0,0,0,9.43,0.94,0.47,0,0,0,0,8.02,0,0,0.47,3.3,3.77,3.77,0,0,4.72,0.47,0,3.3,0.94,0.47,0.47,0.47,0,0,0,0,0,0,0,0,0.47,0,0,0,0,0,0.47,0.47,7.08,10.38,0.47,2.36,7.55,0,0.47,0,6.6,6.13,4.72,0.47,0,0,0,0,0,25,12.74,4.72,0.47,0,5.19,1.89,0
1,46,60.52,99,92.58,53.96,7.67,15.22,86.96,60.87,43.48,13.04,8.7,0,2.17,6.52,0,0,4.35,4.35,2.17,0,15.22,6.52,4.35,6.52,0,26.09,0,0,6.52,2.17,2.17,2.17,19.57,2.17,10.87,6.52,4.35,0,0,2.17,0,0,2.17,2.17,0,0,0,0,0,0,0,0,15.22,4.35,4.35,4.35,0,0,2.17,10.87,0,0,0,0,10.87,10.87,0,0,0,0,0,0,0,0,0,0,0,0,0,0,0,0,0,0,0,4.35,0,0,0,0,2.17,0,15.22,15.22,4.35,6.52,10.87,0,0,0,2.17,2.17,2.17,10.87,0,0,0,0,0,23.91,17.39,2.17,0,0,4.35,0,0
1,62,7.58,59.25,17.19,,7.75,12.9,88.71,72.58,59.68,20.97,17.74,9.68,1.61,1.61,0,4.84,3.23,17.74,4.84,0,8.06,14.52,4.84,6.45,1.61,24.19,6.45,4.84,8.06,4.84,1.61,1.61,25.81,1.61,16.13,0,0,8.06,6.45,0,3.23,0,0,0,0,0,0,0,0,0,0,0,16.13,1.61,0,0,0,0,1.61,14.52,6.45,0,1.61,0,0,0,0,0,4.84,0,1.61,3.23,0,0,1.61,0,0,0,0,0,0,0,0,0,3.23,0,3.23,0,0,0,0,0,6.45,6.45,0,3.23,3.23,0,0,0,1.61,6.45,4.84,1.61,0,0,0,0,0,24.19,11.29,4.84,3.23,0,4.84,0,0
1,185,33.55,83.39,55.76,35.56,12.33,12.97,92.43,72.43,61.62,20,12.43,3.78,3.24,0,5.41,0,7.57,16.76,9.19,1.08,14.59,11.35,5.95,8.11,0.54,20,3.78,2.16,8.65,3.24,2.16,3.24,24.32,0.54,8.11,2.7,1.62,1.62,0.54,0,1.62,0,4.32,2.16,1.08,1.08,0,0,0,0,0,0,12.43,0.54,0,0,0.54,0,0,10.81,0.54,0,0,5.41,3.24,2.7,0.54,0,2.16,0,0.54,1.62,0,0,0.54,0.54,0,0,0,0,0.54,0,0,0,0,1.08,0,0,0,2.16,1.08,0,6.49,14.05,1.08,2.7,9.19,1.08,0,0,5.95,8.11,6.49,3.24,0.54,0,0.54,0,0,18.38,7.57,4.32,0.54,0,5.95,0,0
1,84,78.95,99,64.98,95.71,7,14.29,90.48,67.86,48.81,10.71,9.52,0,3.57,5.95,0,0,1.19,10.71,5.95,0,16.67,7.14,7.14,3.57,0,22.62,4.76,2.38,14.29,3.57,1.19,8.33,9.52,1.19,2.38,1.19,1.19,0,0,0,0,0,5.95,5.95,0,0,0,0,0,0,0,0,26.19,9.52,5.95,7.14,0,0,5.95,19.05,0,0,1.19,2.38,7.14,7.14,0,0,5.95,0,0,5.95,0,0,0,0,0,0,0,0,0,0,0,0,0,3.57,0,0,0,0,0,0,16.67,16.67,1.19,2.38,15.48,1.19,0,0,1.19,2.38,3.57,1.19,1.19,1.19,0,0,0,32.14,15.48,9.52,0,1.19,5.95,0,0
1,147,42.52,96.36,61.49,99,14.7,23.81,80.95,63.95,48.98,15.65,12.93,2.72,6.8,2.04,1.36,0,2.72,10.88,4.08,1.36,12.24,7.48,4.76,5.44,2.04,13.61,8.84,3.4,15.65,10.2,1.36,5.44,16.33,0.68,6.12,1.36,1.36,1.36,1.36,0,2.72,0,10.2,9.52,0.68,2.04,2.04,0,0,0,0,0,14.29,2.04,0,0,0,0,0,12.24,0.68,0,0,2.04,4.76,4.76,0,0,2.72,1.36,0,1.36,0,0,0.68,0,0,0,0,0,0,0,0,0,0,0.68,0,0,0,0,0,0,6.12,9.52,0,3.4,6.12,0.68,0,0,6.12,3.4,2.04,2.04,0,0,0,0,0,19.05,7.48,7.48,0,0,4.08,0,0
1,69,89.52,93.24,65.33,41.62,9.86,36.23,75.36,56.52,46.38,14.49,7.25,1.45,0,0,1.45,0,7.25,15.94,8.7,4.35,14.49,4.35,0,4.35,0,11.59,4.35,2.9,4.35,1.45,1.45,1.45,15.94,0,7.25,1.45,0,0,4.35,0,1.45,0,1.45,1.45,0,0,0,0,0,0,0,0,15.94,1.45,1.45,0,0,0,0,14.49,0,0,0,1.45,1.45,1.45,0,0,7.25,2.9,0,4.35,0,0,1.45,0,0,0,0,0,0,0,0,0,0,0,0,0,0,0,0,1.45,1.45,14.49,0,2.9,11.59,0,0,0,2.9,7.25,2.9,0,0,0,0,0,0,20.29,10.14,5.8,0,0,2.9,1.45,0
1,160,76.86,98.52,89.39,8.55,6.67,15,90,72.5,51.25,13.75,11.25,1.88,3.13,5.63,0,0.63,2.5,11.88,5.63,0.63,16.88,6.25,3.13,5,1.25,20.63,5,10,7.5,4.38,0,3.13,18.75,2.5,7.5,0,0,4.38,2.5,0,2.5,0,3.75,1.25,2.5,0,0,0,0,0,0,0,20.63,6.88,0,0,1.88,0,0.63,13.13,1.25,0,0,1.25,6.25,6.25,0,0,1.25,0,0.63,0.63,0,0,0,0,0,0,0,0,0,0,0,1.88,0.63,1.88,0,0,0,0,0,0,18.13,20,0.63,6.25,13.13,1.88,0.63,0,5.63,1.25,4.38,5,0,0,0,0,0,25.63,15,6.88,0,0,2.5,1.25,0
1,211,66.61,65.22,71.97,20.23,9.17,16.11,84.83,62.09,48.34,16.59,14.22,7.11,1.9,1.42,3.79,0,2.37,15.17,7.11,3.32,11.37,5.21,1.9,5.21,0.47,15.64,2.37,3.32,9.48,3.79,1.42,4.27,16.11,0.95,5.69,1.9,1.42,0.95,0.47,0,1.42,0,4.74,2.37,2.37,0,0,0,0,0,0,0,14.22,3.32,0.47,0,1.42,0,1.42,9.95,1.9,0,0.95,4.74,4.27,2.84,1.42,0,4.27,0.95,0.47,2.37,0,0.47,1.42,0,0,0,0,0,0,0,0,0,0.47,0.95,0,0,0,0,0.47,0.47,6.16,12.32,0.95,2.37,8.06,0.95,0,0,5.21,7.11,5.21,0.95,0,0,0,0,0,20.85,10.43,8.06,0,0,1.42,0.95,0
1,108,14.43,87.35,89.39,87.54,8.31,5.56,86.11,73.15,60.19,19.44,16.67,5.56,8.33,0.93,0.93,0,2.78,12.04,6.48,0.93,12.04,12.04,7.41,6.48,3.7,21.3,4.63,5.56,12.96,11.11,1.85,0,25,3.7,8.33,0.93,0.93,0,1.85,0,3.7,1.85,4.63,4.63,0,0,0,0,0,0,0,0,15.74,2.78,0.93,0,0,0,0,12.96,0.93,0,0,0.93,0,0,0,0,1.85,0.93,0.93,0,0,0,0,0,0,0,0,0,0,0,0,0.93,0,0,0,0.93,0,1.85,0,0,7.41,12.04,1.85,3.7,6.48,0.93,0,0,5.56,4.63,5.56,6.48,0.93,0.93,0,0,0,21.3,11.11,3.7,0.93,0,5.56,0,0
