date,party,state,name,keycode,win,gender,poll,AU01_mean,AU02_mean,AU04_mean,AU06_mean,AU12_mean,AU15_mean,AU20_mean,AU25_mean,pitch_count_percentage,roll_count_percentage,yaw_count_percentage,valence_mean,valence_std,arousal_mean,arousal_std,anger_percentage,disgust_percentage,fear_percentage,happiness_percentage,sadness_percentage,surprise_percentage,neutral_percentage,mean_f0,std_f0,VUV,speaking_rate_w,MFCC0,F1,F2,falling_ratio,rising_ratio,rising-falling_ratio,falling-rising_ratio,arousal,valence,std_arousal,std_valence,issue_label,issue_name,post_likes,post_comments,post_likes_zscore,post_comments_zscore,post_likes_clean,likes_by_follower,likes_by_follower_zscore,comments_by_follower,comments_by_follower_zscore,engagement_rate,engagement_rate_zscore,kmeans_cluster,hierarchical_cluster_0.5
2024/10/1,Republican,Pennsylvania,Dave McCormick,DAj-oZvtm45,1,M,44,0.4811491284905659,0.2828560394339622,0.5456490039622641,0.1840024358490566,0.1825114039433962,0.5408872532075472,0.3773584905660377,0.5904604041433963,0.3584905660377358,0.3018867924528302,0.4150943396226415,-0.0873248908879621,0.1282035815163422,0.3070369596188923,0.1283647726613186,0.0566037735849056,0.0,0.0,0.1886792452830188,0.0,0.4716981132075472,0.2830188679245283,-0.684001493650959,-0.5583742657581626,-0.5182647615779012,0.0383098574898939,0.1981840352383212,-0.1287193352295744,-0.3777727634790491,0.1787187428716864,-0.0220889294277626,0.1630274281329581,-0.373626878931865,-0.1945654964705352,-0.872701221164103,-1.4579907853019816,-0.9778538247861392,4,Economy,41,0,-1.4533484701781902,-0.6387388114561252,41.0,0.0440386680988184,-1.187165125371357,0.0,-0.6271220433633878,0.0440386680988184,3.6400943699535366,4,1
2024/10/1,Republican,Arizona,Kari Lake,DAkC7pMNJmk,0,F,42,0.583719919661017,0.3627149775480226,0.3117085038813559,0.0814463148361581,0.0481646265706214,0.3980461533502825,0.1073446327683615,0.4868515230960452,0.5139664804469274,0.4022346368715084,0.4692737430167598,-0.3725259195409673,0.1581709084375047,0.4404618526137741,0.1474677592754957,0.4469273743016759,0.0279329608938547,0.0782122905027933,0.0167597765363128,0.1564245810055866,0.0726256983240223,0.1899441340782122,0.060186929868568,-0.0096907301596352,-0.3792082918698009,1.3069815096753217,0.1188723723573817,1.0801099400994054,1.0507524667273629,0.6904322585160791,-0.0750133520794745,-0.9392460751742828,0.1479770224207014,-0.7293403796767491,-0.1968249263347133,0.247650743077172,0.5994738009653453,13,Healthcare,1846,20,-0.4982579359297457,-0.4719270193547333,1846.0,0.0022560645483776,-0.4976383722598206,2.4442736168772203e-05,-0.4721239963174833,0.0022805072845464,2.126476495020864,1,2
2024/10/1,Democratic,Ohio,Sherrod Brown,DAkDv_ztlm_,0,M,46,0.5639839662399999,0.43846353184,0.30334674308,0.084132675808,0.0424827735839999,0.4921064704639999,0.168,0.2981283771176,0.448,0.44,0.488,-0.3192862107157707,0.1417248929286143,0.4162636475563049,0.1073552432451164,0.2,0.0,0.016,0.048,0.008,0.272,0.456,-0.1918578552203052,0.4277979593110716,-0.2609488348294601,0.6803939406782893,0.9968649349552624,-0.2372418899149945,-0.6407274992705987,-0.3630955678106122,0.6254569477225934,0.4964883198897704,-0.5246795924457306,-0.3913439625220741,-0.8041620117887414,0.5020117094452647,0.4997408384668267,0,Abortion,-1,6,,-0.3994679963427224,,,,0.0001967729240456,-0.3990665489434289,,,4,4
2024/10/1,Republican,Arizona,Kari Lake,DAkFBK1oFeg,0,F,42,0.5559355212307693,0.3410275385128205,0.4450721286615384,0.0876745040564102,0.0592446641743589,0.5084208073846154,0.1743589743589743,0.6388385693589743,0.5692307692307692,0.5025641025641026,0.5641025641025641,-0.2606102674435346,0.1431231637742143,0.5130689520866443,0.1412213273682688,0.3487179487179487,0.0153846153846153,0.0256410256410256,0.0,0.4102564102564102,0.0461538461538461,0.1538461538461538,-0.1584818366125728,-0.5212900834332751,-0.2719501309208268,0.7563167562269985,0.3932523215693022,0.9522088766259418,1.0817130024658446,1.6208204687786112,-0.8688796918551517,-0.5813650676069969,-0.782155808662547,-0.8775224371001586,-0.2327597069908959,-0.3628455012861875,0.2734698481953905,4,Economy,1317,28,-0.5820972417238014,-0.4317535902757919,1317.0,0.0016095541767136,-0.5819881519376624,3.421983063628109e-05,-0.4316915540424912,0.0016437740073499,2.22218449375183,1,2
2024/10/1,Republican,Arizona,Kari Lake,DAkFH3XNAPd,0,F,42,0.5684078535496183,0.3868392597519084,0.4208682061145039,0.1046606001832061,0.0781129158931297,0.4913287796564886,0.183206106870229,0.6358635868717557,0.5114503816793893,0.5152671755725191,0.4045801526717557,-0.2060755509598792,0.1871756759356836,0.5040967046987009,0.1689871954915889,0.183206106870229,0.0038167938931297,0.0610687022900763,0.0610687022900763,0.2595419847328244,0.099236641221374,0.3320610687022901,-0.1820769967138075,-0.3411276013549785,-0.0471324393498405,0.8299294180708449,0.0286666418133456,0.9756193845442928,1.0408337265002223,0.4829808332548389,0.0465697810393228,0.1460038991243523,-0.7900424675376565,-0.6358827723646027,0.5011861760852769,-0.6108983510529696,-1.306844864426182,15,Immigration,1069,22,-0.6214018690147765,-0.461883662084998,1069.0,0.0013064642482208,-0.6215320940172554,2.6887009785649425e-05,-0.4620158857487353,0.0013333512580065,2.374373264327114,1,2
2024/10/1,Democratic,Texas,Colin Allred,DAkGGdkIvKF,0,M,43,0.5645028633928572,0.3856707391071428,0.2522482901785715,0.2083876923928571,0.21002603125,0.4188554533214286,0.5714285714285714,0.7106710325178571,0.5714285714285714,0.3928571428571428,0.5178571428571429,-0.2066796676787947,0.1827900256260392,0.2835887830172266,0.0720564511004979,0.1428571428571428,0.1785714285714285,0.0,0.0535714285714285,0.0,0.2142857142857142,0.4107142857142857,-1.160234595225092,-0.7861761168282737,-0.4461884721214544,1.301629734777212,-0.9500768559601942,-0.1151561243034359,-0.4512623799852783,2.2255728054492576,-0.8688796918551517,-0.4668431451854651,-1.6575749437997211,-0.1364955441325858,1.6736040570195008,0.2175944342599782,1.149700574436593,-1,,459,24,-0.5440943417565997,-0.4326746415893764,459.0,0.0086783891094724,-0.5367105119075932,0.0004537719795802,-0.4074939520290388,0.0091321610890527,1.2233277217346878,3,2
2024/10/1,Republican,Arizona,Kari Lake,DAkHrGnJT3v,0,F,42,0.5164826916835016,0.3221987818181818,0.3151760313030303,0.0784327471262626,0.0490170701952861,0.465551696631313,0.1313131313131313,0.447664102761111,0.5774410774410774,0.4831649831649832,0.5303030303030303,-0.2464906953413177,0.2199583036862747,0.3380394342923004,0.1420461864078412,0.4259259259259259,0.0067340067340067,0.0,0.0471380471380471,0.1447811447811448,0.042087542087542,0.3333333333333333,0.0544239460909402,-0.2964257814977671,-0.4539454527145197,-0.3568536045509161,1.0210009511824978,1.8782980458990168,2.98054494775376,0.742647923377752,-0.523250809231728,-0.3125891272299332,-0.216408748539883,-1.0391388418771357,-0.4087625757271208,-0.3973192883971542,-0.7592408913796068,15,Immigration,2620,35,-0.3755894620458154,-0.3966018398317182,2620.0,0.0032019984381091,-0.3742230046404454,4.277478829535136e-05,-0.3963131670518731,0.0032447732264045,1.6925088810727358,1,2
2024/10/1,Democratic,Pennsylvania,Bob Casey,DAllv4PMhTV,0,M,48,0.4234518586486486,0.2807647774729729,0.4735383991891891,0.4438530768918919,0.4611173542432433,0.3269595881486486,0.7297297297297297,0.5552682720824325,0.4133333333333333,0.48,0.3333333333333333,0.0152087190747261,0.2967040573567439,0.1487262912591298,0.1276370146204336,0.24,0.04,0.0,0.6,0.0533333333333333,0.0266666666666666,0.0266666666666666,0.3992593859455375,2.189000286408085,1.4474093979953149,0.0145501111899174,-0.3625431432426575,-0.7143574132039542,-0.9573217773456048,-0.2233418765631939,0.0383961250313361,0.0730459176588976,0.1766365774400731,0.4536558829880367,1.3913532476420114,2.745988246959464,1.2052256031912465,-1,,321,10,-0.1376180091269268,0.0075311817472463,321.0,0.0153632621805302,-0.1352696284641913,0.0004786062984588,0.0124792447494038,0.0158418684789891,0.2413981327430121,2,1
2024/10/1,Republican,Michigan,Mike Rogers,DAloj-WPbwa,0,M,42,0.3490976481818182,0.2552676098636363,0.4138581377727272,0.17315243575,0.1619145976590909,0.4279641843181818,0.2954545454545454,0.34200039625,0.5909090909090909,0.5,0.5681818181818182,-0.1488364605571736,0.2437648431947655,0.379056548869068,0.1825277782189373,0.1590909090909091,0.0909090909090909,0.0454545454545454,0.0909090909090909,0.2954545454545454,0.3181818181818182,0.0,-0.3413109686208021,-0.4650995974935751,-0.4864712571396832,0.194446093685076,-0.1900032687421976,0.3785328179037347,-0.2698692473034861,0.6904322585160791,-0.8688796918551517,0.3729842859057659,-0.5876182230765081,0.9710407935120722,0.7331803811238946,-0.8589586107389362,-0.3090604650935662,4,Economy,38,1,-0.2971481816396413,-0.5620324756045979,38.0,0.057057057057057,-0.4634808591923031,0.0015015015015015,-0.2656392650594198,0.0585585585585585,2.2602286638446403,4,1
2024/10/1,Republican,Arizona,Kari Lake,DAlxK0VM5tn,0,F,42,0.6112547051785714,0.3572188052857142,0.3144134849964285,0.0693089903178571,0.037279397775,0.4344697068214285,0.075,0.4524055426078571,0.5178571428571429,0.4821428571428571,0.4607142857142857,-0.0484703162086329,0.1910359793989182,0.3885394565228905,0.1673448748614248,0.1321428571428571,0.0,0.0,0.1035714285714285,0.2214285714285714,0.1,0.4428571428571428,-0.3962850802803568,0.3108101925901851,-0.4545427355866578,0.2273050192645896,1.172769886603748,2.4134538318134267,3.286840822410156,0.8409362337056064,0.1273447345300117,0.1259762179377565,-1.2799431600150577,-1.1967542829074316,0.8019334657199774,0.366609384508239,0.0737585369363831,15,Immigration,1526,18,-0.5489735840471329,-0.4819703766244687,1526.0,0.0018649807696773,-0.548662813652844,2.1998462551894985e-05,-0.4822321068862313,0.0018869792322292,2.259649655574232,1,2
2024/10/1,Republican,Texas,Ted Cruz,DAmGqIJynBz,1,M,48,0.4867752004267161,0.2624661570148423,0.424296493497217,0.1730598439777365,0.1167336812597402,0.4615623399369202,0.2912801484230056,0.3026697828634508,0.4990723562152133,0.4916512059369202,0.5640074211502782,-0.5056813360228167,0.1578144275036833,0.1944845406431877,0.1469849089804902,0.1836734693877551,0.3469387755102041,0.0,0.0,0.1595547309833024,0.0259740259740259,0.2838589981447124,-0.3487483111999785,0.4182462271516342,-0.2006073724553817,-0.6384488019270288,-0.96232048809145,-0.8931176339130952,-0.3968703505193442,-0.0235866005226089,-0.1796313968561142,0.3973978740188831,-0.2392602209805779,0.1346099118517838,-1.362392303925781,1.3062826939358747,0.2660350656901155,15,Immigration,2009,68,-0.7703279446192512,-0.8860415774096344,2009.0,0.0016178558457423,-0.7704086603891271,5.476067571452615e-05,-0.8860875482751848,0.0016726165214569,-9.892656940797886,4,4
2024/10/2,Republican,Arizona,Kari Lake,DAmio6TtGXA,0,F,42,0.4964972749999999,0.2946958232142857,0.3296118621428571,0.0826728863928571,0.0548455935357142,0.3917462147857142,0.3928571428571428,0.5114542156785714,0.5357142857142857,0.5357142857142857,0.4285714285714285,0.0692267025421772,0.1027057812738746,-0.0143295829849583,0.1194683184309314,0.3214285714285714,0.0,0.0,0.1428571428571428,0.0714285714285714,0.0,0.4642857142857143,-0.3240797263675845,-0.6204299244852455,0.4365762538286318,-1.4959330687068182,-2.0532662706285736,-0.2914249980203831,0.0469713496855999,-1.868135319705885,-0.8688796918551517,0.3729842859057659,2.622251939093132,-0.5279475488226744,1.5324741547939031,2.197607962002833,0.7653316505313198,-1,,1809,16,-0.5041219327433186,-0.492013733894204,1809.0,0.0022101107987553,-0.5036339275144737,1.954769086792969e-05,-0.4923670897249886,0.0022296584896232,2.419435121522899,4,1
2024/10/2,Republican,Texas,Ted Cruz,DAm3hHwAgld,1,M,48,0.5596119989328063,0.2599208035889327,0.3428676764387351,0.2401558382450592,0.206937486055336,0.3391942380513834,0.2015810276679842,0.4429583473604743,0.6007905138339921,0.5454545454545454,0.6482213438735178,-0.5625269914215262,0.1591452315217826,0.2260441222916478,0.133361632146139,0.3636363636363636,0.4031620553359684,0.0039525691699604,0.0118577075098814,0.0553359683794466,0.0158102766798418,0.1462450592885375,0.164688068088661,-0.6133394515170111,-0.4339393217515219,-0.8319622823244537,0.5704772465839483,-0.1522233614255857,-0.43473486171946,-1.015279460298564,1.483316870443151,0.0230561896177531,0.1256862574056346,1.3922497919091563,0.2719256289692616,1.0631168034802652,1.106868629492996,-1,,5001,157,0.0218607045568682,-0.4049468535482228,5001.0,0.0040278186072172,0.0220010468660982,0.0001264482146236,-0.4048879434294414,0.0041542668218409,2.484560300421786,4,4
2024/10/2,Republican,Texas,Ted Cruz,DAm6I3sgEQO,1,M,48,0.5310259013178295,0.1927177733824289,0.4056426184082687,0.226481878875969,0.1671688641524548,0.2969092303824289,0.3074935400516795,0.3640260441989664,0.5607235142118863,0.5038759689922481,0.599483204134367,-0.4533406309398415,0.1956204442452939,0.1333120409832444,0.1464258307489167,0.3229974160206718,0.3617571059431524,0.0,0.020671834625323,0.0335917312661498,0.0077519379844961,0.2532299741602067,-0.3693587810690598,-0.4324854535375965,-0.0757437237777212,-0.6557838704496834,0.7540429885042316,-0.1237252943164623,-0.3211572698042363,0.1342219154243479,-0.5007097951475914,0.190413105233759,0.0171399234192215,0.6759082957895444,0.4654117473099553,-0.2154567039800756,1.5976130920831064,15,Immigration,4604,87,-0.0832525620617545,-0.7833359622032657,4604.0,0.0037080737587738,-0.0831329103060509,7.007002975962758e-05,-0.7833241499350572,0.0037781437885334,5.620384474507747,4,4
2024/10/2,Republican,Ohio,Bernie Moreno,DAoE5HxOmH2,1,M,43,0.4983289309278351,0.2292219008522336,0.5473261414089348,0.195379350041237,0.1853816882371134,0.4663402860481099,0.5360824742268041,0.7391449148752578,0.5154639175257731,0.4261168384879725,0.5601374570446735,-0.0882654053011283,0.1447631201033425,0.2732591915504519,0.1662141141300004,0.5395189003436426,0.0274914089347079,0.0378006872852233,0.0103092783505154,0.0584192439862542,0.0962199312714776,0.2302405498281786,0.7099228146655046,0.1490991671065741,1.088669291502845,-1.7483070939442562,0.8440750007566006,-0.8038413881857905,-0.5749300718427075,0.0171250010892463,0.0224790054368363,0.2624806765516566,-0.3060506649914522,1.489091839727819,1.316282066608126,0.5967273726640844,2.2362519295242955,-1,,788,64,2.095390693290941,0.9107372406304796,788.0,0.1482317531978931,2.3559622348234543,0.0120391271632806,1.029384738352071,0.1602708803611738,-3.965193838969408,2,1
2024/10/3,Democratic,Ohio,Sherrod Brown,DArdBJZyzmB,0,M,47,0.55465064425,0.34931528375,0.36137727125,0.212858960025,0.196644386475,0.4185907784999999,0.225,0.461140492025,0.425,0.5,0.45,0.1600466932170093,0.1808276292400839,0.3573642097413539,0.2321286683901831,0.0,0.025,0.0,0.275,0.0,0.65,0.05,-0.4616761884825863,-0.4205723882295265,-0.0750996990752184,-0.7854713025896899,0.2956890234882446,-1.0968526108900207,-0.8841066449457995,-1.868135319705885,-0.8688796918551517,-0.6768000029582735,3.692208659816346,-1.0307450627565484,-0.3514600675730805,-0.4166238612304773,-0.6506469116933521,4,Economy,241,12,-0.5962129745042527,-0.0790391222710199,241.0,0.0078796795814941,-0.5957449557370963,0.0003923491907797,-0.0779684039630601,0.0082720287722739,2.808801568596755,4,1
2024/10/3,Republican,Pennsylvania,Dave McCormick,DArd-VkuI5T,1,M,44,0.4563162246428571,0.2827112587380953,0.4947414498809523,0.3514596766666666,0.3147985900357143,0.4010034579761906,0.5238095238095238,0.5533912516511905,0.4069767441860465,0.3372093023255814,0.3023255813953488,0.0095773720886649,0.2974317936314651,0.2110702435417873,0.1654941624584529,0.2906976744186046,0.0813953488372093,0.0,0.3255813953488372,0.0232558139534883,0.1744186046511628,0.0813953488372093,1.1690971640142032,1.605062612346584,1.106722351975684,-0.8354717084002936,1.0483241643019672,-0.0276133060747902,-0.4146218412447549,-1.868135319705885,3.365074120281793,-1.726584291822312,1.552295218369919,1.8020920707363928,-0.2783654390650329,1.002690644910348,0.9586461709905229,-1,,118,0,-0.6387228839140877,-0.6387388114561252,118.0,0.121524201853759,-0.2943503452021571,0.0,-0.6271220433633878,0.121524201853759,2.4003069485550976,2,1
2024/10/4,Democratic,Pennsylvania,Bob Casey,DArswdLtT3E,0,M,49,0.4116443162857143,0.2025119642857142,0.4231131716428571,0.0907039702857143,0.0406544692571428,0.3728921620571429,0.2428571428571428,0.4006350414285715,0.5571428571428572,0.5571428571428572,0.5571428571428572,-0.1884717058922563,0.2022662422092089,0.2717954897454807,0.2131203810652355,0.3285714285714285,0.0,0.0142857142857142,0.0,0.0142857142857142,0.2285714285714285,0.4142857142857143,-1.338917390349044,-0.5347226187210576,-0.2067864480969366,-0.5934923167350743,-0.4676861917578663,-0.8633385642897485,-0.5266864361431007,-0.771606357610758,-0.8688796918551517,-0.3768616347114053,2.010848098679868,-2.0254664192809586,-0.2900063003045106,0.6457765010015935,-0.4763109996604091,0,Abortion,166,10,-0.2601397302834036,0.0075311817472463,166.0,0.007931199235547,-0.260508509768955,0.0004777830864787,0.0113643118335032,0.0084089823220258,0.637180544471436,4,4
2024/10/4,Republican,Pennsylvania,Dave McCormick,DArxp0NNw2P,1,M,44,0.6999061635443039,0.5933547160759494,0.3118597418987341,0.1619510197088607,0.1705745486582278,0.4418050126582278,0.3164556962025316,0.6985417498734177,0.6835443037974683,0.4177215189873418,0.4050632911392405,0.0887969407618422,0.0900713410365261,0.6728150791759733,0.125465974544315,0.0,0.0,0.0,0.0,0.0,0.9746835443037974,0.0253164556962025,-0.6465979094329003,-0.2475111779750497,-1.3168741025849096,0.3301850991421406,1.146154461815544,-0.0504120996856503,0.3304837441547574,1.33007415307157,-0.8688796918551517,0.6354303581217758,-1.6575749437997211,1.0935280343718206,-0.0007043870092928,0.7913637366699071,2.321047373037901,-1,,247,11,0.7260394619049932,0.368831971433556,247.0,0.2450396825396825,1.1288372021000463,0.0109126984126984,0.5861533267332588,0.2559523809523809,-2.2214183827726246,1,2
2024/10/4,Republican,Pennsylvania,Dave McCormick,DAryxYyNs-5,1,M,44,0.7077161546843853,0.5958748270099667,0.2662343095182723,0.1695753247973422,0.1687006099568106,0.5211814026245847,0.2956810631229236,0.5992578713199335,0.5348837209302325,0.3654485049833887,0.4385382059800664,0.0719731812523151,0.1091520871553992,0.5652784610606507,0.1613620251204911,0.0066445182724252,0.0099667774086378,0.0166112956810631,0.0232558139534883,0.0,0.9335548172757476,0.0099667774086378,-0.4146406842575918,-0.134122613922488,-0.9575147441623656,-0.8394119069612005,0.8621471487698454,-0.1631864209236523,-0.1532372363206644,-0.5523005651917321,0.098881179490435,0.6129349805032605,-0.0067845746839063,1.0062262441230232,0.3191958082597048,-0.2292000079454202,-0.2489726662646517,15,Immigration,308,8,1.3713921990752562,0.0940399397363702,308.0,0.3055555555555556,1.8261217563278085,0.0079365079365079,0.2552600439796279,0.3134920634920635,-2.973260414636607,1,2
2024/10/4,Republican,Pennsylvania,Dave McCormick,DAr0QHhtidm,1,M,44,0.6358107045,0.4993075264999999,0.325259586,0.22886611975,0.2418366503499999,0.477914221,0.35,0.7093056413150001,0.5,0.2,0.4,0.128029397688806,0.1185973792098407,0.4331285491585731,0.2028267996177284,0.0,0.0,0.1,0.1,0.0,0.8,0.0,0.0526217467701186,-0.099089793594586,0.6818814761922037,1.3523462177574177,0.5465550196756427,-0.9015935062077826,-0.68124300142916,3.248999836738044,-0.8688796918551517,-1.726584291822312,-1.6575749437997211,1.4342380047047667,-0.8100849153959033,-1.903045097645428,-3.0036525922773736,-1,,245,13,0.7048803557682632,0.5520266592316799,245.0,0.2430555555555555,1.1059754134368411,0.0128968253968253,0.8067488485690127,0.2559523809523809,-2.5501773665268144,1,2
2024/10/4,Republican,Arizona,Kari Lake,DAsQTXRKSbJ,0,F,42,0.4673450531563421,0.321539678300885,0.3670619178761062,0.2492365456430678,0.2609856189439528,0.489497396578171,0.4100294985250737,0.7560035503156342,0.6135693215339233,0.5368731563421829,0.5958702064896755,-0.0630053367498701,0.3160906242254316,0.2925056507014243,0.1454617157442427,0.1740412979351032,0.0058997050147492,0.0,0.2890855457227139,0.3274336283185841,0.0147492625368731,0.1887905604719764,0.4027880900215182,-0.8681875434313734,0.3237606597390666,-0.9551865843715324,-0.0328317090882665,0.7384905337586151,1.1540763188282288,0.4578352059504457,-0.8688796918551517,-0.5813650676069969,0.6768760832327442,-0.3950981397786675,-1.487243884085726,-0.8345073828567714,-0.7300032981191185,15,Immigration,7051,125,0.3266637779796302,0.0553492373063723,7051.0,0.0086105201970491,0.3314232444292922,0.0001526471457426,0.0580557423277527,0.0087631673427917,-1.0883534160528463,1,2
2024/10/4,Democratic,Ohio,Sherrod Brown,DAtIDq6M172,0,M,47,0.6376384233333333,0.3732334541666667,0.4742412716666667,0.0687390833333333,0.02889417075,0.4677657775,0.0,0.1898975237416666,0.3846153846153846,0.3846153846153846,0.4615384615384615,0.0643091545655177,0.0927117161428627,0.2300644161609503,0.1636431125109053,0.0,0.0,0.0,0.0,0.0769230769230769,0.8461538461538461,0.0,-0.3772642960456456,-0.2263462851002929,0.4674590355586689,0.3278699375209925,-0.4587817493499059,-0.9770574602970074,-1.187369443403925,-0.5888515305949029,1.2480972142133206,-0.1519078585262535,-0.052639862714901,-0.1801269831577564,-1.0117298717954024,-0.9497600766604762,-0.8048818583753685,8,"Environmental, Social, and Corporate Governance (ESG)",-1,11,,-0.1324439346163037,,,,0.0003593949096611,-0.1320729163000804,,,4,4
2024/10/4,Democratic,Pennsylvania,Bob Casey,DAtRIXQpi2w,0,M,49,0.5504474230973451,0.4706761368141594,0.3778264765132743,0.1846210773274336,0.1716348657522123,0.4977765290176991,0.3097345132743362,0.4683920631699115,0.5221238938053098,0.584070796460177,0.6283185840707964,-0.0543379920444129,0.1923972005700206,0.298284602376212,0.1253559779986656,0.0353982300884955,0.0,0.0,0.1150442477876106,0.0088495575221238,0.4513274336283185,0.3893805309734513,-1.8135389897908467,-0.6715070823373511,1.168588457422016,-1.3959724253156789,-0.035843810093671,-0.7137029685463716,-0.7425022361924131,-1.015279460298564,-0.1632207231656611,0.3729842859057659,1.0173168580083125,-2.648758668424865,1.5535506692778098,0.9484182618721512,-0.4805871776633692,10,Foreign Policy,3,19,-0.3889851531769888,0.5836665854115917,3.0,0.0001433349259436,-0.391743056772678,0.0009077878643096,0.5937495204541692,0.0010511227902532,-0.4910650162417906,3,4
2024/10/4,Republican,Pennsylvania,Dave McCormick,DAuBtQ1O-a7,1,M,44,0.5443634639999999,0.2158705535,0.5500793486666667,0.2014633906666666,0.1794351647666666,0.5479520263333334,0.3,0.49254028584,0.5,0.4333333333333333,0.5,-0.2131178703159094,0.2910001485919198,0.3031376764178276,0.145305758092486,0.4666666666666667,0.1666666666666666,0.0,0.1,0.0666666666666666,0.1666666666666666,0.0333333333333333,-0.2120003839676014,-1.4492552679863024,-0.3959963643321989,-2.2116313031661847,-2.220448852678408,-0.2787861516915882,-0.4909861302250445,-1.868135319705885,3.365074120281793,1.4227685747698051,-1.6575749437997211,-0.1498600655145705,1.9889096120677887,-1.972127596865577,-1.5835114634884546,0,Abortion,224,6,0.4827097413325989,-0.0891547480617536,224.0,0.2222222222222222,0.8659266324731852,0.0059523809523809,0.0346645221438739,0.2281746031746031,-0.7984958508032258,4,4
2024/10/5,Republican,Michigan,Mike Rogers,DAuVJ41vu4v,0,M,43,0.5040589133901099,0.3703464500741757,0.3327414150818681,0.1771370964780219,0.1675088718175824,0.4516462544461538,0.2318681318681318,0.5425559115934615,0.4415798134942402,0.444322545255074,0.4613274821722435,-0.1725287231022247,0.1448412177229019,0.4063207720943438,0.168892986381333,0.2709818979703784,0.0449808008776741,0.002194185408667,0.1393307734503565,0.0740537575425123,0.4470652770159078,0.0197476686780032,-1.3508634437544704,-0.4137379872730714,0.2515075232663573,-0.3334656164495806,0.1838220215269473,-0.873413324945189,-0.6098308805369,-0.0544671629915815,-0.1185587631220226,0.2666770161473821,-0.1135867645282489,-0.3961543856942309,-0.1335983250224325,-0.0771052124697056,0.0534070409097697,-1,,82,3,-0.1030362055108093,-0.3697019706448495,82.0,0.1109607577807848,-0.293297187659259,0.0040595399188092,-0.2279763627868272,0.115020297699594,2.057913851951858,4,4
2024/10/5,Democratic,Texas,Colin Allred,DAuZRaOoaw6,0,M,43,0.3780879243824701,0.3040956817768924,0.2901701602908366,0.5951219945179284,0.6310794583665338,0.3498665752071713,0.7370517928286853,0.8050323015139442,0.5697211155378487,0.4940239043824701,0.5577689243027888,-0.1122414348758311,0.2674820498224152,0.2813019428951331,0.0812685000401009,0.4940239043824701,0.0597609561752988,0.0,0.3665338645418327,0.0,0.0039840637450199,0.0756972111553784,-0.3158764002825552,5.602430857389516,0.446523902392505,0.6623945137463754,-0.0868134235637834,-1.1542949374346028,-0.9556597297363044,-0.3329947727727065,0.8247018329996264,-0.4668431451854651,0.2683471535020629,-1.684415845207342,0.6830004576767561,1.0472750603887342,0.041037466723123,-1,,769,50,-0.3400731474962521,0.0028883487422521,769.0,0.0143577296489917,-0.2833100806271313,0.0009335324869305,0.1302496655615542,0.0152912621359223,0.4626228471488176,2,1
2024/10/5,Republican,Texas,Ted Cruz,DAuZVZTAYc8,1,M,48,0.5733106228451883,0.3080760541380753,0.4625813469874477,0.2365098014937238,0.1864840526987447,0.406861434711297,0.1966527196652719,0.4183210600841004,0.5857740585774058,0.5732217573221757,0.5732217573221757,-0.5477401173884878,0.1695591809634998,0.254760953746423,0.099527004340551,0.0167364016736401,0.4937238493723849,0.0,0.00418410041841,0.100418410041841,0.0836820083682008,0.301255230125523,-0.2488198354342026,-0.1977051196729144,0.9277886264305528,-0.5852531924483697,-0.8403354650042554,-1.2179016213765248,-1.286553658895756,0.225238153384813,0.2858349841821964,0.5638541566083183,-1.073962187041605,0.1294076963789452,-1.2566285977547884,-0.017141382027518,0.0257290113934588,15,Immigration,3594,128,-0.3506691849454045,-0.561708055705312,3594.0,0.0028950601123708,-0.3504565037820117,0.000103107316189,-0.5615627473688495,0.0029981674285599,1.640338228967358,4,4
2024/10/5,Democratic,Michigan,Elissa Slotkin,DAvXgsgg2ix,1,F,47,0.5205201077777777,0.4283817928055555,0.2546913679427083,0.2077431021736111,0.1836154279305555,0.379156717703125,0.5104166666666666,0.6461219254210069,0.484375,0.4114583333333333,0.4149305555555556,0.0342909495650221,0.1845959057673997,0.3967320144228223,0.1726490444278886,0.1961805555555555,0.1302083333333333,0.0069444444444444,0.0434027777777777,0.0607638888888888,0.3611111111111111,0.2013888888888889,3.391487624280694,0.1635847238776137,0.8072701522124098,-0.3858816947919035,-0.9448125484246708,4.923810011658023,2.8028781302483754,-0.1624236008912423,-0.6807039668712876,0.9328692399665868,-0.2309659828354367,2.0995402431253885,-1.5360096558960925,-0.1866304639191574,-0.1705293752705643,-1,,559,19,-0.0680766499205033,-0.0177188280338496,559.0,0.0269021608354588,-0.0679092442448329,0.0009143847153376,-0.017067439881287,0.0278165455507964,0.2469466449390395,1,2
2024/10/5,Democratic,Texas,Colin Allred,DAvy8fJpsmT,0,M,43,0.5719137939622642,0.5522171253773586,0.3087689853867925,0.2975108151132075,0.3085538013584906,0.5728267371981132,0.6037735849056604,0.766641196518868,0.6226415094339622,0.5188679245283019,0.5754716981132075,0.0339624301161406,0.2299252765684342,0.4157583828804628,0.1977658069061753,0.0377358490566037,0.3679245283018867,0.0,0.2358490566037736,0.0,0.2169811320754717,0.1415094339622641,-0.8203163053127042,0.292223674004985,-0.3736450840754287,0.2518178868070971,-0.3175092319885996,-0.1791074045167232,-0.5699152187015069,-1.3564218040614924,0.8247018329996264,-0.4668431451854651,1.552295218369919,-0.5411374148794312,0.7550967396831698,0.1694607301226305,0.7634434669017008,-1,,610,24,-0.444716276165269,-0.4326746415893764,610.0,0.0113890963405526,-0.4157643603868184,0.0004480955937266,-0.4138563770660914,0.0118371919342793,1.20379413880488,3,3
2024/10/5,Republican,Pennsylvania,Dave McCormick,DAv5H4OPwWp,1,M,44,0.5820102472315035,0.3125226098591885,0.4985945770883055,0.1750960505799522,0.1321434538484487,0.4040366979451074,0.4367541766109785,0.383471283197136,0.5107398568019093,0.4868735083532219,0.4630071599045346,0.1118199023727087,0.1802953999105605,0.322285754726155,0.2442640315808985,0.0381861575178997,0.0214797136038186,0.0,0.350835322195704,0.0906921241050119,0.4940334128878281,0.0047732696897374,0.0630771359865965,0.8328629364368274,0.4493462877308245,0.7031040224557886,-0.1810949028267022,-0.2927439431233731,-0.2766804628452777,-0.5655918253383397,0.3628159625846863,0.3348103117652551,0.0932633264746279,0.5079546558781994,1.3988456924167298,0.8574735894432457,1.126027279972859,15,Immigration,3,5,-1.8553714867760591,-0.1807520919608155,3.0,0.0029382957884427,-1.660737650343746,0.0048971596474045,-0.0826551334455621,0.0078354554358472,4.250342917029604,2,1
2024/10/5,Republican,Arizona,Kari Lake,DAweL6-tZIu,0,F,42,0.5399943961594204,0.3523940318405797,0.3676671667826087,0.1338840724565217,0.0882074451449275,0.4884187653623187,0.1304347826086956,0.6218174577391303,0.4855072463768116,0.4855072463768116,0.5362318840579711,-0.032016423922302,0.1371743908119782,0.2047474436137987,0.1415615575508912,0.2681159420289855,0.0,0.0,0.0,0.3985507246376811,0.1014492753623188,0.2318840579710145,0.1811520216029727,-0.3770385206142015,-1.025311584366011,-1.114423750051574,0.2383931111739793,0.5753981686089638,0.7716974431590595,-0.2936321946462146,1.0852528368234378,-0.273036814933643,-0.1760964074137338,-1.2251111985370513,-1.201968935689678,-1.138675671826617,-0.5932127599200723,3,Criminal Justice,9703,207,0.7469697117524766,0.4671268853655215,9703.0,0.0118458416859356,0.7535334946827581,0.0002527145448818,0.4718769806058314,0.0120985562308175,-3.8623818082573353,1,2
2024/10/5,Republican,Pennsylvania,Dave McCormick,DAwjHSfOJXk,1,M,44,0.384162401,0.2115916951733333,0.6924053931333333,0.1702343366866666,0.1412447172066666,0.5139901233333334,0.2,0.3525274140466666,0.0705128205128205,0.0769230769230769,0.1217948717948717,-0.1565457626215873,0.1009404328793021,0.1474840579494353,0.0901045596478015,0.9102564102564102,0.0064102564102564,0.0,0.0192307692307692,0.0192307692307692,0.0,0.0064102564102564,0.0897677090493407,-0.2934910180426068,0.1956687735940731,-0.0559064385054793,1.6589698243257989,1.1723078962887494,0.2426240557587789,-0.0771380149505102,-0.4454843106414571,0.4779627147921698,-0.052639862714901,0.7311482331007296,0.9958217681729208,0.7331445378914383,1.6166832856119695,10,Foreign Policy,201,1,0.2393800207602046,-0.5471414675570633,201.0,0.1968658178256611,0.5737614821524186,0.0009794319294809,-0.5182286613798227,0.197845249755142,0.6424421872955748,0,0
2024/10/5,Democratic,Pennsylvania,Bob Casey,DAwmlQGtwe3,0,M,49,0.4028377979787234,0.2028831698510637,0.542822799787234,0.1156484846276595,0.0518838520457446,0.4840713415957447,0.1276595744680851,0.4878022887989361,0.4468085106382978,0.425531914893617,0.3936170212765957,-0.1778968998807527,0.2532927373959161,0.1766192558265867,0.232814184227115,0.7340425531914894,0.0,0.0,0.0,0.0,0.0957446808510638,0.1702127659574468,-1.1130783743631745,-0.2122977147135389,-0.5108028512756135,-1.3528819435508088,-0.7792828053078016,-0.745570779247511,-0.2652554198916633,-0.0073588991808203,-0.0990699078302527,0.5638541566083183,-0.4903494302834885,-1.495875797134324,-0.3638815035770276,-0.4130725956871188,-0.3990770541949063,0,Abortion,1110,9,0.4860570746953965,-0.0564838631043476,1110.0,0.0529984721161191,0.4989273132052404,0.000429717341482,-0.0537344507165637,0.0534281894576012,-1.259548428322958,4,4
2024/10/5,Democratic,Texas,Colin Allred,DAwobKhS9Jb,0,M,43,0.4520741477777778,0.3476988655555555,0.36877904,0.2694148066666667,0.3991168255555555,0.4323070022222222,0.6666666666666666,0.71183965,0.6666666666666666,0.5555555555555556,0.3333333333333333,-0.0840669746200243,0.2452313963687284,0.287136842807134,0.1810034129005941,0.4444444444444444,0.3333333333333333,0.2222222222222222,0.0,0.0,0.0,0.0,-0.620636083852458,0.0321005388320274,0.0861698394174571,0.6935558917168192,-1.1181371660473438,-1.177172816619612,-1.083511796520533,-0.7309941738294565,1.0128775579834903,0.3729842859057659,-0.2309659828354367,-1.3302595333986005,-0.0658250880990488,-0.2225404055646276,0.6973559246887997,-1,,1977,65,0.4549513772343923,0.2541746893181917,1977.0,0.0369118745332337,0.7230092272326295,0.0012135922330097,0.4441569978467343,0.0381254667662434,-0.97293211647818,3,3
2024/10/5,Republican,Pennsylvania,Dave McCormick,DAwqgMXOdhv,1,M,44,0.3754176310191082,0.2001908122229299,0.6815032293630573,0.1394458334203821,0.1154719479808917,0.4507037079490446,0.0955414012738853,0.3156331182203821,0.0691823899371069,0.0628930817610062,0.0566037735849056,-0.1139026551354157,0.1039461505332366,0.1227827322068093,0.0948442917103119,0.9685534591194968,0.0,0.0062893081761006,0.0062893081761006,0.0,0.0062893081761006,0.0,0.5770820985122106,-0.8645664763466887,0.7116999742779163,-0.5804229044304525,2.0556286530578176,1.0799279658003906,0.4136274021737419,-0.3630955678106122,-0.37076747866257,1.2375125237937978,-0.5246795924457306,1.347691900748286,-0.0630706643414943,0.1367383531800919,-0.0073044606687982,-1,,172,4,-0.0674270182223794,-0.2723494358598775,172.0,0.168462291870715,0.2464863566858086,0.0039177277179236,-0.1915485154291273,0.1723800195886385,0.7092724921332404,0,0
2024/10/6,Democratic,Texas,Colin Allred,DAw3jhUPC0Y,0,M,43,0.396369458172043,0.3204692584946236,0.35112952172043,0.4972301493333333,0.5189565698494623,0.4808527693548386,0.3440860215053763,0.4442347807989248,0.5376344086021505,0.5376344086021505,0.4408602150537634,-0.1579829542947712,0.186080610856899,0.2767500883789472,0.0786594664513552,0.4838709677419355,0.064516129032258,0.0,0.3010752688172043,0.0,0.010752688172043,0.1397849462365591,-1.0797854806485965,-0.4624268878407713,1.9609253477967137,1.8147424466010067,-1.0163778881243528,-0.9696442110864162,-1.780410851498543,0.6904322585160791,-0.8688796918551517,-1.726584291822312,1.552295218369919,0.0181719236115683,1.3869906361827988,-0.959330816952514,-3.3366035202610456,-1,,2215,102,0.6115870037955623,0.8740143294055093,2215.0,0.0412399925525972,0.91612090368658,0.001899087693167,1.212500375301469,0.0431390802457642,-2.082794793232009,3,1
2024/10/6,Republican,Pennsylvania,Dave McCormick,DAySF1JulAj,1,M,44,0.6151151335714287,0.5112370302857142,0.3123561673214285,0.1448265247261904,0.1719117882619047,0.4739932296428572,0.3809523809523809,0.7215092175083333,0.5238095238095238,0.3928571428571428,0.4523809523809524,0.0577257785147854,0.1520713636068282,0.6100849058656466,0.1749251110204524,0.0595238095238095,0.0119047619047619,0.0238095238095238,0.0119047619047619,0.0119047619047619,0.8452380952380952,0.0357142857142857,0.2959849529767345,0.1843134410159838,-0.987572115721198,0.699978728512847,1.033202073445532,-0.0361263832673508,0.3360292846786203,-0.1624236008912423,-0.1632207231656611,0.3729842859057659,-0.052639862714901,1.8996185860080887,0.0305957125571021,-0.5182822926418609,0.4984225874963249,3,Criminal Justice,174,10,-0.0462679120856494,0.2772346275344941,174.0,0.1655566127497621,0.2130061296047072,0.0095147478591817,0.4307289842790478,0.1750713606089438,-0.5165258619815589,1,2
2024/10/6,Republican,Pennsylvania,Dave McCormick,DAypShqO-Hp,1,M,44,0.5256997090804598,0.3265602985632184,0.4128967586781609,0.2426597157126436,0.232473098183908,0.56351762,0.4942528735632184,0.8417063791954021,0.5287356321839081,0.5402298850574713,0.6206896551724138,-0.41046579254941,0.1649921025668568,0.4079070235120839,0.0710311699907337,0.425287356321839,0.1494252873563218,0.0,0.0114942528735632,0.0,0.2873563218390804,0.1264367816091954,-0.3292622769569161,-0.6218733260528332,-1.4914476369122704,0.1002841345792153,0.925841931261064,-0.081112414519837,-0.5764956069569867,-0.4060967035790484,-0.8688796918551517,2.7724912318807124,-1.6575749437997211,0.8302075294004002,-0.5705578573025181,-0.5302959989133491,-1.0514781949507326,-1,,76,3,-1.0830641127854164,-0.3639467797589394,76.0,0.0723120837297811,-0.861389175488572,0.0028544243577545,-0.3097667350706571,0.0751665080875356,3.236044410622964,3,3
2024/10/6,Republican,Arizona,Kari Lake,DAzEOUPtrlS,0,F,42,0.6593518718055554,0.4675913291111111,0.3067954860416667,0.1188003760972222,0.0954312885694444,0.4325580376388889,0.2638888888888889,0.5480606552138889,0.3972602739726027,0.4246575342465753,0.3972602739726027,0.0115613680229418,0.1617654615088196,0.3888043175554938,0.2404583711439597,0.3150684931506849,0.0,0.0,0.1095890410958904,0.1232876712328767,0.2876712328767123,0.1506849315068493,1.1116621883174218,-0.1955408855143533,-0.0449389515859598,-0.2190320888515791,0.0033040661605355,0.9009934742272554,1.1413302245644483,-0.5888515305949029,-0.8688796918551517,0.6354303581217758,0.749827677827509,-0.3435155100182811,0.3560355597880666,-0.5206352287413364,2.2279043886978083,4,Economy,49771,1437,7.097202801650821,6.64379160625276,49771.0,0.0607484962699683,7.133830425121453,0.0017539448502128,6.680102528950166,0.0625024411201812,-48.51334147717299,1,2
2024/10/7,Republican,Texas,Ted Cruz,DA0_C94R3SS,1,M,48,0.543999525462555,0.1818661881762114,0.5742475323788547,0.2467664747885462,0.1923874892114537,0.5083515030837004,0.1674008810572687,0.5205798286079295,0.5859030837004405,0.4493392070484581,0.6035242290748899,-0.6579740256202379,0.0843960368595116,0.0448933056666462,0.1272563065249794,0.0176211453744493,0.1497797356828193,0.0,0.0044052863436123,0.3744493392070485,0.026431718061674,0.4273127753303964,-1.1079410421625369,-0.3696844855917656,-0.3709416049133062,-1.1631407627543422,-0.8381725150688962,-0.7530241414332083,-0.2959180667954161,0.3249226044843695,-0.2640291472641598,0.5229534700291999,-0.7404691831798244,-0.6628523674392257,-0.4639989340661542,0.5496149682212188,0.5723238400227253,10,Foreign Policy,1100,30,-1.0110029052145362,-1.091452807822372,1100.0,0.0008860842086099,-1.0110194109066597,2.41659329620909e-05,-1.0914534786286103,0.000910250141572,3.66830903823821,4,4
2024/10/7,Democratic,Texas,Colin Allred,DA1Xo-VpMIM,0,M,43,0.5575054059302326,0.4370428739534883,0.2441894418604651,0.1539997433139534,0.1165823378488372,0.4850656713953488,0.4418604651162791,0.5427224653697674,0.6162790697674418,0.4418604651162791,0.6162790697674418,-0.0838116772126319,0.1343692875518664,0.4885533240645431,0.145162737854055,0.5348837209302325,0.1162790697674418,0.0,0.0116279069767441,0.0,0.2674418604651162,0.0697674418604651,-0.8546661837326565,-0.7086813772857742,-0.2340380125010378,2.6983453811077083,0.3859135726723393,-0.4901625952197244,-1.249807224160193,-0.8447082884170993,0.8247018329996264,-0.4668431451854651,0.9103211859359912,-1.5038606941898878,0.4498658523613101,1.1130974970806602,-1.2864217902956192,-1,,269,13,-0.6691395898516513,-0.6169512913450655,269.0,0.0049951719527594,-0.7010480453793381,0.0002414023620292,-0.6455302319198776,0.0052365743147886,1.841159003104994,3,4
2024/10/7,Democratic,Pennsylvania,Bob Casey,DA1ctzYiYQL,0,M,49,0.2908804059154929,0.1845087001549296,0.5767744866197182,0.2728441496619718,0.2880230413521126,0.4591541315492958,0.380281690140845,0.3179224435971831,0.0526315789473684,0.0526315789473684,0.0394736842105263,-0.1057974508914508,0.1344643891342984,0.0937447502816978,0.0962832199250382,0.2631578947368421,0.0,0.0,0.5394736842105263,0.0,0.0,0.131578947368421,-0.8673954036070667,-0.0069321362003278,1.3354569500424498,1.349738185801991,-0.8043402567514065,-0.5786359726713892,-0.537042452919972,-0.7309941738294565,0.0719989330641693,-0.32687190667026,1.1956429781288478,0.1520899623491628,1.1144998912375224,1.29520939982357,1.3725426075150755,-1,,271,8,-0.1771411449838548,-0.1204989079559415,271.0,0.0129318572246611,-0.1762416222330885,0.0003817522427944,-0.1186969010098216,0.0133136094674556,1.0138544431072625,0,0
2024/10/7,Republican,Arizona,Kari Lake,DA1ob-XieJM,0,F,42,0.4234509196396396,0.2599706775135135,0.3548560301351351,0.099351305063063,0.0665239217747747,0.4231762281981982,0.1711711711711711,0.5223760011819818,0.6126126126126126,0.4144144144144144,0.4684684684684684,-0.1475139855499471,0.1647649010105388,0.3724159929934922,0.1611488954820415,0.4594594594594595,0.027027027027027,0.0,0.018018018018018,0.2702702702702703,0.009009009009009,0.2162162162162162,-0.2910533615243874,-1.1083665440488149,-0.1719838624835737,-0.4302567956551822,0.4637212983295,0.1946418581750103,1.2997035480398738,1.2021457741604715,-0.8688796918551517,-1.0967137185038889,0.2683471535020629,-1.4202230440177688,-0.7419795696070679,-0.9280727445981704,0.2530461884395463,10,Foreign Policy,2562,39,-0.3847816732670919,-0.3765151252922475,2562.0,0.0031255985545631,-0.3841908468081286,4.757936909756576e-05,-0.3764441828064376,0.0031731779236607,3.46199294461206,1,4
2024/10/7,Republican,Arizona,Kari Lake,DA1onbbB8Un,0,F,42,0.3778146038175675,0.2134091989391891,0.311309336320946,0.115433425554054,0.0727682499797297,0.3630523626081081,0.0574324324324324,0.3870416697354729,0.494949494949495,0.3804713804713804,0.4545454545454545,-0.1801872727545825,0.1314381714834027,0.1994731895349643,0.1539354188958524,0.2558922558922559,0.0067340067340067,0.0033670033670033,0.0067340067340067,0.2424242424242424,0.0067340067340067,0.4747474747474747,-0.1613445756163602,-0.4769297718566291,0.0377726432353054,-1.5293774398011617,0.525530858111807,0.1708397427894018,1.1430390913769468,1.501685393074263,-0.8688796918551517,-0.8048224772099853,-0.4049426853920566,-1.361575026707475,-0.0410260965782419,-0.6603317104849991,-0.7149550655566732,10,Foreign Policy,2429,41,-0.4058603645158809,-0.3664717680225122,2429.0,0.0029633407061022,-0.4053605207507958,5.001933674359478e-05,-0.3663538792577951,0.0030133600428458,3.512176064322031,4,4
2024/10/7,Republican,Arizona,Kari Lake,DA1q7S2I-J5,0,F,42,0.4774182102845528,0.313238288902439,0.3338941367886179,0.0853454268739837,0.0509802976463414,0.4283038256260163,0.089430894308943,0.4929885938995935,0.6626016260162602,0.4512195121951219,0.4796747967479675,-0.0933014075536795,0.148915013641003,0.286633210695856,0.1432727521549271,0.1585365853658536,0.0365853658536585,0.0040650406504065,0.0203252032520325,0.3861788617886179,0.08130081300813,0.3130081300813008,-0.2014515204581276,-0.6976619131195142,0.2018119948114662,-0.1591531910764498,0.5672719799989135,0.1767761127538309,1.2136228036802574,1.164241069297924,-0.8688796918551517,-0.32687190667026,-0.4687341429961513,-1.3227280076156658,0.1938861474501309,-0.6653727963091294,-0.1332660394626159,-1,,6326,126,0.2117611377136749,0.06037091594124,6326.0,0.0077176176643897,0.2149268428174318,0.0001537179616998,0.062484021559505,0.0078713356260895,-1.2375189959276731,1,4
2024/10/7,Republican,Wisconsin,Eric Hovde,DA1s1N3Obwc,0,M,45,0.5122156209826589,0.2507967136127167,0.5575129074566474,0.2087379212254335,0.1570101780231214,0.439889438150289,0.4739884393063583,0.7426991260231213,0.4508670520231214,0.4739884393063583,0.4855491329479768,-0.1987762858354768,0.2380588883935909,0.3365786940205929,0.2201096978184844,0.5144508670520231,0.0,0.0,0.0173410404624277,0.0057803468208092,0.3236994219653179,0.1387283236994219,-0.6491745922291572,-0.3672335000712304,0.0247546319910902,-0.9237952896896636,-1.3764875185801186,-0.2577427936414636,-0.445171569156285,0.0507903639605881,-0.8688796918551517,-0.9392460751742828,1.552295218369919,-0.0615810624990897,-0.933205487478705,-0.9195265753794576,-0.3351574178462843,-1,,676,28,1.0764721188605284,0.0293809070669002,676.0,0.3891767415083477,0.7932792061450503,0.0161197466896948,-0.0624034800573304,0.4052964881980426,-3.29166754231568,4,1
2024/10/8,Republican,Pennsylvania,Dave McCormick,DA16bNdNMIc,1,M,44,0.4390032550925926,0.2266074352685184,0.5538342875925927,0.1467975221111111,0.1415707332037037,0.3398182161574074,0.5555555555555556,0.2459507649407407,0.3333333333333333,0.3063063063063063,0.3063063063063063,-0.0873325002464381,0.0984608789852917,0.170727875828743,0.1159514474173368,0.1261261261261261,0.054054054054054,0.018018018018018,0.1081081081081081,0.3513513513513513,0.1981981981981982,0.1171171171171171,-1.0947444682486345,0.1939829986752809,-2.238110463625305,1.5676068104643608,1.2398990973706885,-0.1137457724624146,-0.1352032526123994,-0.5888515305949029,-0.8688796918551517,1.4227685747698051,-0.052639862714901,-0.6963754342824098,0.8226912961345847,-0.1737603155787785,-0.3619692995258964,-1,,157,6,-0.2261203142478539,-0.0891547480617536,157.0,0.1483931947069943,0.015243365844578,0.0056710775047258,0.0033891646057236,0.1540642722117202,0.7170034812036299,0,1
2024/10/8,Republican,Pennsylvania,Dave McCormick,DA2B4s4t0M3,1,M,44,0.5708673066972477,0.4795788913761468,0.2748471720733944,0.1811711406605504,0.1987344836422018,0.4627675218348624,0.1926605504587156,0.4028229627825689,0.5412844036697247,0.5137614678899083,0.5229357798165137,0.0236439457624603,0.161676195876397,0.2990804117753965,0.2020033263703662,0.073394495412844,0.0,0.0,0.1192660550458715,0.0091743119266055,0.7522935779816514,0.0458715596330275,-0.09834083377676,-0.9607263652253832,-0.9400693775806604,-0.3236379316744492,-0.4534248098745991,-0.0726014769849576,-0.1187976947303218,0.6904322585160791,-0.8688796918551517,-1.726584291822312,1.552295218369919,0.492587880733022,2.675720757473778,0.4598023633252979,1.9572227679963043,15,Immigration,184,11,0.0595276185980002,0.368831971433556,184.0,0.1739130434782608,0.3092917780647082,0.0103969754253308,0.5288151712466499,0.1843100189035917,-0.9741820840811426,1,2
2024/10/8,Democratic,Texas,Colin Allred,DA2Qyfpsaud,0,M,43,0.4184063526126126,0.3707319684684684,0.2387167001756756,0.1973814285585585,0.1765484215675676,0.4951932786486486,0.6216216216216216,0.6538848571711712,0.6351351351351351,0.5180180180180181,0.5945945945945946,-0.388606840727834,0.2117630174494111,0.3193644177135046,0.0846765773655379,0.6936936936936937,0.1441441441441441,0.0,0.0315315315315315,0.0,0.0045045045045045,0.1261261261261261,-0.9184553837792904,0.4361585060084857,-0.5337607836048647,0.9374421523729316,1.105943876708025,-0.7492713697393296,-0.7575264882249291,-0.3630955678106122,0.6254569477225934,-0.9855600879182846,0.9858475426929236,-0.5882063044362446,-0.0435703285092431,-0.0448461046336427,0.2392849666895863,-1,,623,48,-0.4361605486640287,-0.0306164966678731,623.0,0.0115282840806054,-0.4095540912344563,0.0008882145038026,0.0794546213348287,0.0124164985844081,0.6875595477895925,3,3
2024/10/8,Democratic,Ohio,Sherrod Brown,DA3g-ikM780,0,M,46,0.6276643984313726,0.3299835420980392,0.4434340656470588,0.1795877125882352,0.0860433688235294,0.4546722372549019,0.1862745098039215,0.4473376271239215,0.4215686274509804,0.3725490196078431,0.5196078431372549,-0.1559089735588606,0.2537626504975531,0.3130894259494893,0.2284741966596486,0.0196078431372549,0.0,0.0,0.0784313725490196,0.0490196078431372,0.7156862745098039,0.1372549019607843,0.341744696901941,-0.1281454080360691,-0.5465013720281378,-0.53987142250704,0.1006692612786073,0.8421976947231676,-0.3589775470473471,-0.3329947727727065,-0.8688796918551517,-0.4668431451854651,1.552295218369919,-0.6699070139103503,-0.0923482934513265,-0.7608415974773378,-0.4353844312119294,4,Economy,-1,11,,-0.1324439346163037,,,,0.0003579330990498,-0.1344729246622986,,,4,4
2024/10/8,Republican,Texas,Ted Cruz,DA3nDozxCy8,1,M,48,0.5395847685294117,0.2741657658921568,0.4599072031372548,0.2076229970196078,0.1361488354509804,0.4933993030392157,0.1764705882352941,0.3692217030039215,0.4901960784313725,0.5098039215686274,0.5392156862745098,-0.5942652366105833,0.1261327310541378,0.1812456952882748,0.2006266261323694,0.0098039215686274,0.1274509803921568,0.0,0.0196078431372549,0.2058823529411764,0.0588235294117647,0.5784313725490197,0.4318153561188413,-0.8446559994098346,-0.0917264631244349,-1.052030932584093,-0.5172970659187217,-0.5160815669662839,-0.5320530007745431,0.3249226044843695,-0.8688796918551517,0.0730459176588976,0.1766365774400731,1.1687048426399378,-0.0082883605302359,-0.4790511812056983,1.235877548676421,-1,,3669,194,-0.3308115149292919,-0.2049411818305573,3669.0,0.0029557078835794,-0.3305151655184902,0.0001562843634272,-0.2046140432114747,0.0031119922470066,0.701638448432108,4,4
2024/10/8,Democratic,Pennsylvania,Bob Casey,DA3pfRtvYDQ,0,M,49,0.5774225489285715,0.2450425248809524,0.6317522841666667,0.1244861825952381,0.078159282095238,0.4846513714285714,0.119047619047619,0.5230005873654763,0.4642857142857143,0.4285714285714285,0.5238095238095238,-0.338419832422265,0.1240101101143296,0.1549008146283172,0.1059994199653533,0.0952380952380952,0.0,0.0,0.0357142857142857,0.0,0.0476190476190476,0.8214285714285714,-1.085139435843256,-0.8128930878073853,0.411225408103882,-0.3437775486686377,-0.9682277083169928,-1.1855219270876298,-1.340631637329563,0.6904322585160791,-0.0220889294277626,-0.4668431451854651,-0.373626878931865,-1.5086020406098095,0.1138708193660743,-0.1026262565352942,-0.8281907313262915,-1,,125,2,-0.2925487016860845,-0.5045891770655051,125.0,0.0059597597024887,-0.2937295526352382,9.535615523982071e-05,-0.5065829287884169,0.0060551158577286,3.585028593996108,4,4
2024/10/8,Republican,Pennsylvania,Dave McCormick,DA3zIIrOoSl,1,M,44,0.4016009334027777,0.1991670778263888,0.5628062197222222,0.1997510379236111,0.1494886136041666,0.3962086696666667,0.2361111111111111,0.5416196874886805,0.4794520547945205,0.5068493150684932,0.5684931506849316,-0.3095331367819685,0.1888310394653831,0.1341556038146149,0.2134216935935841,0.5136986301369864,0.1575342465753424,0.0753424657534246,0.1232876712328767,0.047945205479452,0.0205479452054794,0.047945205479452,-0.1037479527754398,0.6412439033894143,-0.8867421602887787,-0.3802789891853624,-1.367645078977399,0.0801439744553672,-0.4061909072544602,-1.1005650462392955,0.8247018329996264,0.1630274281329581,0.5893341697190269,0.0480942430314375,1.4078792333751384,0.1984436770684476,0.5444479075446174,15,Immigration,84,1,-0.9984276882384966,-0.5471414675570633,84.0,0.0793950850661625,-0.7797764153431817,0.0009451795841209,-0.5220368420352025,0.0803402646502835,3.5149575644461044,4,1
2024/10/8,Republican,Wisconsin,Eric Hovde,DA37i35N09m,0,M,45,0.3628158425,0.1710942557999999,0.8691894774444445,0.2195084074611111,0.0957089237666666,0.5087420221111111,0.7555555555555555,0.8304201864499999,0.6111111111111112,0.6111111111111112,0.6222222222222222,-0.5979741384585698,0.0918387883717519,0.4195370121134652,0.1401093829824356,0.3833333333333333,0.5833333333333334,0.0,0.0,0.0277777777777777,0.0055555555555555,0.0,-0.3344895548904809,-0.9499512566241276,-0.1737375017103986,-1.004371274774554,-2.0597049593081613,-0.1120318111376905,-0.5315606209018563,1.2808709304134556,-0.8688796918551517,-0.273036814933643,-0.669922586209063,0.046782863899574,-1.3397132144479835,-1.376559356729417,-0.1286181295701792,15,Immigration,763,64,1.4781124477693883,2.0272825876161136,763.0,0.4286516853932584,1.0411453363672507,0.0359550561797752,1.5936615498929851,0.4646067415730337,-12.03062472062256,4,4
2024/10/8,Democratic,Pennsylvania,Bob Casey,DA4BXrpOmLA,0,M,49,0.4556890556410257,0.2032984374358974,0.3761060735897436,0.074067680076923,0.0341887276923076,0.3516281887179487,0.3333333333333333,0.4622722009230768,0.4871794871794871,0.4358974358974359,0.4871794871794871,-0.2110379724166332,0.1305164899861945,0.2163880685201058,0.1023281637176157,0.1794871794871795,0.0,0.0,0.0,0.0256410256410256,0.0769230769230769,0.717948717948718,-1.1778183268018363,-0.7070273197048516,-0.7619604793637187,0.3717059557866738,-0.7365877551058055,-0.8901866962064202,-0.5488209832701474,0.4061469720469718,0.0719989330641693,-0.32687190667026,-0.2309659828354367,-1.2038006901722431,0.2871282764151133,-0.35189447389059,-1.67592345409674,15,Immigration,157,6,-0.2672538947376506,-0.2485289976591294,157.0,0.0074854581863259,-0.2680197634772876,0.0002860684657194,-0.2482880575418887,0.0077715266520453,2.319669491095284,4,4
2024/10/8,Republican,Michigan,Mike Rogers,DA4bE6JKHbD,0,M,43,0.3269085010937499,0.23235190015625,0.546968685625,0.1124151147187499,0.04841982675,0.4313299015625,0.15625,0.55090665580625,0.5,0.53125,0.53125,-0.2600315118615981,0.199758725606219,0.5244601373560727,0.165945604626405,0.609375,0.0625,0.0,0.0,0.0,0.328125,0.0,-1.1034735719170905,-0.7597180419108536,-0.8849162464618796,-0.3535633575107286,0.73274828545056,0.4648476216486715,0.0404665942240458,-0.4060967035790484,0.340821397326832,0.0730459176588976,0.1766365774400731,-1.0022777395658204,-0.4426836670621361,-0.3698465031091291,-2.226635100034721,10,Foreign Policy,122,15,0.0734292273335834,0.7842810591136404,122.0,0.1538461538461538,-0.1579002843008113,0.0189155107187894,-0.0092466624748862,0.1727616645649432,-7.240937618183233,4,4
2024/10/8,Republican,Michigan,Mike Rogers,DA4b1E6Ko5-,0,M,43,0.3100357731818182,0.2178497057045454,0.5095593634090908,0.0986868342045454,0.0480160117045454,0.3950822256818181,0.0681818181818181,0.3853022729931818,0.56,0.36,0.56,-0.2600649451464414,0.1799564112456521,0.3433858701586723,0.1711122026277418,0.6,0.04,0.0,0.0,0.0,0.2,0.04,-1.100473158741349,-0.6662531413353673,-0.7981286129264452,-0.8085389628776667,1.002523293289722,-0.2678221643942802,-0.0429594883471453,0.1787187428716864,2.518283357854404,-1.726584291822312,-0.373626878931865,-0.0619862700792607,0.0898880547676106,-0.6101128657520463,-0.1548653478617149,4,Economy,67,7,-0.1692107428274566,0.0149590392746471,67.0,0.0844892812105926,-0.3768723970257877,0.008827238335435,-0.1577798566219336,0.0933165195460277,1.3022193863978015,4,4
2024/10/9,Democratic,Michigan,Elissa Slotkin,DA4jv8aAwD5,1,F,48,0.5112099043157894,0.3267852719473684,0.3462899215789473,0.1899753667473684,0.1745254816526315,0.4310188977894736,0.4631578947368421,0.7245809135263157,0.4842105263157895,0.5368421052631579,0.6105263157894737,-0.2030924413941408,0.1982906206019975,0.512768483475635,0.1279872519248804,0.6210526315789474,0.0526315789473684,0.0,0.0210526315789473,0.0,0.2421052631578947,0.0631578947368421,1.6486488678649145,0.9836594012868468,-1.8222422171887416,0.6469946254213719,1.4028629945532676,2.7367329242815592,2.2187291577314365,0.1787187428716864,-0.8688796918551517,-0.4668431451854651,0.9103211859359912,1.6625076498976483,-1.625733140043205,-0.5555593831659867,0.9547055708260151,-1,,2379,115,0.8785712370639345,2.873993907090404,2379.0,0.114259641707891,0.8723659795537263,0.0055232697757072,2.861370330537526,0.1197829114835982,-38.05184291563291,1,2
2024/10/9,Democratic,Michigan,Elissa Slotkin,DA4mS6_AAmt,1,F,48,0.6125108653164556,0.4805767132911392,0.266620386835443,0.247895242,0.2515549750379746,0.4796953353164555,0.3544303797468354,0.6328166467088608,0.620253164556962,0.4936708860759494,0.5189873417721519,0.0109742703977264,0.1846288652909448,0.4100411396615113,0.1664031012729172,0.1392405063291139,0.0253164556962025,0.0253164556962025,0.1392405063291139,0.0253164556962025,0.4430379746835443,0.2025316455696202,1.3878658153120116,-0.5377088563282886,-2.9509957943387737,-0.8401897851947167,0.9136660761233129,3.21902901699918,2.4554184481307795,0.923029311081712,0.6707398761946463,-1.1539746797146546,-0.4903494302834885,0.7115843628019534,-0.8948901088866186,-0.8773275170900692,-0.9594323135313214,0,Abortion,941,24,0.1306153791059006,0.1328912102538719,941.0,0.0451947552951347,0.1289837199026244,0.0011526823879736,0.1317592313274719,0.0463474376831084,-2.672015264324444,1,2
2024/10/9,Democratic,Texas,Colin Allred,DA4nDxfshhJ,0,M,43,0.343472570929368,0.2998502803717472,0.3060349042565056,0.3422425284386617,0.3379487959739777,0.4213573376394052,0.5464684014869888,0.5725909614401488,0.620817843866171,0.550185873605948,0.5464684014869888,-0.2507061844753953,0.2106918047865827,0.2915787323478429,0.0756896809491223,0.4535315985130111,0.1524163568773234,0.0,0.1301115241635687,0.0,0.0446096654275092,0.2193308550185873,-0.6467736903585483,0.2777338816432446,-0.6875717072867396,-0.2233767167226021,1.1639157697303038,-0.4053730157990505,-0.4889472477501623,-0.771606357610758,-0.2640291472641598,1.4227685747698051,-0.2819163028698759,-0.1496607718985098,0.1965338883147029,-1.1154099975833027,-0.4509426146432019,0,Abortion,822,48,-0.3051921046065798,-0.0306164966678731,822.0,0.014186110727599,-0.2909673620305256,0.0008283860278889,0.0123953686872158,0.015014496755488,1.228014932517662,3,3
2024/10/9,Democratic,Michigan,Elissa Slotkin,DA4sO4oA68S,1,F,48,0.5757995798823531,0.4072959416470589,0.2998662045882353,0.2160737825529411,0.2218169961647058,0.4527538727058823,0.3058823529411765,0.6356030330552942,0.6705882352941176,0.6,0.5882352941176471,-0.1243300064959946,0.2222353960696285,0.4425705473212635,0.1662295359249036,0.4352941176470588,0.0470588235294117,0.0,0.0823529411764705,0.0823529411764705,0.2588235294117647,0.0941176470588235,1.4893480057148762,0.2828715716815055,-1.2265538446491486,0.187420889415306,1.4968681270239177,2.31027793522226,1.8962301445031884,-0.7309941738294565,0.0719989330641693,0.7229123821937791,0.1256862574056346,0.8927857104793959,-1.6634519576398208,-0.6059176258466104,0.0282074751468859,-1,,777,29,0.0453130420369732,0.2835012485415935,777.0,0.0373180923106479,0.044202989316546,0.0013928245521348,0.2817378631522001,0.0387109168627827,-3.334249840539554,1,2
2024/10/9,Democratic,Ohio,Sherrod Brown,DA4vPIbMZ6n,0,M,46,0.4137002110112359,0.3194809893932584,0.3266631072359551,0.0987224237078651,0.0559248414157303,0.4270488487078652,0.348314606741573,0.1575165957030337,0.4382022471910112,0.5056179775280899,0.4719101123595505,-0.2497947319839777,0.1153776805893299,0.3341678970315483,0.1049890532871975,0.0112359550561797,0.0112359550561797,0.0,0.0561797752808988,0.0,0.1123595505617977,0.8089887640449438,-0.179728481318771,-0.4721376995485483,0.2086023835099704,-0.4189518113473841,0.5746501267389319,-0.8699700883507246,-0.873418984211917,-0.1624236008912423,-0.8688796918551517,1.4227685747698051,-0.5876182230765081,-0.1063359066585693,0.224928670820043,-0.0508649250792336,-0.6779487894114676,4,Economy,-1,9,,-0.2392535593068712,,,,0.0002925021937664,-0.2418977296333674,,,4,4
2024/10/9,Democratic,Michigan,Elissa Slotkin,DA5894AAr8d,1,F,48,0.6690606361643836,0.5317201543835617,0.2655792242671232,0.2154067003835616,0.1902336111780821,0.4888337869178081,0.3356164383561644,0.6851270458356165,0.6712328767123288,0.5205479452054794,0.5753424657534246,-0.0191826458433515,0.2072347566424952,0.4765311788818607,0.1798622413306461,0.1506849315068493,0.0547945205479452,0.0068493150684931,0.047945205479452,0.0136986301369863,0.5547945205479452,0.1712328767123287,1.349359187144516,0.6558786173144221,-1.1477669062010818,0.3464735916995864,1.416691035433863,1.5953002851893316,2.1426759900905763,-0.2690305833171574,-0.3396354653380335,1.4227685747698051,-0.8551074032573112,0.8568261631754941,-0.6865139830689072,-0.1455656466666883,-1.568062537351111,13,Healthcare,372,14,-0.1653421196271461,-0.1683288663215712,372.0,0.017866577013592,-0.1651640587771231,0.0006723980596513,-0.1681980323219846,0.0185389750732433,3.38349780885316,1,2
2024/10/9,Democratic,Ohio,Sherrod Brown,DA6Dxd_R7Rn,0,M,46,0.47205814812749,0.222262639374502,0.5373471850597609,0.1746401305338645,0.1096495215976095,0.4014523807968127,0.4143426294820717,0.2588919033812749,0.5219123505976095,0.5139442231075697,0.5697211155378487,-0.1326571508529651,0.1367562323750577,0.0291002482413295,0.1264966432908199,0.0557768924302788,0.0039840637450199,0.0,0.0796812749003984,0.2749003984063745,0.2948207171314741,0.2908366533864542,-0.4924854183920616,0.0296576009424559,-0.6967215654096618,0.5324049528743516,0.0650941681889828,-0.6743071542311855,-0.6158411113819253,0.4428289444945984,0.7700701709075366,-1.1170321240948056,-0.0008677633250685,-1.400811777685138,-0.8188271692084974,0.8470399030394944,0.3210771193588203,0,Abortion,4274,127,2.1831279243117248,6.062514297436612,4274.0,0.1389060417953134,2.1828484617454085,0.0041275309564821,6.054472695149885,0.1430335727517956,-279.48102380989104,4,4
2024/10/9,Republican,Pennsylvania,Dave McCormick,DA6Thn_up99,1,M,44,0.5209117510294117,0.2124082460147058,0.6862993922058823,0.2786360103088234,0.174108722117647,0.4687774876470588,0.2352941176470588,0.4284401185264706,0.4852941176470588,0.3823529411764705,0.5294117647058824,-0.269324249423602,0.1934973175351934,0.1650674231350422,0.134235438608643,0.1617647058823529,0.7794117647058824,0.0,0.0,0.0,0.0147058823529411,0.0441176470588235,-0.2123308010490705,-0.5606771351329816,-0.0413146492108723,0.6943942294482093,0.3355031124328875,-0.1220699362916721,-0.1354321313121784,2.3186116264755112,-0.8688796918551517,-0.5813650676069969,-1.6575749437997211,0.4235550737982068,-0.122863200663869,0.0046683103902692,0.576302985182803,-1,,124,5,-0.5752455655038979,-0.1807520919608155,124.0,0.1134492223238792,-0.3873930168399546,0.0045745654162854,-0.1185212061940374,0.1180237877401646,1.8782496157106088,4,4
2024/10/9,Republican,Texas,Ted Cruz,DA6TtBCPics,1,M,48,0.5084824497872339,0.1984222407269503,0.6350771376241134,0.2097029357836879,0.1336395921028368,0.5446927919148937,0.1702127659574468,0.5077550958049645,0.549645390070922,0.5638297872340425,0.6453900709219859,-0.6865955907190945,0.0844798750913844,0.2105193601538103,0.099264444808548,0.0177304964539007,0.1134751773049645,0.0,0.0,0.5,0.0035460992907801,0.3652482269503546,-0.1100688480192454,-0.2362059076141854,0.3801162469006465,-1.5350340768518824,-0.6386381126035525,-0.6680802027932963,-0.907663829882647,-0.8447082884170993,0.8247018329996264,-0.0469294296398499,0.4823384976467055,0.2934025409331405,-1.701064141894443,1.195215771045511,0.9758818141405248,10,Foreign Policy,4022,364,-0.2373480813867885,0.7140037963316894,4022.0,0.0032398826166845,-0.2370768681850802,0.0002932166266715,0.7145380432804649,0.0035330992433561,-0.7907842698068165,4,4
2024/10/9,Republican,Arizona,Kari Lake,DA6XK06Cf8D,0,F,42,0.5682109900000001,0.408326205625,0.243672686546875,0.0819502146875,0.05001549759375,0.326755120625,0.078125,0.427515277236875,0.234375,0.140625,0.171875,-0.0323094421764835,0.1226292517792251,0.1902454602532088,0.1773970330037334,0.34375,0.0,0.0625,0.0,0.234375,0.296875,0.0625,-0.0605012099409092,0.741370999232076,0.0285911672432941,-1.064383695925297,0.3907535871659353,0.1704951823916649,1.2947590474516324,-0.5888515305949029,-0.8688796918551517,1.4227685747698051,-0.052639862714901,-1.4962165771997848,1.238915276109308,-0.5903166466672074,0.7753446874830393,-1,,5416,79,0.0675385133798551,-0.1756479798975406,5416.0,0.0066033641067657,0.0695509196919807,9.63193804347296e-05,-0.1748835145096067,0.0066996834872004,0.7876941503127471,0,0
2024/10/9,Democratic,Michigan,Elissa Slotkin,DA6hLA7gWKv,1,F,48,0.6393272354748604,0.5401730111173185,0.2420924519329609,0.1804479668603351,0.1636951393016759,0.4345586833463687,0.2458100558659217,0.6354765535027934,0.6033519553072626,0.5363128491620112,0.4860335195530726,0.0280811192894448,0.1749989214274671,0.4268273800278509,0.1605050430942333,0.2290502793296089,0.0223463687150838,0.0055865921787709,0.0223463687150838,0.0,0.6033519553072626,0.1173184357541899,1.4014583199181785,-0.7412378432163277,-2.327345883026271,-0.0661409715966297,0.8676382511317465,2.5453237287326043,2.1376058057503533,-1.015279460298564,-0.1632207231656611,-0.6768000029582735,2.087273578731526,1.0242152457866356,-1.024741643456573,0.2134498442789731,-0.3677357802993787,13,Healthcare,407,28,-0.1471373525697531,0.2533792408840492,407.0,0.0195475721627203,-0.1470706101764356,0.0013447961193026,0.2517421367872544,0.0208923682820229,-1.0773163129475405,1,2
2024/10/9,Republican,Michigan,Mike Rogers,DA6paiwqGiQ,0,M,44,0.3432319148913044,0.228464618423913,0.5359009088043478,0.1177333450652174,0.0638073165706521,0.3820386235869564,0.0760869565217391,0.4267113315978261,0.4456521739130434,0.5434782608695652,0.5434782608695652,-0.2743861991102281,0.1913361871193492,0.4117909997053768,0.1591714086094955,0.7282608695652174,0.0,0.0,0.0,0.0,0.2717391304347826,0.0,-1.3410194071596222,-0.3710952601823543,-0.6988569684846198,-1.0159882498613062,0.9094670341162042,0.3374595024910286,0.1696669058397721,1.2021457741604715,-0.8688796918551517,-1.0967137185038889,0.2683471535020629,-0.9027302252023144,-0.2815583305358288,0.6666448561669687,0.7088853298726805,8,"Environmental, Social, and Corporate Governance (ESG)",65,4,-0.1780340144696762,-0.2735367181649754,65.0,0.0761124121779859,-0.40331967817309,0.0046838407494145,-0.2187845613608995,0.0807962529274004,-62.41936061234195,4,4
2024/10/9,Republican,Arizona,Kari Lake,DA66I2kJb99,0,F,42,0.5785274974522293,0.376956219044586,0.3609134015541401,0.1714010251528662,0.1375803172165605,0.4639506750636942,0.3566878980891719,0.7517521421847134,0.535031847133758,0.5732484076433121,0.3566878980891719,-0.1769163722445251,0.1706356294759288,0.3813133471331019,0.2026161951297705,0.2101910828025477,0.0063694267515923,0.0509554140127388,0.10828025477707,0.197452229299363,0.2101910828025477,0.2165605095541401,1.1113464399996211,0.8091450327474635,-0.6014974201633382,0.3755705311479392,0.5489244448152919,2.4877486257218,1.9105653869506023,0.8731870855319337,-0.5664544195596557,0.2979996938440488,-0.9697456233347984,0.7177993165617531,1.0527546866665851,0.2271653889273077,0.1647659889040858,0,Abortion,4296,69,-0.109966255031,-0.2258647662462173,4296.0,0.0052378235233873,-0.1086102551282447,8.412705379742206e-05,-0.225303968622943,0.0053219505771847,2.44689146542357,1,2
2024/10/9,Republican,Arizona,Kari Lake,DA66vATCgBt,0,F,42,0.5584594871472394,0.3647180816257668,0.308360094690184,0.1073262482944785,0.0687048120981595,0.4657847778527606,0.2361963190184049,0.6764647063361963,0.5644171779141104,0.5429447852760736,0.4355828220858895,-0.2009433602080023,0.153911625059663,0.320995838272791,0.2133053076139398,0.2177914110429447,0.0214723926380368,0.0521472392638036,0.0245398773006134,0.2883435582822086,0.1717791411042944,0.2239263803680981,0.4605821854231016,0.0627624918758037,-0.6385765683713274,0.3096777131674869,0.7286731640689378,1.6921212051796302,1.3204501032323213,0.7679646093712901,-0.8688796918551517,-0.1996253262018917,-0.1012742591114108,-0.20525098432038,0.1386031177802877,-0.3437583600259336,-0.6552689122029599,15,Immigration,1992,38,-0.4751189214761878,-0.3815368039271152,1992.0,0.0024287114661516,-0.4751132433298515,4.633084122176867e-05,-0.3816073763742856,0.0024750423073734,6.241661581242914,1,2
2024/10/9,Republican,Pennsylvania,Dave McCormick,DA7Aj-KtMnX,1,M,44,0.3986979719259259,0.2193334636814814,0.4455476313333333,0.1945988177777778,0.1815553797777777,0.3642630706148148,0.3555555555555555,0.3185658977792592,0.213235294117647,0.1691176470588235,0.1397058823529411,-0.1017413605004548,0.2408880372823059,0.0931783878981177,0.1561287480730311,0.6323529411764706,0.0588235294117647,0.0220588235294117,0.1985294117647058,0.0220588235294117,0.0441176470588235,0.0147058823529411,0.3823772439820631,0.1220950459605631,0.620726722683281,0.7018351106165291,0.4715764920938955,0.0767867343457719,-0.3026061754052718,0.3706113112383336,-0.3396354653380335,0.2417612497977611,-0.4538736329861061,1.0841860563174073,0.6466097522755486,1.881888677205102,1.0426818149957342,-1,,256,6,0.8212554395202779,-0.0891547480617536,256.0,0.2342177493138152,1.004143191930149,0.0054894784995425,-0.0168010387601673,0.2397072278133577,-1.818878443360292,0,0
2024/10/10,Republican,Arizona,Kari Lake,DA7JtljKyaR,0,F,42,0.5563590637931034,0.351484663994253,0.3784631661724137,0.1170404050287356,0.0814914008678161,0.4705402982988506,0.2586206896551724,0.7183627606787356,0.5804597701149425,0.4540229885057471,0.4022988505747126,-0.2334759723951761,0.166508249179017,0.3220472979819637,0.1776529448102233,0.2586206896551724,0.0172413793103448,0.1264367816091954,0.0114942528735632,0.2068965517241379,0.2241379310344827,0.1551724137931034,0.7871240489769301,0.9932160772600078,-0.4587086929567028,0.3699241248811725,0.9324794014322508,1.8438364310782127,1.4637897571843994,1.6916108760811954,-0.8688796918551517,-0.9050139787982818,-0.5410983656537598,0.1138404219423794,0.2745001296955499,0.553997483564041,1.780839585918555,15,Immigration,5527,52,0.0851305038205737,-0.3112333030389678,5527.0,0.0067367194479961,0.0869497026731274,6.338147481378644e-05,-0.3110957575337086,0.0068001009228098,2.311804840543707,1,2
2024/10/10,Republican,Pennsylvania,Dave McCormick,DA7Kb6vNrQ1,1,M,44,0.4365936768,0.2413606217866666,0.6308081758666667,0.3715875537466667,0.3079577750133334,0.3692700074666666,0.72,0.6706477068600001,0.3924050632911392,0.3291139240506329,0.3544303797468354,-0.0587798357009887,0.19122492758511,0.166438448351699,0.145732271975896,0.430379746835443,0.1012658227848101,0.0126582278481012,0.3037974683544304,0.0126582278481012,0.0253164556962025,0.0632911392405063,0.8459175437673406,1.2635795456162586,1.8238892580838693,2.311718445266309,-0.246865780496758,-0.7025238686180988,-0.6654479456893927,-0.2615928868688377,0.8050090245710818,0.4706386383582348,-0.7617972241244729,0.9030609325390592,1.6743211322658424,1.360796733779829,1.1630226391180134,-1,,119,5,-0.6281433308457227,-0.1807520919608155,119.0,0.1045694200351493,-0.4897091311411329,0.0043936731107205,-0.1386328385952859,0.1089630931458699,2.280771973615751,2,1
2024/10/10,Republican,Arizona,Kari Lake,DA7L9vVsD5U,0,F,42,0.5904789452969121,0.3787609505700712,0.2918662459833729,0.1548992455130641,0.1260398804774346,0.5708781070308788,0.1092636579572446,0.7124439117415676,0.5819477434679335,0.5724465558194775,0.5083135391923991,-0.327578984723026,0.1542784280117293,0.3735470393066452,0.0858007704352769,0.1496437054631829,0.01187648456057,0.002375296912114,0.0403800475059382,0.1520190023752969,0.0855106888361045,0.5581947743467933,0.0650256811576701,-0.6594171946804728,-0.5678119626250624,-0.3594016123175734,0.5125513539869667,-0.2123046162390895,1.8014041281238171,-0.1091201096782846,-0.3396354653380335,0.4385958039597685,-0.052639862714901,-0.8361954945587642,0.2505031532186114,-0.4914836566563964,-0.165191393381288,15,Immigration,1742,44,-0.5147405215678965,-0.3514067321179092,1742.0,0.0021232794062618,-0.51496276174043,5.363047868858853e-05,-0.3514202720677478,0.0021769098849504,8.855986837033315,1,2
2024/10/10,Republican,Arizona,Kari Lake,DA7OKHPB_zY,0,F,42,0.5672873943137254,0.3584279984313725,0.3181679509803922,0.0981704035686274,0.0759900475882353,0.5785570133333334,0.0392156862745098,0.685647997980392,0.5882352941176471,0.5490196078431373,0.5882352941176471,-0.2936070586244265,0.1536577179770805,0.3804592446369283,0.0886508215281769,0.196078431372549,0.0,0.0,0.0,0.2549019607843137,0.0588235294117647,0.4901960784313725,-0.1456589847010828,0.571752229414906,-1.067876800420115,-0.1178822292554904,0.76631949354413,-0.0500937179239248,1.8599891556710344,-1.868135319705885,3.365074120281793,1.4227685747698051,-1.6575749437997211,0.2399364708683578,-1.3764474805654008,-2.38566160930924,-2.3009033959070995,15,Immigration,3305,90,-0.2670262777945335,-0.1204095149139962,3305.0,0.0040283802742223,-0.2664055142164167,0.0001096987064084,-0.1195543134970223,0.0041380789806308,3.96136599847368,1,4
2024/10/10,Republican,Arizona,Kari Lake,DA7OThSO7gg,0,F,42,0.5113467043554007,0.3240671095609756,0.3349202882229965,0.1198428336968641,0.1049643345261324,0.5771520071986063,0.1289198606271777,0.622251102398258,0.5609756097560976,0.4668989547038327,0.5296167247386759,-0.2657352375574021,0.1650456874539261,0.3655631558301142,0.1042152099196436,0.1602787456445993,0.0034843205574912,0.0034843205574912,0.0069686411149825,0.5470383275261324,0.024390243902439,0.2543554006968641,0.4225885552736912,0.013290068159523,-0.4546363186085477,-0.4666925785631413,0.3209924164777709,-0.2885415722610216,1.4532979248705653,-0.1036059554148751,0.8831011959256528,-0.8577972941417282,0.3347582603055728,-0.8422568051191047,-0.7370788527586143,-0.24420544703392,-0.8830550451950276,15,Immigration,2812,74,-0.3451600731753831,-0.200756373071879,2812.0,0.003427475138007,-0.3448052090528457,9.019671415808072e-05,-0.2002033425651008,0.0035176718521651,5.581763195013854,1,2
2024/10/10,Republican,Arizona,Kari Lake,DA7PSCPhNxl,0,F,42,0.5266700888826816,0.3680914436312849,0.3668875963128492,0.0934386298324022,0.0731755426592178,0.5870376182681564,0.1005586592178771,0.6088627087541899,0.5865921787709497,0.5698324022346368,0.547486033519553,-0.4202314997352035,0.1517040113791544,0.4121893114051339,0.1238066774756314,0.1955307262569832,0.0,0.0,0.0,0.2290502793296089,0.0558659217877094,0.5195530726256983,0.073168893299271,0.1241567079298487,-0.3817862440396226,-0.1414231543819256,0.588167261893173,-0.2696205127338975,1.5550274884616198,0.8409362337056064,-0.37076747866257,-0.6150479859662709,-0.1470478086610671,-0.7766309699418931,-0.9661500853404562,-1.321087876290567,-1.1786321595023714,15,Immigration,21080,502,2.550069488725958,1.948522082651485,21080.0,0.0256938747898965,2.560277195149761,0.0006118750068561,1.9571581850059967,0.0263057497967526,-45.99618317990926,1,2
2024/10/10,Republican,Arizona,Kari Lake,DA7PsZEtQ5W,0,F,42,0.5176738064341085,0.2981247230426357,0.3226977889496124,0.0960089955930232,0.0668480592286821,0.4956352381589147,0.1705426356589147,0.558135156244186,0.5348837209302325,0.437984496124031,0.4961240310077519,-0.2608010318678941,0.1595622966500816,0.3449390228520068,0.1201490079149018,0.3100775193798449,0.0116279069767441,0.0,0.003875968992248,0.4186046511627907,0.0271317829457364,0.2286821705426356,0.746324322013052,0.2714287850635059,-0.2043275772005612,-0.0761706291233629,0.5576949420615108,-0.2973700223084063,1.2328920855543586,-0.2233418765631939,0.340821397326832,-0.3768616347114053,0.4059130175950473,-0.6643796472864206,-0.7212971844123071,0.0098924614411308,0.5845523531823,18,Opioids and Drug Issues,1514,33,-0.550875420851535,-0.4066451971014536,1514.0,0.0018453760166937,-0.5512206327804011,4.02228590164414e-05,-0.4068664795520518,0.0018855988757101,9.79024057710135,1,2
2024/10/10,Republican,Arizona,Kari Lake,DA7PzhJuWH0,0,F,42,0.5855837477898551,0.4007758002536231,0.3198756808333333,0.1276593894021739,0.1043107146268115,0.5704713735144928,0.1159420289855072,0.6906482872536233,0.5760869565217391,0.4963768115942029,0.572463768115942,-0.2682062529324405,0.1689855138965303,0.3839164111169352,0.0974133161704518,0.0543478260869565,0.0036231884057971,0.0,0.0181159420289855,0.4166666666666667,0.0760869565217391,0.4311594202898551,0.2224696416086618,-0.4497564287666358,-0.916188740958038,0.3248514051728351,0.4771813369112111,-0.2489530235341888,1.2591089066383725,-1.038329618660924,1.648606358604653,0.6567097693825334,-0.6165359722852437,-0.5429770382385972,-0.1317866795392649,0.3690194648777304,0.3036976746345113,15,Immigration,2782,75,-0.3499146651863882,-0.1957346944370113,2782.0,0.0033909089025375,-0.3495759815581051,9.141558867373044e-05,-0.1951627782483459,0.0034823244912113,5.579032348018486,1,2
2024/10/10,Republican,Arizona,Kari Lake,DA7RfcUv6l4,0,F,42,0.5918470652747253,0.3266158172527473,0.3535303565934066,0.1084190347252747,0.0853979852307692,0.5951967134065934,0.0659340659340659,0.6213279319999999,0.5604395604395604,0.6373626373626373,0.5494505494505495,-0.3816950814082072,0.1365243809908159,0.4027982557212913,0.0857654097858492,0.2637362637362637,0.0549450549450549,0.0,0.0,0.3516483516483517,0.0219780219780219,0.3076923076923077,0.1541646110500841,-0.9052553658175704,-0.7417781188305522,-0.3161640573458524,0.5212638772806042,-0.1656810016706458,1.3894536906280448,-1.868135319705885,-0.8688796918551517,-1.726584291822312,4.762165380539559,-0.9681328818651194,-2.372825205666074,0.0607787515939327,-1.0582663947314193,0,Abortion,3009,89,-0.3139382523031166,-0.1254311935488639,3009.0,0.00366759341759,-0.3134771362683091,0.0001084798318928,-0.1245948778137772,0.0037760732494828,4.4923654869328224,1,2
2024/10/10,Democratic,Arizona,Ruben Gallego,DA7S-XaMMJy,1,M,50,0.4926931911392405,0.3399368093670886,0.3535945075949367,0.1308707042911392,0.1053517591645569,0.3346398927848101,0.2911392405063291,0.6049999474050632,0.4814814814814814,0.4691358024691358,0.4567901234567901,-0.1055111860695444,0.1626115191848157,0.3436656220827573,0.1292583028351584,0.074074074074074,0.0,0.0123456790123456,0.0,0.0246913580246913,0.2469135802469135,0.6172839506172839,-0.3674969868480062,0.4847711846879721,-0.2722078391752199,-0.6401033718208222,0.5838650400863672,-0.0117310717360513,0.2429401696913235,-0.8934429089546609,-0.0624122990671624,-0.2268924505879711,1.3994442582666022,-0.5695336474226165,-0.6366936003509577,1.9396039337628783,0.2931896371719629,0,Abortion,928,99,1.9773222631505107,1.0758297657426112,928.0,0.0693935541763254,2.010418437914583,0.0074029761459657,1.0736118199631943,0.0767965303222911,-17.00094496937011,4,3
2024/10/10,Democratic,Arizona,Ruben Gallego,DA7TgULvIqM,1,M,50,0.39655116,0.237576375,0.47831978875,0.15624542,0.0990821451249999,0.64686606375,0.0,0.08110878605,0.5,0.125,0.125,0.0435951696708798,0.0826446655959591,0.3014730159193277,0.1439788138250985,0.625,0.0,0.0,0.0,0.0,0.0,0.375,0.3956682416059244,0.3320330568860868,0.5728740255814954,0.0651675166571598,1.2392082841935823,-0.7966307029699861,-0.4205556173805417,0.1787187428716864,-0.8688796918551517,0.7928980014513818,-0.373626878931865,0.0816170080547182,-0.5029276025759664,-0.1595200738954737,0.4981588134742225,-1,,807,192,1.531849505028782,2.7861232394872752,807.0,0.060345472220145,1.5620018793789725,0.0143572870709638,2.784242930523467,0.0747027592911089,-24.0438786912852,0,0
2024/10/10,Republican,Arizona,Kari Lake,DA7d3aGol6f,0,F,42,0.6397318655244756,0.3710897270629371,0.3017279439160839,0.1518573832377622,0.1217273779020978,0.5788384914685314,0.1818181818181818,0.7704186013636364,0.5874125874125874,0.5174825174825175,0.5664335664335665,-0.3142459067952383,0.1580173073683627,0.3905823592331026,0.0846939908914774,0.1118881118881118,0.0069930069930069,0.0,0.0069930069930069,0.2447552447552447,0.0489510489510489,0.5804195804195804,0.2062204643120847,-0.6459583500150307,-0.1627133351770932,-0.3332133257079384,0.7593870993820897,-0.2949266929555381,1.3202264137278008,0.0999935866187026,-0.2175021822956218,-0.273036814933643,0.317729771381596,-0.6044055799997586,-0.9165091041709946,-1.2395868451487635,-0.511038731269822,13,Healthcare,2362,35,-0.4164789533404588,-0.3966018398317182,2362.0,0.0028789816059646,-0.4163667966317362,4.266060804774088e-05,-0.396785350918542,0.0029216422140124,8.313404875598014,1,2
2024/10/10,Republican,Arizona,Kari Lake,DA7d_m5Cdjf,0,F,42,0.4911003638888889,0.2755015183333333,0.2395889377777777,0.1288272176111111,0.0690649005,0.4897739722222222,0.1666666666666666,0.4117130993166667,0.5555555555555556,0.4444444444444444,0.5555555555555556,-0.0983065244638257,0.0733617590839413,0.2738734889361593,0.1095031153514782,0.7777777777777778,0.0,0.0,0.0,0.0555555555555555,0.0,0.1666666666666666,0.5808138910290986,0.4874577708249897,0.0371134348894261,1.2952316553858616,1.0871420871115565,-0.0852790513786826,1.4233185268380817,-1.137116011642467,-0.8688796918551517,0.972861022399502,1.09374233805997,-0.1470960702505507,-0.3897744200360034,-0.0812881612099356,-0.1842969553306117,-1,,5626,82,0.1008206574568904,-0.1605829439929376,5626.0,0.0068573880250454,0.1026932519404833,9.994771028327864e-05,-0.1598788280310616,0.0069573357353287,0.6110439312276956,1,2
2024/10/10,Republican,Arizona,Kari Lake,DA7eHH9pRfT,0,F,42,0.5966295251612902,0.3906865712903226,0.2932559848387097,0.1080990593870967,0.0759947178709677,0.5711411122580646,0.064516129032258,0.5175723104193548,0.4516129032258064,0.5806451612903226,0.5161290322580645,-0.3568508395504567,0.1515979048761114,0.3661659552204993,0.0951540448296977,0.2258064516129032,0.0,0.0,0.0,0.3225806451612903,0.064516129032258,0.3870967741935484,-0.0242403615682163,-0.6756983761117838,-0.0444970179481458,1.6266850991487345,1.1066851899701946,-0.4391652526332866,1.4237674528815842,-0.1624236008912423,-0.8688796918551517,1.4227685747698051,-0.5876182230765081,-0.9179640119317298,0.2438442418647726,-0.0653477495511418,-0.1305342739062018,-1,,1134,12,-0.6111002529909322,-0.5121004484336747,1134.0,0.0013822037007468,-0.6116504178470199,1.4626494187796872e-05,-0.5127183302039048,0.0013968301949346,11.484248878968554,1,2
2024/10/10,Republican,Arizona,Kari Lake,DA7eTKjPXbu,0,F,42,0.6024591031868132,0.4100561740659341,0.3049223532967033,0.1548072603076923,0.1519178199230769,0.5937592714285714,0.1868131868131868,0.7079643058241759,0.5714285714285714,0.3736263736263736,0.5164835164835165,-0.2398010791985543,0.171675959535404,0.3953328990674281,0.1094375274934935,0.0439560439560439,0.0,0.0,0.0549450549450549,0.3736263736263736,0.0659340659340659,0.4615384615384615,-0.0879084493098554,-0.4730719084152312,-0.7274118627220285,0.7025703772105321,1.10147117417231,-0.155061566351396,1.4061727302996334,0.4061469720469718,-0.8688796918551517,-1.0267280992462862,1.1956429781288478,-0.4093499362981419,-1.1001506322460857,-1.0762836206975954,0.0171418707518478,4,Economy,1766,20,-0.5109368479590926,-0.4719270193547333,1766.0,0.0021525323946374,-0.5111461437362224,2.4377490312994786e-05,-0.4723938156698655,0.0021769098849504,10.049364509887775,1,2
2024/10/10,Republican,Arizona,Kari Lake,DA7edmfq3NN,0,F,42,0.6020405727160493,0.4024284021810699,0.2974082627366256,0.1433238902016461,0.1169206198271605,0.5882313149794239,0.139917695473251,0.6795397193086419,0.6255144032921811,0.5267489711934157,0.4609053497942387,-0.3285220382359538,0.1723023735305228,0.392348220809497,0.0959133638843578,0.1440329218106996,0.0,0.0,0.037037037037037,0.2880658436213992,0.0576131687242798,0.4732510288065844,0.0111239336256098,-0.3770284079007682,-0.2605207179599214,-0.1440361690949198,0.8660384637604673,-0.3214127882417343,1.0224862815846394,0.1218616855778649,-0.8688796918551517,1.072840478481792,-0.5876182230765081,-0.7352218663890678,0.6689380383249584,-0.7925171679010659,0.5027888427519941,7,Energy and Environmental Issues,3499,56,-0.2362799161233675,-0.2911465884994971,3499.0,0.0042648419302584,-0.235554518682406,6.82569728763854e-05,-0.290933500266689,0.0043330989031348,5.392711415485176,1,2
2024/10/10,Republican,Arizona,Kari Lake,DA7ektRCekI,0,F,42,0.6032790919018405,0.4103176425153374,0.3227762547239264,0.1163072235153374,0.0943872471533742,0.5745331178527607,0.1779141104294478,0.7105062498466257,0.558282208588957,0.5644171779141104,0.5276073619631901,-0.3200763671264692,0.1604020189593884,0.4305335585873551,0.1045301339357203,0.1226993865030674,0.0122699386503067,0.0061349693251533,0.0061349693251533,0.2699386503067484,0.0981595092024539,0.4846625766871165,0.2435639313433032,-0.1373256597421098,-0.4628798984818778,0.540723727080146,0.8181108981173787,-0.2432938121701343,1.548185447227303,-0.6872579759111327,-0.8688796918551517,0.6959948363254701,0.811555950176925,-0.3208272613934132,0.0705808571780238,0.4973399402469763,0.6294887669189976,7,Energy and Environmental Issues,8565,165,0.5666121881350185,0.2562163827010792,8565.0,0.01043966022654,0.5700699317057265,0.0002011142950822,0.2584880102595953,0.0106407745216222,-8.413071751310724,1,2
2024/10/10,Republican,Arizona,Kari Lake,DA7ewieP7LC,0,F,42,0.6835019409189189,0.4567283167027027,0.3018611335459459,0.1301791026756757,0.1029716070972972,0.5777848665405405,0.1891891891891892,0.7324683205675675,0.4918918918918919,0.427027027027027,0.4702702702702703,-0.2827898055315018,0.1584834212550228,0.3958521304903803,0.0934128386390241,0.0324324324324324,0.0,0.0,0.0,0.4054054054054054,0.1081081081081081,0.4540540540540541,0.1547445357469923,0.4769634187842241,-0.6041266669737545,0.3355705516185749,0.5979159631798896,-0.4275553047079889,0.505047112168806,0.9462890163382758,-0.4454843106414571,-0.4668431451854651,-0.373626878931865,-0.7909992568429495,-1.0215295905574977,-0.1668791037808006,-0.6509473973252782,-1,,2516,45,-0.3920720476839663,-0.3463850534830415,2516.0,0.0030666882813747,-0.3918768311047381,5.484935320423827e-05,-0.3463797077509929,0.0031215376345789,7.550409401888025,1,2
2024/10/10,Republican,Arizona,Kari Lake,DA7e3jOtzxv,0,F,42,0.6618186783084578,0.4408482695024875,0.2948956747313432,0.1531757696716418,0.1235621429900497,0.586289855920398,0.1243781094527363,0.6763810448134328,0.5522388059701493,0.4875621890547263,0.5771144278606966,-0.2977943988285254,0.1517917867053482,0.39732380322556,0.0940179080407117,0.099502487562189,0.0049751243781094,0.0,0.044776119402985,0.1641791044776119,0.0845771144278607,0.6019900497512438,0.1148990371751458,-0.1608839060382217,-0.5747827806639536,0.4431350305939228,0.6618175738779026,-0.2447088630852959,1.1971123889491004,0.5685957071721757,-0.465645995461157,0.0730459176588976,-0.4347672629731919,-0.5916755294556288,0.6878042392155499,-0.7684253962389794,1.8135528000718488,3,Criminal Justice,2452,64,-0.4022151773074437,-0.2509731594205557,2452.0,0.0029886803123731,-0.4020544791159581,7.800796900158332e-05,-0.2506089857326498,0.0030666882813747,6.678572595538375,1,2
2024/10/10,Democratic,Pennsylvania,Bob Casey,DA8iVftMW8q,0,M,49,0.6902569154385966,0.4731842610175438,0.4153725755263158,0.1173531478596491,0.0617423227543859,0.5094877067543859,0.2543859649122807,0.6811001857587718,0.5614035087719298,0.4649122807017544,0.4561403508771929,-0.1468140422775034,0.1880811212097207,0.2798131903012593,0.1824258186013989,0.0,0.0175438596491228,0.0,0.0175438596491228,0.0175438596491228,0.5789473684210527,0.3684210526315789,-1.0343510860408955,-0.7942665904721404,-0.1425953265599996,-0.0303528326808424,-1.8282181299665268,-0.3732074900295303,-0.770259087795102,-1.4417073900022244,-0.1632207231656611,1.947660719201825,-0.052639862714901,-0.6783707740197228,1.6007329065878677,1.2806295066812925,-0.8954997163608156,-1,,102,2,-0.3107293441802713,-0.5045891770655051,102.0,0.0048592253823067,-0.3122748324744168,9.527892906483732e-05,-0.506687521537957,0.0049545043113715,5.257144052064225,4,4
2024/10/10,Democratic,Ohio,Sherrod Brown,DA8z-abu-nm,0,M,48,0.3964838616721312,0.2646510955606557,0.5316047321967213,0.402122928304918,0.4346105650885246,0.4564473460196721,0.6163934426229508,0.4660060041558361,0.340983606557377,0.3344262295081967,0.3967213114754098,0.0811647729917627,0.4064261000766843,0.2169008525668597,0.1164900190369448,0.0131147540983606,0.0,0.0,0.4295081967213114,0.1245901639344262,0.1836065573770491,0.2491803278688524,-0.2380951688356439,0.0430436581112585,-1.157607939690492,-0.3039303921865736,0.4028067677224526,-0.477145622907075,-0.3763924140953331,-0.503565944654171,0.2601746580480333,-0.6768000029582735,1.1243125300806334,-1.2459808182150665,0.6657805501640087,0.1687286615505175,-0.003123810480416,-1,,-1,4,,-0.50627762103329,,,,0.0001298701298701,-0.5089079088512009,,,2,1
2024/10/10,Democratic,Michigan,Elissa Slotkin,DA8046jPRGt,1,F,48,0.5034314263829787,0.4181135199361702,0.2725323562808511,0.1390715030595744,0.1010082077787234,0.575910744680851,0.4382978723404255,0.6954644352595745,0.1106382978723404,0.102127659574468,0.1063829787234042,-0.1625823705278812,0.1325793613994225,0.2594794742604519,0.1240267497418306,0.4212765957446808,0.0127659574468085,0.0042553191489361,0.0042553191489361,0.1489361702127659,0.1957446808510638,0.2127659574468085,2.170355935780249,-0.2582112912494925,-0.1735813072732598,-0.1860816724821255,1.081327931186634,3.436109104133344,1.7373653642859257,0.6173303277097373,-0.1430590383459612,-0.1069171032892234,-0.5570480310558447,1.6455402703677575,0.7546313735154323,-0.6492710413982027,0.9099413313459208,-1,,473,12,-0.1128083632615262,-0.2285728816366598,473.0,0.0227109041148509,-0.1130219788567868,0.0005761751572478,-0.2282931818060063,0.0232870792720987,5.412463409838255,0,0
2024/10/10,Republican,Arizona,Kari Lake,DA9ZbNpteuL,0,F,42,0.4644715767889907,0.3583001637614679,0.2404217439449541,0.2288935804770642,0.2558023995504587,0.4765719966972476,0.4495412844036697,0.8062289582935779,0.5871559633027523,0.4862385321100917,0.5871559633027523,-0.0129483076957387,0.2252322390907547,0.3110307237697304,0.1126591546503647,0.1009174311926605,0.0,0.0,0.2935779816513761,0.2844036697247706,0.1376146788990825,0.1834862385321101,0.9048975783510892,-0.5619563182435642,0.7345433958423203,0.4337670050122664,-1.4680701649572014,0.5295533830566641,0.4400712856263882,0.0507903639605881,-0.8688796918551517,-0.1519078585262535,0.749827677827509,0.2414320822509487,0.2554834336968778,-1.1504113693546916,-0.9874304428426977,6,Election Policy,15502,479,1.6660323474797525,1.8330234740495288,15502.0,0.0188949927416022,1.6732315606718684,0.0005838408929962,1.8412252057206344,0.0194788336345984,-35.7763557705037,1,2
2024/10/11,Republican,Michigan,Mike Rogers,DA9tXO2vN4v,0,M,44,0.3626789289910314,0.2830068020291479,0.3163911411434977,0.0826324605762331,0.0597141365807174,0.4608992639686098,0.0470852017937219,0.2997698382793722,0.5852017937219731,0.600896860986547,0.6210762331838565,-0.2272386329223489,0.1567443392484176,0.2955192135722113,0.1554291568731493,0.0201793721973094,0.3385650224215246,0.0,0.0,0.4170403587443946,0.2152466367713004,0.0089686098654708,-0.8299060238132344,-0.5022216952034095,0.1881271692230089,-0.9195817062403356,-0.7737542721861366,-0.8131677713156998,-1.4050943690543567,-0.8447082884170993,-0.5301633868841961,0.7928980014513818,0.6535315729624197,-0.0210958502340139,-0.3597687692669892,-0.2654114152090048,-0.6481742207888203,0,Abortion,84,5,-0.0942129338685896,-0.1773714656851012,84.0,0.0919037199124726,-0.3534636814144086,0.0054704595185995,-0.2072028956481599,0.0973741794310722,-2.075358896680888,4,4
2024/10/11,Republican,Pennsylvania,Dave McCormick,DA9s_0YNOqC,1,M,44,0.4956587223039216,0.2014112802794117,0.5886976770588236,0.4406002323088234,0.389082149367647,0.4125007201372548,0.4264705882352941,0.449315896854902,0.5294117647058824,0.5098039215686274,0.4803921568627451,-0.2829585681194622,0.2199134774213592,0.2728844829926304,0.1375001736304159,0.3676470588235294,0.0490196078431372,0.0,0.5,0.0441176470588235,0.0147058823529411,0.0245098039215686,0.2933378299239803,-0.7946444938401864,-0.2780968240214512,0.3307816407176212,-1.6378466831539429,0.4168659416157747,-0.2278746287615503,0.2640043288124185,-0.8688796918551517,0.8978764303377856,-0.5876182230765081,0.4456932598510815,2.5814175084350226,-0.4032864438371091,0.1451846219676708,-1,,118,2,-0.6387228839140877,-0.4555441236580014,118.0,0.1026086956521739,-0.5123012670422038,0.0017391304347826,-0.433765272919527,0.1043478260869565,3.2005413658377617,2,1
2024/10/11,Democratic,Michigan,Elissa Slotkin,DA99vTYAvEj,1,F,48,0.395432886809816,0.2942489069693251,0.2639060296319018,0.1112871181288343,0.0989887863128834,0.3863861677300613,0.5766871165644172,0.5929182693128835,0.588957055214724,0.6257668711656442,0.6380368098159509,-0.1986985132098198,0.1506596659394399,0.4212997488997465,0.1082130664190648,0.1104294478527607,0.0184049079754601,0.0061349693251533,0.147239263803681,0.0122699386503067,0.1533742331288343,0.5521472392638037,1.0513604135237016,-0.7065604814007126,1.0612125008505258,0.075572158792116,0.7439508582301676,1.65984331203881,1.924115544077469,0.6904322585160791,-0.8688796918551517,0.1630274281329581,-0.373626878931865,0.5989105849837288,-0.6541573557405181,-1.2204560886836833,-1.036271793675403,-1,,248,20,-0.2298390086304814,0.0124031796236946,248.0,0.0119036190841893,-0.2293465597555816,0.000959969280983,0.0114019911813647,0.0128635883651723,10.064062137490897,1,4
2024/10/11,Democratic,Ohio,Sherrod Brown,DA_RUw9MWJa,0,M,48,0.4707240776595744,0.3539078323404254,0.4238931440425532,0.2790347827234042,0.2417360420212765,0.5112856303404256,0.425531914893617,0.445196989974468,0.3958333333333333,0.4583333333333333,0.375,0.0985047164916371,0.1193259213230779,0.4784667631611228,0.252947668208949,0.0625,0.0,0.0,0.2916666666666667,0.0,0.625,0.0,0.0295682586116678,-0.1035057501086413,1.0757586194898416,-0.1871821330618092,0.1717870967154005,-1.1885862021766267,-0.7888558171670019,-0.1624236008912423,-0.8688796918551517,-0.32687190667026,1.1956429781288478,-0.5253476399082146,-0.4070481735098672,0.0040596982028293,0.6005356319317855,8,"Environmental, Social, and Corporate Governance (ESG)",-1,1,,-0.6664920580691412,,,,3.244225279003374e-05,-0.668865510671672,,,2,1
2024/10/11,Democratic,Michigan,Elissa Slotkin,DA_UjSzggI3,1,F,48,0.5594243547904192,0.3804828016167664,0.2970388513712575,0.1962086519580838,0.1956115673473054,0.4327139670658683,0.5149700598802395,0.7074133525808384,0.5269461077844312,0.6347305389221557,0.592814371257485,-0.1013644497261611,0.2010921295796695,0.4299975475686753,0.1325024863386176,0.5149700598802395,0.0059880239520958,0.0059880239520958,0.0419161676646706,0.0,0.2275449101796407,0.2035928143712574,1.7783222555668756,0.5687109816064226,-1.7382633723496672,0.7858700456774971,1.9785786979573128,2.8570564309230475,2.322296911360416,-0.771606357610758,-0.8688796918551517,0.972861022399502,0.6351894577500216,1.582393282646288,-1.4551480368336582,0.3917899184551932,0.7075696790239611,0,Abortion,278,17,-0.2142349225812874,-0.0779628433489382,278.0,0.0133435730056638,-0.2138475666269767,0.0008159738888355,-0.0785290377105235,0.0141595468944993,13.524433788996312,1,2
2024/10/11,Republican,Arizona,Kari Lake,DA_WJ_tCBgx,0,F,42,0.4956607135379062,0.3532333046209386,0.2792549137148015,0.3149339471588447,0.3172998161624548,0.4314107432490975,0.4223826714801444,0.6608229252306859,0.4007220216606498,0.4223826714801444,0.4368231046931408,0.0043570841612153,0.2744090306757248,0.2587151651670786,0.161205151023146,0.1660649819494584,0.0072202166064981,0.0,0.3068592057761732,0.1046931407942238,0.0324909747292418,0.3826714801444043,0.1351657334807063,-0.2702710703007102,0.422760297297734,0.5767385531319278,0.2072782922554149,0.2639799532530784,1.375582662871379,0.8250937100014455,-0.8688796918551517,-0.0690301515106715,-0.3060506649914522,-0.3200355082889276,0.7166317497097915,1.0303916987400186,0.9174015050003348,0,Abortion,2790,43,-0.3486467739834535,-0.3564284107527768,2790.0,0.003399611542595,-0.3484405538779966,5.239544671383069e-05,-0.3565276543471265,0.0034520069893088,12.502418245286044,2,2
2024/10/11,Republican,Arizona,Kari Lake,DA_WWc6PJtS,0,F,42,0.480607572735426,0.34940876,0.3107635382780268,0.2292261260313901,0.2388254307219731,0.5103511293273543,0.4080717488789238,0.6650736936322871,0.5874439461883408,0.4439461883408072,0.5201793721973094,0.0152441776386825,0.2430370462309329,0.3036243840049735,0.140759302000724,0.1838565022421524,0.0,0.0,0.2466367713004484,0.1838565022421524,0.0134529147982062,0.3721973094170404,0.4082547785587899,-0.6758285797225562,0.1370751869608186,0.2615469255135984,-0.8135018725393955,1.2432203311457597,1.16779725395804,0.9747175449851864,-0.8688796918551517,1.072840478481792,-1.6575749437997211,0.0936080289586902,0.8216220436917894,-0.615886421480078,-0.5794440682333555,3,Criminal Justice,4248,94,-0.1175736022486081,-0.1003228003745255,4248.0,0.0051761827358221,-0.116652487825777,0.0001145388835139,-0.0995381234041104,0.0052907216193361,3.863746758803884,1,2
2024/10/11,Democratic,Ohio,Sherrod Brown,DA_pHP_vtOH,0,M,48,0.43773363,0.2255789952307692,0.6697100784615385,0.1299204773846153,0.0717706228846153,0.4552914746153847,0.2307692307692307,0.4320680680769231,0.3076923076923077,0.3846153846153846,0.2307692307692307,-0.3155974825987449,0.1651484432748427,0.2487181149996244,0.1556693148335485,0.4615384615384615,0.0769230769230769,0.0769230769230769,0.0769230769230769,0.0769230769230769,0.0769230769230769,0.1538461538461538,1.4657542553547651,-0.6844275834342072,0.4622651108030428,-0.3500026001235846,0.8713023876965401,-0.6973808045523875,-0.1978169213177782,1.5432881179234004,-0.8688796918551517,-1.726584291822312,0.4823384976467055,1.729193119176393,-2.0172634297623384,1.320344416297795,-0.0714969741339892,-1,,-1,14,,0.0277705024195475,,,,0.0004541915390604,0.0235646892171518,,,0,0
2024/10/11,Republican,Arizona,Kari Lake,DA_qyoqp0Jv,0,F,42,0.5450209250568182,0.432909824375,0.3658608281818182,0.085841787528409,0.0690695955624999,0.5902079613636364,0.0795454545454545,0.5648134054772728,0.5852272727272727,0.5056818181818182,0.5397727272727273,-0.3497085110707716,0.1504692002509482,0.3753146156668663,0.1333954618942944,0.1306818181818181,0.0,0.0,0.0056818181818181,0.2102272727272727,0.0227272727272727,0.6306818181818182,-0.0148062064818317,-0.0139040678384758,-0.4411492094898602,0.2636936573827139,0.7644824187999982,-0.2266104272039251,1.4624666840905416,0.5557708070307122,0.0224790054368363,-1.0635626356976562,0.3697114744126831,-0.6783401330087107,-1.207758267002234,-1.0333853702630529,-1.563937653485109,15,Immigration,9865,173,0.7726445086119038,0.2963898117800206,9865.0,0.0120204902751613,0.7763197803603115,0.0002108002856161,0.298543699037032,0.0122312905607775,-18.95615457960702,1,2
2024/10/11,Democratic,Ohio,Sherrod Brown,DA_ulW_yJ42,0,M,48,0.5450347667500001,0.4232375302499999,0.3951054077499999,0.0610364816249999,0.035249824625,0.354333845,0.2,0.11803431158,0.275,0.35,0.375,0.098259753640741,0.0819446082429029,0.2650657977908849,0.1615240699680058,0.1,0.0,0.125,0.0,0.0,0.65,0.125,1.176044633910566,0.8134326357308789,-0.5412632573497587,-0.1834156737079441,-1.9600533650735388,0.0289279866164474,-0.7409247112800077,0.0999935866187026,-0.2175021822956218,-0.273036814933643,0.317729771381596,-0.5726761288349171,-0.517910967903024,0.2678052650114319,-0.336351579219202,4,Economy,310,11,-0.5486616424888046,-0.1324439346163037,310.0,0.0100570983649104,-0.5495698090224981,0.0003568647806903,-0.1362268953725767,0.0104139631456008,-20.308436805418616,0,4
2024/10/11,Democratic,Arizona,Ruben Gallego,DBAALCVJAv-,1,M,50,0.4936887642857144,0.2817769528571429,0.4902351345714285,0.185724354,0.1802325368,0.5807926750000001,0.6285714285714286,0.8384147976571428,0.6,0.4285714285714285,0.5428571428571428,-0.0559345595538615,0.1684071371271152,0.5425695398024151,0.1504593782658315,0.0285714285714285,0.0,0.0857142857142857,0.2,0.4857142857142857,0.1714285714285714,0.0285714285714285,-0.6884001281033676,-0.4705315311798499,-0.7940368198386646,-0.6512568111036897,-0.4557566638295216,-0.3450534355496018,-0.1858501417700858,0.923029311081712,-0.8688796918551517,-0.5813650676069969,0.0932633264746279,0.0903307808593501,-0.130226446382128,-0.2575829689351985,-0.7540554785595585,4,Economy,135,11,-0.9421810194158604,-0.5425124459727697,135.0,0.0100686157517899,-0.929683658032532,0.0008204057279236,-0.5455780416922393,0.0108890214797136,10.352690959705708,3,4
2024/10/12,Republican,Arizona,Kari Lake,DBA7jAtqYY5,0,F,42,0.44899139596,0.3038343268119999,0.311675124804,0.122513914752,0.1148020942259999,0.5153178327999999,0.168,0.5384166960191998,0.498,0.426,0.466,-0.0616689252480864,0.210649040532461,0.2937936216890812,0.1306458908297262,0.2,0.0,0.0,0.09,0.244,0.004,0.462,0.4194163790784815,-0.2820649373744925,0.0440408501423133,-0.4156692893895188,-0.0975671341558082,0.1451434611156393,1.006281438383199,0.6904322585160791,-0.4839747998427026,-1.1539746797146546,0.6768760832327442,-0.1923723268933197,-1.165371942785677,-0.7271794875909524,-0.656266586788814,-1,,3927,83,-0.1684477367663621,-0.1555612653580699,3927.0,0.0047840711263581,-0.1678110296172721,0.0001011148213617,-0.1550523275336962,0.0048851859477199,11.148798613798876,1,2
2024/10/12,Republican,Ohio,Bernie Moreno,DBBwlPguq-r,1,M,45,0.6086145360062892,0.3477603293647798,0.3906462474371069,0.274942190336478,0.2417746152578616,0.48631631463522,0.3490566037735849,0.5298226448389937,0.559748427672956,0.5408805031446541,0.5786163522012578,-0.2428608407740885,0.2720250433660502,0.3368608004548264,0.18695303834605,0.0974842767295597,0.0,0.0,0.2955974842767295,0.0157232704402515,0.3396226415094339,0.2515723270440251,-1.3294124799659277,-1.112681661703031,1.434858240389619,0.4306031625651063,0.1460797762861242,-1.1901349439651443,-1.1909551518202328,0.1787187428716864,-0.3043525169035596,0.3729842859057659,-0.373626878931865,0.0423538401377202,-0.4894852795290944,0.0779218293588748,0.6785182732614835,-1,,381,44,-0.3111673657409122,-0.2457544935034628,381.0,0.0686733958183129,-0.0245285023669395,0.0079307858687815,-0.0614202094645234,0.0766041816870944,0.916244339327576,3,1
2024/10/12,Democratic,Ohio,Sherrod Brown,DBCE_Ocp9mF,0,M,48,0.4749376450000001,0.164845916,0.744936701,0.1168373579999999,0.0537255009999999,0.5288871239999999,0.1,0.5997453881849999,0.55,0.45,0.55,0.0950420910492539,0.1083902212783338,0.1698543801903724,0.0678605490619969,0.75,0.0,0.0,0.15,0.0,0.1,0.0,0.2799180341393368,-1.507060050636647,0.6693028511456935,-1.200610726343728,0.1356372099173944,-0.8165695619310955,-0.7451111741256076,0.6904322585160791,3.365074120281793,-1.726584291822312,-1.6575749437997211,0.911253658136224,4.064668552229379,-1.5863510223003054,-2.509952534493124,-1,,-1,6,,-0.3994679963427224,,,,0.000194495769717,-0.4028051929157833,,,4,4
2024/10/12,Republican,Ohio,Bernie Moreno,DBCGlzhOboA,1,M,45,0.6536298267605634,0.4111707376056338,0.3225196316901408,0.0817982633309859,0.0504357099154929,0.5961441058098592,0.1690140845070422,0.4529880662443662,0.5915492957746479,0.5,0.5774647887323944,-0.3615536974401961,0.1549121635134165,0.3649472286793547,0.1937550673690831,0.0070422535211267,0.0,0.0,0.0,0.0140845070422535,0.5070422535211268,0.4718309859154929,-1.2314026277145729,-0.9309281752006836,1.4688197035414303,-0.4127561971715787,0.3547756346266665,-1.412255495248139,-1.0071633018234118,0.6904322585160791,1.671492595427015,-0.4668431451854651,-1.6575749437997211,-0.4289160568455515,0.6592344321650363,-0.1513240745564397,-0.1679797370967688,-1,,242,68,-1.133063115631398,1.1420355874572683,242.0,0.0436193222782984,-0.7741793493086206,0.0122566690699351,1.0871442503122524,0.0558759913482335,-0.0147614542036184,4,4
2024/10/12,Democratic,Pennsylvania,Bob Casey,DBCKLbDt1AV,0,M,49,0.4684553323966942,0.3688427331404958,0.4294657329752066,0.0866923469421487,0.0384669283305785,0.4822339083966941,0.4049586776859504,0.3544671456528925,0.4710743801652892,0.5041322314049587,0.4876033057851239,-0.1335209733075346,0.1192789626308857,0.2337493332456951,0.131243733888891,0.0165289256198347,0.0,0.0,0.0,0.0082644628099173,0.7603305785123967,0.2148760330578512,-1.450848520571807,-0.8365315370091088,-1.1949644586563826,-0.2376888426155647,-1.84365971993174,0.2051528974606756,-0.2869476246391174,-1.137116011642467,1.5505224865088163,0.0730459176588976,0.1766365774400731,-0.6757458210851551,-0.037662089672972,-1.0287666920869212,0.1834713065710872,-1,,133,3,-0.286224999948976,-0.4405741322139112,133.0,0.0063345399123642,-0.2874140713795727,0.0001428843589255,-0.4422121956107898,0.0064774242712897,5.371595271309765,4,4
2024/10/12,Republican,Pennsylvania,Dave McCormick,DBCQpzPPMeT,1,M,44,0.4098529922857142,0.2271095112761904,0.5148367776190477,0.2244847042190476,0.1880520832,0.509954206,0.4952380952380952,0.5628295667361906,0.3457943925233644,0.2990654205607476,0.2616822429906542,-0.0674265511333942,0.1689441947163285,0.1886028656103078,0.1483077410632241,0.3271028037383177,0.02803738317757,0.0373831775700934,0.1682242990654205,0.0560747663551401,0.1869158878504672,0.1775700934579439,-0.740469384207603,-0.1293811348483901,-0.4264638582830133,0.4515319803530921,0.5352885957271328,-0.010704357501217,0.1560167071938526,-0.5215208048522197,0.0224790054368363,-1.0635626356976562,1.7212357532209526,-0.2355644021129165,0.6166146339233625,-0.5691744372758129,-0.530819736560123,7,Energy and Environmental Issues,75,0,-1.0936436658537814,-0.6387388114561252,75.0,0.0667259786476868,-0.9257541858225702,0.0,-0.6271220433633878,0.0667259786476868,4.687905484807216,0,1
2024/10/12,Democratic,Pennsylvania,Bob Casey,DBCWDDTv_-s,0,M,49,0.4615209074999999,0.2326937,0.24752104375,0.3271725425,0.26780896825,0.3692135925,0.75,0.5886637364375,0.0,0.0,0.0,0.0849860785529017,0.2016133737072374,0.1036814413964748,0.129644392984671,0.75,0.0,0.0,0.25,0.0,0.0,0.0,0.8757661953091705,-1.089384997775849,2.474896694185042,2.0419647727080967,-1.2901589231747463,-0.0468729668320049,-0.7122975448435885,-1.868135319705885,-0.8688796918551517,4.572121441361922,-1.6575749437997211,1.003162360066853,2.444713934217659,-1.909723858701597,-2.6244968400211204,-1,,1297,41,0.6338736028003071,1.9919975721466583,1297.0,0.0617736711754619,0.6467995959824672,0.0019527529053152,2.0090179425338324,0.0637264240807772,-19.407173952503506,0,1
2024/10/12,Republican,Wisconsin,Eric Hovde,DBCdXDjyLjA,0,M,45,0.4182211383076923,0.2538347919384615,0.689822629076923,0.1530029814153846,0.0896845682615384,0.5544509003076923,0.2,0.5773139091846153,0.3692307692307692,0.5384615384615384,0.5692307692307692,-0.3936742532711763,0.1457902403854045,0.3696280114925824,0.1332638025791859,0.8769230769230769,0.0,0.0307692307692307,0.0,0.0307692307692307,0.0153846153846153,0.0461538461538461,-1.7421562431760311,-1.171196974662111,0.1719989975591581,-2.865717063694666,0.0184403776679048,-1.1708427031909523,-0.7605990782764941,-0.8447082884170993,0.8247018329996264,0.7928980014513818,-0.373626878931865,-2.0687895335185025,0.5865872622510937,-0.3559886639837106,-1.0542169224072044,15,Immigration,491,20,0.2224093504911132,-0.4145972441662582,491.0,0.2350406893250359,-0.1745526138010844,0.009573958831977,-0.6089162718068674,0.2446146481570129,-6.627159360823784,4,4
2024/10/13,Democratic,Texas,Colin Allred,DBC42OANkzx,0,M,44,0.4716121431343284,0.3747848500995024,0.2472646346318407,0.2898422606716417,0.2976339508656717,0.4566658187014925,0.7164179104477612,0.6965124858047262,0.6069651741293532,0.5373134328358209,0.6268656716417911,-0.2046832441727616,0.2508913648755093,0.2666431067891381,0.0749261139918779,0.208955223880597,0.3482587064676617,0.0,0.1194029850746268,0.0,0.1044776119402985,0.2189054726368159,-0.6356070190039407,0.3496800327901564,-0.1555297422602874,0.7519644394355559,-0.6323416541750794,-0.5406836537489688,-0.6795781909625672,0.2389203329474971,0.6254569477225934,-1.3560721898702983,0.60821575890826,-1.488949476348742,0.6922433003752498,-0.6936808674502427,-0.6622434952861757,3,Criminal Justice,810,40,-0.3130896992231094,-0.1646358783083742,810.0,0.0131681623097932,-0.3363861155457179,0.0006502796202367,-0.1872367029394755,0.0138184419300299,-4.915993477575147,3,3
2024/10/13,Democratic,Pennsylvania,Bob Casey,DBERoJDN1Wy,0,M,49,0.4422035186530613,0.2496284730979592,0.4331064532897959,0.081201730032653,0.0306039414408163,0.5839090022040816,0.1795918367346938,0.2441430669734693,0.5836734693877551,0.5346938775510204,0.5877551020408164,-0.3133394587708979,0.1584783258917584,0.2299348881050032,0.161429326575737,0.2163265306122449,0.0,0.0,0.0,0.2979591836734694,0.1918367346938775,0.2938775510204082,-1.4126235839673198,-0.3973228745196671,-0.4557534487037967,-0.4783451617405929,-1.0896663545164005,-0.4459763907436359,-0.4239186554632708,-1.08088375717605,1.0852528368234378,1.1805106619550267,-0.669922586209063,-0.8092194407956923,0.0931949918032034,-0.7729452120906403,0.4316865373272208,0,Abortion,97,0,-0.3146816577659642,-0.632619266768693,97.0,0.0046177282681138,-0.3163443389686069,0.0,-0.6357303644116811,0.0046177282681138,9.894826074545026,4,4
2024/10/13,Democratic,Ohio,Sherrod Brown,DBEhq2nvMBk,0,M,48,0.6061865527272726,0.3547695393939394,0.4103599578787879,0.1068714132424242,0.0546213086666666,0.4880626393939394,0.1515151515151515,0.2783762247030303,0.3823529411764705,0.2941176470588235,0.4117647058823529,-0.0234973057556678,0.1451659569003086,0.4662013273028766,0.2705021790173537,0.0588235294117647,0.0,0.0,0.0588235294117647,0.088235294117647,0.5882352941176471,0.1764705882352941,0.6264750738129298,1.8763926202007013,0.7720815206737732,1.9949583541661555,-1.340925397963996,-0.5035887775495713,-0.4206840087115745,-0.8447082884170993,-0.8688796918551517,-0.4668431451854651,2.194269250803847,0.2183461383101948,0.3210163824373319,-1.342100466066687,-0.516557117084358,-1,,-1,3,,-0.5596824333785737,,,,9.71628449280995e-05,-0.5626069015643943,,,0,1
2024/10/13,Democratic,Pennsylvania,Bob Casey,DBElUFphxFy,0,M,49,0.568159016875,0.1780258875,0.5983556871875,0.07835838121875,0.03385668628125,0.31071070965625,0.0625,0.48372555400625,0.59375,0.59375,0.46875,-0.2040004176087677,0.1320227679319825,0.143729499541223,0.196046722256455,0.09375,0.0,0.0,0.09375,0.46875,0.0,0.34375,-0.9870204506313428,-0.216176148390549,0.7478611823419873,0.7107801798183688,-0.6946891102281193,-0.4668260645682836,-0.3794693288782366,1.5432881179234004,-0.8688796918551517,0.3729842859057659,-1.6575749437997211,-0.6871525645394818,-0.0507105231433781,1.9822019104608872,1.122404460228584,-1,,113,7,-0.3020342542917472,-0.1845139528075354,113.0,0.0053794154051223,-0.3035090272053284,0.0003332381224412,-0.1844029293136997,0.0057126535275635,5.082133629811509,4,4
2024/10/13,Democratic,Ohio,Sherrod Brown,DBEps9avGxL,0,M,48,0.5054680808510638,0.3022519459574467,0.5236347259574469,0.3309580474255319,0.2807971911914893,0.4537790428723405,0.4680851063829787,0.4431213626,0.4,0.42,0.44,-0.0034974637627601,0.1804949905891968,0.2945342230796814,0.2085961888030141,0.12,0.0,0.0,0.36,0.06,0.26,0.14,-0.8563212752069294,-1.0121055094660318,2.065899026150096,2.2102645390948705,1.4390430897758597,-1.4333329049882082,-0.2729447213425113,-0.1624236008912423,-0.8688796918551517,0.3729842859057659,0.4823384976467055,-0.9562314964853988,2.0706624352113563,0.7781877159724803,-1.6425799384663262,-1,,-1,3,,-0.5596824333785737,,,,9.71628449280995e-05,-0.5626069015643943,,,2,1
2024/10/13,Republican,Arizona,Kari Lake,DBFAKnVtZoY,0,F,42,0.5039244063043479,0.2137410731521739,0.5294959973913044,0.1990654074565217,0.168906179847826,0.5776108754347825,0.5,0.7368120110869565,0.6086956521739131,0.5217391304347826,0.5,-0.2865955534026674,0.1978853562001317,0.1902342011099276,0.1830829753794011,0.5217391304347826,0.0,0.1304347826086956,0.0652173913043478,0.0652173913043478,0.108695652173913,0.108695652173913,2.646816364749477,0.717486282657195,1.0704636113412704,0.4668036258215219,-0.2112389593055352,1.8583418803972127,1.5399987089938034,1.33007415307157,-0.8688796918551517,-0.9392460751742828,-0.052639862714901,1.147636295485828,0.0490243569691014,-0.8999071348924222,-0.1128904537593423,15,Immigration,2982,28,-0.3182173851130212,-0.4317535902757919,2982.0,0.0036323771240635,-0.318071782743018,3.4106827455996105e-05,-0.4321588702353485,0.0036664839515195,59.84649677323006,1,2
2024/10/13,Republican,Michigan,Mike Rogers,DBFQSkkPKkJ,0,M,44,0.3638783548387097,0.3234329022580645,0.4253843593548387,0.1123664424193548,0.0756736968064516,0.7273366606451612,0.032258064516129,0.141519446916129,0.6129032258064516,0.3225806451612903,0.5161290322580645,-0.2752669844776392,0.1958465898122149,0.4340441202925097,0.1200736448719837,0.4838709677419355,0.2258064516129032,0.0,0.0,0.032258064516129,0.1935483870967742,0.064516129032258,-0.8016247595130335,-0.2454936902735552,0.1336510336996321,-0.6796314495036748,-0.9368447736781408,-0.3744625080936061,-0.8853649746942143,0.6904322585160791,-0.8688796918551517,-0.6768000029582735,0.4823384976467055,-0.1336788260982677,0.0179510179717477,-0.5835632390785207,1.5632540395579442,8,"Environmental, Social, and Corporate Governance (ESG)",27,0,-0.3456761756718493,-0.6581977280844721,27.0,0.0287539936102236,-0.5528387175275201,0.0,-0.2877464015006001,0.0287539936102236,-5.5045202581075285,4,4
2024/10/13,Republican,Arizona,Kari Lake,DBFSFrwNX9O,0,F,42,0.4884933217142856,0.1911420730285714,0.4713188231428571,0.2280728366571428,0.1841719080571428,0.4880551114285714,0.1428571428571428,0.6076233727885714,0.4857142857142857,0.5714285714285714,0.4857142857142857,-0.0331237007464681,0.0758589235658569,0.1161520532199314,0.134872439542726,0.5428571428571428,0.0,0.0,0.0857142857142857,0.0285714285714285,0.0,0.3428571428571428,1.4651014103301838,1.2886335314532529,0.6396189553827106,-1.094104212728831,1.326803984241592,2.934132207866782,1.7470943849028762,1.7138592898048646,-0.8688796918551517,-0.4668431451854651,-1.0156009113657931,0.295851618357352,2.384099875322426,1.2990236458594973,-0.2007401550003532,10,Foreign Policy,9368,175,0.6938767676295868,0.306433169049756,9368.0,0.0114111699859918,0.6968221660955868,0.0002131676715999,0.3083338465551299,0.0116243376575918,-79.82314964478986,1,2
2024/10/14,Democratic,Texas,Colin Allred,DBFbsutAUtK,0,M,44,0.4371757913877551,0.3863934514693877,0.2727258489142857,0.2891311671265306,0.2681318222612245,0.5333481605959183,0.5306122448979592,0.5211652234779591,0.5265306122448979,0.4693877551020408,0.5918367346938775,-0.3499636770663212,0.3415328518153654,0.3461426124280812,0.1258341248884062,0.6204081632653061,0.0857142857142857,0.0,0.1428571428571428,0.0,0.0163265306122449,0.1346938775510204,-1.4631912689365238,-0.5572483272170268,0.4667396285884961,0.9202540220379628,1.1327943251787986,-0.5604091497520963,-0.8786695845625816,0.6904322585160791,-0.1632207231656611,-1.2016921473902926,0.4823384976467055,-0.1042817262374168,1.153366875434605,-1.1891728495372236,-0.0159327169538261,-1,,577,16,-0.4664346613607254,-0.5666940232298776,577.0,0.0093276645273929,-0.5077411853148318,0.0002586527425273,-0.6261949972105997,0.0095863172699203,-7.754867174409561,3,3
2024/10/14,Republican,Pennsylvania,Dave McCormick,DBFlU3cNcmG,1,M,44,0.4923118462831858,0.2931121030088495,0.6311560459292035,0.2226222553362832,0.1675112935132743,0.4758646901769911,0.1415929203539823,0.4007409337106193,0.5221238938053098,0.6106194690265486,0.4867256637168141,0.0205766611394629,0.198058893289135,0.0987428029817817,0.1506122054555551,0.4513274336283185,0.1946902654867256,0.0,0.2654867256637168,0.0,0.079646017699115,0.0088495575221238,0.3378652270880828,-1.0328696574436662,0.6777345316614372,1.2457531119546537,-0.4142111188574641,0.1183913272566494,-0.3498878953959087,0.0507903639605881,0.1896087611790845,-0.1519078585262535,-0.052639862714901,0.9300092012656532,2.890424431026462,1.5322053679568814,1.2961986276747717,-1,,108,13,-0.7445184145977374,0.5520266592316799,108.0,0.0919148936170212,-0.6355189058776463,0.011063829787234,0.6029561345667056,0.1029787234042553,0.610462067745817,4,1
2024/10/14,Republican,Wisconsin,Eric Hovde,DBHb0n9C7Rm,0,M,45,0.4690225009756096,0.2170536921951219,0.6800163892682927,0.1541219342195122,0.0750120518780487,0.4985931397560976,0.5365853658536586,0.6499474751341462,0.4186046511627907,0.4418604651162791,0.4186046511627907,-0.2707587710993234,0.1549297008407147,0.4061232223067172,0.1894279452484933,0.6976744186046512,0.0,0.0232558139534883,0.2093023255813953,0.0,0.0232558139534883,0.0,1.4366133405698611,0.951016266898412,0.4388604162607387,-0.5964846899178763,-0.9133765388237516,-0.741379026639636,-0.8420476342483276,0.9747175449851864,-0.8688796918551517,0.3729842859057659,-0.9442704633175788,1.4175030280948806,-0.5686213414856746,0.9630985384072306,-0.275869119594927,-1,,322,38,-0.5577885298031092,0.5843535961083485,322.0,0.1505376344086021,-0.7051536268172657,0.0177653108929406,0.0749859230622019,0.1683029453015427,0.3286117440876865,2,1
2024/10/14,Democratic,Texas,Colin Allred,DBHc_NqIX7r,0,M,44,0.5927942090909092,0.4480608918181818,0.2877532234090909,0.1985459585454545,0.1764096376363636,0.4968681920454545,0.4090909090909091,0.7187391693181818,0.5227272727272727,0.5454545454545454,0.4318181818181818,-0.0088081428442489,0.1707389448461451,0.5334853360598738,0.1425002669266425,0.1818181818181818,0.0454545454545454,0.0,0.0,0.0454545454545454,0.4772727272727273,0.25,0.1924556436422168,-0.4980722168099698,2.265800811285664,2.2328531170116825,1.912028410078461,-1.5165197962955206,-1.3323241661316416,0.8872451491485378,-0.8688796918551517,0.211479010695914,-0.669922586209063,0.4362126382359171,-0.8257424847984771,1.3120454954004042,-0.4935871155387019,6,Election Policy,521,17,-0.5032901029045301,-0.549941600524815,521.0,0.0084223799285471,-0.5481331121913442,0.0002748185389353,-0.6080754277411135,0.0086971984674825,-7.9057643890783,3,1
2024/10/14,Republican,Arizona,Kari Lake,DBHijYfBLyd,0,F,42,0.3877003217567567,0.2595344906756756,0.2986482060810811,0.1651273397837838,0.175793437554054,0.5165699995945946,0.2702702702702703,0.6885024895810812,0.5675675675675675,0.5405405405405406,0.6216216216216216,0.0878322705928538,0.1912597415806627,0.2927584789089254,0.1307254760290799,0.027027027027027,0.0,0.0,0.3648648648648648,0.054054054054054,0.0405405405405405,0.5135135135135135,0.0062586354641971,-0.5805265905031857,0.5495745076765018,-0.0281223538492102,0.5903157793632304,2.3714609688418267,1.732981631263453,0.6904322585160791,-0.8688796918551517,-0.1519078585262535,-0.052639862714901,0.7251367645165953,2.9552098476973714,-0.4613216618229254,-0.3719748864604591,6,Election Policy,2287,21,-0.4283654333679715,-0.4669053407198656,2287.0,0.0027848030363729,-0.4286542121839317,2.5570994212431645e-05,-0.4674581696372611,0.0028103740305853,-25.27321620664151,1,2
2024/10/14,Republican,Arizona,Kari Lake,DBHiy5UA4bl,0,F,42,0.4543043980726256,0.3196162679608939,0.301093294,0.1515338756787709,0.1528550063072626,0.5251538644692737,0.2402234636871508,0.6945725209896648,0.5810055865921788,0.5335195530726257,0.5893854748603352,-0.0208743494628361,0.2062571868906337,0.3302320931627098,0.1360269445047022,0.1005586592178771,0.0,0.0,0.2094972067039106,0.0726256983240223,0.1117318435754189,0.505586592178771,0.3140512657973726,0.5782477744524684,0.1489709649363947,0.5202543849610236,0.886308134914097,1.973619082912128,1.5224004378060014,-0.3704372251369304,0.7833949665397537,-0.3439415699038218,0.2213734438117754,0.4209046551744398,0.2563926167011398,0.770859331567432,-0.1761019402759251,6,Election Policy,5020,116,0.0047778988345884,0.0101541295925632,5020.0,0.0061126852831622,0.0055323788029733,0.0001412493013639,0.0109208101213927,0.0062539345845261,0.4215265300351438,1,2
2024/10/14,Republican,Texas,Ted Cruz,DBHtWnAyX6s,1,M,49,0.4745136314641744,0.1693466786261682,0.5141849862897196,0.2520496679283489,0.1861810875919003,0.3697302830685358,0.2024922118380062,0.341509711288785,0.5950155763239875,0.5919003115264797,0.6292834890965732,-0.4241616920077726,0.288112035044104,0.2498020873727085,0.1367117419427583,0.0093457943925233,0.3613707165109034,0.0,0.043613707165109,0.0965732087227414,0.0249221183800623,0.4641744548286604,0.0727097240122215,-0.3351190332090429,0.2333379975086715,-1.5072374495165572,-0.4818907340059771,-0.7331125799068505,-0.9724131119819148,-1.08088375717605,-0.2175021822956218,0.6959948363254701,0.811555950176925,1.2212301077083063,-1.9303374635963289,0.779141000051077,-1.1413501761222298,15,Immigration,3716,108,-0.318367375052528,-0.6698192296067529,3716.0,0.0029935585322862,-0.318069653106146,8.700331579303523e-05,-0.6696601760840389,0.0030805618480793,1.3123430779716825,4,4
2024/10/14,Democratic,Texas,Colin Allred,DBH0uyshTDS,0,M,44,0.4517627282142857,0.353443307142857,0.3129603907142857,0.3641646021428571,0.3627490112857143,0.4785298217857143,0.4642857142857143,0.580443435642857,0.6071428571428571,0.5357142857142857,0.4285714285714285,-0.1978572069534233,0.1702163816859991,0.2583803651588304,0.071872278901271,0.1785714285714285,0.0,0.0,0.3571428571428571,0.0,0.1071428571428571,0.3571428571428571,-0.8309066949537894,-0.9275324873591494,-0.0264269362526166,1.2227210429622588,1.5250490850222025,-0.0894997241443682,-0.1890230830541225,0.0507903639605881,0.1896087611790845,0.6354303581217758,-0.8551074032573112,0.669700256830944,-0.8271641010472617,-1.6309546654463254,-0.7329705817832445,13,Healthcare,593,29,-0.4559045352053526,-0.3489125280640633,593.0,0.0095863172699203,-0.4962006347786853,0.0004688080958308,-0.3906405941072784,0.0100551253657511,-6.041115224504595,3,3
2024/10/14,Republican,Michigan,Mike Rogers,DBH2mAUv2ik,0,M,44,0.3705497823076923,0.2840732092307692,0.5683046915934065,0.1008278607087912,0.0483595848351648,0.6395900110989012,0.1373626373626373,0.347801457574945,0.521978021978022,0.4835164835164835,0.5989010989010989,-0.3748714677416361,0.1932635518846325,0.4068144489448149,0.1472312352626364,0.8516483516483516,0.0054945054945054,0.0,0.0,0.0219780219780219,0.1098901098901098,0.0109890109890109,-1.175276609148164,-0.8406307331525495,-0.5843740936347954,-0.9141708993784136,0.4256910027877551,-0.0302964682705743,0.2763977128764191,-0.0405870495473394,-0.2640291472641598,-0.8267691870817075,1.09374233805997,-0.2816288767831832,0.255172159113207,-0.0919022278270776,0.4459811013101158,7,Energy and Environmental Issues,49,1,-0.2486201876074333,-0.5620324756045979,49.0,0.0515247108307045,-0.4809474705817175,0.0010515247108307,-0.2722644321316979,0.0525762355415352,-3.914342671245726,4,4
2024/10/14,Democratic,Pennsylvania,Bob Casey,DBH6hMpv_y8,0,M,49,0.5624970103465347,0.2868024165594059,0.381236534480198,0.0916666422326732,0.0509230116287128,0.4755279466336634,0.4356435643564356,0.6931132545544554,0.599009900990099,0.5495049504950495,0.5841584158415841,-0.0662979848572228,0.1333338964461397,0.1977622005166393,0.1769650953889829,0.0742574257425742,0.0,0.0,0.0049504950495049,0.0,0.6782178217821783,0.2425742574257425,-0.9562681845250712,-0.3259827680889997,0.6107132139895436,-0.3039653042909737,-0.944907555570267,0.1754659152948396,-0.2474336440422315,-0.5888515305949029,-0.8688796918551517,0.6354303581217758,0.749827677827509,-0.4305624357801353,-0.2012656843159861,-1.2345512936343848,0.6755161549502453,4,Economy,58,0,-0.345509703734368,-0.632619266768693,58.0,0.002759670742732,-0.3476547634902118,0.0,-0.6357303644116811,0.002759670742732,18.73339201662792,4,4
2024/10/14,Republican,Michigan,Mike Rogers,DBH6m4uPqh8,0,M,44,0.3630196570149254,0.2438595981194029,0.5590950959701492,0.098829762,0.0423053211343283,0.5983669986567164,0.044776119402985,0.2749975535761194,0.5671641791044776,0.3880597014925373,0.5223880597014925,-0.3637411425918785,0.1266955950591902,0.3333294200363443,0.1235465046480709,0.9253731343283582,0.0,0.0,0.0,0.0149253731343283,0.0298507462686567,0.0298507462686567,-0.9969315779446924,-0.8518343512149038,-0.5283135753448505,0.1534210927844377,0.5225918104032967,0.0432835489054386,0.1111029589021654,0.6904322585160791,-0.8688796918551517,-1.726584291822312,1.552295218369919,-0.1156538481662265,-0.0487598659731703,-1.4190096325163255,-1.1963928592782498,14,Sex and Gender Issues,102,15,-0.0148034890886129,0.7842810591136404,102.0,0.1072555205047318,-0.3049952876982832,0.0157728706624605,-0.0555168609670658,0.1230283911671924,3.7155233352112353,4,4
2024/10/15,Democratic,Michigan,Elissa Slotkin,DBH_R6pAjNT,1,F,48,0.6488755061538461,0.5431624715384615,0.2933711884134615,0.1705165353653846,0.1633921053461538,0.4105617784615384,0.4134615384615384,0.7202819743653845,0.5576923076923077,0.5480769230769231,0.5769230769230769,-0.0215231341560586,0.2385756128828411,0.4247343709262517,0.1480086867293829,0.2596153846153846,0.0769230769230769,0.0096153846153846,0.0096153846153846,0.0288461538461538,0.5576923076923077,0.0576923076923076,1.7070417397708624,-0.3897149353120409,0.222808351715194,-0.0562502314721848,0.8310115637141388,1.8277991447250728,2.223831435456872,0.0507903639605881,0.1896087611790845,-0.9392460751742828,0.749827677827509,1.1780202234390802,-2.9484305143260574,-0.0873440341535012,-0.1478363021861549,15,Immigration,550,47,-0.0727578757352615,0.8256973863773911,550.0,0.0263738371535436,-0.0735958742081708,0.0022537642658482,0.819430028946309,0.0286276014193919,7.772293316816071,1,2
2024/10/15,Republican,Michigan,Mike Rogers,DBIAFbaPT5T,0,M,44,0.3515484551785714,0.2048803243428571,0.5255493054285714,0.1021030736071428,0.0528881410714285,0.4266886598357142,0.0964285714285714,0.4315029534336428,0.5571428571428572,0.4678571428571428,0.6035714285714285,-0.3617801633397383,0.1372751119679943,0.3325720356511218,0.1167427966946255,0.8964285714285715,0.0107142857142857,0.0,0.0,0.025,0.0357142857142857,0.0321428571428571,-1.0249363600559809,-0.8526392680683653,-0.0024229838659027,-0.8436757787593535,0.533844876270949,0.3670060540515402,0.284635410555455,1.3537645936106626,-0.8688796918551517,0.1396988883804239,-1.1820386234782934,-0.9247842631015254,-0.3112926300615369,0.1315520239603776,-0.2074034037882672,15,Immigration,116,17,0.0469594124069245,0.9766115640733888,116.0,0.1186094069529652,-0.2691490274974678,0.0173824130879345,-0.0318189998778564,0.1359918200408998,3.895902101348328,4,4
2024/10/15,Republican,Pennsylvania,Dave McCormick,DBH_cTrtPH3,1,M,44,0.433513038764045,0.2056360657078652,0.6309177985393258,0.1947408775505618,0.1341713238089887,0.4877621876966292,0.4269662921348314,0.4975361377573034,0.3888888888888889,0.3666666666666666,0.3666666666666666,-0.214188368113219,0.165368570558939,0.302001258080033,0.195041239012112,0.6333333333333333,0.0444444444444444,0.0111111111111111,0.0888888888888888,0.0888888888888888,0.0888888888888888,0.0333333333333333,0.2014798428842939,-0.5502909419667337,-0.7943426442869245,-0.2307390996283624,-0.2817052378811504,-0.3015295502506678,0.0191594997018221,0.0999935866187026,-0.8688796918551517,-0.7575526405631994,1.3053821289722545,0.3542677068804151,-0.0925818769312005,-0.745473029575497,-0.6144190258449289,7,Energy and Environmental Issues,94,3,-0.8926321575548469,-0.3639467797589394,94.0,0.0791245791245791,-0.7828932771761671,0.0025252525252525,-0.3463641064815191,0.0816498316498316,4.167754618403839,4,1
2024/10/15,Republican,Arizona,Kari Lake,DBIElAziGFT,0,F,42,0.3946556622525597,0.2756893663686007,0.2997114700682594,0.0849972505767918,0.0742926176348122,0.5738641421843003,0.1092150170648464,0.5320042711467576,0.590443686006826,0.4948805460750853,0.5767918088737202,-0.0102166408615714,0.181460314966889,0.3126559141552896,0.154105271739677,0.0750853242320819,0.0034129692832764,0.0068259385665529,0.0409556313993174,0.0648464163822525,0.0511945392491467,0.757679180887372,0.0987504405607944,-0.3730129499940449,0.6810963580031631,0.6551855382457501,0.5790946541965327,2.173266645735469,1.4020285431045092,0.2640043288124185,-0.8688796918551517,0.8978764303377856,-0.5876182230765081,0.4810167577667698,1.027582080934758,-0.2278100294020617,-1.2594490442810515,6,Election Policy,1305,11,-0.5839990785282034,-0.5171221270685424,1305.0,0.0015884724372644,-0.5847386725104217,1.3389422842842258e-05,-0.5178341461460687,0.0016018618601073,-13.002041545647112,1,2
2024/10/15,Republican,Arizona,Kari Lake,DBIEwEotfNY,0,F,42,0.4288733251648352,0.2726538939010989,0.3002946809890109,0.228331337043956,0.2430040686098901,0.4977079327472528,0.2912087912087912,0.6070069331532967,0.5604395604395604,0.521978021978022,0.5879120879120879,0.089201266089311,0.2267654970877325,0.2560109650859466,0.140967920252179,0.0604395604395604,0.0,0.0,0.2802197802197802,0.0769230769230769,0.0274725274725274,0.554945054945055,0.850308274155634,-0.9803172823335,0.4694436491032112,-0.5846422181651086,0.4012019399601954,2.660261442900074,1.843261323368672,0.6904322585160791,-0.8688796918551517,-1.726584291822312,1.552295218369919,0.7053694693905826,0.6044646008434468,-1.4081670155424824,1.833638778547081,15,Immigration,10237,165,0.8316014495483665,0.2562163827010792,10237.0,0.0124606837856523,0.8337515359096663,0.0002008413426426,0.2573592358784605,0.012661525128295,12.84495528477076,1,2
2024/10/15,Democratic,Michigan,Elissa Slotkin,DBIE1Hngfri,1,F,48,0.6585732631645572,0.5039861941772152,0.2794631070886076,0.2045836477974683,0.2230249900126582,0.4236076816455695,0.379746835443038,0.6842543021451899,0.569620253164557,0.5063291139240507,0.620253164556962,0.0374507787106912,0.2016143873841382,0.3654634305570699,0.1275283337548106,0.0632911392405063,0.0126582278481012,0.0,0.2278481012658227,0.0126582278481012,0.5569620253164557,0.1265822784810126,1.3660230207636503,-0.8880730794975328,-1.8067042297605616,-0.4928670385425714,0.749450307669964,1.965107560284837,2.244952208813966,1.2021457741604715,0.8247018329996264,-1.726584291822312,-0.373626878931865,0.6726349415210381,0.4026595773778779,-1.4259406972409516,0.2139855421551154,14,Sex and Gender Issues,460,15,-0.1195701338828436,-0.1382068586640268,460.0,0.0220581183466001,-0.1200482607298963,0.0007192864678239,-0.1389142981192451,0.022777404814424,-2.660928757334473,1,2
2024/10/15,Republican,Arizona,Kari Lake,DBIE8KIs8b_,0,F,42,0.3704462531164902,0.2355806225068079,0.331505918698941,0.0734756005945537,0.0567553185627836,0.5995904996671709,0.1043872919818457,0.6119178600207261,0.6187594553706506,0.4992435703479576,0.5446293494704992,-0.1147256596760652,0.2030941666201576,0.3524854962295555,0.1241272492331093,0.1285930408472012,0.0060514372163388,0.0015128593040847,0.0166414523449319,0.172465960665658,0.0468986384266263,0.6278366111951589,0.0274736475714854,-0.1727990165921797,-0.1900134067322484,-0.5670766761610291,0.7173537751807607,2.3190637606283016,1.7742000626766372,-0.2085239176159625,-0.1822925871842964,-0.1944666810477688,0.5980094944816474,0.1922318177072649,-1.211346160072848,-0.4270242248691716,0.4295966626939881,15,Immigration,1293,13,-0.5859009153326055,-0.5070787697988071,1293.0,0.0015738657941631,-0.5866443915544254,1.582386335972267e-05,-0.5077666996262695,0.0015896896575229,-12.90590645461721,1,2
2024/10/15,Republican,Arizona,Kari Lake,DBIFHKVNMi6,0,F,42,0.3462956592195122,0.2317519228536585,0.3329714846829268,0.1099698077317073,0.1048482845463414,0.5122482852195122,0.1414634146341463,0.6132662708487805,0.6146341463414634,0.5463414634146342,0.6341463414634146,-0.0404411629750961,0.2377840389659942,0.2986944049596786,0.1382853874837348,0.1609756097560975,0.0,0.0,0.1121951219512195,0.1219512195121951,0.0439024390243902,0.5609756097560976,0.083619515971852,-1.1758240944954057,-0.1104605358628384,-0.7584329794652568,0.3878573195628777,2.219333225970275,1.91054230847522,-0.1624236008912423,-0.8688796918551517,-1.726584291822312,2.622251939093132,0.8518184303535882,-3.424171360255134,-0.7290537680920528,0.5821682065016816,15,Immigration,2962,107,-0.3213871131203579,-0.0350409781212457,2962.0,0.0036054064054998,-0.3215906345175773,0.0001302425676531,-0.0345967131957128,0.0037356489731529,-4.208703662052811,1,2
2024/10/15,Democratic,Pennsylvania,Bob Casey,DBJR9qwis6T,0,M,49,0.5202888533587786,0.282733642259542,0.3190607654580153,0.0678492803053435,0.0333663355534351,0.4479361307633587,0.2366412213740458,0.5027431698664122,0.5725190839694656,0.549618320610687,0.6335877862595419,-0.0821703657337272,0.1465988211481372,0.2596572389584461,0.1772903298020463,0.099236641221374,0.0,0.0,0.0,0.0,0.648854961832061,0.2519083969465648,-1.3598707372099434,-0.4792405690183527,1.4471758722175867,-0.4633076733448596,-0.7761161563768386,0.0357303041914045,-0.4869979742690051,-1.137116011642467,-0.8688796918551517,1.872676127140108,0.1766365774400731,-1.1526080035465016,-0.9643160530203794,-0.3999187626854688,-0.8769942971697999,0,Abortion,45,0,-0.3557857190571692,-0.632619266768693,45.0,0.0021385799828913,-0.358120863216087,0.0,-0.6357303644116811,0.0021385799828913,-21.16283274240561,4,4
2024/10/15,Republican,Texas,Ted Cruz,DBJmjfhAgnn,1,M,49,0.528938065,0.2187297249999999,0.6594349500000001,0.180074705,0.104465202,0.6165150749999999,0.0,0.306055433,0.0,0.0,0.0,-0.5719487518072128,0.2208294453706178,-0.3330584168434143,0.151417358016117,0.5,0.0,0.0,0.0,0.5,0.0,0.0,0.9721424363374748,1.5967085891142605,-1.0386012840194387,-1.627320759036861,0.1744641129395573,-0.1889858966544544,-0.3425490897233194,-0.1624236008912423,0.5424382455238294,1.4227685747698051,-1.6575749437997211,-0.5943860643773086,0.0174979069868902,-0.8028129805002472,-1.2264732957688724,14,Sex and Gender Issues,2838,204,-0.5508344987078198,-0.1508855948798369,2838.0,0.0022862795834749,-0.5506270659154494,0.0001643414499749,-0.1505311869441659,0.0024506210334499,0.8966327257697784,0,0
2024/10/15,Republican,Wisconsin,Eric Hovde,DBJnvt0sv-G,0,M,46,0.4592043480451128,0.1884452475338346,0.5950390971428571,0.289752246924812,0.240320455481203,0.548567902556391,0.4962406015037593,0.8205686410999999,0.5488721804511278,0.5338345864661654,0.5639097744360902,-0.2169951668527341,0.265103725925962,0.2638641900586006,0.1159696068208021,0.0526315789473684,0.0300751879699248,0.0,0.0451127819548872,0.0225563909774436,0.6541353383458647,0.1954887218045112,-0.4048227538276229,0.2114182819643077,0.1004115605216439,-0.3482337267196608,-0.9481181012202066,-0.9373766074221742,-1.0286400955281578,0.923029311081712,-0.8688796918551517,0.5638541566083183,-1.073962187041605,0.6812678663035039,0.1731406581401074,-0.2165184883723851,0.3080689109557911,15,Immigration,315,26,-0.590104418336006,-0.0816136307413893,315.0,0.1431818181818182,-0.7513413480227555,0.0118181818181818,-0.421544392949969,0.155,-4.661944607794435,2,1
2024/10/15,Democratic,Ohio,Sherrod Brown,DBJwu7Et5SB,0,M,48,0.4495198221428572,0.2110515064285714,0.4799252735714285,0.1886942042857143,0.1018184809999999,0.4136163764285713,0.2142857142857142,0.4151924494285715,0.3529411764705882,0.2941176470588235,0.2941176470588235,-0.0637659160968135,0.2074060997832621,0.2672173862948137,0.1302468459004736,0.2352941176470588,0.0,0.0,0.1176470588235294,0.0588235294117647,0.2941176470588235,0.1176470588235294,0.435978605102621,-0.5519959740454781,1.5683428141559672,-1.138964252947776,0.6442930532943901,-0.639364675367429,-1.542900481812898,-0.1624236008912423,-0.8688796918551517,0.3729842859057659,0.4823384976467055,-1.6323522371746613,-0.5130155979399884,0.6616971289508667,-0.1330186897724684,-1,,-1,4,,-0.50627762103329,,,,0.0001292699479688,-0.5098932906583657,,,0,1
2024/10/15,Republican,Arizona,Kari Lake,DBJ6LnXtd0R,0,F,42,0.4100188277617328,0.2934356814079422,0.2990810062454873,0.1182592975198556,0.1165952654440433,0.583766909530686,0.1371841155234657,0.6948276332870036,0.6028880866425993,0.5523465703971119,0.5776173285198556,0.1119008818607683,0.1602102553673862,0.2844766664053128,0.1391069308423973,0.0685920577617328,0.0,0.0,0.0722021660649819,0.0144404332129963,0.0324909747292418,0.8122743682310469,0.2652254349531069,-0.6526289978622442,0.4388985568804852,-0.2309869109670309,-1.2079772854178956,-0.3771834148753358,0.2699821422478189,1.4580025319826684,-0.4454843106414571,-0.781778431844677,-0.6946138951488291,-0.3831661525600434,-0.6422115353722534,-0.3667376389817057,-0.010984990290466,15,Immigration,2004,30,-0.4732170846717858,-0.4217102330060566,2004.0,0.0024393093979141,-0.473730538197206,3.651660775320616e-05,-0.4221934042079773,0.0024758260056673,-10.567303677051468,1,2
2024/10/15,Republican,Arizona,Kari Lake,DBJ6hB4yWd4,0,F,42,0.4247931939884393,0.3089534803468208,0.2884252785375722,0.088992496950867,0.0939857680780346,0.644669150433526,0.1705202312138728,0.652458409199422,0.5289017341040463,0.4971098265895953,0.5289017341040463,0.0281526328339052,0.1570643148872235,0.2896928199367716,0.1262481966871741,0.1011560693641618,0.0,0.0,0.0549132947976878,0.0231213872832369,0.0289017341040462,0.791907514450867,0.2049267155194826,-0.5211036215847693,0.6939601983108421,-0.0108446970339446,-1.2706801446132543,-0.3802647913675945,0.0949405266370542,0.5198610866346149,-0.3043525169035596,-0.0469294296398499,-0.373626878931865,-0.0444044600278193,-0.2705035966769732,-0.7151223927735454,0.1172383719937468,-1,,1279,12,-0.5881197249377411,-0.5121004484336747,1279.0,0.001556824710545,-0.5888677304390962,1.4606643101282465e-05,-0.512800422886169,0.0015714313536463,-12.991402155207474,1,2
2024/10/15,Republican,Arizona,Kari Lake,DBJ81UFvKTN,0,F,42,0.3876891743262411,0.2826218208865248,0.3017636409113475,0.074817499822695,0.0669903849893617,0.6113771404255319,0.1560283687943262,0.5845949737145391,0.5425531914893617,0.5602836879432624,0.6028368794326241,0.0702524786775416,0.1359588616205062,0.2601349309932255,0.1235831294850055,0.0992907801418439,0.0,0.0,0.0141843971631205,0.0354609929078014,0.0177304964539007,0.8333333333333334,0.2410606306288093,-0.5116679768597017,0.6648546752000669,-0.3324295808761474,-1.341302079351412,-0.1298887979708199,0.1388065348580154,-0.2521979018814866,0.0224790054368363,-0.0690301515106715,0.3697114744126831,0.0105775665698708,-0.9213140406976936,-0.9142864260550556,-0.1519076440227996,15,Immigration,3662,63,-0.2104466328635734,-0.2559948380554234,3662.0,0.004457460586408,-0.2104236902840281,7.668487628173293e-05,-0.2560805366312926,0.0045341454626897,-5.507741884068814,1,2
2024/10/15,Republican,Arizona,Kari Lake,DBJ9AvGpcqR,0,F,42,0.3796600775824176,0.2471806615384615,0.3200591818681318,0.1539624077802197,0.1546696766373626,0.58977164,0.1428571428571428,0.5377221559560439,0.5164835164835165,0.5164835164835165,0.5164835164835165,0.1178102895289987,0.1904222752801053,0.1871261175844695,0.0941891113524434,0.0109890109890109,0.0,0.0,0.1208791208791208,0.0109890109890109,0.0,0.8571428571428571,0.4915082614219633,-0.3526109065448075,1.6184185087159588,0.7597879333160679,-1.3871696979239856,-0.6433273947429143,-0.3443608026668262,1.5432881179234004,-0.8688796918551517,-1.726584291822312,0.4823384976467055,-0.0794270511965737,1.136054978675428,-1.5967161078744831,-0.1844211107373337,-1,,1013,14,-0.6302771074353193,-0.5020570911639394,1013.0,0.0012330441217999,-0.631111169247845,1.7041083618162875e-05,-0.5027329763663699,0.001250085205418,-13.370604633634072,4,2
2024/10/15,Democratic,Arizona,Ruben Gallego,DBJ-yQtpzQF,1,M,50,0.4184311086842106,0.2570310987894737,0.5008175010526316,0.2856680284210526,0.2572390179210526,0.4311013255263157,0.3947368421052631,0.7119599118421053,0.4473684210526316,0.3947368421052631,0.3421052631578947,-0.0167308141653602,0.2492435630758947,0.3214258974468386,0.2119115579056493,0.1842105263157894,0.0,0.1052631578947368,0.2105263157894736,0.0,0.0263157894736842,0.4736842105263157,0.4495593967715818,5.330978433760695,1.734937726764864,-1.2830817067580738,0.8862540532682585,-1.093591157104126,-1.3408208056033422,-0.1624236008912423,-0.8688796918551517,0.3729842859057659,0.4823384976467055,2.165724889277665,-0.5833678462292168,1.2648185259877691,-0.262539797627374,-1,,165,24,-0.8317332281460103,-0.3034391646966339,165.0,0.0121726300258207,-0.8254101949450072,0.0017705643673921,-0.3118566929961659,0.0139431943932128,-133.124293757069,2,1
2024/10/15,Republican,Michigan,Mike Rogers,DBKJFbzv5_V,0,M,44,0.3243404386538461,0.1991431147243589,0.5387035508333333,0.1468310832692307,0.1074550037435897,0.5501233598717948,0.141025641025641,0.4266768843487179,0.5897435897435898,0.5192307692307693,0.5961538461538461,-0.2647422920219982,0.2415771994966397,0.3527924139530231,0.129330539262262,0.3653846153846153,0.282051282051282,0.0,0.0256410256410256,0.032051282051282,0.1602564102564102,0.1346153846153846,-0.988793997433622,-0.9061892047811508,0.115884308143184,-0.7458475738067384,-0.1703367719336496,-0.1133097412187676,-0.4156457653584643,1.8534175213442448,-0.0990699078302527,-1.1539746797146546,-1.073962187041605,-1.1288828432256817,0.7843962225153454,0.7844178124700631,-0.5281845341528018,-1,,120,10,0.0646059556913637,0.3034547967142696,120.0,0.1226993865030674,-0.2562362269478559,0.0102249488752556,-0.1372008711342803,0.1329243353783231,1.4009078917533502,4,4
2024/10/15,Republican,Wisconsin,Eric Hovde,DBKeii7s6Wk,0,M,46,0.329846424368932,0.1643608800097087,0.7569223525242718,0.3147886744368932,0.2774258706699029,0.556458507184466,0.6504854368932039,0.9483933955825244,0.5048543689320388,0.4757281553398058,0.5048543689320388,-0.0029245981566825,0.2290398654085617,0.3442277801268309,0.1523314367429263,0.5339805825242718,0.058252427184466,0.0194174757281553,0.3495145631067961,0.0,0.0388349514563106,0.0,0.5210620587776882,-1.434970104647829,0.8941267137241733,-0.5105816841579603,-0.4358902636931285,-0.5855364454074697,-1.0147905852608017,-1.868135319705885,-0.8688796918551517,4.572121441361922,-1.6575749437997211,0.5940728884306531,3.1161786321905383,-1.807038571898056,-1.113525542669944,-1,,353,18,-0.4146753091574234,-0.5255917819745478,353.0,0.1604545454545454,-0.6428845993581701,0.0081818181818181,-0.725147150314375,0.1686363636363636,-6.525763452999294,2,1
2024/10/16,Democratic,Pennsylvania,Bob Casey,DBKgd1aPO5w,0,M,49,0.3135974087719297,0.1852308153157894,0.5979850431578947,0.1296116640350877,0.0790071757982456,0.5442970887719297,0.5877192982456141,0.7107559190000001,0.5263157894736842,0.5350877192982456,0.5877192982456141,-0.4547223171644043,0.1448753433315624,0.3532755925205716,0.0767429514977661,0.3157894736842105,0.0087719298245614,0.0,0.0087719298245614,0.0263157894736842,0.0701754385964912,0.5701754385964912,-1.2419362548240371,-0.5782176340986888,-0.6044459566474417,1.178303825310564,0.4849037367852769,-0.2312595351230583,-0.7769713614481708,-1.08088375717605,-0.2175021822956218,1.6650264875845833,-0.1760964074137338,-0.8089665791339657,0.2557678881147082,1.1797517479723134,0.0497964440411081,-1,,410,16,-0.067266827301595,0.3916214508568099,410.0,0.0194737342072765,-0.0660034069487082,0.0007599506032107,0.3935232937102308,0.0202336848104873,3.4437908646876063,3,4
2024/10/16,Republican,Texas,Ted Cruz,DBKh1j2Aazv,1,M,49,0.6067502842857143,0.3098087793,0.4496826074904761,0.2840645123666667,0.1895145083619047,0.3899033900857143,0.0666666666666666,0.3595890731814286,0.4476190476190476,0.4428571428571428,0.5333333333333333,-0.4985348947701,0.1380527849977876,0.2783423967304684,0.1485013628769014,0.0047619047619047,0.3761904761904762,0.0,0.019047619047619,0.1095238095238095,0.0142857142857142,0.4761904761904761,-0.2183273421858234,0.1636176182132401,-0.1529412879418766,1.0138478324678113,-0.1560930391129443,-0.9474062219142718,-1.0521256550553963,0.8122688098599823,0.7440550937208268,-0.8267691870817075,-0.7404691831798244,0.3046786864928745,0.2018257960058661,-0.0486714714666334,-0.214219491027037,5,Education,2561,72,-0.6241754933006624,-0.8644193426293463,2561.0,0.0020631828603561,-0.6239825599845932,5.800435999439291e-05,-0.8643144532928909,0.0021211872203505,1.7506150635126616,4,4
2024/10/16,Republican,Texas,Ted Cruz,DBKiE-tg72Y,1,M,49,0.6530970005610561,0.3627358537359736,0.4951845965016501,0.2452412987491749,0.1657193894455445,0.3668676552145214,0.066006600660066,0.3743745666561056,0.5643564356435643,0.4158415841584158,0.5841584158415841,-0.5362055404941635,0.07889189272293,0.2432697280602093,0.1198681339014588,0.0033003300330033,0.4851485148514851,0.0,0.0099009900990099,0.1221122112211221,0.0066006600660066,0.3729372937293729,0.0358597327341245,-0.2292471660715236,-0.0343267241504974,-0.5814991532865379,-0.1091880139994765,-1.0688086585054226,-0.8704527554317979,0.1342219154243479,0.6037998949750895,-1.1788707498062918,0.575378212492202,0.2212741747101767,-1.1980251260364232,0.066963023304214,0.0688473569370119,0,Abortion,20396,903,4.097978436530918,3.627599932975519,20396.0,0.0164313462006338,4.100352723643286,0.000727471348263,3.6294546886537984,0.0171588175488968,-9.085423072528688,4,4
2024/10/16,Republican,Texas,Ted Cruz,DBKiboqg4lo,1,M,49,0.5836247458579882,0.3477119421301775,0.3727665861301775,0.2603123295147929,0.2194757884911242,0.4421835121893491,0.1715976331360946,0.3901405272100591,0.5384615384615384,0.4260355029585799,0.4911242603550296,-0.5845246722359629,0.1097297260664557,0.3342133922689765,0.1238168983600808,0.0177514792899408,0.4674556213017751,0.0,0.0,0.0828402366863905,0.0118343195266272,0.4201183431952662,0.136053985184108,0.2502548468961282,0.0395783115118102,0.6954539534542972,-0.0105687255207152,-0.9225477323461756,-0.8959428929186196,1.5432881179234004,-0.465645995461157,-0.5268308188348393,-1.0461711033864567,0.3746882532967742,-0.3212073051255442,0.3756906027763728,-0.1795761497694597,0,Abortion,2234,49,-0.7107549345709133,-0.9887471926160032,2234.0,0.0017997463920482,-0.7106019957987966,3.947518944062851e-05,-0.9886907351999592,0.0018392215814888,1.9986459394550224,4,4
2024/10/16,Republican,Texas,Ted Cruz,DBKixIpARkW,1,M,49,0.5873975901775148,0.3405755821597633,0.3763998737869822,0.2607106456804733,0.2239392966804733,0.4251224323431952,0.1597633136094674,0.4013435294863905,0.5798816568047337,0.408284023668639,0.4674556213017751,-0.5883424037836007,0.1116513031585865,0.3355701054341694,0.1233958970280967,0.0059171597633136,0.4615384615384615,0.0,0.0,0.0710059171597633,0.0236686390532544,0.4378698224852071,0.1489410569918958,0.1958437742983224,0.0336747262508562,0.6954539534542972,-0.0103520901888873,-0.9207890333298948,-0.8945039263349305,1.2996150152355943,-0.465645995461157,-0.5268308188348393,-0.7404691831798244,0.3746627523861555,-0.3241076752970788,0.3776557791169027,-0.18315306773247,0,Abortion,6242,325,0.350438951090145,0.5031870072238799,6242.0,0.0050286557650694,0.3510820982174937,0.0002618252360858,0.5038246476848617,0.0052904810011552,-1.003879917597824,4,4
2024/10/16,Republican,Texas,Ted Cruz,DBKjWZwgM9B,1,M,49,0.5828068082142857,0.3030791234047619,0.4171350905357143,0.2392259099047619,0.1910178540535714,0.4212906595238095,0.0952380952380952,0.4185457236238094,0.5476190476190477,0.5,0.5178571428571429,-0.593564278135697,0.0929821402416556,0.2760772400846084,0.1192969486928599,0.0,0.4702380952380952,0.0,0.0,0.0773809523809523,0.0119047619047619,0.4404761904761904,0.1872441454891359,0.3896061494281789,0.4644842814242662,-0.118089130970401,0.1141994189329795,-1.0289384394187833,-1.0264614536017505,1.1419441840846611,-0.37076747866257,-1.3560721898702983,0.2305839751235963,0.7837383937559169,-0.6648221261714514,0.6846706431985858,-0.7681519968411302,4,Economy,2111,58,-0.7433215133973381,-0.9400971643603548,2111.0,0.0017006556103911,-0.7431836184445062,4.672573443992762e-05,-0.9400217553232804,0.001747381344831,1.979731505409944,4,4
2024/10/16,Republican,Pennsylvania,Dave McCormick,DBKjVIYNlrf,1,M,44,0.419122935381356,0.2300074187203389,0.5468903643220339,0.2311890449406779,0.1396072499618644,0.570595800720339,0.5423728813559322,0.7110234221915255,0.5889830508474576,0.4745762711864407,0.5677966101694916,-0.3917217869469422,0.1383170349958077,0.4469350985551285,0.1056488417340031,0.0932203389830508,0.3686440677966102,0.0084745762711864,0.1101694915254237,0.0084745762711864,0.135593220338983,0.2754237288135593,-0.2771225361625486,-0.4166069767963813,-1.032155611017495,0.1848749374876286,0.6039666743881118,-0.898490291580663,-0.6331686652441448,-0.3630955678106122,-0.8688796918551517,-0.2445358840142571,1.3634793264775869,0.3746935263901324,-1.34881619446304,0.0882718562471742,-0.4155268570334455,15,Immigration,305,16,1.3396535398701614,0.8268186909288658,305.0,0.2554438860971524,1.2487179883817283,0.0134003350083752,0.8627291191856238,0.2688442211055276,-7.340957308252242,3,4
2024/10/16,Republican,Texas,Ted Cruz,DBKju99gc1w,1,M,49,0.582533200595238,0.3091943909880952,0.420464876904762,0.2353947544940476,0.1881222795059523,0.4164755722023809,0.0833333333333333,0.4323998358488095,0.5714285714285714,0.4761904761904761,0.5773809523809523,-0.5937150823218482,0.0864231729865792,0.2798925264782849,0.117924751115777,0.0059523809523809,0.4761904761904761,0.0,0.0059523809523809,0.0654761904761904,0.0,0.4464285714285714,0.1869129615718107,0.3895074530027565,0.4859235660654924,-0.1206399501466577,0.1147518865905743,-1.028199476681836,-1.0265513872154153,1.1419441840846611,-0.37076747866257,-1.3560721898702983,0.2305839751235963,0.778348238031209,-0.6679531684664296,0.7006855744860083,-0.7661397812364849,4,Economy,5776,264,0.2270566280566986,0.1734479268244854,5776.0,0.0046532386573279,0.2276427799012283,0.0002126826533127,0.1739571174095932,0.0048659213106407,-0.471000765189676,4,4
2024/10/16,Republican,Texas,Ted Cruz,DBKkog1gA1o,1,M,49,0.6008257678305086,0.3226484714711864,0.4008218625627118,0.2020752079762711,0.180999597579661,0.412499261779661,0.0610169491525423,0.3946997759535593,0.4847457627118644,0.4576271186440678,0.5728813559322034,-0.568589545205488,0.0876306196413168,0.2228174027244923,0.1248991502904523,0.0203389830508474,0.3661016949152542,0.0033898305084745,0.0,0.1932203389830508,0.0169491525423728,0.4,0.2563747081600537,0.1036104949424814,-0.003725429510767,-0.1712316403415839,0.1054393171921407,-0.9648724965644888,-0.867576280034544,-0.4060967035790484,-0.5664544195596557,0.2979996938440488,0.6351894577500216,0.8991996516684844,-0.8438114640808376,0.7353404133094551,-0.0206591299359543,3,Criminal Justice,1819,58,-0.8206340419934032,-0.9400971643603548,1819.0,0.0014654157059694,-0.8205318608229385,4.672573443992762e-05,-0.9400217553232804,0.0015121414404093,2.070652469188491,4,4
2024/10/16,Republican,Texas,Ted Cruz,DBKk8Ong12j,1,M,49,0.6019392843050848,0.3273986110101695,0.4163944037118644,0.2021523022610169,0.1802378716813559,0.4125367020305084,0.0508474576271186,0.3870659192311864,0.5254237288135594,0.4508474576271186,0.5898305084745763,-0.5737907881453886,0.0853340102083747,0.2249064332852929,0.1253276347066843,0.0406779661016949,0.3525423728813559,0.0,0.0,0.2135593220338983,0.0067796610169491,0.3864406779661017,0.2562450587841647,0.1039562318933444,-0.0053081839395921,-0.1712316403415839,0.1044410493551593,-0.9662517145044928,-0.8690284459182694,-0.4060967035790484,-0.5664544195596557,0.2979996938440488,0.6351894577500216,0.8988609468739474,-0.8446810010536668,0.7361944080501369,-0.0170208441277962,3,Criminal Justice,1886,71,-0.8028945234456759,-0.8698249013244184,1886.0,0.0015193919854086,-0.8027841476744625,5.719874388335968e-05,-0.8697221177236331,0.001576590729292,1.967148985978643,4,4
2024/10/16,Republican,Texas,Ted Cruz,DBKlV4BAV0g,1,M,49,0.5826249609310344,0.2825976718758621,0.4568139963103448,0.1929604533689655,0.1737136581137931,0.3841471590724137,0.1034482758620689,0.3898168332568966,0.5310344827586206,0.4862068965517241,0.5,-0.5943345600289518,0.1011294430866728,0.2484433035398351,0.1340805110024281,0.0482758620689655,0.3379310344827586,0.0,0.0,0.0896551724137931,0.0068965517241379,0.5172413793103449,0.030302620610042,0.3617239595694245,-0.0688659727978855,-0.7547126734633741,0.0377083682361402,-0.9737998470442084,-0.8468626304949319,1.0241584643711177,-0.132539898440031,-0.6311572077902717,-0.5410983656537598,0.7958334036423007,-0.1162954114260236,0.3540090370373001,0.0397053235244449,10,Foreign Policy,3056,237,-0.493114871194319,0.0274978420575403,3056.0,0.0024619628353175,-0.4928613956786891,0.0001909310183148,0.0279501777795563,0.0026528938536324,0.5475742393836869,4,4
2024/10/16,Democratic,Pennsylvania,Bob Casey,DBKmcCTpKpi,0,M,49,0.3781908057988166,0.2411762584260355,0.4109015458224853,0.1160009554023668,0.077990960852071,0.5233006857692307,0.6982248520710059,0.6599171245443787,0.6153846153846154,0.6153846153846154,0.5621301775147929,-0.4688195531537547,0.1196089716877307,0.3488340078902668,0.0847534295143004,0.1538461538461538,0.0355029585798816,0.0,0.0059171597633136,0.0532544378698224,0.1479289940828402,0.6035502958579881,-1.3293711383521574,-0.5465906487128472,-1.2574870465823147,-0.8690879165613177,0.4868044696968022,0.1083367191170031,-0.5328996452296856,0.5198610866346149,-0.3043525169035596,-0.4668431451854651,0.0543558093574199,-0.9881477271389424,-0.485606927231108,0.4754857994072671,-0.414358566776402,4,Economy,75,3,-0.3320718375430125,-0.4405741322139112,75.0,0.0035622684525505,-0.3341300611216338,0.000142490738102,-0.4427453035138225,0.0037047591906526,-8.203462935479438,3,3
2024/10/16,Republican,Texas,Ted Cruz,DBKm4MeAtsX,1,M,49,0.6152996129585798,0.3430322861656805,0.3780050849822485,0.2442400373609467,0.1939818241538461,0.3661441200059172,0.1183431952662721,0.3842638957485207,0.4378698224852071,0.4911242603550296,0.5325443786982249,-0.5407846496170442,0.1265810007541715,0.3058131331875479,0.1416978628279297,0.0414201183431952,0.3431952662721893,0.0059171597633136,0.059171597633136,0.0414201183431952,0.029585798816568,0.4792899408284023,0.445980865495332,0.3790591069518033,0.5204046355819517,0.4964745708436706,0.0792133027086796,-1.0271382579360953,-1.175062814771964,-0.088262221812345,0.2356299982675291,-0.0834436657742509,0.0171399234192215,0.7990227705459609,0.1405689875180239,0.3449031341016377,0.1278435878229421,-1,,3132,171,-0.4729924322446582,-0.3292690318172143,3132.0,0.002523189659756,-0.4727296613610149,0.0001377603549866,-0.3289556746494224,0.0026609500147427,0.9434743222019822,4,4
2024/10/16,Republican,Pennsylvania,Dave McCormick,DBKnOq4tudf,1,M,44,0.5193918919642857,0.3339000919642857,0.4052950299285714,0.1938217168214286,0.1531486579821428,0.4272927762499999,0.6607142857142857,0.5699516619071429,0.6071428571428571,0.625,0.5892857142857143,-0.2040168136424784,0.1544042255387632,0.3762641309627464,0.1533576516839864,0.0714285714285714,0.1607142857142857,0.0357142857142857,0.1428571428571428,0.3035714285714285,0.2678571428571428,0.0178571428571428,-0.4358007922938837,-0.7581605311026286,-1.81730402369177,-0.3417075158381266,0.8227057093845844,-0.7360974058581229,-0.3471179636395055,0.1787187428716864,-0.8688796918551517,-0.4668431451854651,0.9103211859359912,0.3085512517764625,-1.120799078000602,0.5942619395559615,-0.7330635282060025,15,Immigration,380,19,2.133120019997534,1.1016107226260516,380.0,0.3182579564489112,1.9724831571163688,0.0159128978224455,1.1420762121635637,0.3341708542713568,-10.960685277988969,3,3
2024/10/16,Republican,Texas,Ted Cruz,DBKnhT6AucN,1,M,49,0.5829806391860465,0.3131958257151163,0.4596405938372093,0.2186064250581395,0.1493614765465116,0.4163545958720931,0.191860465116279,0.4402554697093023,0.436046511627907,0.3895348837209302,0.436046511627907,-0.5587089768459284,0.167063362570842,0.3214495528575986,0.1711972678129791,0.0581395348837209,0.377906976744186,0.0406976744186046,0.0,0.191860465116279,0.0116279069767441,0.3197674418604651,0.5951059582174035,0.6098675818510537,0.4091686545501897,0.0933010760151248,0.3053253664871174,-0.937094761484978,-0.8733538106970128,-0.2800588918439761,0.591104381295519,0.0109897035388556,-0.1079824517178258,1.2089883002920767,-0.9778301392060732,1.4363696008773554,0.9410125918848798,7,Energy and Environmental Issues,2966,145,-0.5169440752136542,-0.4698135578890873,2966.0,0.0023894573853245,-0.5167016073706717,0.0001168143360998,-0.4695549498487172,0.0025062717214243,1.1604452298576833,4,4
2024/10/16,Republican,Texas,Ted Cruz,DBKn85kAe8D,1,M,49,0.6016522523666666,0.3257433461966666,0.4279193966666667,0.2051882369,0.15580021231,0.3877854822766666,0.1066666666666666,0.3902315024753333,0.5133333333333333,0.51,0.5966666666666667,-0.5957009999454022,0.0982381533761289,0.2771429329117139,0.1333959586516464,0.0266666666666666,0.3233333333333333,0.0,0.0033333333333333,0.1366666666666666,0.02,0.49,0.1464210515494777,-0.0631695895253461,0.1797366053416824,-0.795588424991575,-0.0010497097086886,-0.9368495290607588,-0.9695011340714962,0.3834041491294435,-0.1914470819132404,-0.7187913745128346,0.3967419599888486,0.833514398222241,-0.1131091248197857,0.4279327005014114,-0.5566567413488336,15,Immigration,5048,264,0.0343048444336321,0.1734479268244854,5048.0,0.0040667501284957,0.0348019564371916,0.0002126826533127,0.1739571174095932,0.0042794327818085,-0.2443211020705578,4,4
2024/10/16,Republican,Texas,Ted Cruz,DBKocMhgSun,1,M,49,0.5716851867592593,0.2359653416666666,0.4966831652777778,0.2020168010092592,0.1829827028055555,0.363377170949074,0.0787037037037037,0.3480190064546296,0.5462962962962963,0.4305555555555556,0.5462962962962963,-0.5777544019122919,0.0890334293675969,0.215879721429061,0.1256102581336677,0.0231481481481481,0.2916666666666667,0.0,0.0,0.0787037037037037,0.0046296296296296,0.6018518518518519,0.0257982037768696,-0.0739666199734742,0.0153484933333324,-1.1222565966947884,0.1819332244350548,-0.9800857972503828,-0.7579213587358891,0.1218616855778649,-0.3984403793954916,0.0230561896177531,0.1256862574056346,0.7684890784428805,-0.4464635788790067,0.8337086054557239,-0.771154613055453,6,Election Policy,3462,279,-0.3856186841737627,0.254531307250566,3462.0,0.002789042976397,-0.3853155518237455,0.0002247668949782,0.2550720838707248,0.0030138098713753,0.1541611801539932,4,4
2024/10/16,Republican,Pennsylvania,Dave McCormick,DBKp9pONMPk,1,M,44,0.5873650826666666,0.4395400381291666,0.3794105575249999,0.2158867374083333,0.183597116675,0.5852833572499999,0.4958333333333333,0.7140918660141667,0.6041666666666666,0.4208333333333333,0.5541666666666667,-0.2670560182693104,0.1409769559904273,0.4214694126819571,0.1134132860894646,0.1083333333333333,0.1166666666666666,0.0,0.0666666666666666,0.0125,0.5166666666666667,0.1791666666666666,-0.1498046660622653,0.5140480353342725,-1.2672456562692342,-0.3210451689066464,0.3602147733852064,-0.7746909091999897,-0.4920131447697722,0.5880895553872005,-0.1914470819132404,-0.4668431451854651,-0.1168372659582939,0.5223875182486456,-0.2180597086294575,0.1285293142396517,0.6497865540529336,-1,,430,87,2.6620976734157824,7.330230107762263,430.0,0.3601340033500838,2.4549932696061294,0.0728643216080402,7.473943652996861,0.4329983249581239,-33.858385355180445,3,4
2024/10/16,Democratic,Ohio,Sherrod Brown,DBK0AgBt0eq,0,M,48,0.5684756486381323,0.4869203395486381,0.3003752105603112,0.0955393818093385,0.0576059750077821,0.4789397253268482,0.2023346303501945,0.2359034221025681,0.4630350194552529,0.4747081712062256,0.5175097276264592,-0.2226889267476508,0.1412344669411639,0.4096505152992904,0.1116284458482291,0.0933852140077821,0.0,0.0077821011673151,0.0155642023346303,0.0038910505836575,0.3735408560311284,0.5058365758754864,-0.4316172302254858,-0.3966324931853684,-0.5634845928187684,0.6590171581008782,1.339528991203844,-0.4769688537483835,-0.656390046510698,-0.9086724778726484,0.1896087611790845,-0.5455769668502681,1.552295218369919,0.1218864502923906,0.1426552731778785,0.1170304964049812,0.6548290726192979,0,Abortion,-1,18,,0.2413897518006825,,,,0.000581001258836,0.2317615551526924,,,4,4
2024/10/16,Democratic,Michigan,Elissa Slotkin,DBK0uZHA15v,1,F,48,0.3488650730573248,0.2810576650063695,0.3358989687261146,0.0901906692675159,0.092282433254777,0.3606834386369427,0.3630573248407643,0.4794424897006369,0.6050955414012739,0.5414012738853503,0.5796178343949044,-0.2687168614167696,0.1588711345124783,0.4061686863565141,0.1075049094673827,0.6751592356687898,0.0063694267515923,0.0,0.0127388535031847,0.10828025477707,0.0573248407643312,0.1401273885350318,0.6561771708127411,-0.987674377198976,0.7107553922660728,-0.7033441516772535,1.664536410069537,1.279814656522247,2.033023296236661,0.6904322585160791,0.5424382455238294,-0.6768000029582735,-0.5876182230765081,0.5864746507410104,-0.6369747969327425,-0.5066798288100739,-1.6241942583183535,-1,,284,3,-0.2111141053714486,-0.4996709505545586,284.0,0.0136139207132927,-0.2109376698584856,0.0001438090216192,-0.4983235685788389,0.013757729734912,-5.137852971313602,1,4
2024/10/16,Democratic,Texas,Colin Allred,DBLzLkIpror,0,M,44,0.4024451683125,0.359943233375,0.24533727785,0.21087696265625,0.19335606325625,0.6140998190625,0.49375,0.5748957167125,0.55625,0.4875,0.5375,-0.4400754668051377,0.1560237033104201,0.5031071532517671,0.0995963099701064,0.55,0.23125,0.0,0.0125,0.0,0.15625,0.05,-0.7206952175878703,0.3442273747322155,-0.1433583870104569,0.670998595531239,-0.0624322365682007,-0.9166398930107774,-1.1108546395597252,-1.185850632180028,1.9537561829028112,-0.0469294296398499,0.0543558093574199,-0.2257660873364507,0.6151831357497929,0.9810616691090148,0.0631948151179541,-1,,5225,271,2.592566986775066,3.705173766561095,5225.0,0.0830287621166375,2.780649391901504,0.0043063721595423,3.910725505727159,0.0873351342761798,25.76017324712241,3,3
2024/10/16,Democratic,Michigan,Elissa Slotkin,DBL3RegAjNj,1,F,48,0.6545163978651686,0.4981378758426967,0.3227185461797753,0.2135896586629214,0.2013530962022472,0.5397892268539327,0.4044943820224719,0.5231670311258426,0.550561797752809,0.5056179775280899,0.5730337078651685,-0.102291265816501,0.2266333761585542,0.2774390156349439,0.1577207300954397,0.0337078651685393,0.0449438202247191,0.0,0.1235955056179775,0.1910112359550561,0.4157303370786517,0.1910112359550561,1.1666709493455905,0.0383234633353882,-1.396790992302144,-0.4399906945304759,-0.7109226328663756,1.8002083498354062,1.647251789031159,-0.4725530043120864,-0.8688796918551517,0.5638541566083183,0.6768760832327442,0.7659344417501323,-1.5408850629180548,-0.4446734819306184,0.0564825810588788,8,"Environmental, Social, and Corporate Governance (ESG)",185,0,-0.2626075893337889,-0.5900369735271915,185.0,0.0088682229998561,-0.2620181490002559,0.0,-0.5881382014312238,0.0088682229998561,-6.163273079879879,1,2
2024/10/16,Republican,Pennsylvania,Dave McCormick,DBMQZB7uDS_,1,M,44,0.531424614237288,0.3233143032203389,0.4419458915254238,0.1862353077881355,0.1113509100084745,0.5745924477118645,0.5932203389830508,0.6309644377677966,0.5084745762711864,0.4915254237288136,0.559322033898305,-0.2056828322741439,0.1475238209026319,0.4510902370941841,0.1268397238635782,0.1525423728813559,0.059322033898305,0.0084745762711864,0.0338983050847457,0.0,0.4745762711864407,0.2711864406779661,-0.3186863655269776,-0.5573987178901191,-1.1620671593203749,-0.4412005983557012,0.4037128051563847,-0.8626158791174782,-0.5512577917187996,-0.1624236008912423,0.5424382455238294,-0.1519078585262535,-0.052639862714901,0.0095999040476224,-1.5822454468818647,-0.6818914572825088,-0.6283958571957335,10,Foreign Policy,135,2,-0.4588704817518832,-0.4555441236580014,135.0,0.1130653266331658,-0.3918163940834563,0.0016750418760469,-0.4408906480447613,0.1147403685092127,3.098437397409219,3,4
2024/10/16,Democratic,Texas,Colin Allred,DBMXuP4s2yl,0,M,44,0.371616738095238,0.3146597988095237,0.306160368047619,0.3966842097222222,0.4115752996587301,0.4217318992063492,0.6349206349206349,0.6615366602396826,0.5873015873015873,0.4523809523809524,0.5476190476190477,-0.2882655684259675,0.2706862502774658,0.3014422805299834,0.086325506875539,0.3968253968253968,0.1666666666666666,0.0,0.1746031746031746,0.0,0.0634920634920634,0.1984126984126984,-0.656812325054358,1.674464361613495,-0.5027307088952805,1.041214548924382,0.8628955525297408,-0.670039316475667,-0.6904078238510941,-0.8447082884170993,0.8247018329996264,-0.4668431451854651,0.9103211859359912,-0.9574773070516754,0.3547218279941145,-1.0107848972455378,0.4789303552153336,0,Abortion,1747,78,0.3035808137509086,0.471956184484006,1747.0,0.0277610042904814,0.3147163189328855,0.0012394724296837,0.473165034919923,0.0290004767201652,3.17224354201966,3,3
2024/10/16,Democratic,Arizona,Ruben Gallego,DBMhnWYykCA,1,M,50,0.46516311,0.3280728934,0.3976389488,0.3832756804,0.42612367128,0.6242264811999999,0.66,0.8194024968,0.64,0.54,0.56,-0.0883765663951635,0.2354187898157893,0.2935259890556335,0.1330373999379607,0.12,0.0,0.0,0.22,0.0,0.16,0.5,-0.7824797373861071,-1.2579372459258462,0.0878903375655021,1.748126719039813,-0.0910218113521746,-0.3327658398162506,-0.2116362147214562,-1.015279460298564,1.9537561829028112,1.4227685747698051,-1.6575749437997211,-0.4517959097938693,1.0545186289863513,-0.9399711819087788,-1.3042560111426944,6,Election Policy,597,53,0.7587149661398314,0.2298781550732075,597.0,0.0439455281560544,0.7492322213441229,0.0039013617960986,0.2122798334201026,0.0478468899521531,25.00550267886826,3,3
2024/10/16,Democratic,Ohio,Sherrod Brown,DBMn-ViydZ3,0,M,48,0.6017391418348625,0.427391778119266,0.3453900172018349,0.1034298866055045,0.0525101676697247,0.4626562934862385,0.1834862385321101,0.2011158328729358,0.4678899082568807,0.5596330275229358,0.5045871559633027,-0.0642383506162724,0.1464888256336894,0.446383821308066,0.1736611062345987,0.1009174311926605,0.036697247706422,0.0,0.0275229357798165,0.0,0.7614678899082569,0.073394495412844,-0.1835072640181467,-1.0013798013630784,-0.0375981640824211,-0.4863313194129867,0.2987062493441678,-1.6444334280052846,-0.8155174859470201,1.2021457741604715,0.8247018329996264,-0.4668431451854651,-1.6575749437997211,-1.8407241067546265,0.5542454959489341,-0.6734033450680964,-1.2638102695123723,15,Immigration,196,6,-0.6272247127751972,-0.3994679963427224,196.0,0.0063264581517704,-0.6286831428896967,0.0001936670862786,-0.4041657297501568,0.0065201252380491,-4.809027500332211,4,4
2024/10/16,Republican,Arizona,Kari Lake,DBMpl_0BcaF,0,F,42,0.5434871971524288,0.330227475762144,0.3945562978760469,0.14734101980067,0.1050000450452261,0.5304679805695143,0.1876046901172529,0.5416271306706867,0.1758793969849246,0.1490787269681742,0.1775544388609715,-0.1103178336155574,0.1646545011184997,0.2856285279519993,0.133583960132251,0.271356783919598,0.0050251256281407,0.0,0.2730318257956449,0.152428810720268,0.0117252931323283,0.2864321608040201,0.7004053592000599,0.1881036169173383,-0.0240263274263683,-0.3611981944384062,-0.1515930121526557,1.0136268321930326,1.1490145756413397,0.9974603679027152,-0.1914470819132404,-0.7187913745128346,-0.373626878931865,0.0075092161988308,-0.4542032363615396,-0.5078864957334894,-0.0304634937397998,-1,,1882,23,-0.4925524255165396,-0.4568619834501303,1882.0,0.0022900977002892,-0.4931980894874119,2.7987378908954626e-05,-0.4574653916109245,0.0023180850791981,-7.50975507822307,0,0
2024/10/16,Republican,Wisconsin,Eric Hovde,DBMrUoBMc2D,0,M,46,0.5749143699415205,0.2913929467602339,0.510730847251462,0.1230312982163742,0.0731966201929824,0.5794827938011696,0.2923976608187134,0.570338870851462,0.6081871345029239,0.5906432748538012,0.6491228070175439,-0.0570881063042328,0.1703326913503367,0.2988754714790143,0.2344763394832896,0.2105263157894736,0.0116959064327485,0.0,0.0,0.0292397660818713,0.543859649122807,0.2046783625730994,-0.5459509407895294,-0.6903836550205394,-0.2785837490477976,-0.2110750849711511,-1.8057088146582865,0.5488922832617468,-0.3743198667768761,0.4578352059504457,0.2858349841821964,-0.0087554554993391,-0.782155808662547,-0.1825060274696392,0.6735804817970938,-0.4780895761497545,0.4497542026153534,-1,,552,24,0.5040192362777852,-0.1926081685496789,552.0,0.2472010747872816,-0.0981966423948952,0.0107478728168383,-0.5109053030609212,0.25794894760412,1.7465573618390136,4,4
2024/10/17,Republican,Arizona,Kari Lake,DBNIRLct3_J,0,F,42,0.4854311336619719,0.3259683343521126,0.3482353718309859,0.203038219556338,0.194007028140845,0.5235111794366197,0.2640845070422535,0.6455288705246479,0.1971830985915492,0.1725352112676056,0.1725352112676056,-0.0136811699534595,0.296205135942076,0.3304017725544916,0.1519483932259433,0.1161971830985915,0.0070422535211267,0.0,0.380281690140845,0.0598591549295774,0.0070422535211267,0.4295774647887324,0.3733597502528268,-1.2864355036879327,0.1519890541316756,-0.0266210883274513,-0.2217933538545179,0.8816128274971409,1.0546675709898312,-0.4060967035790484,0.340821397326832,0.0730459176588976,0.1766365774400731,0.0739319280109608,-0.7275029885506673,-0.779921724012489,-0.2692943113454217,-1,,2646,33,-0.3714688156362777,-0.4066451971014536,2646.0,0.0032185630563455,-0.3720618298783307,4.014080909274473e-05,-0.4072057908693923,0.0032587038654382,-4.404315798688834,0,0
2024/10/17,Republican,Wisconsin,Eric Hovde,DBNIlFEJwEK,0,M,46,0.4983237836633662,0.2331055547524752,0.6896238367326731,0.1670809165049504,0.0897052370891088,0.5344744635643565,0.3267326732673267,0.78385817319802,0.5247524752475248,0.4257425742574257,0.4752475247524752,-0.3421240981188741,0.2050411377987852,0.3931030905482792,0.1724491650038643,0.6039603960396039,0.0297029702970297,0.0396039603960396,0.0,0.0297029702970297,0.297029702970297,0.0,0.1995819433760334,-0.2098769297590608,-1.5448418329067803,-1.6794279674671444,-1.285932375795446,0.5249566985896645,-0.0122083664917153,-0.1624236008912423,-0.8688796918551517,1.4227685747698051,-0.5876182230765081,0.9883281863757938,-0.3549968489098866,-0.9608135721473244,0.4322126396832095,15,Immigration,501,25,0.2685749055381086,-0.1371108996455341,501.0,0.219640508548882,-0.2712515027174711,0.01096010521701,-0.4931858590400136,0.2306006137658921,0.5764282175133497,4,4
2024/10/17,Democratic,Texas,Colin Allred,DBNK5Nbv3Oy,0,M,44,0.4319374666666666,0.3706760179333332,0.3322633651,0.2248113209333332,0.2226085245,0.6309914578888889,0.6333333333333333,0.6901872362333333,0.6444444444444445,0.5,0.5666666666666667,-0.3462236791849136,0.1799591715062748,0.5525590472751194,0.1112733766754484,0.6,0.2111111111111111,0.0111111111111111,0.0666666666666666,0.0,0.1,0.0111111111111111,0.1591303120958509,0.1888149142348216,0.5340083619271582,0.8757516910706199,-0.1780998103037422,-1.3616752227513105,-1.475900102098932,-0.5888515305949029,1.9537561829028112,0.3729842859057659,-1.1225965834381146,0.3285123185801969,-0.9485443309512908,-0.5140951782665361,-1.0668853424811886,0,Abortion,3577,91,1.5079639927716697,0.6897376796498202,3577.0,0.0564988706543886,1.5969404926766075,0.0014373489598963,0.6949566154326401,0.057936219614285,7.736938806818279,3,3
2024/10/17,Republican,Pennsylvania,Dave McCormick,DBNLiabN0Gc,1,M,44,0.5206607272413794,0.2835356313793103,0.4789501231034482,0.1625583952758621,0.0761002400862069,0.4322760101724138,0.3275862068965517,0.4143877721465517,0.5172413793103449,0.4482758620689655,0.4482758620689655,-0.1674333829432726,0.1285289964450087,0.3191890264379567,0.2156870875709977,0.0172413793103448,0.0517241379310344,0.0517241379310344,0.0517241379310344,0.2586206896551724,0.2586206896551724,0.3103448275862069,-0.9880991964503906,-0.3984860368747273,-0.8455970081795405,0.6316320751876734,1.0767916262942785,-0.7356672986749062,-0.4425918917155453,2.111858690861615,-0.8688796918551517,-1.0267280992462862,-0.9442704633175788,-0.4798651602505163,-0.2550088022409207,-0.1658260866174445,0.9157738693840564,-1,,299,15,1.2761762214599714,0.7352213470298039,299.0,0.2481327800829875,1.1644769282443046,0.0124481327800829,0.7568631392742053,0.2605809128630705,-7.096719989009757,4,4
2024/10/17,Republican,Arizona,Kari Lake,DBNWLv-sZtT,0,F,42,0.4984002542187499,0.3035179996875,0.2880934301941963,0.1610232645647321,0.1335295199129464,0.5531336584821429,0.265625,0.5788436080875,0.2433035714285714,0.2075892857142857,0.2120535714285714,-0.1268640797269264,0.173730380370196,0.279418262985668,0.1598398260311977,0.2924107142857143,0.0111607142857142,0.0,0.1607142857142857,0.1919642857142857,0.0223214285714285,0.3214285714285714,0.3813723192741637,-0.0906763421706797,-0.4042950310423314,-0.7257433615446425,-0.2584396875665138,0.9235210781202235,1.0662369292028744,-0.0405870495473394,-0.2640291472641598,0.0730459176588976,0.1766365774400731,0.0615878465938396,0.2278334649191957,0.0145247652631137,0.4787997382087803,-1,,2360,34,-0.4167959261411925,-0.4016235184665859,2360.0,0.0028706760442084,-0.4174504177690726,4.135719724707033e-05,-0.4021755087137689,0.0029120332414554,-4.632454410064875,0,0
2024/10/17,Democratic,Texas,Colin Allred,DBNZorwpqGl,0,M,44,0.5192912557692307,0.270033076025641,0.2900088299871795,0.0900162903717948,0.049298884051282,0.3023149757948717,0.4358974358974359,0.6531686572692308,0.430379746835443,0.5189873417721519,0.430379746835443,-0.1671452296402635,0.1996103248196931,0.3423470637843578,0.1219797106743193,0.4177215189873418,0.0379746835443038,0.0632911392405063,0.050632911392405,0.0,0.0253164556962025,0.3924050632911392,-1.892842947185992,-1.1941138651283696,-0.5191367043557816,1.42374175772808,3.456473823530698,0.6530520061854488,0.6221949713382254,-0.8447082884170993,-0.8688796918551517,-0.4668431451854651,2.194269250803847,-2.045334008548441,0.1049498302685612,-0.8466801271623163,-2.0094387873756445,4,Economy,926,28,-0.2367462845966567,-0.3656649507691259,926.0,0.0146262102952093,-0.2713310293502114,0.0004422612184296,-0.4203958859054506,0.015068471513639,-2.1207695853593465,3,1
2024/10/17,Democratic,Ohio,Sherrod Brown,DBOfGBVNL4t,0,M,48,0.4942224986754968,0.2389294311456953,0.561517725629139,0.1391388199271523,0.0575728792450331,0.4673067514569536,0.1456953642384106,0.4850891849602648,0.4768211920529801,0.543046357615894,0.5099337748344371,-0.2997883501530483,0.1958998805547178,0.1152625440169643,0.1517668946355661,0.0198675496688741,0.0,0.0,0.0993377483443708,0.1456953642384106,0.3973509933774834,0.3377483443708609,-0.5130587604188283,-0.0112267190073881,-0.7983078401054539,0.0478466104673719,1.2706028552885522,0.6792229804144055,-0.2132812536073487,-1.5269929759429568,0.8247018329996264,0.7928980014513818,0.4823384976467055,-0.0342415053130502,-1.3608122696209346,-0.3224326239975084,0.0326264486851874,0,Abortion,-1,2,,-0.6130872457238575,,,,6.444960041247745e-05,-0.6163156787369043,,,4,1
2024/10/17,Democratic,Ohio,Sherrod Brown,DBOl6A1vQUg,0,M,48,0.3776839172159091,0.1643485003579545,0.7378746976136363,0.1747109079318182,0.072174418840909,0.435279560284091,0.4715909090909091,0.5114398920045455,0.5170454545454546,0.4488636363636363,0.5113636363636364,-0.3618566680763086,0.14967652047023,0.1968850988725369,0.1228527444805796,0.2215909090909091,0.0113636363636363,0.0227272727272727,0.0909090909090909,0.3125,0.1875,0.1534090909090909,-0.4233489903866006,-0.9844847456636188,-0.2221442893246722,-0.90154073051735,0.9206393434494112,0.6338205633325832,-0.2890994338898898,-1.3564218040614924,-0.8688796918551517,2.0526391480882284,0.2683471535020629,0.2865800361982612,-0.7447683932302332,-0.6812501213013208,0.1158836819448469,0,Abortion,-1,6,,-0.3994679963427224,,,,0.0001933488012374,-0.4046882918075499,,,4,1
2024/10/17,Democratic,Texas,Colin Allred,DBOsSJ-i1ot,0,M,44,0.4200050897297298,0.3476398399099098,0.2143640155675675,0.2439935564054054,0.1922738628378378,0.4112795517117117,0.4324324324324324,0.4302329029495496,0.1351351351351351,0.1531531531531531,0.1531531531531531,-0.387445154188721,0.200395908583766,0.4465675023761955,0.1451884909512064,0.6306306306306306,0.1081081081081081,0.0,0.036036036036036,0.0,0.1171171171171171,0.1081081081081081,-1.2234255647164518,1.6498663015394222,-0.6868968478347661,-0.2446874911609559,1.2334105174451475,-1.172088910984017,-1.2456306678469269,-1.2995647467676708,0.0719989330641693,1.7726966710578185,-0.2309659828354367,-1.0578380172541666,0.4229872258533489,-0.3161014912033605,-0.03770992217491,-1,,774,35,-0.3367824830726981,-0.2483979918336874,774.0,0.0122253636808769,-0.3784518408734391,0.000552826523037,-0.2964678302012183,0.012778190203914,-2.06010924144542,0,0
2024/10/17,Republican,Pennsylvania,Dave McCormick,DBOt14ROeRO,1,M,44,0.5161440953333333,0.4468869168333332,0.3109290273333334,0.10439148245,0.1118143856333333,0.5037641115,0.3333333333333333,0.6002109719166667,0.5,0.4833333333333333,0.5166666666666667,-0.1966789402067661,0.1206436611803387,0.3055679266651471,0.0788519620068948,0.2333333333333333,0.1,0.0,0.0666666666666666,0.0,0.4833333333333333,0.1166666666666666,-0.5260962882531635,-0.9438104164018573,-0.7666751135851212,-0.4918719195526588,1.2883354161711662,-0.3832680621593861,0.1432051599034764,-0.5888515305949029,1.2480972142133206,1.4227685747698051,-1.6575749437997211,0.6379697954481223,0.5488631930093498,-0.9539464125010456,0.5240447993081792,-1,,95,3,-0.8820526044864819,-0.3639467797589394,95.0,0.0788381742738589,-0.7861933316694854,0.0024896265560165,-0.3503250068358692,0.0813278008298755,4.396201365157054,1,3
2024/10/17,Republican,Michigan,Mike Rogers,DBO-z-MvKB7,0,M,44,0.3987047456000001,0.2426782936,0.5745260044,0.10994581924,0.05465398096,0.5880508096,0.08,0.28903373328,0.56,0.56,0.48,-0.3419338421523571,0.09914185170947,0.239975476861,0.1116547522894187,0.44,0.12,0.0,0.0,0.2,0.04,0.2,-0.9784165195088848,-0.6910336746890294,-0.4074074740265803,-0.3456479130989228,0.743594630130148,0.467060013870417,-0.2204964583505306,3.248999836738044,-0.8688796918551517,-1.726584291822312,-1.6575749437997211,0.2650804330768564,-0.8574207830978189,-1.9155377245748688,2.4815813771663,14,Sex and Gender Issues,39,6,-0.2927365458185315,-0.081206213205227,39.0,0.038423645320197,-0.522309889110278,0.005911330049261,-0.2007118032553228,0.0443349753694581,-1.1031841024629032,4,4
2024/10/17,Democratic,Ohio,Sherrod Brown,DBPOvndOK0N,0,M,48,0.5713568224561404,0.2583612031578947,0.524622044736842,0.2089058959824561,0.1616423576491228,0.4169655875438597,0.4561403508771929,0.697024693122807,0.4561403508771929,0.4385964912280701,0.5614035087719298,-0.2540794358703128,0.1978798256353348,0.0714120611287,0.1338130551209696,0.0526315789473684,0.0,0.0,0.0,0.0,0.7368421052631579,0.2105263157894736,-0.4542070414881511,-0.5754741991782814,-1.1211772323392313,-0.9066625924608528,-0.3791113960543463,0.1780757314333751,0.2125833707324845,0.1787187428716864,-0.8688796918551517,0.7928980014513818,-0.373626878931865,-0.1862447795240599,0.0733704589113111,-1.2831309562331674,-0.939393656440228,-1,,-1,18,,0.2413897518006825,,,,0.0005800464037122,0.2301938689805131,,,4,4
2024/10/17,Republican,Pennsylvania,Dave McCormick,DBPYS0MuDtu,1,M,44,0.5175272234741783,0.2922859426995305,0.46596256842723,0.1935058545962441,0.1107666740751173,0.5148908978169013,0.6056338028169014,0.6152084568643194,0.5727699530516432,0.4741784037558685,0.6197183098591549,-0.1781987985814681,0.146479192589941,0.4019993789179224,0.1392221554548352,0.0751173708920187,0.1126760563380281,0.0093896713615023,0.1596244131455399,0.0046948356807511,0.5023474178403756,0.136150234741784,-0.3981519272554993,-0.3714043778694989,-1.2558059940867825,0.1042688770308966,0.6535299842816472,-0.8051931137314371,-0.5187315918618939,-1.4745095384409677,2.3880078559424978,-0.273036814933643,0.317729771381596,0.6025392204394813,0.066747334173871,-0.1917791488400461,0.8141777792123013,-1,,149,4,-0.3107567387947736,-0.2723494358598775,149.0,0.1236514522821576,-0.2698394393393644,0.0033195020746887,-0.2580593279933629,0.1269709543568464,2.057346250295874,3,3
2024/10/17,Democratic,Texas,Colin Allred,DBPjRnyNUpf,0,M,44,0.533916484063492,0.4087539009206349,0.2098217799333332,0.2165995895206349,0.1776374039428571,0.3038732950793651,0.3777777777777777,0.5056849043107936,0.6190476190476191,0.5111111111111111,0.5904761904761905,-0.0662625227419156,0.2024774521810781,0.2930919936252019,0.1441837845754895,0.2888888888888888,0.0380952380952381,0.0,0.0380952380952381,0.0,0.219047619047619,0.4158730158730159,-1.3709875348297604,-0.6130512659326371,-1.1596067595535833,0.5472396223725151,1.2260197017425771,-0.3800075422957292,-0.4622813526406953,-1.08088375717605,1.7366303463829682,-0.273036814933643,0.317729771381596,-0.8377605360460056,0.1578386195963409,1.0776022374843897,-0.7383562763789961,-1,,1196,41,-0.0590504057247412,-0.1478834556033116,1196.0,0.0188908720443524,-0.0810506404602676,0.0006475967841291,-0.1902437824547335,0.0195384688284816,-0.7285040741629412,3,4
2024/10/18,Democratic,Michigan,Elissa Slotkin,DBRHoBmPGRY,1,F,48,0.5113792884,0.35636001426,0.3449250639999999,0.2767663234599999,0.27578022148,0.4512349002,0.5,0.5330406717966,0.4901960784313725,0.3333333333333333,0.392156862745098,-0.0604420515398184,0.2576888163129616,0.2494543764521093,0.2092514674866221,0.196078431372549,0.0196078431372549,0.0784313725490196,0.3333333333333333,0.1372549019607843,0.1568627450980392,0.0588235294117647,1.55106331534741,-0.414840155946602,1.8034167061391475,-0.5966840008361104,0.5543183365384003,-0.2968816591400437,0.9056353299835006,-0.1624236008912423,1.9537561829028112,0.3729842859057659,-1.6575749437997211,0.6493539555058127,-0.0620608066167412,-0.2273563844701529,-0.1610896674300925,-1,,108,2,-0.3026580768600536,-0.5297929582121029,108.0,0.0051726615259351,-0.3017954509239084,9.579002825805832e-05,-0.5283133996069473,0.0052684515541932,-3.398108668435506,2,2
2024/10/18,Republican,Texas,Ted Cruz,DBRans_JcEe,1,M,49,0.5386056434319527,0.2307212647692307,0.5230837688757397,0.220353324372781,0.1837086408047337,0.338535624260355,0.2662721893491124,0.412290583216568,0.5443786982248521,0.514792899408284,0.6568047337278107,-0.6923073090877406,0.1195609622269666,0.3185049119962038,0.0937787761159009,0.0059171597633136,0.3846153846153846,0.0,0.029585798816568,0.1124260355029585,0.0355029585798816,0.4319526627218935,-0.1251975459570541,0.5041088683766656,0.2667810815329717,-0.6408398366827986,-1.0046047497157735,-0.7073618006021716,-0.9651312230206648,0.6904322585160791,-0.1632207231656611,-0.1519078585262535,-0.5876182230765081,1.2084637276943095,-2.235641306470453,0.6930869049564982,1.7018468724452624,-1,,6057,476,0.3014566983837339,1.319426370179758,6057.0,0.0048797976217331,0.3021366789482246,0.0003834874802616,1.3204773702208252,0.0052632851019947,-1.710406761334304,4,4
2024/10/18,Democratic,Ohio,Sherrod Brown,DBRg5EVs5lu,0,M,48,0.449347769375,0.25967089684375,0.518050155625,0.2836128745,0.2267108472499999,0.37001695421875,0.53125,0.376112000584375,0.4375,0.5625,0.46875,-0.0713898194953799,0.1866732876300054,0.197480069939047,0.1120566457763433,0.1875,0.0,0.0,0.34375,0.0625,0.34375,0.0625,0.6572473650174592,-0.0570882246454815,0.3606672726473691,-0.7791520010165467,0.5080437775482869,-0.1381092429991751,-0.090723314236671,-1.868135319705885,-0.8688796918551517,2.472552863633844,0.4823384976467055,1.0890325011102409,0.8673874301667398,-1.1311941633244025,-1.6132038151936186,-1,,-1,3,,-0.5596824333785737,,,,9.64506172839506e-05,-0.5637762406624293,,,2,1
2024/10/18,Democratic,Texas,Colin Allred,DBRltWQs_rp,0,M,44,0.4729369646938776,0.1831523803877551,0.6998905606122449,0.1563414092040816,0.0796281958367347,0.5500404414285714,0.4897959183673469,0.6332915129387756,0.3469387755102041,0.3673469387755102,0.3265306122448979,-0.3068952932953834,0.129794985110479,0.2941615560225078,0.0996898816996823,0.7346938775510204,0.0,0.0,0.0408163265306122,0.0,0.0408163265306122,0.1836734693877551,-1.231200315442766,-0.2591404551490204,-1.1593177687126694,2.7663162336193805,1.5359541227627524,-0.0752705732850709,-0.9667208946757428,-0.1624236008912423,1.9537561829028112,-0.6768000029582735,-0.5876182230765081,-0.237904323542296,-0.1843588518220889,-1.872795469517203,-1.0466063154568397,4,Economy,818,67,-0.307824636145423,0.287679534728317,818.0,0.012846687816063,-0.3507296427193465,0.00105223482112,0.2632981796130106,0.0138989226371831,-0.0626089760376344,3,1
2024/10/18,Republican,Texas,Ted Cruz,DBRoj-exliV,1,M,49,0.5949450035944701,0.3024830372488479,0.4865055252626729,0.2078937136774193,0.1782060394608295,0.336841758640553,0.1428571428571428,0.3248027542576037,0.456221198156682,0.4792626728110599,0.5207373271889401,-0.5637611647904743,0.1667268408588099,0.2428492016506634,0.1315053447752777,0.0230414746543778,0.2764976958525346,0.0,0.0184331797235023,0.216589861751152,0.0138248847926267,0.4516129032258064,0.0276705527822823,-0.905186890707169,0.2081600990882068,-0.4189518113473841,-0.6439163137263667,-0.7194695327816775,-0.9230474317134806,-1.868135319705885,1.0852528368234378,-0.273036814933643,1.7992083077675836,1.1131468234275763,-0.2233777550026386,-0.7752402387325098,0.067547174300229,15,Immigration,3551,146,-0.3620542490879757,-0.4644079991940153,3551.0,0.0028608488285907,-0.3617053719381422,0.0001176243111726,-0.4641180260690041,0.0029784731397634,0.8721089416412126,4,4
2024/10/18,Republican,Arizona,Kari Lake,DBRsNXbJqyH,0,F,42,0.5422461269057377,0.3481799209118852,0.2672608437336066,0.0891131459877049,0.0517235845327868,0.4065175800614754,0.1168032786885246,0.5331883090561476,0.1431492842535787,0.1165644171779141,0.1370143149284253,-0.1815721191465854,0.1563208084225405,0.2883701478554444,0.1744414652200397,0.2188139059304703,0.0102249488752556,0.0879345603271983,0.0184049079754601,0.0797546012269938,0.0961145194274028,0.4867075664621677,0.1935153375655539,0.300782762340841,-0.6143778089041648,0.6401919656265815,-0.5298958319599284,0.084956127995864,0.5416861849112973,0.0399489759172747,-0.2947842597009898,0.3018124697115937,-0.1342467312446379,-0.8596412966009531,-0.0823012950122115,-0.242378966363673,-0.4848166184632153,15,Immigration,1814,25,-0.5033295007414844,-0.446818626180395,1814.0,0.0022051413587998,-0.5042822870516711,3.0390592045201752e-05,-0.4475270835861099,0.002235531950845,-3.6363998664016446,0,0
2024/10/18,Republican,Arizona,Kari Lake,DBRsoIOBne6,0,F,42,0.5429893167592592,0.3278136223641975,0.3046659345740741,0.0733570965462963,0.0425598397098765,0.4539599733703703,0.0987654320987654,0.4412272642891975,0.2746913580246913,0.2160493827160493,0.2098765432098765,-0.0865786306245567,0.2110502978450487,0.3382593318819999,0.1685857391448728,0.3148148148148148,0.0030864197530864,0.0339506172839506,0.015432098765432,0.0617283950617283,0.1172839506172839,0.4537037037037037,0.0097397866782556,-0.1624376436031448,-0.5917669928680656,-0.0803453452143348,-0.4536693761608905,0.0854304741115707,0.5450116535487163,0.8122688098599823,-0.465645995461157,-0.5268308188348393,-0.1290653427665598,-0.9913947083653072,-0.4846807668922421,0.0237627671987093,-0.2969426858401012,3,Criminal Justice,3338,44,-0.2617962265824279,-0.3514067321179092,3338.0,0.0040577518498753,-0.2625734242087334,5.348744199955509e-05,-0.352011789587781,0.0041112392918748,-2.3468458168926496,0,0
2024/10/18,Republican,Arizona,Kari Lake,DBRtGBMh4PX,0,F,42,0.5140334638095239,0.3078527191071429,0.2963617722470238,0.0753244512827381,0.0475699344166666,0.4163436229285714,0.0833333333333333,0.4228289787901785,0.2818991097922849,0.2611275964391691,0.2640949554896142,-0.1947611339164502,0.2280445835312441,0.3283911170381488,0.1723137794849777,0.2967359050445103,0.0178041543026706,0.0385756676557863,0.0237388724035608,0.0741839762611275,0.0356083086053412,0.5103857566765578,0.0733374846684325,0.2966781646316162,-0.4464295761420473,0.0916826764514079,-0.6270466961021794,-0.2823155727453242,0.5637223842628428,0.1787187428716864,-0.3608052343987183,-0.088920801194411,0.1399523470152775,-1.3582717038783023,-0.73287233632643,-0.1572428991778438,-0.323073192377166,-1,,6088,304,0.1740413744263682,0.9542297129476858,6088.0,0.0074007169748475,0.1735810198976176,0.0003695495992696,0.9550396019682976,0.0077702665741171,4.3181107399364285,0,0
2024/10/18,Republican,Arizona,Kari Lake,DBRtYEFpJTz,0,F,42,0.5425569454779412,0.3444452565808824,0.2739599290698529,0.1008425793308823,0.056281403555147,0.4248943623860294,0.1102941176470588,0.4765492855205881,0.4080882352941176,0.3455882352941176,0.4007352941176471,-0.1902223079842705,0.2039161528702937,0.3239308889802947,0.1579290777694432,0.2352941176470588,0.0110294117647058,0.0551470588235294,0.025735294117647,0.1176470588235294,0.025735294117647,0.5294117647058824,0.2100916522994975,0.7530822341083391,-0.5057750215081677,-0.3916501634419082,-0.6497844398221951,-0.2478448314601442,0.3578065903140097,-0.5888515305949029,-0.8688796918551517,0.1105382136897563,1.2848060381891155,-1.2878357126677702,-0.029508988631452,-0.690132048779967,-0.2622302769195513,-1,,6286,311,0.2054216816990015,0.9893814633917596,6286.0,0.0076414104638455,0.2049841398732748,0.0003780589650423,0.9902294471255766,0.0080194694288878,4.572741737922232,4,0
2024/10/18,Republican,Arizona,Kari Lake,DBRtf-BB-oF,0,F,42,0.5191461629710145,0.3018589619130434,0.2781041318623188,0.0884222272391304,0.0641051886884058,0.3259024486231884,0.1159420289855072,0.4383454145601449,0.1521739130434782,0.181159420289855,0.1594202898550724,-0.0524076673377683,0.1400187715031416,0.1651122042018434,0.137879955805127,0.2246376811594203,0.0,0.036231884057971,0.036231884057971,0.1014492753623188,0.1014492753623188,0.5,0.2378366116556199,0.1574915966539508,-0.3358003863350598,0.7605101872036572,-0.5626026927888161,-0.0833379421896604,0.50734274479015,0.0999935866187026,-0.5431909370753872,-0.0307789021188644,0.317729771381596,-0.8192737981235895,0.8418108686984567,0.2222667035021386,-0.0245637662006256,7,Energy and Environmental Issues,2053,30,-0.4654512510538109,-0.4217102330060566,2053.0,0.0024956754187519,-0.4663765008184283,3.64687104542421e-05,-0.4223914799023391,0.0025321441292062,-3.3953378538599512,0,0
2024/10/18,Democratic,Ohio,Sherrod Brown,DBRwGhDOrUd,0,M,48,0.6470808823387098,0.4242504624193549,0.3468075259274193,0.0833885414354838,0.0468520123467741,0.421235055,0.0483870967741935,0.2127316583564515,0.5161290322580645,0.6209677419354839,0.5403225806451613,0.0350017047096644,0.11504519203239,0.3395648303051148,0.1621857480358368,0.0483870967741935,0.0080645161290322,0.0,0.0,0.0,0.7016129032258065,0.2419354838709677,0.2602372421283115,-0.1982344274263711,-0.2052037155299805,0.356934949202326,0.2946553001633409,-0.6416515386476618,-0.6186188924906688,0.0171250010892463,0.0224790054368363,-1.0635626356976562,1.0454736138168177,-0.3482404990384512,0.5797357884057235,0.6908732258858152,-0.373484196914955,-1,,-1,27,,0.7220330629082363,,,,0.0008680555555555,0.7030488116507893,,,4,4
2024/10/18,Democratic,Ohio,Sherrod Brown,DBSBWKkv3RZ,0,M,48,0.4804561315584416,0.3312299337012988,0.4198023512337662,0.2666934526753246,0.2127553745194804,0.3696028308571428,0.6883116883116883,0.2326679625571428,0.5974025974025974,0.3896103896103896,0.4935064935064935,0.040414754978635,0.1406834832491964,0.3587133410302075,0.1976537267148556,0.0649350649350649,0.0,0.0,0.2857142857142857,0.0779220779220779,0.5714285714285714,0.0,2.39817708185162,-0.0253552247764615,0.4947254687311844,-0.2671508231489357,-2.490791127431508,-0.5962780617332887,-0.2974450255562707,-0.8447082884170993,0.8247018329996264,-0.4668431451854651,0.9103211859359912,-1.3834765781863585,-1.0679705613274064,0.5680812841487887,-0.0173449547299727,13,Healthcare,-1,1,,-0.6664920580691412,,,,3.2150205761316875e-05,-0.6693449950218641,,,2,1
2024/10/19,Republican,Wisconsin,Eric Hovde,DBSXOtjpVA5,0,M,46,0.4929672288505747,0.2483958922988505,0.6682310387356323,0.129036130954023,0.0680158316666666,0.4015707759310344,0.264367816091954,0.8020702107701148,0.5517241379310345,0.5977011494252874,0.6091954022988506,-0.6059797322698708,0.1606743304444297,0.5256218242234197,0.1173460912282088,0.942528735632184,0.0114942528735632,0.0,0.0,0.0,0.0459770114942528,0.0,-0.7018633918103211,-0.7968424656989385,-0.3985935485907207,0.5165859291990349,0.5718409064132495,-0.3446015415541331,-0.3753591573662698,1.9697160476270608,-0.8688796918551517,-1.726584291822312,-0.052639862714901,0.1417905576647539,1.1919593693431068,-1.5779822647768966,1.8869569651788267,-1,,1218,101,3.57864520240768,4.080681537069472,1218.0,0.5087719298245614,1.54422635397536,0.0421888053467,2.1141219947370056,0.5509607351712615,22.1864445150654,4,4
2024/10/19,Republican,Michigan,Mike Rogers,DBSgARKx4xH,0,M,43,0.3308138540492958,0.1830677724718309,0.521978926056338,0.1382019697253521,0.0761013409859154,0.523595630774648,0.2394366197183098,0.4755631989070422,0.4366197183098591,0.3732394366197183,0.3661971830985915,-0.3755748243871289,0.1624577441554515,0.27713662879148,0.1255435505634319,0.7253521126760564,0.1126760563380281,0.0,0.0070422535211267,0.0070422535211267,0.056338028169014,0.0915492957746478,0.9793580787468896,2.118285720090886,0.7682799457908183,0.3531161967164917,0.9075453320202116,0.424625627053023,0.0292083144569689,0.3706113112383336,0.7188529876962026,-0.5455769668502681,-0.4538736329861061,2.117928946983197,-1.0943869624131086,1.956565140567327,1.188750413567948,-1,,146,19,0.1793084870402191,1.1689420690331371,146.0,0.1368322399250234,-0.2116162685350919,0.0178069353327085,-0.0255686090669586,0.1546391752577319,3.0222370243638186,0,0
2024/10/19,Democratic,Texas,Colin Allred,DBSr2ARocLh,0,M,44,0.4331609545736434,0.4011684385271318,0.2461361002325581,0.145224104868217,0.1493098157906976,0.4862236672713178,0.6356589147286822,0.7011498342325582,0.5581395348837209,0.6046511627906976,0.6434108527131783,-0.2239738272488579,0.2154277279314836,0.5441740143668744,0.1108685064648281,0.6821705426356589,0.0155038759689922,0.0,0.0465116279069767,0.0,0.2403100775193798,0.0155038759689922,-1.2401741283681622,-0.1554686198681301,0.537429430372653,0.1272340971705613,-0.1253237542209072,-1.4563314292684444,-1.623875172874497,-0.7309941738294565,0.0719989330641693,0.3729842859057659,0.4823384976467055,-1.2303690613276157,0.4459140664407472,-0.9041468019822978,0.036746549979657,-1,,905,16,-0.2505670751755836,-0.5666940232298776,905.0,0.0140155797494231,-0.2985761016572079,0.0002477892552384,-0.6383714287111177,0.0142633690046615,-1.9695954867014047,3,3
2024/10/19,Democratic,Texas,Colin Allred,DBTwGVPiQC3,0,M,44,0.6200114927011494,0.4074885391954023,0.2684560453218391,0.2894521700344827,0.2571765168793103,0.5056769495402299,0.6379310344827587,0.7536701485977011,0.5459770114942529,0.5229885057471264,0.5172413793103449,-0.3729492078438915,0.231981719952259,0.3349706939924722,0.0908428851434672,0.3045977011494253,0.4425287356321839,0.0,0.0977011494252873,0.0,0.0229885057471264,0.132183908045977,-0.7090775348373511,-0.5897005295024916,-0.3864382994885003,-0.4120840891248949,-0.2259762663600423,-0.6381820147528516,-0.7189547241286325,-1.2995647467676708,2.894634807822132,-1.0267280992462862,0.4823384976467055,-0.937925272081256,0.1388968941638992,1.008834649410942,-1.6094359363731108,-1,,543,16,-0.4888111794408925,-0.5666940232298776,543.0,0.0084093478496538,-0.5487145766041693,0.0002477892552384,-0.6383714287111177,0.0086571371048922,-2.543762681750457,3,3
2024/10/19,Republican,Wisconsin,Eric Hovde,DBUbTQdogUS,0,M,46,0.5042390587412587,0.2498175524685314,0.6084957933566434,0.151890857062937,0.0661402673251748,0.5259886118111888,0.2447552447552447,0.6554797519328671,0.4825174825174825,0.4475524475524475,0.4475524475524475,-0.1405682307049319,0.2132410706700214,0.3475768040943812,0.1918087054056787,0.7132867132867133,0.0069930069930069,0.0209790209790209,0.0,0.0279720279720279,0.1398601398601398,0.0909090909090909,-0.1941715092487049,0.9380467849245526,-0.1801472615148005,0.0590201750598292,-0.5117395137939216,-0.4817853175017194,-0.4579821540981174,-0.1624236008912423,-0.8688796918551517,-1.3066705762766968,2.194269250803847,0.4912518806619752,0.2037172233954368,0.4551393395943109,0.7848432289217949,15,Immigration,320,39,-0.5670216408125083,0.6398508650124932,320.0,0.1336675020885547,-0.811082451610479,0.0162907268170426,-0.0481282195750761,0.1499582289055973,0.2109613020502275,4,1
2024/10/19,Democratic,Pennsylvania,Bob Casey,DBUcvk4skW5,0,M,49,0.6356032689361701,0.4635080426595744,0.3054310293617021,0.1466829542765957,0.1101893727446808,0.5486525973404256,0.2872340425531915,0.5514206939861702,0.5212765957446809,0.4787234042553192,0.5212765957446809,-0.0757760992075534,0.1746662873063545,0.3095333561935323,0.1373428937618236,0.0,0.0,0.0,0.0212765957446808,0.0,0.4574468085106383,0.5212765957446809,-1.149624001795934,-0.8157034278001999,0.1800175707616139,-0.315527994511682,-1.3072199133662417,-0.0231314394520739,-0.2823366945273262,-0.3329947727727065,-0.8688796918551517,1.4227685747698051,-0.373626878931865,-0.1035312091199663,0.6966322726406606,-0.0339423834897621,0.0313650489709815,-1,,98,1,-0.3138911950488256,-0.568604221917099,98.0,0.0046513835492904,-0.3157772084429708,4.746309744173905e-05,-0.5714478091228125,0.0046988466467321,-5.747805026238506,1,4
2024/10/19,Republican,Pennsylvania,Dave McCormick,DBUmGZyuTCk,1,M,44,0.4412367625,0.1996190225,0.641372963125,0.1169668118125,0.0653925116875,0.55630166625,0.25,0.5257599734375,0.125,0.125,0.0625,-0.2581980357567469,0.0733574178196013,0.128848980863889,0.0922406311930785,0.75,0.125,0.0625,0.0,0.0,0.0625,0.0,1.4127411968525747,-0.6448225090778917,1.3339423321930912,-0.5465620007066163,1.409173778734928,-0.2570145269428164,-0.6236693457625796,0.6904322585160791,0.5424382455238294,0.3729842859057659,-1.6575749437997211,2.1057079152645546,-0.7681283594422835,-1.052056779154645,-0.2839395453613088,-1,,197,1,0.1970618084867448,-0.5471414675570633,197.0,0.157097288676236,0.1155349088866379,0.0007974481658692,-0.5384616422427977,0.1578947368421052,1.5133269693603164,0,0
2024/10/20,Republican,Wisconsin,Eric Hovde,DBUzcMyMI0p,0,M,46,0.5333954902912621,0.2119284450388349,0.5958756942718447,0.1326812250194174,0.0576289946116504,0.4678350129126213,0.2427184466019417,0.7322440633495146,0.5436893203883495,0.5339805825242718,0.5048543689320388,-0.4936303663818003,0.2244639933536921,0.4500173812062994,0.1959013078068317,0.8932038834951457,0.058252427184466,0.0097087378640776,0.0,0.0,0.0388349514563106,0.0,-0.152578233947209,-0.0398084360169409,-1.0443198273626428,-1.009637241429848,0.5991078724459643,-0.3154667772841375,-0.4547838927773778,-0.4060967035790484,-0.8688796918551517,0.0730459176588976,1.09374233805997,-0.3175599233910204,-0.9772616807029432,-0.1279906041085436,-0.8730992551584087,4,Economy,348,24,-0.4377580866809211,-0.1926081685496789,348.0,0.1410048622366288,-0.7650106175059873,0.0097244732576985,-0.5963497082720196,0.1507293354943274,-1.4939391876221304,4,4
2024/10/20,Republican,Pennsylvania,Dave McCormick,DBU4yZFtBYc,1,M,44,0.4179586869565218,0.2040591108695652,0.6132591326086956,0.1895401827608695,0.1407166925217391,0.5011972489130435,0.2826086956521739,0.5055053254347827,0.3478260869565217,0.2826086956521739,0.3695652173913043,-0.1592985715303156,0.1362619947294762,0.2281639069318771,0.1101665863117019,0.5869565217391305,0.0,0.0217391304347826,0.0217391304347826,0.108695652173913,0.0652173913043478,0.1956521739130435,1.878574826262405,0.8379037638053383,0.5854669785140872,-0.3101413373848234,0.6264411669885462,0.8346324328583689,0.0613937208693823,0.0507903639605881,0.1896087611790845,0.6354303581217758,-0.8551074032573112,2.12876473148046,0.9226523530703724,0.5227108532171171,3.2098791288526938,6,Election Policy,154,0,-0.2578589734529488,-0.6387388114561252,154.0,0.1214511041009463,-0.2951926024719423,0.0,-0.6271220433633878,0.1214511041009463,4.142347256325464,0,0
2024/10/20,Democratic,Texas,Colin Allred,DBU668OP9wT,0,M,44,0.4052391878787879,0.3124579206969696,0.3922979781666665,0.3451771157878788,0.3578799826060606,0.3559118088787878,0.5757575757575758,0.7456773081393938,0.5606060606060606,0.5151515151515151,0.3939393939393939,-0.1502775332015572,0.2809772025632368,0.4540781767079324,0.2076810944197993,0.3636363636363636,0.106060606060606,0.0757575757575757,0.1969696969696969,0.0454545454545454,0.1212121212121212,0.0909090909090909,0.5196600181088981,0.5414410156340612,2.230077817545789,2.485217314560812,0.4333757149778408,-1.7986098717563423,-1.300509906327045,0.8250937100014455,0.0224790054368363,-0.7320518076353281,-0.3060506649914522,0.3156429331744144,0.421623285796157,1.0918919969487684,1.5348154318252472,-1,,889,23,-0.2610972013309563,-0.4494270642944391,889.0,0.013611795868996,-0.3165921034680415,0.0003521611979605,-0.5213852549963941,0.0139639570669565,-1.4447194847016651,2,1
2024/10/20,Republican,Pennsylvania,Dave McCormick,DBU6-68tMku,1,M,44,0.395823687768595,0.2063243304793388,0.5301786792892562,0.0851104965041322,0.0488137378925619,0.5100884533884298,0.0909090909090909,0.3244936744795867,0.232,0.128,0.12,-0.3077148729562759,0.1075627283601994,0.264111813545227,0.0998206269873865,0.784,0.032,0.04,0.0,0.0,0.032,0.08,1.026087486144458,-0.4551939263446549,0.3238043452430504,-0.8171947825117443,1.2680648073878678,0.7167933455481847,-0.2824877752153446,0.1787187428716864,-0.0220889294277626,0.7928980014513818,-1.0156009113657931,2.753190209057984,-0.1808697121463078,-0.1781619515062325,1.577697422800426,-1,,216,3,0.3980733167856792,-0.3639467797589394,216.0,0.1703470031545741,0.2682026437014326,0.002365930599369,-0.3640775409851071,0.1727129337539432,-0.1576670937626069,0,0
2024/10/20,Democratic,Texas,Colin Allred,DBWNHQUPc60,0,M,44,0.4038006530319149,0.343308852393617,0.2818149447712766,0.1735478540744681,0.1979136391648936,0.4599058562234042,0.6382978723404256,0.6602457637180852,0.5904255319148937,0.5159574468085106,0.5425531914893617,-0.4202800118859778,0.1939048489483183,0.3398903516378808,0.0771474925652958,0.7287234042553191,0.1489361702127659,0.0,0.0053191489361702,0.0,0.0159574468085106,0.101063829787234,-1.6008818207806654,-1.1541570283374074,-8.829116916972879,-0.4544817620290355,-1.6794865372506174,0.1090827153004423,-0.3183258699537599,-0.1624236008912423,0.5424382455238294,-0.6768000029582735,0.4823384976467055,-1.1409146280102385,0.9637739563263774,-1.343879361333444,-1.619250045648445,4,Economy,385,17,-0.5927961752251987,-0.549941600524815,385.0,0.0058948722267305,-0.6609052795316087,0.0002602930593621,-0.6243564342292599,0.0061551652860926,-2.323545599216871,3,4
2024/10/20,Democratic,Ohio,Sherrod Brown,DBWV0ZKq-La,0,M,48,0.5128199511764705,0.3575453629411765,0.3696571652941176,0.1131196872941176,0.054814123,0.4778543194117647,0.0588235294117647,0.3967423186470589,0.6470588235294118,0.5294117647058824,0.5294117647058824,0.0709574709043783,0.0974987580928839,0.4588143930715673,0.1591063188147159,0.2352941176470588,0.0,0.0,0.0,0.0,0.7647058823529411,0.0,-0.5692303468497946,-0.4857758746482402,-0.5872805653729253,1.5417495447158271,0.2561174572336707,-0.6611139736317178,-0.6970021166062218,-0.1624236008912423,0.5424382455238294,0.3729842859057659,-0.5876182230765081,-1.3928456018552944,-0.6962914473885548,-0.3800243262612279,-1.3966361562383738,-1,,-1,7,,-0.3460631839974387,,,,0.0002239355065741,-0.3544708778612149,,,4,4
2024/10/20,Republican,Michigan,Mike Rogers,DBWeiNTPcbo,0,M,44,0.4697574545524018,0.3280635789497817,0.3541942669344978,0.1211721038449781,0.1018741820731441,0.525115490790393,0.1015283842794759,0.2472586407132532,0.5731441048034934,0.6048034934497817,0.5906113537117904,-0.2632836927110776,0.1575350966043117,0.2002940371177081,0.1141769303088086,0.5251091703056768,0.0382096069868995,0.0,0.0611353711790393,0.0207423580786026,0.3220524017467249,0.0327510917030567,-1.2251219905212831,0.3187495907444279,0.5004108510734284,-0.721664423361833,-0.3587344433911595,0.1492682447245897,0.4728740181938996,0.2739212574101781,0.1157607295720443,-0.261769005035281,-0.1646120776743073,-0.7263742839224868,-0.2717300267857343,0.0213661842565965,0.6198189108100289,-1,,74,3,-0.1383292920796878,-0.3697019706448495,74.0,0.0672727272727272,-0.4312281522142785,0.0027272727272727,-0.2475918027647108,0.07,-0.9881858945915862,4,4
2024/10/20,Republican,Pennsylvania,Dave McCormick,DBXTqzyNhBh,1,M,44,0.52792278,0.287157988283105,0.4452260697031963,0.2139548840365296,0.1912206478904109,0.4074880590228311,0.3972602739726027,0.5275972806159817,0.5068493150684932,0.410958904109589,0.4703196347031963,0.0078204827017435,0.2027290190478394,0.4339099262403026,0.187787504728931,0.182648401826484,0.0319634703196347,0.0547945205479452,0.1735159817351598,0.0502283105022831,0.4794520547945205,0.0273972602739726,0.7970848243028091,0.2723987866737447,0.8302864473937793,-0.0238071127877802,1.3028986060609933,-0.2305099453419873,-0.4807845824167681,-0.0259666633860708,0.147269223057715,0.0370533134692737,-0.1168372659582939,1.3221531622102018,1.7630312678374318,0.223417757468762,0.6796215560365172,-1,,287,6,1.149221584639592,-0.0891547480617536,287.0,0.2263406940063091,0.9133810707709428,0.0047318611987381,-0.1010330386068263,0.2310725552050473,-4.897586215278393,2,1
2024/10/21,Republican,Pennsylvania,Dave McCormick,DBXh5CoNzIS,1,M,45,0.4748214191304348,0.1796258267173913,0.456872772173913,0.1730996196086956,0.1580543214565218,0.3795882207391305,0.5,0.6515888874782608,0.391304347826087,0.4130434782608695,0.3260869565217391,-0.1879707663117543,0.1817385928251111,0.3207208067178726,0.1281391345824548,0.5652173913043478,0.0,0.0,0.108695652173913,0.0217391304347826,0.1521739130434782,0.1521739130434782,-0.2948511572463362,0.5890722341683097,1.208316748952659,0.7117134826694703,0.8034207190530357,-0.5200232570780483,-0.590028613446766,-0.5888515305949029,1.2480972142133206,-0.1519078585262535,-0.052639862714901,1.1310740552449408,-0.1115852560113876,2.286224004586019,2.8402923172135788,6,Election Policy,216,15,0.3980733167856792,0.7352213470298039,216.0,0.1651376146788991,0.208178290750141,0.0114678899082568,0.6478795966047314,0.1766055045871559,-6.516180625815549,2,0
2024/10/21,Democratic,Pennsylvania,Bob Casey,DBY2koUpVXi,0,M,48,0.6806050285483872,0.3816755119354839,0.5005389524193549,0.1047905953064516,0.0728051132419354,0.5223397687096775,0.314516129032258,0.7181310957983871,0.5967741935483871,0.5806451612903226,0.5,-0.385238581577376,0.1693713507766177,0.3266614917064867,0.1283398363600201,0.0483870967741935,0.0080645161290322,0.0,0.0,0.3306451612903225,0.2903225806451613,0.3225806451612903,-0.8616579688498242,-0.524650357332011,0.4206367084754135,-1.3317799687042875,-1.7389130233009833,-1.089370093582657,-1.2545261222701771,-0.1624236008912423,-0.8688796918551517,-0.32687190667026,1.1956429781288478,-0.443501641946084,1.60107842811028,-0.8637736361453731,-1.883135123640977,6,Election Policy,95,3,-0.3162625832002413,-0.4405741322139112,95.0,0.0045055726820014,-0.3182342906873668,0.0001422812425895,-0.4430290377745687,0.0046478539245909,-3.490243632119067,4,4
2024/10/21,Republican,Michigan,Mike Rogers,DBXfxAAvzha,0,M,44,0.4233516579912664,0.3812397042390829,0.4416001617980349,0.0733566114039301,0.0491308945152838,0.5347585795469433,0.0447598253275109,0.1622550582336899,0.569593147751606,0.5374732334047109,0.5663811563169164,-0.2941130887860596,0.1372263917108926,0.303132818186181,0.0944339554951995,0.4239828693790149,0.5085653104925053,0.0,0.0,0.006423982869379,0.0406852248394004,0.0010706638115631,-0.8571134153722559,0.0331398719983045,0.1064928168020701,-0.2729421358958677,-0.676444384812064,-0.2678810349705144,-0.499613383276423,-0.8447082884170993,0.6553436805141484,0.666923886787697,-0.1168372659582939,-0.0648236176005086,0.2705515015317853,0.0214835786280344,0.8665148913557602,-1,,79,11,-0.1162711129741387,0.3996200491941438,79.0,0.0699115044247787,-0.4228970584662762,0.0097345132743362,-0.144421727546541,0.079646017699115,0.4919949128381102,4,4
2024/10/21,Republican,Michigan,Mike Rogers,DBY-H8JvIz_,0,M,44,0.321450933184466,0.2931824999378641,0.6148261934757283,0.1872931843495145,0.1584049540941747,0.5988986982796117,0.1320388349514563,0.1976594203562912,0.5359223300970873,0.5262135922330097,0.541747572815534,-0.2504516581597837,0.224597030162858,0.3094062379552322,0.1131116830662229,0.570873786407767,0.1922330097087378,0.0,0.0970873786407767,0.0135922330097087,0.1184466019417475,0.0077669902912621,-1.1230438444099753,-0.6182897179918203,0.4794721452532584,-0.7090569837602221,-0.480099504578651,-0.190371545858247,-0.3496749533118192,0.3093690021851483,-0.5085431972051989,0.4176559577723208,-0.4282629667985827,-0.3793172091701859,-0.471878691708605,-0.0152970051092407,0.0454435955136212,4,Economy,97,15,-0.036861668194162,0.7842810591136404,97.0,0.0858407079646017,-0.3726056998655311,0.0132743362831858,-0.0923036642905195,0.0991150442477876,1.297786901883487,4,4
2024/10/21,Democratic,Michigan,Elissa Slotkin,DBZRucXgGje,1,F,48,0.4853545378358209,0.343437754477612,0.3822276869701492,0.3658377502686567,0.3363567504925372,0.3966433325298507,0.4328358208955223,0.4502057976373134,0.5074626865671642,0.4477611940298507,0.4701492537313433,-0.0714734412952145,0.2805405205034337,0.2726587822188192,0.1245637825335673,0.1641791044776119,0.0149253731343283,0.0,0.3805970149253731,0.0746268656716417,0.0597014925373134,0.3059701492537313,1.7082828525747282,0.4000174468921119,-0.7998574656255125,2.7544574545986538,0.128922772567825,0.1294962013590726,0.6103452158408443,-1.868135319705885,4.776392057660774,-1.726584291822312,0.4823384976467055,0.7569817640105078,2.008097315592823,-1.4661955759053946,-1.47109157074414,-1,,179,8,-0.2657284065436277,-0.349060912266837,179.0,0.008567872869998,-0.2652509778633347,0.0003829216925138,-0.3489878975275157,0.0089507945625119,-1.9093618145261864,2,1
2024/10/21,Republican,Pennsylvania,Dave McCormick,DBZWXP5yQqD,1,M,45,0.7016611946428571,0.3952965624285714,0.5948351358928571,0.0709403361785714,0.0256558919821428,0.3627037084821429,0.3214285714285714,0.5328557700428572,0.3392857142857143,0.3035714285714285,0.25,-0.0097829838549452,0.1195294780383715,0.604265570640564,0.1907553131401494,0.0,0.0178571428571428,0.0714285714285714,0.0,0.1071428571428571,0.8035714285714286,0.0,-0.2508245230749513,-0.2681053966963524,-0.7677199518782339,-0.4810314105457399,1.133681707373857,-0.32519808075132,0.0179661764940396,0.2640043288124185,0.5424382455238294,-0.1519078585262535,-0.5876182230765081,0.8435835783908694,0.3221455986744477,-0.0582021752933117,1.4272553992246535,4,Economy,124,4,-0.5752455655038979,-0.2723494358598775,124.0,0.0948012232415902,-0.6022616303014674,0.0030581039755351,-0.2871216060385561,0.0978593272171253,4.873474042337833,0,2
2024/10/21,Democratic,Texas,Colin Allred,DBZowlVCnMF,0,M,44,0.5729903833333333,0.467956449090909,0.2778618133333333,0.2605677919090909,0.2670747596969697,0.4599956052424242,0.7424242424242424,0.8164590006060607,0.5303030303030303,0.5909090909090909,0.3939393939393939,-0.1542110386671442,0.226772715419578,0.4037422214945157,0.1339240423809385,0.2575757575757575,0.3939393939393939,0.0151515151515151,0.1363636363636363,0.0,0.1515151515151515,0.0454545454545454,-1.1286511703388735,-0.3683522609800955,0.9810493820350608,-0.5510330668572,-0.93599305649386,-1.43765093671017,-1.3377811855891308,-0.7309941738294565,1.0128775579834903,-0.32687190667026,0.4823384976467055,-0.7823170523647105,1.6792708669174126,0.5253608933370646,0.4009386508796194,6,Election Policy,2057,97,0.5076020080112561,0.7902522158801961,2057.0,0.0310059992161828,0.4595012826014357,0.0014621205269663,0.722722035648549,0.0324681197431491,2.167044198754485,3,3
2024/10/22,Democratic,Texas,Colin Allred,DBaaQYxMm0g,0,M,44,0.343657386821192,0.2896372517615894,0.3238882704503311,0.1245290544768212,0.1249435055695364,0.4436519729139072,0.5894039735099338,0.6609824586562915,0.5099337748344371,0.4900662251655629,0.5496688741721855,-0.5028981467745951,0.1576464550091494,0.5108171002754313,0.0878838938207356,0.8874172185430463,0.0264900662251655,0.0,0.0,0.0,0.0728476821192053,0.0132450331125827,-1.404406689069878,0.7861318433790007,-0.7134499509192181,0.2886446712421374,0.1562092051722937,-0.4537343647445588,-0.8491116347593508,-0.2936321946462146,-0.8688796918551517,-0.7575526405631994,1.7992083077675836,-1.2664336534258127,-0.0716628669951157,0.0229753682578504,1.0822924874860325,0,Abortion,1072,75,-0.1406588834288802,0.421698916368818,1072.0,0.0159782981323873,-0.2110036658674489,0.0011178846641129,0.3368823607291303,0.0170961827965002,0.4153038716991322,3,3
2024/10/22,Democratic,Texas,Colin Allred,DBbS6bQv7Qk,0,M,44,0.4001820558160238,0.3857573351928784,0.2307709495519287,0.2084433641602373,0.2004654111602373,0.5771873375667655,0.5608308605341247,0.6488988687783382,0.5637982195845698,0.4658753709198813,0.5400593471810089,-0.4043211323438483,0.1704208362728095,0.5640322981673108,0.1163088242469607,0.5103857566765578,0.3115727002967359,0.0059347181008902,0.0237388724035608,0.0,0.1216617210682492,0.0267062314540059,-0.7588141761401971,0.2794759266511816,0.2034517192736301,1.991096173789788,-0.0640215723434041,-1.1832726710323875,-1.4212375776358022,-0.3898518300665283,-0.3043525169035596,0.0930418088753551,0.6249993937431338,-0.2959570592701457,-0.639053868488398,0.0516786573915205,-0.1034851460622117,-1,,9588,391,5.464000762768278,5.715464491168611,9588.0,0.1429103754601958,5.452443157645982,0.005827905382242,5.616148872018159,0.1487382808424378,16.520333971346208,3,3
2024/10/22,Republican,Pennsylvania,Dave McCormick,DBbyuzJOJfr,1,M,44,0.6234530875490196,0.3785217529411764,0.5032156366666667,0.2548658697058824,0.207503405617647,0.4498044587254902,0.1862745098039215,0.5202743029215686,0.5588235294117647,0.4411764705882353,0.5882352941176471,-0.379819635995755,0.1186573747543792,0.2408111029688049,0.1561643701868566,0.4901960784313725,0.088235294117647,0.0098039215686274,0.0784313725490196,0.0490196078431372,0.1764705882352941,0.1078431372549019,-0.8941699052066308,-0.3569965302014946,-1.2250672419541893,-0.3690762852338382,-0.3117852198995119,-0.1174472054289173,-0.1860873888407574,-0.1624236008912423,-0.1632207231656611,0.8978764303377856,-0.5876182230765081,0.1452192999620702,-0.2230129136214316,0.5493930744393682,0.8183778268452391,-1,,185,13,0.0701071716663651,0.5520266592316799,185.0,0.1414373088685015,-0.0649047261259444,0.0099388379204892,0.4778793779423154,0.1513761467889908,-3.577124771693347,4,4
2024/10/22,Republican,Michigan,Mike Rogers,DBcEn1vPDpy,0,M,44,0.4754148583333333,0.3645200285,0.49056812625,0.2145273845416666,0.1923668849166666,0.5450755383333333,0.1666666666666666,0.3507147833916666,0.4583333333333333,0.5,0.375,-0.1496901051141321,0.1529141399484981,0.4190059906492631,0.1341889422692838,0.0416666666666666,0.0833333333333333,0.0416666666666666,0.1666666666666666,0.1666666666666666,0.5,0.0,-1.0913474735101605,-1.608962198618444,-0.2810824249523161,-0.7227448124777505,-0.2212400072572145,1.0700399441642765,0.5390433078535111,-1.868135319705885,-0.8688796918551517,4.572121441361922,-1.6575749437997211,1.662889062569557,-0.1402145343793147,-2.535417432083221,-3.368899786168575,8,"Environmental, Social, and Corporate Governance (ESG)",37,3,-0.3015598174607511,-0.3697019706448495,37.0,0.0318690783807062,-0.5430038350192761,0.0025839793281653,-0.2497015620436852,0.0344530577088716,-1.04918695589148,1,1
2024/10/22,Republican,Wisconsin,Eric Hovde,DBcNsVBpX9X,0,M,46,0.4065581842105262,0.1868254021052632,0.6927768063157894,0.3052373104298245,0.2689524087807017,0.4403368178157894,0.5701754385964912,0.7032445013898244,0.5789473684210527,0.4561403508771929,0.5526315789473685,-0.1246195522120647,0.2845621676785866,0.2369001918194586,0.1313927224973733,0.1666666666666666,0.0087719298245614,0.0,0.2982456140350877,0.0701754385964912,0.3157894736842105,0.1403508771929824,1.0529577465450382,0.1145535075186023,0.3373118299580289,-0.044071930250099,-1.6274670494584709,0.0980459009979224,-0.4581243982308755,0.4578352059504457,1.4405496602195451,-0.5813650676069969,-1.073962187041605,0.6275389070037292,0.1567567334011508,0.772632486477988,-0.5887435595736596,6,Election Policy,420,48,-0.1053660903425541,1.1393262851497965,420.0,0.1612903225806451,-0.6376366921647225,0.0184331797235023,0.1307467981541752,0.1797235023041474,1.8366673313916992,2,1
2024/10/22,Republican,Arizona,Kari Lake,DBcaY7TSESQ,0,F,43,0.4248331964285713,0.3785432091666666,0.2517553769761905,0.13346382275,0.1940747516190476,0.5470963716666666,0.6547619047619048,0.8780806144047618,0.5238095238095238,0.5714285714285714,0.5357142857142857,-0.089536331061806,0.2375533818922177,0.3200823834964207,0.1027381439042226,0.0119047619047619,0.0,0.0,0.1547619047619047,0.2619047619047619,0.3809523809523809,0.1904761904761904,1.4030766445952387,0.701340935566234,-0.0410221759580212,0.6587900259960636,-1.805993402750948,1.404372033186812,1.1612832008646905,1.7138592898048646,-0.8688796918551517,0.1630274281329581,-1.6575749437997211,0.389190531914357,0.8722494942027607,-0.985240888135494,0.5607462432800451,6,Election Policy,6204,108,0.192425796868921,-0.0300192994863781,6204.0,0.0075221517913002,0.1894245399120702,0.0001309465495584,-0.0316854487250701,0.0076530983408587,0.2654979215721778,1,2
2024/10/23,Republican,Pennsylvania,Dave McCormick,DBclc_ntu-H,1,M,44,0.6160036974358976,0.4385196398290599,0.3530878806324786,0.2098912449316239,0.2380118184529914,0.4026930004615384,0.4273504273504273,0.4408553960059829,0.5811965811965812,0.5042735042735043,0.5384615384615384,-0.1070758586064872,0.1339426787257721,0.5034232682142502,0.1576029734822349,0.0427350427350427,0.0256410256410256,0.0,0.1111111111111111,0.0,0.7435897435897436,0.0769230769230769,-0.4035093164143001,0.4731769671077333,-1.4344680582153595,0.7222844640592594,-1.6648695593110294,0.7280744847675837,-0.2478176912162218,0.1787187428716864,-0.3043525169035596,0.3729842859057659,-0.373626878931865,0.0382625095101855,1.222683584043759,0.2788561498337912,0.7551758902987052,-1,,427,15,2.630359014210688,0.7352213470298039,427.0,0.3200899550224887,1.9935920702834624,0.0112443778110944,0.623029489678816,0.3313343328335832,-23.00815472400816,1,2
2024/10/23,Republican,Michigan,Mike Rogers,DBct3jQPJvw,0,M,44,0.2718985238526569,0.1825479932415458,0.3846653578164251,0.0766075699154589,0.0684241309903381,0.5221396347584542,0.0096618357487922,0.1443680098892512,0.5869565217391305,0.5676328502415459,0.6159420289855072,-0.2888128908378058,0.1411110729371595,0.2871225883347401,0.1137179893034867,0.2367149758454106,0.1425120772946859,0.0,0.0,0.3623188405797101,0.1183574879227053,0.1400966183574879,-1.1716815121388855,-1.0902010390358927,-0.3663119920922099,-0.6213364181363973,0.6064762718990707,0.4378213108290658,-0.1069898906575633,-0.4467088873603493,-0.8688796918551517,0.3729842859057659,0.8389907378877768,0.2358526658888392,-0.9036020200848656,-0.5761471719676697,-0.5051557981709297,4,Economy,90,16,-0.0677431189419307,0.8804463115935146,90.0,0.0762066045723962,-0.403022295854325,0.0135478408128704,-0.0882767605884772,0.0897544453852667,1.1933944232450011,4,4
2024/10/23,Republican,Ohio,Bernie Moreno,DBczc6yt8m7,1,M,45,0.5543781284438041,0.3590196046974063,0.3628039962420749,0.2427385816628242,0.1981689592103746,0.4893154220489913,0.5965417867435159,0.7575794192867434,0.5677233429394812,0.5129682997118156,0.5677233429394812,-0.2675661250616099,0.2508246799011335,0.4478240521565638,0.1761426834379842,0.0864553314121037,0.0057636887608069,0.0115273775216138,0.1498559077809798,0.0547550432276657,0.3804034582132565,0.3112391930835735,-1.1095805635955585,-0.8010295511570446,0.7568327407799195,0.1150707781388878,-0.0797447761364449,-0.9653058831117388,-1.1092544966735722,1.914095013317888,-0.5007097951475914,-0.6311572077902717,-1.378455799263231,-0.1389015038382472,0.4895110620154794,0.1707114517737796,0.8567558594789971,-1,,406,49,-0.163344389141904,0.0433684400300228,406.0,0.0700483091787439,0.0166107145141963,0.0084541062801932,0.0775264975253803,0.0785024154589372,0.2683016801048133,3,1
2024/10/23,Republican,Arizona,Kari Lake,DBc_fwXp1IF,0,F,43,0.544575224576271,0.4009022959322034,0.3074069925423728,0.3332471518135593,0.3565738986949152,0.5818753810169491,0.6610169491525424,0.8344539393898305,0.5423728813559322,0.4067796610169492,0.5084745762711864,0.0666775186309369,0.2360885895694979,0.3084189020476098,0.1680237990535696,0.1186440677966101,0.0338983050847457,0.0,0.3220338983050847,0.0169491525423728,0.3389830508474576,0.1694915254237288,1.4532601790080566,-0.8238573016398744,-0.0093091684882554,-0.9646513566342336,-1.7893125609105616,1.236089580473352,1.406963510124308,1.2021457741604715,-0.8688796918551517,0.7928980014513818,-1.6575749437997211,0.7299515600499774,1.3194084078122197,0.1895447302758961,0.0954058402783856,6,Election Policy,10913,196,0.9387382561963468,0.4118884203819771,10913.0,0.0132267084245878,0.9336942628232358,0.0002375547375807,0.4091847323477032,0.0134642631621686,2.0393610400546702,1,2
2024/10/23,Republican,Pennsylvania,Dave McCormick,DBeHonPOfN3,1,M,44,0.3582898344101123,0.3091891425308988,0.4923920767977528,0.2636859838735955,0.2694470011882022,0.526457766994382,0.3089887640449438,0.512268003775,0.601123595505618,0.547752808988764,0.6067415730337079,-0.2667767690348156,0.2926970512357703,0.3678404202035973,0.1580278212963638,0.2780898876404494,0.0168539325842696,0.0,0.348314606741573,0.0028089887640449,0.2106741573033707,0.1432584269662921,-0.5442384753482623,-0.7779228492762761,-0.5147609459678596,-0.744927959285428,0.7821124977835923,-0.6792624994701824,-0.4597681835485807,0.8610034303975433,-0.3043525169035596,-0.4668431451854651,-0.373626878931865,0.0807606957221815,0.1242025424829694,-1.28873037587173,-0.6710642378758149,-1,,130,5,-0.511768247093708,-0.1807520919608155,130.0,0.0974512743628185,-0.5717268363266399,0.0037481259370314,-0.2104048656826532,0.10119940029985,4.7342845513325456,3,1
2024/10/23,Democratic,Pennsylvania,Bob Casey,DBeN2BxsttT,0,M,48,0.4457281404225351,0.2739230598873239,0.3817514536619718,0.4143050235492957,0.4137395542816901,0.3618268707887324,0.6197183098591549,0.6284061689535211,0.3055555555555556,0.2361111111111111,0.2777777777777778,-0.091379773573599,0.2165639990440219,0.196753776591757,0.1432214118166188,0.3472222222222222,0.0138888888888888,0.0,0.4444444444444444,0.0416666666666666,0.0138888888888888,0.125,-1.3111582066733694,-0.1888495890731928,0.8861529528303241,0.3917277503889388,-0.6979220267709093,-1.2410890533986942,-1.253416530864454,0.0999935866187026,0.4338753272639079,0.211479010695914,-0.669922586209063,-1.5318067244702602,1.1692327958781614,1.4846149483367483,0.7524037687999663,-1,,235,6,-0.2055978028008429,-0.2485289976591294,235.0,0.0111348021795783,-0.2065240842029758,0.0002842928216062,-0.2506929351633027,0.0114190950011845,-1.5343270928109778,2,1
2024/10/23,Republican,Wisconsin,Eric Hovde,DBeRaFPp-Oi,0,M,46,0.4782982992233008,0.1966481793883495,0.6626815216019417,0.2220573341067961,0.1324662281359223,0.5483864775728156,0.3398058252427184,0.6150043322330097,0.4757281553398058,0.4660194174757281,0.5533980582524272,-0.2462077875558323,0.2653863251243863,0.2530728176380824,0.1629356752088478,0.3203883495145631,0.0485436893203883,0.0,0.029126213592233,0.0,0.2815533980582524,0.3203883495145631,-0.9699759003745716,-0.9946986638088258,-2.5370764655179454,-0.9627681497632982,-2.4740265358775435,0.4569302501655519,-0.2041823399435067,0.6904322585160791,-0.8688796918551517,-0.1519078585262535,-0.052639862714901,-0.1755559204293232,-0.0287618387436787,-0.6308458316548957,-0.3753274093141414,8,"Environmental, Social, and Corporate Governance (ESG)",418,42,-0.1145992013519532,0.8063426717249277,418.0,0.1578549848942598,-0.6592074348822647,0.0158610271903323,-0.0840041672396927,0.1737160120845921,1.1366629780948387,4,4
2024/10/23,Democratic,Ohio,Sherrod Brown,DBemP6LqCuF,0,M,48,0.3775490248591549,0.2884509039436619,0.4152312823943662,0.1588791729014084,0.1074143645985915,0.2619543142253521,0.8380281690140845,0.0974235246936619,0.528169014084507,0.6267605633802817,0.5915492957746479,-0.2200454925777206,0.157212712654351,0.34088947676437,0.1017388889457944,0.1267605633802817,0.0,0.0,0.028169014084507,0.056338028169014,0.4295774647887324,0.3591549295774648,-0.590664711381988,-0.2646349924159426,-1.0311219154084974,1.138987220392409,0.9027993236715102,-0.2570181883236435,-0.5467982178519023,-0.1624236008912423,-0.8688796918551517,-0.0469294296398499,0.9103211859359912,-0.6824601815207576,-0.6193447933796363,0.66725162950594,-0.2961863841680596,-1,,1022,18,-0.0579870280685278,0.2413897518006825,1022.0,0.032532229826516,-0.0729538724954545,0.0005729746936176,0.2185834980948615,0.0331052045201336,0.2579695152322831,3,3
2024/10/23,Democratic,Pennsylvania,Bob Casey,DBexm1FpKt3,0,M,48,0.5449708321186439,0.4412112517372881,0.355018879059322,0.1318365797288135,0.1017980071144068,0.4244427117881356,0.2033898305084746,0.3257831832775423,0.5254237288135594,0.5677966101694916,0.5677966101694916,0.0351517058719517,0.1766811141669025,0.3023951243040925,0.1197958879966679,0.0084745762711864,0.0,0.0,0.0508474576271186,0.0,0.3898305084745763,0.5508474576271186,-1.853859433316512,0.7739137613304924,1.2147630594281604,0.4725195344583851,0.0719012438291337,-0.827520789271363,-1.1616954838380136,1.6744967116783729,-0.8688796918551517,-0.7575526405631994,-0.669922586209063,-2.981833179593718,0.948162312470428,0.8396358594518243,-0.7130778701775047,-1,,3,36,-0.3889851531769888,1.6719223478886884,3.0,0.0001421464108031,-0.3917630846313912,0.0017057569296375,1.6744942110785888,0.0018479033404406,4.334571961459421,4,4
2024/10/23,Democratic,Texas,Colin Allred,DBe5QEuoxtm,0,M,44,0.4214226022916666,0.3217900321527777,0.2613767173541667,0.2391772691666666,0.2343378719027778,0.5613830331944444,0.6180555555555556,0.7016667084652778,0.5555555555555556,0.5069444444444444,0.5555555555555556,-0.2896062126900587,0.2861729182081829,0.326210237108171,0.1032473064209028,0.6388888888888888,0.1944444444444444,0.0,0.0833333333333333,0.0,0.0486111111111111,0.0347222222222222,-1.0602921875449285,0.7350132917995278,-0.2072564288567578,0.4852944208406319,1.069644248839703,-0.4163542699108564,-0.7714907106049932,-1.228493425150394,0.1896087611790845,-0.9392460751742828,2.354762758912329,-0.5272531349600271,1.304825261995785,0.1306167835872354,0.226699376327246,0,Abortion,1225,54,-0.039964552068128,0.0698980395625026,1225.0,0.0181097822391082,-0.1159012524530486,0.0007983087680913,-0.0213169820440936,0.0189080910071995,0.0407785581449877,3,3
2024/10/23,Democratic,Texas,Colin Allred,DBe-CJ3uWVs,0,M,44,0.4704314723529412,0.2616478323529411,0.4378133238235294,0.2977063325882352,0.2102527445588235,0.2815955622058824,0.4117647058823529,0.5282608154235295,0.6176470588235294,0.5588235294117647,0.5588235294117647,-0.114936704363893,0.1514316591180873,0.226302840253886,0.1754108572622796,0.3529411764705882,0.2647058823529412,0.0,0.1176470588235294,0.1764705882352941,0.0294117647058823,0.0588235294117647,0.0944604043729708,-1.608962198618444,-0.7201169105060643,3.849226780216238,-0.4186760396371258,-1.1292506347896445,-0.7957568584500547,-1.868135319705885,-0.8688796918551517,-1.726584291822312,4.762165380539559,0.2466123940022607,-0.1506441414617245,-2.535417432083221,-3.368899786168575,6,Election Policy,1504,52,0.1436545227661846,0.0363931941523774,1504.0,0.0222343775409133,0.0681296611824339,0.0007687417766805,-0.0544573941432895,0.0230031193175938,0.2452800160561203,3,1
2024/10/23,Republican,Arizona,Kari Lake,DBe-TZsy_4E,0,F,43,0.6241604973913043,0.351012175942029,0.4675288151086956,0.1178158858985507,0.0770072767608695,0.4798204571014492,0.3623188405797101,0.6633645287608696,0.4202898550724637,0.3985507246376811,0.4130434782608695,-0.1476808786932109,0.1912322734788811,0.3118119301355403,0.2811359127455454,0.1884057971014492,0.0289855072463768,0.0579710144927536,0.0289855072463768,0.427536231884058,0.0434782608695652,0.2246376811594203,0.2643042396622388,0.5108877786223526,-0.1220108684792888,1.2148599106566966,-0.4214015834046075,0.8305912853185653,1.0854017949623511,1.2590028314542936,-0.6336600356253221,-0.8517640511022795,-0.2309659828354367,-0.5335763550790437,-0.7107557794482761,0.3971516216969924,1.8189978896426968,7,Energy and Environmental Issues,33276,1252,4.482969627599878,5.714781058802241,33276.0,0.0403309767741763,4.469970189429695,0.0015174414869956,5.702060574574316,0.041848418261172,15.397959929775768,1,2
2024/10/23,Republican,Wisconsin,Eric Hovde,DBfC0HNpdJz,0,M,46,0.4999700160714286,0.2108417061190476,0.5058996941666666,0.2529525756071428,0.1930882276190476,0.5513273841666666,0.4166666666666667,0.7110671146904762,0.4166666666666667,0.4761904761904761,0.5119047619047619,0.0708918845547097,0.1623303867521107,0.258207066960278,0.1462793689948749,0.6666666666666666,0.0,0.0238095238095238,0.0238095238095238,0.0,0.2857142857142857,0.0,0.5894060254987683,-0.3757028846261687,0.6216780746417987,-0.7875131939058021,-1.8758887068648329,0.050256735133519,-0.6181507698884559,0.4061469720469718,1.0128775579834903,0.3729842859057659,-1.6575749437997211,0.3517841600740096,0.4668098183296165,0.6293547489537654,0.8431426664198608,0,Abortion,391,15,-0.2392461999788409,-0.6920835886869823,391.0,0.1476586102719033,-0.7232312350758205,0.0056646525679758,-0.9353072161183618,0.1533232628398791,-1.530347790059443,2,1
2024/10/24,Republican,Pennsylvania,Dave McCormick,DBfJqzQtw4I,1,M,44,0.3656915361538461,0.2093998088461538,0.6004411676923075,0.2201618637435898,0.182748195025641,0.4637995638461537,0.282051282051282,0.3450623488589744,0.4358974358974359,0.4871794871794871,0.3076923076923077,-0.2086484028320563,0.2663738229368603,0.1143105081037471,0.2094369392936556,0.282051282051282,0.1794871794871795,0.0,0.2051282051282051,0.0,0.0256410256410256,0.3076923076923077,-1.0521565709434275,0.3722990627192095,-0.7005986274546213,-0.3793843662700895,0.1211785610016605,-0.7348638999339351,-0.8577893865028846,1.2021457741604715,0.8247018329996264,-0.4668431451854651,-1.6575749437997211,-0.2228188531406378,-0.4089352888737463,2.850020040727621,-0.1569650281621471,-1,,171,1,-0.0780065712907443,-0.5471414675570633,171.0,0.1263858093126385,-0.2383332438888201,0.0007390983000739,-0.5449489886662555,0.1271249076127125,4.9584413980098105,4,1
2024/10/24,Democratic,Texas,Colin Allred,DBfRqi6vbyh,0,M,44,0.381521239214876,0.3593187399586777,0.3628041829338843,0.2602242435578512,0.2648786394710744,0.4258869659917355,0.5247933884297521,0.5551132877280991,0.6115702479338843,0.5041322314049587,0.5743801652892562,-0.2247456191646412,0.2198749889978111,0.2998839623548768,0.099383053849464,0.6942148760330579,0.024793388429752,0.0,0.0454545454545454,0.0,0.0495867768595041,0.1859504132231405,-0.6472700757868793,0.2401549509302873,0.3899466878916851,1.987563561317367,1.282406380886428,-0.7070585262838888,-0.8418312267634479,-0.9086724778726484,0.1896087611790845,-0.1519078585262535,1.151061448098714,-0.431370112936477,-0.3188789721054074,-0.6692984937294963,0.070477553755954,6,Election Policy,1188,44,-0.0643154688024276,-0.0976261874881237,1188.0,0.0174282989804151,-0.1463076263025484,0.0006454925548301,-0.1926023256405958,0.0180737915352453,-0.2054383759403072,3,3
2024/10/24,Democratic,Ohio,Sherrod Brown,DBfalAwvuS7,0,M,48,0.3901338202684564,0.2505580727684564,0.5169230054697986,0.1744775354093959,0.1378478377583892,0.5317231390604026,0.110738255033557,0.3077098596152684,0.4765100671140939,0.4932885906040268,0.5469798657718121,-0.2888244710762628,0.1757370423355664,0.2028364373133486,0.1290828660772803,0.0100671140939597,0.0033557046979865,0.0,0.0100671140939597,0.2248322147651006,0.3355704697986577,0.4161073825503356,0.0912654686551454,1.1329873484889723,-0.8893113832625638,-0.7213734103419155,0.8310233607571159,-0.2068965829107544,-0.2649012513310219,-0.9377471094433528,-0.0990699078302527,0.5638541566083183,0.6768760832327442,-0.3125179112381974,-0.1870496777600726,-0.4693493162038033,-0.1682301627400144,0,Abortion,-1,25,,0.6152234382176688,,,,0.0007948620119547,0.5828792661981477,,,4,1
2024/10/24,Democratic,Texas,Colin Allred,DBguPvgPb7W,0,M,44,0.6073904502040817,0.4992265308163266,0.2418755517142857,0.1501214999183673,0.121189807755102,0.5625807372244899,0.5510204081632653,0.7074244364285714,0.673469387755102,0.4693877551020408,0.4489795918367347,-0.561377614736557,0.122971741255945,0.4144411923325791,0.061886689789623,0.8163265306122449,0.1224489795918367,0.0,0.0,0.0,0.0408163265306122,0.0204081632653061,-0.8462534783495247,0.6994381131030014,-0.1497567546713602,1.018862212754896,0.0946951588698519,-0.5321432712622276,-0.7412473470325952,-1.868135319705885,1.9537561829028112,-0.6768000029582735,1.552295218369919,-1.027016553564773,0.3349435198993777,-1.5441977353512382,0.7633700314935011,0,Abortion,428,14,-0.5644964611826343,-0.6001988686400028,428.0,0.0062788821242573,-0.6437715519496595,0.0002053839947186,-0.6859017231963577,0.006484266118976,-1.4775266753769996,3,3
2024/10/24,Republican,Wisconsin,Eric Hovde,DBhDrxDSU14,0,M,46,0.4580840912820513,0.1971828392307692,0.6236522994871796,0.257990025,0.1848809189230769,0.4564823202564102,0.4358974358974359,0.7152525150923079,0.5384615384615384,0.4358974358974359,0.5897435897435898,-0.1588599902506058,0.2330597440897849,0.3781699519126843,0.1686101122920036,0.8717948717948718,0.0,0.0,0.1025641025641025,0.0256410256410256,0.0,0.0,1.379473744711635,0.4957089815444747,0.4095193424293654,-1.5350056738129765,-1.017667837230939,-0.7521853276968772,-0.9185367521418744,-1.868135319705885,4.776392057660774,-1.726584291822312,0.4823384976467055,2.5770420411840247,0.5417014310047564,-0.2306279260959355,1.7832616831117052,-1,,420,43,-0.1053660903425541,0.8618399406290725,420.0,0.155210643015521,-0.675811455660063,0.015890613451589,-0.0815339878528393,0.1711012564671101,1.131245843039986,2,1
2024/10/24,Democratic,Texas,Colin Allred,DBhJRr2v1x2,0,M,44,0.4374730269736842,0.3950832519736842,0.2299835183684209,0.1783374637499999,0.1395906090789473,0.5040301539473685,0.6447368421052632,0.7782039919868421,0.5526315789473685,0.5526315789473685,0.6447368421052632,-0.2371454146739683,0.1428493193489605,0.6130380152087462,0.1320112375328388,0.1842105263157894,0.0526315789473684,0.0657894736842105,0.0263157894736842,0.0,0.5526315789473685,0.1184210526315789,-1.068693879295332,0.4110173887444656,0.5995825066892616,1.1327801651621603,-0.2737803905134311,-1.378231522278955,-1.6136098464421618,-0.1624236008912423,0.5424382455238294,0.3729842859057659,-0.5876182230765081,-0.9622715522537548,-0.7086368538372357,-1.1944386440515995,0.5724428022969688,15,Immigration,1026,28,-0.1709329961255769,-0.3656649507691259,1026.0,0.0150517127558131,-0.2523459894010115,0.0004107679894373,-0.4556953376703354,0.0154624807452504,-0.6807254740260609,3,3
2024/10/24,Republican,Pennsylvania,Dave McCormick,DBhKZq9SnC6,1,M,44,0.3749140826666666,0.2027551764,0.5208376613333333,0.4083182689999999,0.3216947025866666,0.3231592891333333,0.8266666666666667,0.6996687209253333,0.5066666666666667,0.3866666666666666,0.4666666666666667,-0.1745667964220047,0.1762207297854911,0.1965489476919173,0.1106427445583416,0.6666666666666666,0.0133333333333333,0.0,0.1733333333333333,0.0133333333333333,0.1066666666666666,0.0266666666666666,0.4483801291978849,-0.4745999605755099,-2.1714886337069377,-2.0455492615322144,-0.3853114929481357,-0.245119125599835,0.1375358382149337,0.6904322585160791,0.5424382455238294,-0.6768000029582735,-0.5876182230765081,0.3076258950735645,-0.9023818922035376,0.3296326226367395,-1.4731036311171044,8,"Environmental, Social, and Corporate Governance (ESG)",127,2,-0.5435069062988029,-0.4555441236580014,127.0,0.0938654841093865,-0.6130435361247704,0.0014781966001478,-0.4627759339691232,0.0953436807095343,7.924100657489458,2,2
2024/10/24,Democratic,Michigan,Elissa Slotkin,DBhbwL1g58Q,1,F,48,0.5159815955440414,0.4294956506580311,0.3541071718393783,0.1237817366528497,0.0937579483419689,0.4824390806217616,0.2487046632124352,0.533021325615544,0.5699481865284974,0.6321243523316062,0.466321243523316,-0.1683614816265711,0.2101877356713399,0.5552715792711534,0.152653537988707,0.6528497409326425,0.0259067357512953,0.0155440414507772,0.005181347150259,0.0259067357512953,0.2642487046632124,0.0103626943005181,0.6871928056977694,-0.0552316516269964,-0.2195219601779881,-0.2669365763646886,-0.7051889623006032,0.555249829314101,1.074038875901181,0.6904322585160791,-0.4454843106414571,-1.4116490051631003,0.9103211859359912,0.133707711197207,-0.2143508314728932,0.2215062412313425,-1.225591775395428,-1,,245,2,-0.2313994172354009,-0.5297929582121029,245.0,0.0117163215532494,-0.2313625431157077,9.56434412510162e-05,-0.5284049492056455,0.0118119649945005,-1.7517086175035663,1,2
2024/10/24,Republican,Arizona,Kari Lake,DBhhJs9oT-N,0,F,43,0.4642109406896551,0.2670366294396552,0.602625658275862,0.121418284637931,0.0781730301637931,0.4827677180172415,0.2413793103448276,0.7834159435431035,0.5172413793103449,0.5,0.5,-0.2611296049415551,0.2325446695877867,0.3250413881293658,0.1249181217802165,0.6293103448275862,0.0172413793103448,0.0,0.0,0.1120689655172413,0.2155172413793103,0.0258620689655172,-0.0788919538036139,-0.7465277804850261,-0.2022340448748836,1.2851620975531226,0.894563098604273,0.6238052050753795,1.3457991042801385,1.7869612206112069,-0.8688796918551517,-0.8267691870817075,-0.7404691831798244,-0.9165026428550732,0.8870224242275132,-1.0202038603643029,-1.8816255683787857,15,Immigration,2666,37,-0.368299087628941,-0.3865584825619829,2666.0,0.0032293622433529,-0.3706528671072802,4.481860577796621e-05,-0.3878611128489541,0.0032741808491308,-1.019595736696987,1,4
2024/10/25,Republican,Ohio,Bernie Moreno,DBhwP3dNeCv,1,M,46,0.5438293923271501,0.3577778641298482,0.4153851008684655,0.2305265044333895,0.1942872193743676,0.5553380735750422,0.4553119730185497,0.6356717842853288,0.6205733558178752,0.5682967959527825,0.6037099494097807,-0.1923789632762664,0.2862774985218146,0.3511909682674311,0.1782962430599743,0.0354131534569983,0.0101180438448566,0.0033726812816188,0.1854974704890387,0.0539629005059021,0.3558178752107925,0.3558178752107925,-1.1964584036223722,-1.0247987940004497,0.9828904003930904,0.1678145328948694,0.4852448516162022,-1.1609662325895056,-1.096527335515378,0.1126911924659581,0.7700701709075366,0.1020722113602076,-0.8292213535623949,-0.0565029253778627,0.8273439962400457,-1.0507371439888222,-0.1472013835457935,6,Election Policy,368,60,-0.3880353135723965,0.6794388938036913,368.0,0.0630029104605375,-0.1941968856036013,0.0102722136620441,0.5602518568912849,0.0732751241225817,-0.6971118790616304,3,1
2024/10/25,Republican,Arizona,Kari Lake,DBh6tczPMzt,0,F,43,0.4874814913771518,0.3447693082942096,0.339485518769953,0.1682395865086071,0.1757087098200313,0.5387211304616588,0.2863849765258216,0.606137919756651,0.5618153364632238,0.5446009389671361,0.5602503912363067,-0.1339366630256082,0.2000211909821365,0.3508262159958691,0.14022032351969,0.4209702660406886,0.0156494522691705,0.0,0.1674491392801252,0.1220657276995305,0.001564945226917,0.272300469483568,0.7329207837629903,-0.1935845868185112,1.1326993852339873,0.2968338735064618,0.1034514237157651,1.1384213082631305,1.1486935945688068,-0.088262221812345,-0.8688796918551517,1.55969696027381,-0.8202175101902502,0.5422981470789807,0.1792800630741663,-0.3718961949550409,0.5501268822849126,-1,,6422,123,0.226975832148891,0.0453058800366369,6422.0,0.0077745736817,0.2223578566449247,0.0001489057245171,0.0425833749257887,0.0079234794062172,0.3327582916414485,1,2
2024/10/25,Republican,Wisconsin,Eric Hovde,DBjM8mwsYgO,0,M,46,0.5224137845070422,0.1682228433521126,0.7347490845070422,0.1665320572394366,0.080464877,0.523638962112676,0.4084507042253521,0.8227808004084507,0.5352112676056338,0.5633802816901409,0.4788732394366197,-0.4867979363131691,0.1630260220777726,0.5494791391030164,0.1335804487478636,1.0,0.0,0.0,0.0,0.0,0.0,0.0,1.289389414205523,0.0155099854097916,-0.8464105599886694,-1.044783318145208,-2.2295997972551187,-0.5996570432629448,-0.6075730146326488,0.6904322585160791,0.5424382455238294,-0.1519078585262535,-1.1225965834381146,1.1944321975142684,-1.843765556668112,-0.7639767261693233,0.5331628554471288,8,"Environmental, Social, and Corporate Governance (ESG)",382,19,-0.2807951995211367,-0.470094513070403,382.0,0.1391621129326047,-0.776581378449683,0.0069216757741347,-0.8303573954666125,0.1460837887067395,-1.0588677336612504,4,4
2024/10/25,Democratic,Ohio,Sherrod Brown,DBjPdrNMaaU,0,M,48,0.4688623069230769,0.2253315331025641,0.5727419753846155,0.1941536448717948,0.1394328844358974,0.4447215956410255,0.4358974358974359,0.4472223028974358,0.5641025641025641,0.5641025641025641,0.5897435897435898,-0.0970076014025089,0.1405030201812504,0.2739709516366322,0.1713107248324635,0.3076923076923077,0.0,0.0256410256410256,0.1025641025641025,0.1282051282051282,0.4358974358974359,0.0,1.8811841843244888,1.4463519546676162,1.3535444221735884,0.6706333428899468,1.592927616669133,-0.4779868747071099,-0.6587006972707066,0.3249226044843695,-0.8688796918551517,-0.8267691870817075,1.09374233805997,1.1042159553477229,1.272248621318189,2.025000878686288,-0.2321110415744256,-1,,-1,2,,-0.6130872457238575,,,,6.352432981832041e-05,-0.6178347928725298,,,2,1
2024/10/25,Democratic,Texas,Colin Allred,DBjVdGBhnh8,0,M,44,0.3603507737545126,0.316188976064982,0.2796135167148014,0.256614531,0.2751894682635379,0.4858638990974729,0.516245487364621,0.5406589072472564,0.628158844765343,0.555956678700361,0.5992779783393501,-0.2431108194810173,0.2111255276720089,0.3255906737130472,0.1241704046872635,0.4440433212996389,0.1552346570397112,0.0,0.0180505415162454,0.0,0.0577617328519855,0.3249097472924188,-0.8380398346664818,0.9472886706848808,-1.3568457388272166,0.5968633565685527,1.9215566385658385,0.6623174061986167,0.0440765342618376,-0.9377471094433528,-0.0990699078302527,-0.5813650676069969,1.844101596748977,-0.4442760370083456,-0.2215541934742883,-0.6398022920194691,-0.2196053568235775,0,Abortion,915,32,-0.2439857463284755,-0.2986552599488754,915.0,0.0133644928065434,-0.3276262547478235,0.0004673920981523,-0.3922277270673093,0.0138318849046958,-0.6622121227573146,3,3
2024/10/25,Republican,Arizona,Kari Lake,DBkE1kPP4oS,0,F,43,0.517014805,0.3030520308333333,0.3807793363333333,0.0811150234166666,0.04919882275,0.5621918241666668,0.0,0.491445211,0.5833333333333334,0.4166666666666667,0.5,-0.1818416702250639,0.1678241613335289,0.2521469791730245,0.1720526876088912,0.4166666666666667,0.0,0.0,0.0,0.0,0.0,0.5833333333333334,-0.1522536089756877,-0.614092925117058,-1.028452174184418,0.7579544709516843,-0.5197068859311733,1.323988401278901,1.5778229971628306,-0.8447082884170993,2.518283357854404,0.7928980014513818,-1.6575749437997211,0.0960367823605129,-0.6061074276929674,-0.7624876163266006,-0.4111862238521322,4,Economy,1084,17,-0.6190245730092739,-0.4869920552593363,1084.0,0.0013123073607852,-0.6207697469938509,2.058046599017464e-05,-0.4880961255185994,0.0013328878267754,-1.3516743405040883,1,4
2024/10/26,Republican,Texas,Ted Cruz,DBkb0gsp5Jo,1,M,48,0.4803998216091953,0.178667708045977,0.5657702006896552,0.1583148798045977,0.1358646985,0.3256738663218391,0.1896551724137931,0.2554397308316092,0.6149425287356322,0.5747126436781609,0.6149425287356322,-0.5471541807911862,0.1324706889443163,0.1456459884842237,0.1618087848307154,0.0,0.1034482758620689,0.0,0.0114942528735632,0.4827586206896552,0.0114942528735632,0.3908045977011494,-0.526359184771133,-0.3834087630463201,0.5766843532169939,-0.6900931402555645,-1.345776617600175,-0.8263300824248544,-0.9707275007971574,-0.5888515305949029,0.1896087611790845,-0.1519078585262535,0.749827677827509,0.1517186811603768,-0.4934306557660727,-0.0593526526924074,-0.8246806540761493,10,Foreign Policy,5714,369,0.2106409541767122,0.7410315898070496,5714.0,0.004604288257131,0.2115476049424549,0.0002973367810432,0.7421944070743752,0.0049016250381743,-0.6704227143067447,4,4
2024/10/26,Democratic,Texas,Colin Allred,DBkn0Ygsrxd,0,M,44,0.3751733131592356,0.2440136458700637,0.4703462308789809,0.2574246094566879,0.2198443859535031,0.4563299047089171,0.6624203821656051,0.7282215047202039,0.5248091603053435,0.4281170483460559,0.3950381679389313,-0.3742177513011782,0.218016631708633,0.5389800444389079,0.1510489713712385,0.8269720101781171,0.0623409669211195,0.0006361323155216,0.0865139949109414,0.0025445292620865,0.0057251908396946,0.0139949109414758,1.7041403052730904,0.8208182364740017,1.793261248080982,1.281186325913769,1.480713997175473,-0.5613955064746093,-0.6461783103753613,0.126680080263782,0.0640253853953613,0.2484336075659647,-0.4606742053635841,2.190222046692439,-0.7310296871144837,0.8928877161561916,0.711839326886193,-1,,8357,231,4.6538391816892855,3.0350768583585896,8357.0,0.1213798111837327,4.491793899971913,0.003355119825708,2.844506291347213,0.1247349310094408,8.946533849233091,2,1
2024/10/26,Republican,Arizona,Kari Lake,DBk4agEPC_b,0,F,43,0.5351616335204081,0.3604538272448979,0.3281778122959182,0.0890930712755102,0.0584208823367346,0.4321170192959184,0.2040816326530612,0.5649655899336735,0.3469387755102041,0.3112244897959184,0.2346938775510204,-0.0639141485477105,0.1441171762406677,0.1901883178796523,0.1739083754139987,0.1785714285714285,0.0,0.0561224489795918,0.0663265306122449,0.413265306122449,0.1632653061224489,0.1224489795918367,2.138367178461142,0.8351349295738347,0.8402780790286449,-0.1267807227418017,-0.7883474325162169,0.5723961265869263,0.9635200075257718,1.0102532057938247,-0.6924649496827793,0.2417612497977611,-0.9888519933477132,0.4344607913825615,-0.2149963941342653,0.9949824987544336,1.104662503166496,-1,,2757,35,-0.3538768251955591,-0.3966018398317182,2757.0,0.003335628064767,-0.3567884358213615,4.2345659146480895e-05,-0.3980877985232046,0.0033779737239135,-0.8330228852864532,0,0
2024/10/26,Republican,Arizona,Kari Lake,DBk4hmftDy1,0,F,43,0.4862224322289157,0.320170314939759,0.3251860132771084,0.0908637933192771,0.0575374598734939,0.4180050026506023,0.1506024096385542,0.5142709089215061,0.3413173652694611,0.3053892215568862,0.2455089820359281,-0.0961096047864345,0.1397667637093081,0.1457851832498333,0.1551543938855545,0.1437125748502994,0.0,0.0658682634730539,0.0658682634730539,0.5089820359281437,0.0778443113772455,0.1317365269461078,1.7346245408180312,0.1675825975960504,0.4792451225235676,0.2780360736379844,-0.5942044367156244,0.2921620750820736,0.9420229522176512,0.9914402088951338,-0.1217113720662795,-0.05927983303825,-1.0911272681227262,-0.0522706532093321,-0.4776530522275982,-0.0157016482564415,-0.018714229339287,6,Election Policy,1994,32,-0.4748019486754541,-0.4116668757363212,1994.0,0.0024124926953737,-0.4772292956032857,3.871603121963967e-05,-0.4130978531073553,0.0024512087265934,-0.9839704341243964,0,0
2024/10/26,Republican,Arizona,Kari Lake,DBk4pOitnh9,0,F,43,0.5162406881318681,0.3255304954945055,0.396645645131868,0.098116662098901,0.0607192142747252,0.4545047241758242,0.2637362637362637,0.6194755662747252,0.2417582417582417,0.2527472527472527,0.1758241758241758,-0.0737776687102658,0.1415710620886077,0.2126455740941749,0.1721186189315679,0.0549450549450549,0.0,0.0659340659340659,0.0879120879120879,0.5274725274725275,0.0329670329670329,0.2307692307692307,2.0034405024863204,0.3934414031244969,0.950337648261944,0.5903913159073705,-0.6588469959018023,0.2670335599464868,0.7190645180647607,1.2590028314542936,0.5424382455238294,-1.3766561955342995,-0.5876182230765081,0.2614569798286387,-0.404463519602145,0.0619220933154291,1.6161472068727072,0,Abortion,1338,18,-0.5787690273160979,-0.4819703766244687,1338.0,0.0016188140553711,-0.5807800217067487,2.177776756104732e-05,-0.4831447745000589,0.0016405918229322,-1.177408819177407,0,0
2024/10/26,Republican,Arizona,Kari Lake,DBk4yRmvEl2,0,F,43,0.4913031046835444,0.3179110251898734,0.3306623877215189,0.1023427509493671,0.0829238100506329,0.4048187543670886,0.2278481012658227,0.5144034322278482,0.3703703703703703,0.3333333333333333,0.2592592592592592,-0.1078336757642251,0.13825143599258,0.1625108838449289,0.1807108875115486,0.1234567901234567,0.0123456790123456,0.074074074074074,0.074074074074074,0.4444444444444444,0.1851851851851851,0.0617283950617283,2.496587291512373,2.7146607589653446,0.9539539681733332,0.2758996386979793,-2.2630124812961734,0.2479473102756438,0.8060783036292601,0.0171250010892463,0.4681583540828303,-0.4005409795730001,0.0318304047106157,0.362429902453631,0.6710774836894566,1.272606403277108,1.0465208895818157,-1,,1172,25,-0.6050777697769925,-0.446818626180395,1172.0,0.0014179746434193,-0.6069834066658567,3.0246899390343496e-05,-0.4481213138037071,0.0014482215428096,-1.1675931796821906,0,0
2024/10/26,Democratic,Texas,Colin Allred,DBl5I7BhklN,0,M,44,0.3383440278294572,0.2814387215155038,0.3529637790852713,0.1703137694147286,0.1814441013062015,0.4499407995348837,0.6705426356589147,0.7164555870406978,0.5736434108527132,0.5271317829457365,0.5891472868217055,-0.475387636629879,0.1896002415075516,0.5291894325452258,0.0980004739454901,0.7364341085271318,0.1317829457364341,0.0155038759689922,0.0,0.0,0.0697674418604651,0.0465116279069767,-1.0396732028573672,-0.3140050481179456,-0.5939486036578215,0.1874526278147448,0.058065071253962,-0.4127590194240438,-0.8141513502189843,-0.9086724778726484,-0.8688796918551517,0.2417612497977611,1.552295218369919,-0.6861812129827832,-1.3039472748202967,0.3444042004798099,-0.3105006084441171,0,Abortion,1032,31,-0.1669841988173121,-0.315407682653938,1032.0,0.0149891067538126,-0.2551393397552071,0.0004502541757443,-0.4114369121762439,0.015439360929557,-0.5612930709217244,3,3
2024/10/26,Democratic,Ohio,Sherrod Brown,DBl67hXPeIc,0,M,48,0.4948933781034483,0.291352320775862,0.4380211262068966,0.2640080330344828,0.2279660565517241,0.403915015,0.3448275862068966,0.4869050966620689,0.3448275862068966,0.3793103448275862,0.4137931034482758,0.0470520698775847,0.1899006956981638,0.2143873069435358,0.217722428823036,0.1034482758620689,0.0,0.0,0.3103448275862069,0.2413793103448276,0.3103448275862069,0.0344827586206896,1.2568791809439426,-0.1141833576238826,0.2192096627246913,0.4564315138898681,0.4827765492857707,-0.6979242712533708,-0.4862569216919939,-1.868135319705885,1.9537561829028112,0.3729842859057659,0.4823384976467055,0.7739795871874553,2.122382074875801,0.1033538100716834,-1.2243292175066915,4,Economy,-1,1,,-0.6664920580691412,,,,3.170778108947936e-05,-0.6700713701786907,,,2,1
2024/10/26,Democratic,Pennsylvania,Bob Casey,DBl7yEHNgEC,0,M,48,0.4910170521960784,0.2879310104901961,0.3015614397803922,0.1414895116313725,0.0890134155490196,0.3516554858627451,0.3490196078431372,0.2528008419192156,0.5019607843137255,0.4392156862745098,0.4352941176470588,-0.0442373429954636,0.1709963362894828,0.1847895470320009,0.1969675393558229,0.0352941176470588,0.0,0.0039215686274509,0.0274509803921568,0.4627450980392157,0.4470588235294118,0.0235294117647058,-1.6141234433251996,0.5486928091858962,0.9665455618437816,0.9587536024104034,0.0192371478468918,-1.3035300589266583,-0.7720307819361348,-0.5414706495167187,1.3265037662899302,-0.0935865091449184,-0.2309659828354367,-1.8486789658838207,0.7032231610025466,1.433387620292643,0.3337637047182844,-1,,60,0,-0.3439287783000909,-0.632619266768693,60.0,0.0028192839018889,-0.3466502126112548,0.0,-0.6357303644116811,0.0028192839018889,-0.9801585050616998,4,4
2024/10/26,Democratic,Ohio,Sherrod Brown,DBmQbz2unGM,0,M,48,0.3723520844155844,0.3121433271428571,0.3623231892207791,0.1494234522077922,0.1171819366233766,0.253635956038961,0.8181818181818182,0.0997146768480519,0.4675324675324675,0.6233766233766234,0.6233766233766234,-0.1919241439696256,0.1343647998504397,0.3794133674788785,0.0989372110357429,0.1168831168831168,0.0,0.0129870129870129,0.0649350649350649,0.0129870129870129,0.5714285714285714,0.2207792207792207,-0.5324827775250446,0.0159622540138422,-0.7017727246009119,0.384779156667306,0.3370464788275178,-0.0460471450507034,-0.3212506078571898,-0.4725530043120864,-0.0990699078302527,-0.0087554554993391,0.6768760832327442,-0.8089536440193458,-0.7608048814298094,1.2496266780890943,-0.0330634124439816,13,Healthcare,-1,4,,-0.50627762103329,,,,0.0001268311243579,-0.5138973641100182,,,3,3
2024/10/26,Republican,Texas,Ted Cruz,DBmUoBjSLa3,1,M,48,0.4868141976271186,0.175252922779661,0.5297062459322033,0.2561817466949153,0.2195617156271186,0.2872819777542373,0.3389830508474576,0.2066268240974576,0.5423728813559322,0.5508474576271186,0.576271186440678,-0.4598983292925661,0.2623991432097131,0.0398463445194696,0.1450537706843976,0.0,0.0677966101694915,0.0,0.1271186440677966,0.6101694915254238,0.0084745762711864,0.1864406779661017,-0.5262690213312625,-1.0432089973414034,0.2421220320354141,-1.756063317625786,-1.4629129740637157,-0.9199945336026478,-1.0127664989033696,1.5432881179234004,0.5424382455238294,-0.6768000029582735,-1.6575749437997211,0.0926435563508179,-0.2571939540117027,-1.591821012109612,1.9041240093540048,15,Immigration,5580,139,0.1751619170812576,-0.5022469100595196,5580.0,0.0044963122987034,0.176044484738269,0.0001120049121003,-0.5018380071737562,0.0046083172108037,0.2304208629194523,4,4
2024/10/26,Democratic,Texas,Colin Allred,DBmWjw6vV-C,0,M,44,0.4681278960797342,0.3467852775880399,0.3166481251495016,0.2405423868172757,0.1936420699900332,0.2997518220996678,0.5182724252491694,0.631395141058804,0.5913621262458472,0.5415282392026578,0.5880398671096345,-0.372780474441194,0.2046647444511424,0.3434993020719864,0.0896627106204246,0.53156146179402,0.1993355481727574,0.0,0.0132890365448504,0.0,0.0,0.2558139534883721,-1.0556337077545874,0.2548934633012302,-0.0981366639601493,-1.8470266032615263,1.6233664056261037,-0.4057304816749812,-0.4615928530657768,-0.1624236008912423,0.5424382455238294,-0.6768000029582735,0.4823384976467055,-0.0312267181329246,-0.1238700135451647,1.6734654310022,-0.2329864531505707,0,Abortion,688,23,-0.3933819111578268,-0.4494270642944391,688.0,0.009992737835875,-0.4780669895116752,0.0003340595497458,-0.5416746403171822,0.0103267973856209,-0.9806608614332338,3,3
2024/10/26,Republican,Michigan,Mike Rogers,DBmbKXnv79i,0,M,44,0.4948058367592592,0.3564311726851851,0.4239240032407407,0.1067159865648148,0.1062322861851852,0.6365490853703704,0.1111111111111111,0.3985223249527778,0.5462962962962963,0.6018518518518519,0.6018518518518519,0.0044532180936248,0.1677537852470853,0.3308707968228393,0.1803801586190571,0.0648148148148148,0.2777777777777778,0.0092592592592592,0.0462962962962962,0.0277777777777777,0.5277777777777778,0.0462962962962962,-1.061070158538194,-0.5555733800981291,0.7787975105917508,0.0784674981957467,-0.7907997641852793,-0.6981714326399437,-0.6422714917539426,0.1787187428716864,-0.8688796918551517,1.4227685747698051,-1.0156009113657931,-1.1085086053704816,-0.2136368765078678,0.5350710055182887,-1.1807635240452568,6,Election Policy,66,3,-0.1736223786485664,-0.3697019706448495,66.0,0.0506523407521105,-0.4837016997147342,0.0023023791250959,-0.2538476612016913,0.0529547198772064,-0.5827308674412505,4,4
2024/10/26,Democratic,Ohio,Sherrod Brown,DBmePbztwIX,0,M,48,0.5639845146666665,0.2895594066666666,0.4883965848333334,0.1262635894,0.0684363692333333,0.4611001621666667,0.25,0.420894859725,0.5,0.4333333333333333,0.3833333333333333,0.0964153316819061,0.1418957496191475,0.4140091609146635,0.251974179220086,0.1333333333333333,0.05,0.0,0.1333333333333333,0.0,0.6,0.0833333333333333,0.8603845486377416,-1.1613435407449766,0.0833206828614755,2.510141281616892,-1.374992528430403,-0.5093800540685954,0.3621854078158525,1.5432881179234004,-0.8688796918551517,0.3729842859057659,-1.6575749437997211,0.3767211072814946,-0.3066884709360932,-0.6667562678111655,-1.7145587834814082,-1,,-1,11,,-0.1324439346163037,,,,0.0003487855919842,-0.1494913499497822,,,1,2
2024/10/26,Republican,Michigan,Mike Rogers,DBmzr4pPAn5,0,M,44,0.3027076133333333,0.1325938083333333,0.6535333308333333,0.22084778475,0.1618053515,0.4299871033333333,0.2083333333333333,0.4051005996666667,0.4166666666666667,0.3333333333333333,0.4583333333333333,-0.2969611902599749,0.1664843931020922,0.3455406427383423,0.0876104254440349,0.375,0.0833333333333333,0.0,0.25,0.0416666666666666,0.0833333333333333,0.1666666666666666,-0.2182628939093167,-0.7271650924094687,0.695717421619333,0.1119261961470772,-0.3617742894956851,0.1374105605732228,-0.1667461542201316,0.6904322585160791,-0.8688796918551517,-0.1519078585262535,-0.052639862714901,0.5135616614444268,2.687523248697452,0.6614770431512367,1.402189717774016,6,Election Policy,138,9,0.1440154004713405,0.2072895442343954,138.0,0.1059094397544128,-0.3092451065640295,0.0069071373752877,-0.1860501806038736,0.1128165771297007,0.3767845770781377,4,1
2024/10/27,Democratic,Ohio,Sherrod Brown,DBm073sSwNp,0,M,48,0.6200495862962963,0.4996393658024691,0.2607707146172839,0.1104145887160493,0.0947874428641975,0.4094296534567901,0.1358024691358024,0.2723648628518518,0.4567901234567901,0.4814814814814814,0.5679012345679012,-0.1577319298629407,0.1162936649391946,0.394500090384189,0.0932397771617305,0.0617283950617283,0.0,0.0,0.0246913580246913,0.0123456790123456,0.8641975308641975,0.037037037037037,-0.8153222478451991,-0.3843793722120359,-0.2545845985319499,-0.458843048937586,1.366049785475545,-0.6097153354969767,-0.6658325430607799,0.6904322585160791,-0.8688796918551517,-0.6768000029582735,0.4823384976467055,0.2071731066125469,-0.670593128414975,-0.9436148215642064,1.150530371589845,0,Abortion,-1,2,,-0.6130872457238575,,,,6.331919204710948e-05,-0.6181715891459283,,,4,4
2024/10/27,Democratic,Texas,Colin Allred,DBnQfsvqWOu,0,M,44,0.4188076777358491,0.2726955152830188,0.3695808579245284,0.5771772011320754,0.5576550678113208,0.3188735150943396,0.8679245283018868,0.8820272605150945,0.4150943396226415,0.2641509433962264,0.2830188679245283,-0.0518976963775337,0.2711900162434504,0.3504230548750679,0.1252026561117078,0.1698113207547169,0.1132075471698113,0.0,0.6792452830188679,0.0,0.0188679245283018,0.0188679245283018,1.4113120961683174,0.3127469587139876,0.878297581809428,1.8434223071838032,-0.27033625884591,-0.7295830030810188,-0.9045880895988276,0.6904322585160791,-0.8688796918551517,0.3729842859057659,-0.5876182230765081,2.507376107209694,-2.116284737873782,0.1566405865368301,3.227255444212714,0,Abortion,2202,74,0.6030312762943218,0.4049464936637554,2202.0,0.0318111555741754,0.4954256944136588,0.0010690397422747,0.282134117454045,0.0328801953164502,1.1225095656672024,2,1
2024/10/27,Democratic,Texas,Colin Allred,DBoOuxwKiIt,0,M,44,0.465106629767442,0.3950423606976744,0.3185595513953488,0.3678294710697674,0.358685561372093,0.446836241860465,0.6744186046511628,0.7409535520000001,0.4418604651162791,0.4418604651162791,0.4418604651162791,-0.1402159428527188,0.2287291240104089,0.5433262953924578,0.278049245530742,0.5116279069767442,0.1627906976744186,0.0,0.2790697674418604,0.0,0.0,0.0465116279069767,-0.5925354563891686,5.965678999977015,0.6467814125337598,1.9121742749013464,0.8752361630607177,-1.00395209238967,-0.9720011702950012,0.6904322585160791,1.2480972142133206,-1.726584291822312,-0.052639862714901,0.4905303853118886,-1.3685682313475167,-0.5803463123935733,1.431154850741796,3,Criminal Justice,3387,189,1.3829187446766178,2.3314751047459588,3387.0,0.048930237933575,1.259243750896107,0.0027303852877017,2.144267306782273,0.0516606232212767,4.136443035649164,2,1
2024/10/28,Democratic,Texas,Colin Allred,DBpyFIBSqgJ,0,M,45,0.3716501861627908,0.2330085108488372,0.4911935718604652,0.2282274575581395,0.1814490131162791,0.4195183063372093,0.6162790697674418,0.7702616356267442,0.4883720930232558,0.3953488372093023,0.3488372093023256,-0.3685256995607254,0.155484443097373,0.6413394344407458,0.1405828013095348,1.0,0.0,0.0,0.0,0.0,0.0,0.0,1.7743533116469026,0.2279554046209605,1.810768707981064,0.4715431020013795,1.5178157818133062,-0.6251933583268137,-0.7335625802763567,0.3249226044843695,-0.8688796918551517,0.5229534700291999,-0.2819163028698759,2.6696021785194866,-0.5720917881327711,0.253915189012239,-0.1010264051823767,-1,,2266,60,0.6451517809158129,0.1704125757928785,2266.0,0.0325471833615811,0.5282657323485529,0.000861796558559,0.0498438442346884,0.0334089799201401,0.8679698646675023,2,1
2024/10/28,Republican,Ohio,Bernie Moreno,DBqzh5TO2z5,1,M,46,0.5083089546864111,0.279637350358885,0.4204271302717769,0.2355696588850174,0.1990635005993031,0.5310813453310105,0.4529616724738676,0.6813696549000001,0.554006968641115,0.4912891986062718,0.554006968641115,-0.0577008947827415,0.2709822650891902,0.2412183007764068,0.1472045380417467,0.0801393728222996,0.048780487804878,0.0034843205574912,0.156794425087108,0.0836236933797909,0.2804878048780488,0.3466898954703832,-1.357419306598069,-0.748245304662227,1.038748809900483,0.3612569015803238,0.4508424559973033,-1.3095573751186484,-1.0243463522255511,1.2386967395636426,0.0383961250313361,-1.0517229632668588,-0.5111927430248502,0.0482223727002048,1.3383788186914911,-0.0809274518544407,1.704216490978529,7,Energy and Environmental Issues,341,54,-0.5476841282993254,0.3324913735635085,341.0,0.0575916230366492,-0.356109725600815,0.0091200810673872,0.2543493418117187,0.0667117041040364,0.5876553406068179,3,1
2024/10/28,Democratic,Michigan,Elissa Slotkin,DBq0TiGPNHJ,1,F,48,0.4357281958695652,0.3409096654782609,0.3347655059347826,0.3022277959239131,0.3154249254456521,0.2892143297608696,0.6086956521739131,0.521058472276087,0.5,0.5652173913043478,0.5434782608695652,-0.1489566949641575,0.2210743778409659,0.3376275414358015,0.1331926165814974,0.1195652173913043,0.0326086956521739,0.0,0.4673913043478261,0.0217391304347826,0.217391304347826,0.1413043478260869,0.5967998164058445,-0.4836749426102377,-1.2411952026409037,0.5575318516671713,0.0906307773759232,2.139590840104168,2.183957130194053,0.6904322585160791,-0.8688796918551517,1.4227685747698051,-1.6575749437997211,0.7610080488741551,-0.7450529958144619,-0.3853774591068482,0.9588348621225826,-1,,228,3,-0.2402417326632775,-0.4996709505545586,228.0,0.0108882521489971,-0.2402754963811656,0.0001432664756446,-0.498662410794471,0.0110315186246418,-1.2202957930122136,1,2
2024/10/28,Democratic,Pennsylvania,Bob Casey,DBrFXdZqOHw,0,M,48,0.3434546247857143,0.1517458540285714,0.5181412794285715,0.1112314302142857,0.0463717398428571,0.396696337,0.3428571428571428,0.3396897334099999,0.6428571428571429,0.5857142857142857,0.5285714285714286,-0.1670133549187864,0.1478236303316737,0.1432081912245068,0.1096607983145451,0.3857142857142857,0.0,0.1428571428571428,0.0,0.2142857142857142,0.0,0.2571428571428571,-0.9717702572995608,2.6432505265832225,0.0205652933086758,0.3783731720372197,0.5011607791485521,-0.2197529370391938,-0.1367699979936296,-0.8447082884170993,-0.0220889294277626,0.7928980014513818,0.2683471535020629,-3.1603566095700195,0.6281293270063223,0.7044727026458673,0.2833363223605389,-1,,106,0,-0.3075674933117172,-0.632619266768693,106.0,0.0049678961428504,-0.3104436041086474,0.0,-0.6357303644116811,0.0049678961428504,-0.7744946317271664,4,4
2024/10/28,Democratic,Pennsylvania,Bob Casey,DBrK28QC99j,0,M,48,0.3693751720689655,0.1617452300689655,0.6664815762068964,0.1832144187931034,0.1294813500689655,0.4712323403448276,0.4827586206896552,0.7675073244551724,0.4827586206896552,0.6206896551724138,0.5517241379310345,-0.1631860517222305,0.1638949612821097,0.3980159995884731,0.1710024786075894,0.7586206896551724,0.0689655172413793,0.0689655172413793,0.0,0.0344827586206896,0.0,0.0689655172413793,1.3118642551939066,0.0508823320937155,0.5115006952489836,-1.4427663125429495,-0.3533975641032507,0.417683640490877,-0.4202844103469707,-1.868135319705885,3.365074120281793,-0.1519078585262535,-0.052639862714901,1.431154648880698,-0.5383998870107864,0.7595818325333812,1.830738552421255,8,"Environmental, Social, and Corporate Governance (ESG)",86,1,-0.3233767476544883,-0.568604221917099,86.0,0.004030557247973,-0.3262388517359749,4.6866944743872144e-05,-0.572255219949893,0.0040774241927168,-0.734784302298517,2,1
2024/10/28,Republican,Michigan,Mike Rogers,DBrSQF9vpfl,0,M,45,0.3105246064649681,0.2375294715987261,0.5058492386361465,0.1071960361281847,0.0831043606122611,0.5184158874522292,0.0796178343949044,0.3294130387495222,0.5780254777070064,0.5788216560509554,0.5812101910828026,-0.3087777186994838,0.1732558710008359,0.3204338370472382,0.1439499306754482,0.1146496815286624,0.48328025477707,0.0390127388535031,0.0,0.3025477707006369,0.0565286624203821,0.0039808917197452,-1.1215311319469634,-0.2230440323321929,0.2465184040344972,-0.2697453959409903,0.1227716025731726,-0.8462388296655923,-1.2346740826191294,0.7297948366425707,-0.3477776842075279,0.017672680444091,-0.669922586209063,0.0843699535074341,-0.0696375106061654,-0.0954713601787376,-0.0514197019529586,-1,,43,4,-0.2750900025340922,-0.2735367181649754,43.0,0.0314327485380116,-0.5443814067561368,0.0029239766081871,-0.2446956621151438,0.0343567251461988,-0.5145118476098198,4,4
2024/10/28,Democratic,Wisconsin,Tammy Baldwin,DBrSpVGRVAl,1,F,49,0.4388441179452055,0.2910801626552511,0.4783747338470319,0.211596792716895,0.2141969428150685,0.4711969738744292,0.3904109589041096,0.4882778124603881,0.5182648401826484,0.6141552511415526,0.6415525114155252,-0.2713017507486011,0.2587517599128033,0.3781123201460599,0.2525721675614095,0.0045662100456621,0.0,0.002283105022831,0.0593607305936073,0.6621004566210046,0.271689497716895,0.0,0.207213386154358,-0.4906333140130081,0.0524368277812588,-1.1846129475027756,-0.1447276874594882,0.2057310205062074,0.6781288945208336,-0.088262221812345,-0.132539898440031,-0.3573004367822617,0.575378212492202,-0.8674314650096691,0.1606321648920981,0.0739386110597701,-0.1657190302892674,15,Immigration,9885,172,1.9247879847617064,0.7270939744667557,9885.0,0.7426188866351138,1.8810064666890085,0.0129216437532867,0.5613319645269268,0.7555405303884005,3.858467675526839,4,1
2024/10/28,Republican,Arizona,Kari Lake,DBrcDMXAtRO,0,F,43,0.5047639589999999,0.3535922567142856,0.3651994748571427,0.0866555897714285,0.0449088461,0.4376314067142857,0.3,0.5255263678100002,0.4285714285714285,0.2857142857142857,0.3428571428571428,-0.1543734062463045,0.1482573080342225,0.2368261024355888,0.1482812853023851,0.1428571428571428,0.0,0.1428571428571428,0.0142857142857142,0.4571428571428571,0.1285714285714285,0.1142857142857142,2.033925761264418,0.666789557164808,0.2288766994867453,-0.0524323201050774,-0.4869048619547597,0.0920726405980149,0.7421328265181947,1.2021457741604715,-0.8688796918551517,0.7928980014513818,-1.6575749437997211,0.2810859448591965,-0.6335795426397736,-0.3320727581270161,0.6433989991518176,-1,,2013,27,-0.4717907070684843,-0.4367752689106596,2013.0,0.0024325343309986,-0.474614476687092,3.262713707747858e-05,-0.4382780190287952,0.0024651614680761,-0.8533190537654955,0,0
2024/10/28,Democratic,Arizona,Ruben Gallego,DBrcgU8S0rM,1,M,51,0.5230149377272727,0.3572073354545454,0.3370596911363636,0.2447618377272727,0.2092558520681817,0.5060253519318182,0.2272727272727272,0.6429454634318182,0.3409090909090909,0.3409090909090909,0.3181818181818182,0.1264845794913443,0.203362138793135,0.2879372669214552,0.1987155361271621,0.0681818181818181,0.0,0.0,0.1136363636363636,0.0454545454545454,0.3863636363636363,0.3863636363636363,0.5398366629197219,-0.4194696068810729,1.507267100696199,1.41138782458955,1.0676068071503768,-1.1002174861664726,-1.2033588675426323,-1.868135319705885,1.9537561829028112,1.4227685747698051,-0.5876182230765081,0.528279679185607,-0.0281213989728255,4.214634055052056,-1.1839364450326806,-1,,545,7,0.5672721279387579,-0.6160734555961962,545.0,0.0384371253261866,0.476239663146751,0.0004936878482262,-0.6259445618858662,0.0389308131744128,-0.0746779253197528,2,1
2024/10/28,Democratic,Michigan,Elissa Slotkin,DBrdF2qAtUG,1,F,48,0.5560942145454545,0.4539796366493506,0.3442114389974026,0.1314300493610389,0.0911351065675324,0.4404095323402597,0.2025974025974026,0.4507673161532468,0.5688311688311688,0.5012987012987012,0.4467532467532467,-0.0477571044068831,0.1521361248770532,0.4948038716594894,0.1812968035666444,0.4675324675324675,0.135064935064935,0.0051948051948051,0.0077922077922077,0.0233766233766233,0.3376623376623376,0.0233766233766233,1.4795664539256848,0.1816242844210389,0.5584723176282635,0.0504491367870074,1.601498415185624,0.6274776679096566,1.619096420433167,0.6128999076608679,0.1575333535113803,-0.1996253262018917,-0.6848870158695273,0.7369147492396108,-0.3068955997965094,-0.0045004573238927,0.0647041029528946,-1,,456,14,-0.1216506786894028,-0.1683288663215712,456.0,0.0217765042979942,-0.1230794231436158,0.0006685768863419,-0.1705845117930447,0.0224450811843361,-0.4782467267591195,1,2
2024/10/28,Democratic,Texas,Colin Allred,DBrdlqgvL06,0,M,45,0.362326377235465,0.3335917759273256,0.2662802118953488,0.2971204064069767,0.2948577732267442,0.3533158982209302,0.4447674418604651,0.5141616915997094,0.625,0.5116279069767442,0.5930232558139535,-0.1996829298021661,0.1984997772451864,0.288576157850235,0.0895247135147147,0.25,0.0726744186046511,0.0,0.0901162790697674,0.0,0.0872093023255814,0.5,-0.7547365477833944,-0.1438267654752895,0.0501067843322218,0.5711522991412006,-0.145815335341826,-0.2915579659903901,-0.4710752062929789,-1.868135319705885,0.2601746580480333,0.7928980014513818,1.3383038742252764,-0.313400970903772,-0.126118863176003,-0.9138401521641356,-1.1057049831774646,0,Abortion,1007,21,-0.1834375209350821,-0.4829319097045644,1007.0,0.0144638189078164,-0.2785765972669873,0.0003016287954956,-0.5780249251874059,0.0147654477033121,-0.709188158816812,3,3
2024/10/28,Republican,Arizona,Kari Lake,DBrdseTKuVn,0,F,43,0.3457056529166666,0.1413893765138889,0.6265557691666667,0.1242718528055555,0.0758749674652777,0.4476122772222222,0.1666666666666666,0.6945683502638889,0.5277777777777778,0.4166666666666667,0.4861111111111111,-0.4691754138718049,0.1322058591216717,0.2091774394114812,0.1392821769870284,0.5277777777777778,0.0277777777777777,0.0,0.0277777777777777,0.2777777777777778,0.0416666666666666,0.0972222222222222,0.0417358418729621,-0.3844247371658776,-1.5473269868834854,0.1122289897936956,0.1518042997052636,0.9816452237311128,1.4165867390491282,0.1787187428716864,-0.8688796918551517,0.3729842859057659,0.0543558093574199,-0.7061442021069361,-0.3685988931567523,-1.0479431740689038,-0.4140196402365912,15,Immigration,1307,17,-0.5836821057274698,-0.4869920552593363,1307.0,0.0015793951170468,-0.5859229844626831,2.0543012233967992e-05,-0.4882510127236724,0.0015999381292808,-1.0055699708101324,4,4
2024/10/28,Republican,Arizona,Kari Lake,DBrd3oJpppZ,0,F,43,0.4192541409756097,0.1764728586910569,0.5884440578861787,0.1115402026422764,0.0637956471219512,0.4254467512195121,0.1869918699186991,0.7260857743414635,0.5609756097560976,0.5528455284552846,0.5528455284552846,-0.4591965549663315,0.148363913022175,0.1947075427789998,0.1805685093305696,0.3577235772357723,0.024390243902439,0.0,0.016260162601626,0.4390243902439024,0.065040650406504,0.0975609756097561,0.0576271672647967,-0.36333059614666,-1.5933737378601511,-0.37985478503587,0.4887374771147316,0.987791310895264,1.3915726566160798,1.2590028314542936,-0.8688796918551517,-1.0267280992462862,0.1256862574056346,-0.7068025925662055,-0.4243032074932408,-0.262543136218765,0.390630897343286,15,Immigration,2954,42,-0.3226550043232926,-0.3614500893876445,2954.0,0.003569650478773,-0.326255686578266,5.075332434274445e-05,-0.3633185284864795,0.0036204038031157,-0.6425069028283453,4,4
2024/10/28,Republican,Arizona,Kari Lake,DBrgNJxhfmO,0,F,43,0.3304803269230768,0.1108655713076923,0.7252958603846155,0.1285291164999999,0.086810868,0.4237584469230769,0.1153846153846153,0.8848274369230769,0.5769230769230769,0.2692307692307692,0.5769230769230769,-0.578085897060541,0.1297931223710309,-0.0650202677800105,0.1491734828725327,0.3461538461538461,0.0,0.0,0.0,0.3846153846153846,0.0,0.2692307692307692,-0.0651083671121059,-1.043559548219671,0.1665678242546246,1.7522929314492417,0.1659920720024449,0.1314154851589845,1.0180428714882763,1.7869612206112069,-0.8688796918551517,-1.726584291822312,0.1766365774400731,-0.6729591441028374,-0.0336113324510525,0.0312421319775384,-0.3704001158307718,-1,,1243,20,-0.5938252353509472,-0.4719270193547333,1243.0,0.0015020567180483,-0.596013274119394,2.4168249687021167e-05,-0.4732591146152092,0.0015262249677353,-1.000947349534879,4,4
2024/10/28,Republican,Arizona,Kari Lake,DBrhLJViwfG,0,F,43,0.5217664330957944,0.3084198938107477,0.364931994411215,0.1125055402698598,0.0823348603130841,0.3941512282640187,0.3352803738317757,0.6294287327366823,0.3348729792147806,0.3117782909930716,0.3244803695150115,-0.13122940032074,0.2355974513257475,0.2688162434699904,0.2424451028542889,0.418013856812933,0.0311778290993071,0.0115473441108545,0.069284064665127,0.2193995381062355,0.1096997690531177,0.1293302540415704,0.3554883065089119,1.1871185836659666,0.5169556705377603,0.8915279590082651,-2.5580495832981884,-0.6645984203464962,0.1737596341625201,-0.4334245281795501,-0.1566257795330494,0.4514728308675629,0.20234982306493,-1.1797395849530437,-0.3993804854966383,0.8760331650862576,0.1707652395128089,-1,,1249,17,-0.5928743169487461,-0.4869920552593363,1249.0,0.0015093071929544,-0.5950673094640773,2.0543012233967992e-05,-0.4882510127236724,0.0015298502051884,-1.0142032337637654,0,1
2024/10/29,Republican,Wisconsin,Eric Hovde,DBsCFc3oDVx,0,M,47,0.4029843278461538,0.2709923889999999,0.6201363258461539,0.1139621227692307,0.0563222902,0.4909835372307692,0.2615384615384615,0.6921643398615385,0.6,0.5692307692307692,0.4615384615384615,0.0267915421380446,0.0943586673701484,0.2362403576190655,0.1309269592398751,0.9076923076923076,0.0,0.0461538461538461,0.0,0.0153846153846153,0.0307692307692307,0.0,0.6224668442213412,0.6499033809147177,0.9266634221092656,-0.3490509798933924,-0.1728909839249394,-0.972054679078294,-0.8796908327113252,0.8409362337056064,-0.8688796918551517,-0.2445358840142571,-0.1470478086610671,0.0856879910785683,-0.2380832960019016,0.2730257556357277,-0.862537765058204,4,Economy,514,21,0.3285901270992026,-0.3590999752621134,514.0,0.1622474747474747,-0.6316266619967877,0.0066287878787878,-0.8548108279387568,0.1688762626262626,-0.0265831811751895,4,1
2024/10/29,Democratic,Texas,Colin Allred,DBsF0DzvfNv,0,M,45,0.428814035,0.2337766049310345,0.545252376724138,0.3659613028620689,0.2892203318620691,0.4016784431034482,0.7241379310344828,0.7247238121896552,0.3559322033898305,0.4067796610169492,0.3728813559322034,-0.3136035700849557,0.2244700702330374,0.4061952099456625,0.1798201344621192,0.4576271186440678,0.1525423728813559,0.0338983050847457,0.2203389830508474,0.0508474576271186,0.0,0.0677966101694915,0.1127068196122942,4.464370326923285,0.1814333505201974,2.629303065586316,0.1976167747204792,-0.2441806183543792,-0.3934889225122746,-0.55604938215616,1.9537561829028112,-0.434542090143495,-0.3407051336788433,-0.2359594059846461,1.0397483351204126,2.545450303996868,0.2094959807876673,-1,,1199,28,-0.0570760070706088,-0.3656649507691259,1199.0,0.0170242371750273,-0.1643360285504449,0.0003975635036703,-0.4704956970913386,0.0174218006786976,-0.4130540587243332,2,1
2024/10/29,Democratic,Texas,Colin Allred,DBsMkvSobf7,0,M,45,0.5118656054455446,0.4550550963366336,0.2245904821782178,0.1585037477425742,0.1291718488316831,0.406158134950495,0.4851485148514851,0.617470463039604,0.5882352941176471,0.6176470588235294,0.5686274509803921,-0.3838994801044464,0.2513340551542387,0.3871016410343787,0.1228304251430703,0.6274509803921569,0.2254901960784313,0.0,0.0784313725490196,0.0,0.0196078431372549,0.0392156862745098,-1.737984582025904,-1.3226178487490576,0.5195410157883449,0.4182347861350408,1.725722475362972,0.5447767817546076,-0.3434345068899453,-0.5888515305949029,0.1896087611790845,2.2101067914178345,-1.6575749437997211,-1.1149102630892795,0.1866985761407794,-0.5549254379357126,-1.810161369983463,4,Economy,738,46,-0.3604752669222869,-0.0641213420779984,738.0,0.0104786380610259,-0.4563871261973096,0.0006531400417441,-0.1840305753285263,0.0111317781027701,-0.4148671885600576,3,3
2024/10/29,Democratic,Ohio,Sherrod Brown,DBsPEStIB2z,0,M,48,0.5752227624539877,0.4276806262576686,0.2954412201226994,0.1051164865644171,0.054910241392638,0.5395620129754602,0.2024539877300613,0.2638603494552147,0.4049079754601227,0.4110429447852761,0.4539877300613497,-0.2262539857644245,0.1339471733789903,0.3562622565798964,0.1282142976199529,0.1411042944785276,0.0,0.0245398773006134,0.0552147239263803,0.0245398773006134,0.1840490797546012,0.5705521472392638,-0.2182372622706196,-0.6680970234633592,-0.2849944720139906,0.1174298462017366,1.1104209500653628,-0.4742763460716035,-0.5135276302082435,-1.502625665674176,0.945671941917824,0.972861022399502,0.1766365774400731,-0.6770466490187413,-0.9101207254061928,-1.4575127776558614,-1.2528571081694044,-1,,-1,15,,0.0811753147648312,,,,0.000471342383107,0.0517230353200678,,,4,4
2024/10/29,Republican,Arizona,Kari Lake,DBsaJlsiSWz,0,F,44,0.3958186483127572,0.2793995966666666,0.3269753037860083,0.275293641946502,0.2952244444526749,0.5909930547325103,0.3703703703703703,0.7157649256419754,0.6131687242798354,0.5390946502057613,0.5925925925925926,0.0137064839433495,0.226282735236951,0.2639896165073653,0.1201127768924506,0.1234567901234567,0.0,0.0,0.382716049382716,0.1646090534979424,0.0164609053497942,0.3127572016460905,0.4661432943977293,-0.0907258618837498,0.199261497658311,0.2116468083259257,-0.5373828775656843,0.68033436848906,0.9745477460562684,-0.1624236008912423,0.5424382455238294,0.3729842859057659,-0.5876182230765081,-0.0975022032075507,0.1678779571012648,-0.2614571204651032,0.0965426149023192,-1,,2724,36,-0.3591068764076646,-0.3915801611968506,2724.0,0.0032897398521066,-0.3627754405120311,4.3476738133567786e-05,-0.3934103060426088,0.0033332165902401,-0.6549997598468899,1,2
2024/10/29,Republican,Arizona,Kari Lake,DBsaUZNsWpI,0,F,44,0.3591551131105399,0.2484876903856041,0.3612411312802056,0.0900519631902313,0.0808920576195372,0.6583633995886888,0.1928020565552699,0.5729399683642674,0.5938303341902313,0.5398457583547558,0.5295629820051414,-0.0583949071908211,0.1729643538159785,0.274497130651094,0.1296088192936942,0.2056555269922879,0.0,0.0,0.1208226221079691,0.300771208226221,0.0154241645244215,0.3573264781491002,0.3024037103096555,-0.5289891055186402,0.1106741817232658,-0.2470409880449689,-0.5147900885668908,0.434212749236909,0.8051033322607358,0.7927749616449578,-0.1914470819132404,-0.4668431451854651,-0.373626878931865,-0.2021933648591033,0.048623867010168,-0.3931206119503945,1.2422916561450412,15,Immigration,6428,48,0.2279267505510921,-0.3313200175784385,6428.0,0.0077630131311826,0.2208495592813498,5.796898417809038e-05,-0.3334787073884905,0.0078209821153606,-0.0902141127796795,1,2
2024/10/29,Republican,Arizona,Kari Lake,DBsgFamMje9,0,F,44,0.5051654871761453,0.3636260992353871,0.3387429572618483,0.140786425421011,0.1317814098864534,0.5554663270023696,0.2187993680884676,0.6287699474716034,0.5734597156398105,0.4928909952606635,0.5442338072669827,-0.230082757656255,0.207045489450746,0.3483076375536915,0.103733070308679,0.1623222748815166,0.0007898894154818,0.0,0.1540284360189573,0.2812006319115324,0.05173775671406,0.3499210110584518,0.4299916262403981,0.0058224757962811,0.8625655583569447,0.0437509076357846,0.030294648307303,0.7117970818744692,0.9193388114490116,0.4547747184166875,-0.2560705874669103,-0.4005409795730001,0.0318304047106157,-0.13987848850778,-0.2378839154629703,0.4217438236722214,0.0571069793891778,0,Abortion,15869,1033,1.724196856414381,4.615033437766219,15869.0,0.0191647877067107,1.70843153094693,0.0012475408469993,4.5859066821370496,0.02041232855371,5.531192244310371,1,2
2024/10/29,Democratic,Texas,Colin Allred,DBtYGK-vOCN,0,M,45,0.3222837043718593,0.2948769588944724,0.2691119264623116,0.5779732984723619,0.5970617414170855,0.4382144823115578,0.4422110552763819,0.4492828170475879,0.5778894472361809,0.5628140703517588,0.6130653266331658,-0.0683224127258188,0.2416337060650846,0.2379307326809245,0.0904322377411876,0.1507537688442211,0.0552763819095477,0.0,0.2864321608040201,0.0,0.0251256281407035,0.4824120603015075,-0.5109040150253005,3.759541749486826,-0.0546367738011801,-0.8722785505154986,0.973072031927877,-0.0126831263590287,-0.6134462407837307,-0.4060967035790484,1.5505224865088163,-0.8267691870817075,0.1766365774400731,-0.5948450428972242,1.2134688690671789,0.1308731475638269,0.3344897083761182,-1,,503,16,-0.5151364948293244,-0.5666940232298776,503.0,0.0071419443695068,-0.6052634991843232,0.0002271791449544,-0.6614724449332133,0.0073691235144613,-1.0570409089757715,2,1
2024/10/29,Democratic,Texas,Colin Allred,DBtg9W-xRx2,0,M,45,0.441460882368421,0.2839690922631578,0.3864320852631579,0.432939275236842,0.4154027474605263,0.3607437448157894,0.5526315789473685,0.6786876608157894,0.3684210526315789,0.5263157894736842,0.3684210526315789,-0.0549039526009245,0.2786855408908147,0.2922168389747017,0.1579206039479427,0.3684210526315789,0.1578947368421052,0.0,0.3947368421052631,0.0,0.0,0.0789473684210526,1.8667474565553923,-1.608962198618444,1.0974185341157294,1.602816995182753,-0.2415831407011365,-0.2854065889387192,-1.249863026900104,3.248999836738044,-0.8688796918551517,-1.726584291822312,-1.6575749437997211,2.871702888526505,-4.003317191203765,-2.535417432083221,-3.368899786168575,-1,,830,34,-0.2999270415288934,-0.2651504145387501,830.0,0.0117849181445143,-0.3981036099640959,0.0004827556830282,-0.3750073231704011,0.0122676738275426,-0.5521289867797677,2,1
2024/10/29,Republican,Pennsylvania,Dave McCormick,DBtu3IKO2sE,1,M,45,0.3817239548888889,0.2145289636333333,0.5873531167777778,0.1614694614666666,0.1190244737666666,0.4712750410000001,0.2555555555555555,0.4104293267655556,0.3478260869565217,0.2934782608695652,0.2282608695652173,-0.102608771933304,0.1628848327601827,0.0948115364535824,0.177963047491716,0.6521739130434783,0.0108695652173913,0.0,0.0326086956521739,0.1304347826086956,0.0434782608695652,0.108695652173913,0.5571095191343631,-0.6105512300512445,0.887944269087575,-0.1151036953764639,1.12022569249735,-0.2157470390705113,0.051355201726348,-0.4467088873603493,0.0719989330641693,0.3729842859057659,0.1256862574056346,1.022441789603698,0.2945985356074829,0.0504016475930457,0.1551615131064873,5,Education,144,3,-0.3636545041365985,-0.3639467797589394,144.0,0.1012658227848101,-0.5277743067925964,0.0021097046413502,-0.392564779639295,0.1033755274261603,13.801513521047864,0,0
2024/10/29,Republican,Wisconsin,Eric Hovde,DBtv7_pK6Wp,0,M,47,0.4167792141304348,0.1840319459130434,0.7075711123913043,0.1691201997608695,0.0873467235434782,0.4861014226086956,0.4782608695652174,0.7427011596956521,0.5,0.4347826086956521,0.4130434782608695,-0.2483468014422966,0.2796810948930212,0.3855758315843084,0.1760713668571953,0.6304347826086957,0.108695652173913,0.0217391304347826,0.108695652173913,0.0434782608695652,0.0652173913043478,0.0217391304347826,1.8809835374673505,1.9493225486221364,-0.1038995533165898,-1.6287767421853332,-0.6402330010632037,-0.0611560873908158,-0.405526656113277,1.5432881179234004,-0.8688796918551517,-1.726584291822312,0.4823384976467055,2.5200433186428555,-1.4302861358591934,2.195292454369157,-0.6404176218215231,6,Election Policy,512,23,0.3193570160898036,-0.2481054374538238,512.0,0.1616161616161616,-0.6355907244479787,0.007260101010101,-0.8021020158963253,0.1688762626262626,0.062081384796961,2,1
2024/10/29,Republican,Arizona,Kari Lake,DBt1DDVsxiO,0,F,44,0.3936852820253164,0.3097679592253164,0.3279549649113924,0.156495921321519,0.1614440886911392,0.6191251433670887,0.2835443037974683,0.6135463810177214,0.6177215189873417,0.5139240506329114,0.529113924050633,0.0068450091477436,0.2036958278642887,0.2715762921149217,0.1507414925702677,0.0556962025316455,0.0,0.0,0.240506329113924,0.230379746835443,0.0582278481012658,0.4151898734177215,0.2378680291506808,-0.4629291004715673,0.2980014871562191,0.5918506659590782,-0.7236955544471478,0.5809242654013285,0.7728842916834494,0.2640043288124185,0.5424382455238294,0.1105382136897563,-0.8551074032573112,-0.023442421779299,1.5810631799998007,-0.3118753493302583,0.433156311713008,15,Immigration,3166,40,-0.2890558874455236,-0.3714934466573799,3166.0,0.0038235375814132,-0.2931312045755639,4.830748681507532e-05,-0.373433106491236,0.0038718450682282,-0.5763515733334975,1,2
2024/10/29,Republican,Arizona,Kari Lake,DBt1hVct-Gq,0,F,44,0.3649686941972477,0.2694053744839449,0.3148805422110091,0.1512670060894495,0.1574206999862385,0.6102883164449543,0.1926605504587156,0.5991421598965596,0.6123853211009175,0.4977064220183486,0.5206422018348624,-0.0481339601218837,0.1937320606816412,0.269173405210086,0.1203414809679831,0.0619266055045871,0.0,0.0,0.2408256880733945,0.2568807339449541,0.0321100917431192,0.4082568807339449,0.2238446500108309,0.2719625231909229,0.3019138419796036,0.3987454320033227,-0.8554482226490635,0.1884831879315048,0.568144693910784,0.0999935866187026,0.4338753272639079,-0.0307789021188644,-0.4230094968113981,0.0514800387603719,-0.0032111538153253,-0.781667083602891,0.0083923614848032,15,Immigration,3432,62,-0.2468985049479454,-0.2610165166902911,3432.0,0.0041447823687334,-0.2512186100979614,7.487660456336674e-05,-0.2635585089586859,0.0042196589732968,-0.4431729875838631,1,2
2024/10/29,Democratic,Arizona,Ruben Gallego,DBt6KUfyVE4,1,M,49,0.5960658880392158,0.4674510161764706,0.3869326742647059,0.0759975796274509,0.0556504042254901,0.4162830992647058,0.284313725490196,0.7117297301014707,0.6078431372549019,0.4901960784313725,0.5343137254901961,0.0758985700085759,0.1510537361895734,0.5042987067033263,0.1638317103942591,0.0049019607843137,0.0,0.0,0.0,0.0,0.6715686274509803,0.3235294117647059,-0.5629920195648116,0.3724149548218092,-0.2644317887648864,0.0939473522271728,1.3095101454208928,-0.3315437523389507,0.1646488879758449,-1.3564218040614924,0.8247018329996264,0.7928980014513818,0.2683471535020629,-0.5812310353930591,0.3473563691601158,-0.5147265031551699,-1.0885634279327716,15,Immigration,303,12,-0.3236733883046997,-0.5241221935669131,303.0,0.0212363330529857,-0.3762194671517048,0.0008410428931875,-0.5405016829681357,0.0220773759461732,-1.1372469154009115,1,4
2024/10/29,Democratic,Texas,Colin Allred,DBuBCnYPcH0,0,M,45,0.4206515825925925,0.3191866422057613,0.3806309521851851,0.1912730567901234,0.19383231963786,0.4201627988065843,0.6131687242798354,0.7048794927386831,0.5843621399176955,0.4773662551440329,0.4609053497942387,-0.0784403292439234,0.1920147840606622,0.613336878610246,0.1645036902324724,0.4526748971193415,0.1069958847736625,0.3374485596707819,0.0246913580246913,0.0,0.0329218106995884,0.0452674897119341,0.7824068182955988,0.2009105421587674,1.590869608601383,2.141050349455288,0.6493433879269667,-0.6707444570236221,0.0359949502884624,-0.7908437078229532,0.9138377027288244,0.4282360905828204,-0.1371101301404185,1.6980879515600824,0.1022044069943168,1.149561080794136,1.421751068080464,-1,,1407,31,0.0798156329492372,-0.315407682653938,1407.0,0.0199775660594357,-0.0325646005449181,0.0004401595933493,-0.4227515101308698,0.020417725652785,-0.2301935748809168,2,1
2024/10/29,Democratic,Texas,Colin Allred,DBuHdyqOORc,0,M,45,0.3770587026086956,0.204191004173913,0.5237278917391306,0.2557410541304348,0.2184386779565217,0.3068100195652173,0.391304347826087,0.5636758845869564,0.5217391304347826,0.4782608695652174,0.6521739130434783,-0.3243150437331717,0.1735321291038385,0.3841738389885943,0.0730896818052778,0.7391304347826086,0.2608695652173913,0.0,0.0,0.0,0.0,0.0,-0.7356306069897026,0.368829926339397,0.8723166133885227,4.360982855504932,0.705746973944803,0.4255958263468714,-0.4495259755743424,1.5432881179234004,-0.8688796918551517,0.3729842859057659,-1.6575749437997211,0.6794685467015267,-0.5171128047020788,-2.276569820817675,0.1822386383816569,15,Immigration,794,20,-0.3236198253784821,-0.499684332409627,794.0,0.0112737650683667,-0.4209102032727448,0.0002839739311931,-0.5978135289859217,0.0115577389995598,-0.8044385518658944,3,4
2024/10/29,Democratic,Ohio,Sherrod Brown,DBuI2YJy2Mn,0,M,48,0.5990524554545456,0.5226838877272727,0.3256643248863636,0.0671603241363636,0.0320891642045454,0.4957890311363636,0.0795454545454545,0.2990310435931818,0.3181818181818182,0.2272727272727272,0.3181818181818182,-0.2599380230954425,0.1316957377429312,0.3711293651299043,0.1441310475259825,0.2272727272727272,0.0,0.034090909090909,0.0,0.034090909090909,0.1818181818181818,0.5227272727272727,-0.3684786194312381,-0.4955813275355418,0.4594585356884766,1.3852470402158286,1.18241172095966,-0.8434750112918457,-0.7929035934917095,-1.868135319705885,4.776392057660774,-0.6768000029582735,-0.5876182230765081,-0.7009564486736306,-1.7141869952316393,-0.0908251908532059,-2.5022068918042777,0,Abortion,-1,14,,0.0277705024195475,,,,0.0004399195575666,0.0001328748186245,,,0,4
2024/10/29,Democratic,Texas,Colin Allred,DBuSQxsgPuc,0,M,45,0.4612872432727273,0.3802809149090909,0.3236481337878788,0.3507536335212121,0.3510476992363636,0.4472469870242424,0.6303030303030303,0.8192536561454544,0.5329341317365269,0.497005988023952,0.5089820359281437,-0.1355848034765727,0.2288107479652315,0.4037321635527525,0.1519602368444037,0.3233532934131736,0.0778443113772455,0.0359281437125748,0.2035928143712574,0.0,0.2335329341317365,0.1137724550898203,0.0423607442401169,2.877295726718317,0.3634707959189989,0.2574922496954015,-0.0225862364248573,-0.6912023076453653,-0.6851311941090883,-0.2521979018814866,0.9138377027288244,-1.3950734637599842,1.0454736138168177,0.2596627230074883,-0.8708799086768232,1.0933844483799775,0.156585462953528,-1,,447,5,-0.5519919363731292,-0.7509706729855666,447.0,0.0063468173621661,-0.6407404221088882,7.099348279827911e-05,-0.8365344637882653,0.0064178108449644,-1.2731058682175098,2,1
2024/10/29,Democratic,Ohio,Sherrod Brown,DBuV2PoyJCS,0,M,48,0.4227292805555556,0.1965305393472222,0.5740793544444444,0.4137798217638889,0.3040320838888889,0.5028199590972222,0.3611111111111111,0.3959123906347221,0.4657534246575342,0.3835616438356164,0.410958904109589,-0.0793549729740782,0.2081091516314583,0.159072991103342,0.140793099839249,0.136986301369863,0.0410958904109589,0.0,0.5068493150684932,0.136986301369863,0.1506849315068493,0.0136986301369863,-0.3698492642994535,-0.5066550415630799,-0.2412756768894154,-0.6706579679836647,0.0585787170666615,-0.7813197064940626,-0.8659263988597149,-0.1624236008912423,-0.5160502075104068,-0.6768000029582735,1.2848060381891155,-1.7189180635418544,-1.6669555440638206,-0.4211402893850227,-0.1885351001991956,-1,,-1,38,,1.3094859987063576,,,,0.0011940673705379,1.2382967268532636,,,4,1
2024/10/29,Democratic,Pennsylvania,Bob Casey,DBuYfLVhtYx,0,M,48,0.423134031863354,0.2675125736956522,0.4948313774534161,0.1261711302670807,0.0617884429472049,0.4268625579006211,0.3788819875776397,0.1837069735516149,0.484472049689441,0.3850931677018633,0.5217391304347826,-0.1365766679833394,0.1344487065916815,0.1204882781512989,0.1438080751015293,0.2981366459627329,0.0,0.0,0.0062111801242236,0.0186335403726708,0.093167701863354,0.5838509316770186,-1.5696600093919442,-0.0801908153032407,-0.2636387821988722,0.1952159847883701,-0.7082612223945953,-1.1650120066471474,-0.1816955435551888,-0.8447082884170993,2.518283357854404,-0.4668431451854651,-0.373626878931865,-3.312944123473016,-0.4845751207755295,-1.0652099594962,0.2637897685196103,0,Abortion,284,6,-0.1668651296610535,-0.2485289976591294,284.0,0.013298993210021,-0.1700549550272853,0.0002809646452821,-0.2552005145270159,0.0135799578553032,-0.3232245023798123,4,4
2024/10/29,Democratic,Pennsylvania,Bob Casey,DBuhE9Wsrlg,0,M,48,0.461581715,0.245336509,0.5484622069999998,0.2656864343999999,0.3178138793999999,0.373891018,0.6,0.6682064013,0.3,0.4,0.5,0.0227345395833254,0.2347432993805031,0.1058286041021346,0.1213845852684382,0.0,0.0,0.0,0.4,0.3,0.1,0.2,0.5955898531439845,-1.608962198618444,2.787743712575286,2.113364673599454,0.4738653796046852,-1.148362321534422,-0.6220621189303457,-1.868135319705885,-0.8688796918551517,4.572121441361922,-1.6575749437997211,1.3816194464068536,-0.2284243766407913,-2.535417432083221,-3.368899786168575,-1,,339,5,-0.1233896802184328,-0.3125440425107233,339.0,0.0158745024584406,-0.1266546367778456,0.0002341372044017,-0.31862215617446,0.0161086396628424,-0.339206674655519,2,1
2024/10/30,Democratic,Texas,Colin Allred,DBu6pM7v37r,0,M,45,0.3242050009534368,0.3011544431352549,0.2949084812217294,0.2102895671818181,0.1329999478292683,0.5429753832815964,0.3592017738359201,0.4287751300239025,0.5831485587583148,0.4900221729490022,0.5210643015521065,-0.4814907863670072,0.1580037243531188,0.5391859601183635,0.1402727556306739,0.7804878048780488,0.1219512195121951,0.0044345898004434,0.0066518847006651,0.0,0.0199556541019955,0.0665188470066518,-0.7742999045193456,0.4226729608871549,-0.1504828320524272,0.7917896625466221,-0.4509555730623621,-1.1105490197996206,-1.2900022621448175,-0.4467088873603493,-0.6336600356253221,-0.32687190667026,1.3739690982493835,-0.4481773714079616,-0.6723369910640392,0.0342315268255379,0.1136557400099343,-1,,5994,241,3.098671175117669,3.202601085409216,5994.0,0.0840755754421892,2.8273560379142104,0.0033804160296242,2.8728597552042467,0.0874559914718135,5.660493645845013,3,3
2024/10/30,Democratic,Texas,Colin Allred,DBvylfou4Zn,0,M,45,0.4542828752709359,0.3223245235467979,0.3633198884482759,0.3992371436650246,0.3541579613694581,0.3180430823596059,0.3940886699507389,0.4967919837009851,0.6059113300492611,0.5467980295566502,0.5960591133004927,-0.061506980929175,0.2402140963371146,0.1954638330366811,0.0802463128073951,0.0147783251231527,0.2118226600985221,0.0,0.2660098522167488,0.0049261083743842,0.0,0.5024630541871922,-0.723363774532916,0.825665849138042,1.772140570042939,1.9823827864470327,0.0081458248659054,-1.5073524879109592,-1.1238773409766356,-1.2995647467676708,0.0719989330641693,2.472552863633844,-0.9442704633175788,-0.6806452252421357,2.171462331905727,0.4067688428279746,1.6000789815894845,-1,,2869,88,1.0420059103964243,0.6394804115346324,2869.0,0.0402423800373108,0.8716094960917514,0.0012343427826013,0.4674154266533178,0.0414767228199121,1.5104953805106958,2,1
2024/10/30,Democratic,Ohio,Sherrod Brown,DBwAUm4Mxxu,0,M,48,0.4327410380000001,0.22214265798,0.4516524829999999,0.2212967611799999,0.1716063737999999,0.4612119348,0.4,0.3804967387160001,0.4230769230769231,0.4423076923076923,0.3461538461538461,0.0240223245838513,0.1753970551890031,0.3116175271570682,0.1656517430401753,0.173076923076923,0.0,0.0,0.173076923076923,0.0,0.5961538461538461,0.0192307692307692,4.364520011658015,1.8136027481726809,1.663510811294993,-1.4446381395525951,-2.137569814548806,0.4568959249141826,-0.6961419876807686,-1.868135319705885,0.5424382455238294,1.4227685747698051,0.4823384976467055,0.3240892895999647,1.6140344518705558,0.9082471146759022,-0.2222415622698495,-1,,-1,0,,-0.719896870414425,,,,0.0,-0.7221293722015815,,,2,1
2024/10/30,Democratic,Michigan,Elissa Slotkin,DBwFm8Yg4vu,1,F,48,0.4522916275119617,0.3740063700861243,0.2963298912822966,0.1715398410813397,0.1609645379976076,0.4405427547177033,0.7129186602870813,0.7416909492248804,0.569377990430622,0.5741626794258373,0.6411483253588517,-0.1337483787115966,0.1784462638411309,0.3807361087445437,0.0913882334978398,0.124401913875598,0.0287081339712918,0.0,0.0717703349282296,0.0239234449760765,0.1722488038277512,0.5789473684210527,0.8701461462481668,-0.6630484218356401,-0.6660302162609647,0.0307406987726311,1.48537103781128,2.521891061097847,2.1673579906312423,0.6904322585160791,-0.8688796918551517,0.0730459176588976,-0.2819163028698759,0.6161887622172281,-0.7057954277396177,-0.5877911699409908,-0.3953816236454526,-1,,409,18,-0.1460970801664735,-0.0478408356913939,409.0,0.0194826847044252,-0.1477690285461135,0.0008574286666984,-0.0526388285163663,0.0203401133711237,-0.2107308958659287,1,2
2024/10/30,Democratic,Ohio,Sherrod Brown,DBwODYYS8Pb,0,M,48,0.5322852892703862,0.2847594455364807,0.3990750118454934,0.1779320341974249,0.1295232781545064,0.5092849450729614,0.5064377682403434,0.4673467649609442,0.5150214592274678,0.4892703862660944,0.5236051502145923,-0.0829733190618359,0.1878370310946411,0.2065207848860982,0.1144548787940579,0.0257510729613733,0.0,0.0,0.2703862660944206,0.0429184549356223,0.4678111587982833,0.1931330472103004,-0.2699754567109738,0.1775453236410735,-0.3838046756405994,-1.4950235024164662,-0.4229754507312848,-0.8205856822118549,-0.3933112037756724,-0.7487620042337757,0.1896087611790845,0.2417612497977611,0.5492107926919065,-0.7014228278191267,0.8768710489907373,0.2573593700948902,0.4191978985137479,-1,,-1,22,,0.4550090011818175,,,,0.0006875859482435,0.4067528596884825,,,4,4
2024/10/30,Democratic,Pennsylvania,Bob Casey,DBwUqpYoDd8,0,M,48,0.322387319,0.2218587032499999,0.5288089330000001,0.221737511,0.1056845485,0.3798285939999999,0.75,0.2186097385649999,0.3,0.35,0.45,-0.1209531316533684,0.2572468597056635,0.292961835861206,0.1161096743172272,0.2,0.0,0.0,0.0,0.0,0.4,0.4,-0.9812128546223662,0.6372706479853133,-0.974315412901934,-0.2192398192365504,-0.3802452791957795,0.496364787439695,0.0473280681560457,-0.1624236008912423,-0.8688796918551517,-0.6768000029582735,1.552295218369919,-1.8669472666831115,-1.5137404826803005,1.6849786846842727,0.936382773033537,15,Immigration,76,0,-0.3312813748258739,-0.632619266768693,76.0,0.0035537267371177,-0.3342739989344795,0.0,-0.6357303644116811,0.0035537267371177,-0.6846785561822574,4,1
2024/10/30,Republican,Wisconsin,Eric Hovde,DBwZIdwvihr,0,M,47,0.4120065698598131,0.1941088795514018,0.7402144462149532,0.1474178359485981,0.0620715324766355,0.4849931019859813,0.3457943925233644,0.5245279128995327,0.5093457943925234,0.5420560747663551,0.397196261682243,-0.6035122672774803,0.1590991188517055,0.469094588447397,0.1371248462426197,0.7383177570093458,0.1448598130841121,0.0420560747663551,0.0046728971962616,0.0373831775700934,0.0233644859813084,0.0093457943925233,0.929629830101349,0.094468067721424,0.3638820784071209,-0.8806448721387954,-1.6122866124189823,-0.6724684843840769,-0.8802381368677802,0.6904322585160791,-0.3984403793954916,0.0230561896177531,-0.5876182230765081,0.5369065611142418,-0.8956681430917341,1.3843591675609357,-0.1770265226420721,6,Election Policy,318,15,-0.5762547518219074,-0.6920835886869823,318.0,0.0967153284671532,-1.043107918335379,0.0045620437956204,-1.0273648586032138,0.1012773722627737,-0.9970201955209328,4,1
2024/10/30,Republican,Michigan,Mike Rogers,DBwhMU0SNvS,0,M,45,0.4481954200769231,0.2269300696923076,0.4921025143538461,0.5442039216307692,0.4928342762384615,0.4008691538461538,0.6461538461538462,0.7193331250938461,0.6153846153846154,0.5307692307692308,0.4384615384615384,0.0835133159533143,0.2206379416842851,0.3383397842829044,0.1654892997113408,0.2,0.023076923076923,0.0,0.5461538461538461,0.0,0.2230769230769231,0.0076923076923076,-0.169108082155155,-1.133385938152315,0.2098386994448698,0.0112486725818088,1.0601294267395436,1.3912906137894203,0.5350525546396308,1.9697160476270608,-0.8688796918551517,-1.726584291822312,-0.052639862714901,1.1759161931720628,0.4976073147113088,1.6078585616411385,0.7684308099071581,-1,,1577,47,6.492359347048369,3.8615691384696142,1577.0,1.07425068119891,2.7479822368890177,0.0320163487738419,0.1836415991000984,1.106267029972752,8.137640256200944,2,2
2024/10/30,Democratic,Michigan,Elissa Slotkin,DBwoTKYA-9z,1,F,48,0.365956735399061,0.3551490101830986,0.279721096685446,0.159130620511737,0.176157673685446,0.4213668671079811,0.7511737089201878,0.7195170368169014,0.5727699530516432,0.5633802816901409,0.6291079812206573,-0.1633011775677192,0.1900024418142258,0.4218314863006833,0.087137002326124,0.1220657276995305,0.0187793427230046,0.0,0.0845070422535211,0.0140845070422535,0.2018779342723004,0.5586854460093896,0.9483213418363176,1.2304333651000623,-0.5519838400160136,-0.4045423841126142,1.5089943438932951,2.773521710245422,2.191531234432017,-0.3630955678106122,-0.37076747866257,0.1259762179377565,0.60821575890826,0.8774931290458756,-0.2740798251756718,-0.7962374617117924,-0.1014906329781934,4,Economy,258,7,-0.2246376466140834,-0.3791829199243814,258.0,0.012289810889344,-0.2251897710937001,0.0003334444814938,-0.3798884452976681,0.0126232553708378,-0.6561050652012637,1,2
2024/10/30,Democratic,Pennsylvania,Bob Casey,DBw2UpAhtBY,0,M,48,0.5049380043333334,0.2815987266666667,0.4945847733333332,0.1552259350333333,0.1227467249666666,0.380353784,0.2666666666666666,0.2781207150366667,0.3666666666666666,0.2666666666666666,0.2666666666666666,-0.0423534711201985,0.2191008647191011,0.1226560274759928,0.1740667340378137,0.1333333333333333,0.0,0.0,0.2,0.0,0.2333333333333333,0.4333333333333333,-0.5611332229224129,1.867060500915774,0.6651992963803007,-2.297642996680662,-1.6944393506862672,-0.9359274232911892,-1.127467181487735,-0.3329947727727065,-0.0220889294277626,0.1630274281329581,0.2683471535020629,-0.7930947235548753,0.2337722370732301,2.8806961913967206,-0.0977959618756636,-1,,6234,47,4.536388037313375,2.3760878412562216,6234.0,0.2914991115683157,4.517939732311072,0.0021976994295333,2.3407659601424675,0.293696810997849,4.910074544980352,0,1
2024/10/30,Republican,Pennsylvania,Dave McCormick,DBxDKbnuVmb,1,M,45,0.5935194107526882,0.2798169208172043,0.405553344032258,0.3344491822903226,0.2439289800752687,0.4663832244623656,0.6129032258064516,0.4051043328982796,0.5483870967741935,0.3978494623655914,0.4946236559139785,-0.0370635061014083,0.1475797072483652,0.3052426238534271,0.200138091898541,0.086021505376344,0.021505376344086,0.0,0.5698924731182796,0.0,0.2473118279569892,0.075268817204301,0.1190685434202337,-0.9609638840643376,0.1085418755442471,0.6524128553608944,-0.1975721025710876,0.0201943307272157,0.4320183705921526,0.6904322585160791,-0.8688796918551517,-0.9392460751742828,0.749827677827509,1.0862072410439565,3.1172789177368085,0.8247420452157633,1.4295553314986011,-1,,469,32,3.0747002430820163,2.292376193313857,469.0,0.1758530183727034,0.3316448312732378,0.0119985001874765,0.7068729233284157,0.1878515185601799,4.222968659635655,2,2
2024/10/30,Democratic,Pennsylvania,Bob Casey,DBxF1e3MgRB,0,M,48,0.2794049812820513,0.1174092898461538,0.7735954426923076,0.2596458335128205,0.1655973091794872,0.460050046025641,0.7435897435897436,0.7688820333205127,0.5128205128205128,0.5384615384615384,0.5897435897435898,-0.3258325694224391,0.2290604768422174,0.347019109588403,0.1508345039427288,0.8461538461538461,0.0641025641025641,0.0,0.0,0.0,0.0,0.0897435897435897,1.3689675012842508,1.1401052895577797,1.5035357129228335,0.0003388108329489,-0.2742532990587749,1.4267486499796482,-0.2148703790947055,-0.503565944654171,-0.3043525169035596,1.2128117169969974,-0.373626878931865,1.7800937078664174,0.2724785538614446,1.6335427978757562,-0.8537206359258587,-1,,534,14,0.0307505496235862,0.263591361153622,534.0,0.0249696062844851,0.0266084123858293,0.0006546338726269,0.2508855620512568,0.0256242401571121,0.2090771452973392,2,1
2024/10/31,Republican,Ohio,Bernie Moreno,DByb8DaOLur,1,M,46,0.526883827111111,0.4730942906666668,0.4976826568888889,0.0755373420222222,0.0539191689333333,0.4590788507777778,0.1777777777777777,0.5252249192666667,0.3777777777777777,0.3111111111111111,0.5333333333333333,-0.0144990210731824,0.138528449120617,0.6626067542367511,0.1799179079855995,0.0,0.0,0.0222222222222222,0.0,0.0222222222222222,0.8888888888888888,0.0666666666666666,-1.2900587683438296,-0.8671175476449234,-0.1899083776899546,-1.1614232807389655,0.5288049620844182,-0.1213550384767011,-0.5559321240116336,0.9747175449851864,-0.8688796918551517,-1.0267280992462862,0.4823384976467055,0.1052493924302046,1.3773248951024184,-0.558677332072078,0.6942040385981478,15,Immigration,375,19,-0.3466448801246742,-1.691369161170891,375.0,0.0429110882251973,-0.7953706440851853,0.00217416180341,-1.5898604151590023,0.0450852500286073,-1.3964641364339154,4,2
2024/10/31,Republican,Michigan,Mike Rogers,DByjEEsuw6d,0,M,45,0.3365679229320388,0.2285097000640777,0.426533698553398,0.1536737795359223,0.1298171394446602,0.4166994664699029,0.1941747572815534,0.2969043892106796,0.4531548757170172,0.401529636711281,0.4110898661567878,-0.2003208824286335,0.1668405396524312,0.2191233075211155,0.1404837937701032,0.4474187380497132,0.141491395793499,0.0401529636711281,0.1089866156787763,0.0535372848948374,0.0803059273422562,0.1128107074569789,-0.8604593109038887,0.2986316820287636,0.4132032990942963,0.1128140792771163,-0.7121203167303695,-0.3726268863310643,-0.6505344310162676,-0.0620876174315575,-0.1217113720662795,0.3112322689137638,-0.1470478086610671,0.5707981363921043,0.1061254511694063,0.7900815731892393,0.805446919323848,14,Sex and Gender Issues,103,4,-0.0103918532675031,-0.2735367181649754,103.0,0.0685752330226364,-0.4271159074567515,0.0026631158455392,-0.2485364071735001,0.0712383488681757,-0.211507305679057,4,1
2024/10/31,Democratic,Pennsylvania,Bob Casey,DBykayYI-S_,0,M,48,0.424427928,0.2182679886181817,0.5601680845454545,0.3896945874545455,0.3455238481272727,0.4064913994545453,0.6909090909090909,0.7672149094727274,0.3272727272727272,0.4909090909090909,0.3636363636363636,-0.0422464915297248,0.3274235691563656,0.206529811295596,0.1370122907307211,0.1454545454545454,0.0363636363636363,0.0,0.4545454545454545,0.0363636363636363,0.0545454545454545,0.2727272727272727,0.6949977002273428,0.021975443827621,0.7964803514059045,-0.4384039631172251,-1.6025843585156627,2.369103409166321,-0.2157141615362628,-0.5888515305949029,0.1896087611790845,-0.1519078585262535,0.749827677827509,1.677007692718001,-0.9993599642091376,-0.7799980480669437,0.7084680031578542,6,Election Policy,193,6,-0.2387972369206625,-0.2485289976591294,193.0,0.0090195345359379,-0.2421687975632823,0.0002804000373866,-0.2559652020466458,0.0092999345733246,-0.3348641256030158,2,1
2024/10/31,Republican,Arizona,Kari Lake,DBy8pxavAm1,0,F,44,0.4777512782550336,0.3218607254362416,0.3556396792617449,0.1753522882483221,0.1674383774093959,0.536305882147651,0.1677852348993288,0.6369497344563759,0.5436241610738255,0.5100671140939598,0.5906040268456376,-0.0530220203151638,0.22331425741447,0.2924488824885963,0.1482899955353236,0.0402684563758389,0.0,0.0,0.2147651006711409,0.2416107382550335,0.0805369127516778,0.4228187919463087,0.1514211319412209,-0.322355839752578,0.3553253940562697,0.8014387883719787,-0.1688876673256644,0.6185236371232615,0.7974153826090274,0.5399282833265515,-0.37076747866257,-0.2445358840142571,-0.1470478086610671,-0.454596838468562,-0.3055345185771739,-0.2262142210692045,0.0198995636830632,3,Criminal Justice,6408,636,0.2247570225437554,2.621427019723753,6408.0,0.0077093358999037,0.2138463264941727,0.0007651588065447,2.591051864073546,0.0084744947064485,1.7093329016519805,1,2
2024/10/31,Republican,Michigan,Mike Rogers,DBy-D_EPvd2,0,M,45,0.438293547922078,0.1794815784415584,0.6469827814285715,0.0796335748701298,0.0345475877012987,0.4753157480519482,0.2207792207792207,0.5917694897272728,0.5194805194805194,0.5324675324675324,0.5714285714285714,-0.3517852497630213,0.140155309852096,0.4237025378173903,0.1052743022762559,0.948051948051948,0.0259740259740259,0.0,0.0,0.0,0.0259740259740259,0.0,-0.5527396446284315,-0.9527315021048623,-1.1267028924100448,-0.7970253320859442,-1.2312599483263684,0.9338800473625553,0.0016121098425346,2.396143977330722,-0.8688796918551517,-0.6768000029582735,-1.6575749437997211,0.5645985247798367,-0.8239033667232358,-0.5352420204331229,-1.629261238018532,0,Abortion,59,2,-0.2045038293963351,-0.4658672231247237,59.0,0.0392809587217043,-0.5196031966130266,0.0013315579227696,-0.2681414043370501,0.040612516644474,-0.499380440681299,4,4
2024/10/31,Republican,Pennsylvania,Dave McCormick,DBzBPq1O0mq,1,M,45,0.4695058131818181,0.1692941505113636,0.603208857909091,0.2705520916363637,0.2333881424943182,0.4437862093181818,0.5,0.4256739527079546,0.4772727272727273,0.5454545454545454,0.4318181818181818,0.0381043066524646,0.3156222086336055,0.1218410476364872,0.1416184546392942,0.0227272727272727,0.0227272727272727,0.0,0.5113636363636364,0.0113636363636363,0.0,0.4318181818181818,-0.1492117599365962,-1.3284082714847338,-0.0207986134999543,2.2383145001593303,-1.1858996264221595,-0.6007514903780589,-0.3558440516045509,0.6904322585160791,-0.8688796918551517,-1.726584291822312,1.552295218369919,0.3972737183113854,2.199094654830116,-0.6191263378136334,1.135810417495996,5,Education,256,6,0.8212554395202779,-0.0891547480617536,256.0,0.086720867208672,-0.6953662518432746,0.0020325203252032,-0.401146142946274,0.0887533875338753,0.4651424784138853,2,1
2024/10/31,Democratic,Wisconsin,Tammy Baldwin,DBzDsJmRSAZ,1,F,49,0.3959870199999999,0.2704148329142857,0.5076570545714286,0.2968250374857142,0.2671753306142857,0.3931856502285714,0.6285714285714286,0.7015096247135715,0.2714285714285714,0.3571428571428571,0.3,-0.2863636784787688,0.243898362107296,0.4062290264027459,0.1930830465861754,0.4285714285714285,0.0285714285714285,0.1142857142857142,0.0857142857142857,0.2571428571428571,0.0714285714285714,0.0142857142857142,3.5467902532426,0.9640060738792022,2.4801689649082004,-2.115194252263249,0.5287796309952233,4.201865706791054,1.7559750367317792,-0.0073588991808203,0.6707398761946463,1.1364637687159758,-1.6575749437997211,2.433871677747235,0.5268239784227713,1.3051395607125833,-0.193078578717344,6,Election Policy,263,4,-0.5682987050045781,-0.6960336493439041,263.0,0.018272771486139,-0.612352606817079,0.0002779128743139,-0.6922316185317605,0.018550684360453,-1.0887674910829843,2,2
2024/10/31,Republican,Michigan,Mike Rogers,DBzHF20vSMb,0,M,45,0.4865279357142857,0.2032845482142857,0.6890966416326529,0.1157981179285714,0.0643881159081632,0.6008720131632652,0.2755102040816326,0.5467015883591837,0.5204081632653061,0.5408163265306123,0.6020408163265306,-0.3708895861874429,0.1666914672061855,0.3559026400349578,0.1184576855949703,0.5816326530612245,0.3469387755102041,0.0306122448979591,0.0,0.0408163265306122,0.0,0.0,-0.196642955578755,-0.4966167474797919,-1.46768767653138,-0.937537900020006,-1.1807484263036636,1.0631203955532686,-0.3643938326953888,0.923029311081712,-0.8688796918551517,0.5638541566083183,-1.073962187041605,0.5976887263166158,-0.9293453932721584,-0.9701334458340626,-0.1266944869974749,4,Economy,61,3,-0.1956805577541155,-0.3697019706448495,61.0,0.040612516644474,-0.515399228924105,0.0019973368841544,-0.258338905755275,0.0426098535286285,-0.4211711933616239,4,4
2024/10/31,Democratic,Texas,Colin Allred,DBzlUodAZLV,0,M,45,0.40597891203125,0.344361869765625,0.4077089471874999,0.30274821121875,0.302925946375,0.418868441875,0.546875,0.6224581171765625,0.484375,0.5,0.453125,-0.1721208951785229,0.2448543922449627,0.3204085510224104,0.1800385119587564,0.4375,0.234375,0.015625,0.125,0.078125,0.015625,0.09375,-0.3904503021927177,-0.7516896080158064,2.1183850056335625,0.1541739320044522,-0.0051208338476567,-1.2821345053625732,-0.762116301519586,0.3249226044843695,-0.8688796918551517,0.0730459176588976,0.1766365774400731,-0.2921673648649524,0.5057075978343891,-0.2810612938467973,1.1030930759955024,-1,,547,15,-0.4861786479020493,-0.5834464459349402,547.0,0.007661386332759,-0.582087072872613,0.0002100928610445,-0.6806237505953681,0.0078714791938036,-0.9516193993098824,2,2
2024/11/1,Republican,Pennsylvania,Dave McCormick,DBzvH46twrB,1,M,46,0.5720900833333333,0.2928975502898551,0.3555168958115943,0.1096097301594203,0.0704613580289855,0.3458237591304348,0.1884057971014492,0.3808478299608696,0.6086956521739131,0.4202898550724637,0.463768115942029,0.0340262648430378,0.1438962027778696,0.4772563434260733,0.2128154444914497,0.2028985507246377,0.0869565217391304,0.0289855072463768,0.0144927536231884,0.0,0.6666666666666666,0.0,-1.4950408011999912,-0.9838307855287132,-1.5169114180761385,-0.4577477463535316,1.3100116241024466,-0.9768948676616694,-0.5074263840361091,-1.228493425150394,1.2480972142133206,0.6354303581217758,-0.052639862714901,-0.3738707294156386,0.3190172481028407,-0.9297892544542372,-0.3010904781171891,-1,,142,0,-0.3848136102733284,-0.6387388114561252,142.0,0.0455566249598973,-1.169674708056602,0.0,-0.6271220433633878,0.0455566249598973,-0.5851042482813357,4,4
2024/11/1,Republican,Wisconsin,Eric Hovde,DBz3SxgpwzI,0,M,47,0.4352521600999999,0.15664621045,0.8579181527,0.23389271576,0.11365893564,0.6744615178,0.37,0.719388673015,0.54,0.39,0.63,-0.6376192152500153,0.126105929315431,0.3995946748554707,0.1223172422928119,0.53,0.27,0.01,0.0,0.02,0.08,0.09,-1.085293068482535,-1.2294145880812428,-1.128789795354562,-0.602583280590485,-1.7278343194077652,-0.0029677024496713,-0.5528474728552808,-1.868135319705885,-0.8688796918551517,2.472552863633844,0.4823384976467055,-0.6364971836549016,-0.452079600787676,-1.2539299056877995,0.5943484477814734,15,Immigration,771,13,1.5150448918069848,-0.803078126495272,771.0,0.2296693476318141,-0.2082796707281738,0.0038725052129877,-1.0849349577272285,0.2335418528448019,0.5298678418970056,4,4
2024/11/1,Democratic,Texas,Colin Allred,DBz449Kvmw0,0,M,45,0.5044915830882353,0.2394607215441176,0.6500533677941176,0.3027645275147059,0.2081182192794118,0.5088037251323528,0.5588235294117647,0.6816438922691176,0.5735294117647058,0.4705882352941176,0.4264705882352941,-0.4552055172183934,0.2053145087653023,0.4378332063993987,0.1045266487791259,0.8088235294117647,0.0294117647058823,0.0,0.1470588235294117,0.0,0.0,0.0147058823529411,-1.198495577825092,-0.9272041987660872,-1.543430204261348,1.1443660186453055,0.1580772404154129,0.0145755907731597,-0.3949408505681715,-0.4060967035790484,-0.8688796918551517,0.0730459176588976,1.09374233805997,-0.5337517047055836,1.8717765923098104,-0.6802435166490509,-1.1701197212074788,7,Energy and Environmental Issues,626,6,-0.4341861500098963,-0.734218250280504,626.0,0.0087876916165983,-0.5318336600525233,8.422707619742827e-05,-0.8217014788319074,0.0088719186927957,-1.0552014505404097,3,4
2024/11/1,Democratic,Michigan,Elissa Slotkin,DB0Cbk3g7jT,1,F,49,0.4805246193076922,0.3815155975384615,0.2705843637153845,0.1607841007846153,0.1503524360461538,0.4398263797692308,0.4538461538461538,0.6125456296538462,0.6076923076923076,0.5230769230769231,0.5769230769230769,-0.0510802200493904,0.1274399759752277,0.2999542136604969,0.0770123927098266,0.0461538461538461,0.0076923076923076,0.0,0.3769230769230769,0.0846153846153846,0.0307692307692307,0.4538461538461538,1.1238721707711423,-0.1032655809302114,1.1710386138419864,0.1866021307051196,0.7129540840738717,1.1205767646391969,1.658827804140893,0.0507903639605881,0.1896087611790845,-0.1519078585262535,-0.052639862714901,0.4167396114723604,-0.2413109647244078,0.0699641866998451,1.9581344153175355,6,Election Policy,168,2,-0.2714499047616656,-0.5297929582121029,168.0,0.0079260237780713,-0.2721595424479481,9.435742592942064e-05,-0.5292081185245873,0.0080203812040007,-0.3774315233244835,1,2
2024/11/1,Republican,Texas,Ted Cruz,DB0Kh5hgdFN,1,M,49,0.6656139685140563,0.3912732631044177,0.4396086318273092,0.2338182375100401,0.162369080879518,0.4317322933333333,0.1164658634538152,0.3063595815489959,0.5602409638554217,0.5562248995983936,0.6144578313253012,-0.2284941632061239,0.2392824111337234,0.110087163895967,0.1830434652239814,0.0883534136546184,0.0080321285140562,0.002008032128514,0.0261044176706827,0.0080321285140562,0.678714859437751,0.1887550200803212,-0.396016498687508,-0.1901083528583684,-0.3469294658193021,-0.5125715779832146,-0.3539565784906239,-0.6617126140004912,-0.8689987572632578,-0.1036059554148751,-0.576882877225018,0.228186452959002,0.3347582603055728,0.3544240189812947,-0.2419320989122664,-0.4656001331380726,-0.0479434760828605,-1,,8714,414,1.0049477548212171,0.9842817310852916,8714.0,0.0070149960231718,1.0042022740118164,0.0003332807383053,0.9834667159623824,0.0073482767614772,1.850158563224356,4,4
2024/11/1,Republican,Pennsylvania,Dave McCormick,DB1DaJtuGhg,1,M,46,0.5634274146551724,0.2829461443965517,0.394105758862069,0.3574781453448276,0.3323834854310344,0.344346392137931,0.5689655172413793,0.5854332734034483,0.6206896551724138,0.4655172413793103,0.603448275862069,0.0335114201980418,0.1724312652240329,0.3105531928354296,0.1544456096114372,0.0862068965517241,0.0,0.0,0.5517241379310345,0.0,0.3620689655172414,0.0,-1.1924453770513437,-0.7427669933480602,-0.941239805427206,1.8612535191246584,1.3600653163230765,-0.9793166221811788,-0.6418002139447216,-1.868135319705885,1.2480972142133206,-0.1519078585262535,1.552295218369919,-0.9498985423430536,1.5379950653786998,0.1548801184959649,-0.2836189259949384,-1,,180,4,0.0172094063245403,-0.2723494358598775,180.0,0.0577478344562078,-1.0292034291096317,0.0012832852101379,-0.4844462101837664,0.0590311196663458,-0.1458484314223136,3,4
2024/11/1,Democratic,Pennsylvania,Bob Casey,DB1INfzP5Af,0,M,48,0.4107211787878788,0.2189170713333333,0.6088944457575759,0.2775723134242424,0.2803598992424242,0.3369781649696969,0.696969696969697,0.5629097604545454,0.2727272727272727,0.2424242424242424,0.2424242424242424,-0.1529811902437359,0.2713757939137414,0.1437674802727996,0.1229405978553443,0.1212121212121212,0.0,0.0,0.3333333333333333,0.1212121212121212,0.0909090909090909,0.3333333333333333,-0.7967864049044506,-0.8148330857768907,1.5850958244473938,-0.3163361734778019,-0.0440393571313855,-1.4442972869412831,-1.102285015319729,-0.1624236008912423,-0.1632207231656611,-0.1519078585262535,0.4823384976467055,-0.4031359499189287,0.9080966452271318,-0.3700763964390079,-0.7605928070336408,6,Election Policy,90,3,-0.3202148967859341,-0.4405741322139112,90.0,0.0042056074766355,-0.3232890523367873,0.0001401869158878,-0.4458655292647879,0.0043457943925233,-0.5199456105380306,2,1
2024/11/1,Democratic,Texas,Colin Allred,DB1cFGRxjMG,0,M,45,0.3955639415199999,0.251548508792,0.43617840376,0.4153304249279999,0.3841368829359999,0.3845664287679999,0.728,0.7523082506815999,0.424,0.448,0.448,-0.1645166504085063,0.2539927411832681,0.4012424737215042,0.1912543102987431,0.392,0.112,0.0,0.376,0.064,0.0,0.056,1.1267827662303571,1.4157722060349671,1.787772585274233,1.3488234559158794,1.6963938899322988,-0.8780704087578963,-0.5438722557714332,0.5557708070307122,-0.8688796918551517,-0.0690301515106715,0.0318304047106157,1.85393283250921,1.3242521918496326,1.4954710655046215,2.280155166144892,-1,,1171,31,-0.0755037278425112,-0.315407682653938,1171.0,0.0164383177045314,-0.1904785437749065,0.00043517322702,-0.4283405209549384,0.0168734909315514,-0.3530372594335732,2,1
2024/11/1,Democratic,Arizona,Ruben Gallego,DB1kKcry-ZK,1,M,49,0.4306470763157894,0.2195900048596491,0.546264499122807,0.2057112729122807,0.1391627184561403,0.4468868769298245,0.3859649122807017,0.5589063915596492,0.2631578947368421,0.2807017543859649,0.2631578947368421,-0.0931411087512969,0.1874851224152942,0.2065789472115667,0.189820943210478,0.4385964912280701,0.0526315789473684,0.0350877192982456,0.0701754385964912,0.0701754385964912,0.0526315789473684,0.2807017543859649,2.126348001468827,0.384173859584384,1.473782667695041,-0.7972707228308898,0.3380358742720745,-1.2835285399165777,-0.394691796042334,-0.1624236008912423,-0.8688796918551517,-0.32687190667026,1.1956429781288478,2.2082743060384686,-1.197267447956753,2.173515248281435,0.1547524973764815,6,Election Policy,386,16,-0.0181011657914477,-0.4505611839434867,386.0,0.026215702254822,-0.129445442338577,0.0010866612333604,-0.4800841407334774,0.0273023634881825,-0.3851596746904526,0,0
2024/11/1,Republican,Michigan,Mike Rogers,DB1rowdv5zN,0,M,45,0.3295311667230047,0.2792316136995305,0.4074721157042253,0.1390797480907668,0.1248675311721439,0.5134441663114241,0.0985915492957746,0.2409129917232394,0.5571205007824727,0.5821596244131455,0.5790297339593115,-0.1725854116822819,0.1692625144122977,0.3063392162043164,0.1147357996687085,0.0359937402190923,0.6995305164319249,0.0172143974960876,0.0391236306729264,0.1220657276995305,0.0798122065727699,0.0062597809076682,-1.168306443442611,-0.8737631969554603,0.1739699439959048,-0.6280699104284736,-0.2270221574677877,-0.4599230474104948,-0.9721738259558644,-0.5888515305949029,0.1896087611790845,-0.4143539307422635,1.0173168580083125,-0.0589409539191779,-0.184252250319273,-0.6476173863286468,-0.112340132796925,4,Economy,68,5,-0.1647991070063467,-0.1773714656851012,68.0,0.0451227604512276,-0.5011595785803092,0.0033178500331785,-0.2388965246929489,0.0484406104844061,-0.2529523266146863,4,4
2024/11/1,Republican,Texas,Ted Cruz,DB1psM8JanN,1,M,49,0.500770483718593,0.2210200775728643,0.4351020619396984,0.3029696971206029,0.2151107337939698,0.4465055441708542,0.2412060301507537,0.3248174327422111,0.6231155778894473,0.6030150753768844,0.5678391959798995,-0.3262269427653533,0.3274980037937489,0.1690452956224805,0.1537960813451441,0.0201005025125628,0.050251256281407,0.0,0.100502512562814,0.0402010050251256,0.0100502512562814,0.7788944723618091,-0.4110365350073616,-0.2598604565794842,0.3163541017474983,-0.3919338857077961,-1.045894844131313,-0.9484203444951008,-1.0027275807415428,0.6904322585160791,0.1896087611790845,-0.9392460751742828,-0.052639862714901,0.1747100827492299,-0.7958997528890533,0.3312788277375101,-0.8735288084074951,-1,,4323,85,-0.1576526323887898,-0.7941470795934098,4323.0,0.0034801271296961,-0.1580830815305916,6.842720472453622e-05,-0.7943515442318301,0.0035485543344206,-0.8852575331678478,4,4
2024/11/1,Republican,Pennsylvania,Dave McCormick,DB1_7_cSEDQ,1,M,46,0.4599561845270271,0.3208612682162162,0.4519589056756756,0.10583783675,0.0881319971486486,0.4452708890878378,0.3378378378378378,0.4020160114385135,0.5743243243243243,0.4189189189189189,0.4797297297297297,-0.2288898755954642,0.1553675293357885,0.3454614386063854,0.1311222163694174,0.9121621621621622,0.054054054054054,0.0067567567567567,0.0,0.0067567567567567,0.0067567567567567,0.0135135135135135,-0.4752857989105081,0.0923618563753151,-1.1214358666206234,-0.1455435072567019,-1.13160562792125,-0.0677470788858563,-0.3762161161244439,-0.3630955678106122,-0.37076747866257,0.4964883198897704,0.2305839751235963,-0.3535658086784511,0.3642587480893393,0.1697237355073004,0.2407922180340002,0,Abortion,267,15,0.9376305232722926,0.7352213470298039,267.0,0.0856592877767083,-0.7075981325731456,0.0048123195380173,-0.0920876689398075,0.0904716073147257,0.956270255709336,4,4
2024/11/1,Democratic,Texas,Colin Allred,DB2G0RJS9F-,0,M,45,0.3331281651785714,0.2899090975571428,0.2527085551964285,0.1058985260857142,0.0881727719535714,0.4290033149928571,0.3321428571428571,0.6294346108607143,0.55,0.5178571428571429,0.6678571428571428,-0.2982590443454683,0.1869609339684248,0.3623329566525561,0.099846929707007,0.6392857142857142,0.025,0.0035714285714285,0.0071428571428571,0.0,0.15,0.175,-1.0797518263421106,0.4421093494383861,0.4524223236657206,0.2634875561087826,0.3184121866138313,-1.0018269944174287,-0.7862117292345184,-1.228493425150394,0.1896087611790845,-0.1519078585262535,1.552295218369919,-1.3339395256211504,-0.5636493938696011,1.6227980722826956,0.2691243519512953,0,Abortion,654,16,-0.4157584292379939,-0.5666940232298776,654.0,0.0091807513055196,-0.5142961494914714,0.0002246055365264,-0.6643570956811197,0.0094053568420461,-0.8872657897158024,3,3
2024/11/2,Republican,Wisconsin,Eric Hovde,DB2W82vqBlS,0,M,47,0.4231416334426229,0.2133508917377049,0.789546385409836,0.1926981041639344,0.0873148847459016,0.5390395215245901,0.5491803278688525,0.7568326385868853,0.5,0.4677419354838709,0.3306451612903225,-0.3994830737470603,0.177004283239047,0.4900559020824119,0.1875115753357706,0.717741935483871,0.0483870967741935,0.1129032258064516,0.0,0.0725806451612903,0.0241935483870967,0.0080645161290322,2.0293018295812475,0.9352442715254864,1.16688980976714,-1.846545229736164,-0.8139264834325247,-0.2019671474337853,0.0128864662824987,1.3882234162129783,-0.8688796918551517,-0.5813650676069969,-0.4903494302834885,2.255605410937524,-0.7266592432436327,-0.1076810578706043,1.083894817913718,-1,,564,33,0.5594179023341798,0.3068672515876243,564.0,0.1652021089630931,-0.6130742923877867,0.0096660808435852,-0.6012249352038597,0.1748681898066783,0.6175548016665426,2,1
2024/11/2,Republican,Pennsylvania,Dave McCormick,DB2X3eFNaHY,1,M,46,0.440309151357466,0.2549752954660633,0.5280493188868778,0.1903294573484163,0.2185601982443439,0.6422196308597284,0.5203619909502263,0.7067423495669685,0.6018099547511312,0.4705882352941176,0.502262443438914,-0.4411088607328779,0.1671561836962988,0.3880041940854146,0.091308201775741,0.5610859728506787,0.248868778280543,0.0,0.0407239819004524,0.0,0.1131221719457013,0.0361990950226244,-0.3281886956942014,0.3715965204308981,-1.1959612609094648,0.3379906162182484,0.3868325885457808,-0.7249994729157895,-0.5989368005729607,-0.1624236008912423,0.1896087611790845,0.8978764303377856,-0.8551074032573112,0.1818579637257754,-0.5723210222111171,-0.9207958158092194,-0.5395100346638316,-1,,206,7,0.2922777861020295,0.0024425958373082,206.0,0.0629969418960244,-0.9687214206900208,0.0021406727828746,-0.3891217372360055,0.065137614678899,0.1541412338555735,3,4
2024/11/2,Democratic,Texas,Colin Allred,DB2cAJYJFfK,0,M,45,0.3368504590384615,0.2491265344230769,0.2583647346153846,0.1186356607115384,0.1001919250576922,0.443198053076923,0.5192307692307693,0.6773303648750002,0.5769230769230769,0.5,0.6153846153846154,-0.3525204727999292,0.2054614243360593,0.3109921437616532,0.1121778720731543,0.5384615384615384,0.1153846153846153,0.0,0.0,0.0,0.0769230769230769,0.2692307692307692,-0.5159389769025587,1.759932279589287,0.3281761684689367,-0.4628879017802145,0.9969950419557784,-0.4773309484610633,-0.5556267517845817,-1.868135319705885,2.518283357854404,-1.726584291822312,2.194269250803847,0.2000415382112191,-2.459621768221269,-0.7659457690796376,0.302546699185013,0,Abortion,617,18,-0.4401093459722934,-0.5331891778197523,617.0,0.0086696267985611,-0.5371014681019782,0.0002529226618705,-0.6326176065214875,0.0089225494604316,-0.8846421380262137,3,3
2024/11/2,Republican,Arizona,Kari Lake,DB2dePUv9NT,0,F,45,0.3966110254100719,0.3435459923021582,0.3437725468345324,0.1526186186489209,0.1749881307769784,0.5234273372129497,0.4705035971223021,0.7073449212035972,0.5928057553956835,0.5107913669064749,0.5194244604316547,-0.2997982903939786,0.2225064480082527,0.3891965794048721,0.111849395492965,0.720863309352518,0.018705035971223,0.0014388489208633,0.0546762589928057,0.0129496402877697,0.0431654676258992,0.1482014388489208,0.6077574833433912,-0.2419209330345159,0.2109728881690564,0.0488174560296696,-0.7029388816956612,0.2646728708601573,0.2775970404483071,0.2864479040599791,-0.8688796918551517,0.0967252625204926,0.2007709395616495,-0.0290182645376279,-0.4304814900850661,0.139312757291824,0.9372088399350796,15,Immigration,5412,109,0.0669045677783877,-0.0249976208515104,5412.0,0.0064917851089581,0.0549932818036267,0.0001307473349734,-0.032509285728277,0.0066225324439315,0.0202528697748432,1,2
2024/11/2,Democratic,Pennsylvania,Bob Casey,DB2oORzApOs,0,M,48,0.5204288454545454,0.2852886981818182,0.4234517028484848,0.1134060760727272,0.0854980882060606,0.5269844698787879,0.0848484848484848,0.2480256364642424,0.5878787878787879,0.6363636363636364,0.5878787878787879,-0.2647966406110561,0.1248667927964309,0.2094579145763859,0.087612724819506,0.0181818181818181,0.0,0.0,0.0363636363636363,0.0,0.0969696969696969,0.8484848484848485,-0.678209701981463,-0.871360591765832,0.1291537926631868,-2.074042070006584,-0.836173609989824,0.3923059005781181,0.2529556866416448,0.6904322585160791,1.2480972142133206,-0.1519078585262535,-1.6575749437997211,-0.7584374568966801,-0.5425098623097446,-1.888225222757667,-0.103942289765763,13,Healthcare,175,4,-0.2530255658291565,-0.3765590873623172,175.0,0.008166122258516,-0.2565497843373794,0.0001866542230517,-0.3829316416153823,0.0083527764815678,-0.3979901014079546,4,4
2024/11/2,Democratic,Texas,Colin Allred,DB2r5RPij2H,0,M,45,0.3920223335585585,0.3247963960405405,0.2650157782522522,0.2329739749504504,0.2346237817252252,0.4150672241891892,0.5180180180180181,0.5534139621396397,0.5405405405405406,0.581081081081081,0.5900900900900901,-0.3320377261486945,0.1886788593941631,0.3774669225419964,0.089941751732028,0.6936936936936937,0.1171171171171171,0.0,0.009009009009009,0.0,0.1171171171171171,0.063063063063063,-0.5293667637491527,0.8875696672653217,-0.7924988415352427,0.407965078118817,1.4719553151933895,0.5902673394914619,0.0281632127722946,-1.4417073900022244,0.5424382455238294,-1.2016921473902926,2.622251939093132,0.1900797602695103,-0.5355686935957078,-0.029641314036638,-0.0572830600437783,0,Abortion,1614,44,0.2160491400843724,-0.0976261874881237,1614.0,0.0226787320143884,0.0879558389642543,0.0006182553956834,-0.2231313255646431,0.0232969874100719,0.1076359733578572,3,3
2024/11/2,Republican,Pennsylvania,Dave McCormick,DB356aOuNlR,1,M,46,0.2981290496551724,0.1657004439655172,0.7245384809655173,0.6932894040689656,0.6436452274,0.3082626304275861,0.8482758620689655,0.7251230330030345,0.5793103448275863,0.5586206896551724,0.5241379310344828,-0.0622163040884609,0.3980343670099198,0.3079966298465071,0.1430564171777014,0.0482758620689655,0.2068965517241379,0.0,0.6758620689655173,0.0689655172413793,0.0,0.0,0.6962782158380325,-0.4164658365258684,1.6483552404722923,1.1577735472044224,0.2191473429500574,-0.0525825076833344,-0.3919577859058571,-0.4060967035790484,0.340821397326832,0.0730459176588976,0.1766365774400731,1.7369872158664852,3.491010000451385,1.5205730430210893,0.342761061091774,-1,,382,9,2.154279126134264,0.1856372836354321,382.0,0.1168195718654434,-0.3485586984940074,0.0027522935779816,-0.3211216497710392,0.119571865443425,1.2237959253019797,2,1
2024/11/2,Republican,Arizona,Kari Lake,DB4NNSlyNOt,0,F,45,0.5141980957377049,0.2882855455737703,0.4591494568852459,0.1286974586229508,0.0749748158852459,0.4208138845081967,0.1639344262295081,0.7222273331639344,0.3934426229508196,0.3770491803278688,0.4098360655737705,-0.3285861323986734,0.1197569384439967,0.2293210101446935,0.1168169737283863,0.2622950819672131,0.0,0.0163934426229508,0.0491803278688524,0.1967213114754098,0.0491803278688524,0.4262295081967213,0.6160383131096764,0.0406973528122941,0.375191674368679,0.4212910417546062,-2.857867681606826,0.4416761173038319,0.6624178551173721,0.0812495017965634,-0.465645995461157,0.0730459176588976,0.1766365774400731,-0.6149274862492918,0.1374355393949776,0.6004727648058745,0.9083015287796918,-1,,31353,339,4.178200279694454,1.1299884651680543,31353.0,0.0376084513158099,4.114764097392153,0.0004066362069358,1.1084084917362906,0.0380150875227458,2.565351648679499,4,0
2024/11/2,Democratic,Michigan,Elissa Slotkin,DB4Rm_-P2x5,1,F,49,0.4937130652873563,0.3216958894367815,0.430936903137931,0.2292418253275862,0.1738785070402299,0.4135296028160919,0.5057471264367817,0.6394431376781611,0.4540229885057471,0.4367816091954023,0.3620689655172414,-0.2196096480320925,0.232687148505186,0.4661516446149212,0.1782551996011045,0.2873563218390804,0.1379310344827586,0.057471264367816,0.1379310344827586,0.0804597701149425,0.2701149425287356,0.028735632183908,1.7751101821534128,0.4047383585933647,1.101962059380122,0.6297783905712833,-0.5855178885544617,-0.1463935875352048,0.4831022657368388,0.4936193678836202,0.7595640820436731,-0.515294727748421,-0.669922586209063,0.8446420740621012,0.2986192269926053,0.8524765137946703,0.4138248290015119,-1,,182,2,-0.2641679979387084,-0.5297929582121029,182.0,0.008570755827643,-0.2652199470504296,9.418412997409936e-05,-0.5293163489570506,0.0086649399576171,-0.3372932757269196,2,1
2024/11/2,Republican,Wisconsin,Eric Hovde,DB4ZJ-pMvgB,0,M,47,0.3357890701449275,0.1804954084202898,0.8523606348550724,0.3018457130869565,0.1736734148115942,0.4471560560797101,0.4782608695652174,0.649522942407971,0.5434782608695652,0.4855072463768116,0.5652173913043478,-0.4681604018137938,0.1750645592882019,0.528001614778802,0.1454777068314462,0.7536231884057971,0.1159420289855072,0.0,0.1231884057971014,0.0072463768115942,0.0,0.0,0.7873797291520068,-0.4692260729281139,-0.1039092157015066,-1.083107747792066,-1.737915767151208,-0.3190224168629225,-0.8687082577337554,-0.8447082884170993,-0.8688796918551517,2.0526391480882284,-0.373626878931865,1.1831657642076263,1.0960361539952137,0.5805956013454174,-1.833622568434044,6,Election Policy,340,18,-0.4746905307185174,-0.5255917819745478,340.0,0.0995899238429994,-1.0250581185980332,0.0052724077328646,-0.9680560348313276,0.1048623315758641,-0.7130783004062382,2,1
2024/11/2,Democratic,Pennsylvania,Bob Casey,DB4ak_1I0UG,0,M,48,0.3925175666981132,0.133696158,0.6973893447169812,0.1588797653301886,0.1244240768867924,0.5374298816037736,0.2075471698113207,0.7944560909745283,0.5607476635514018,0.6074766355140186,0.5233644859813084,0.0489809758717489,0.1047153259227253,0.184331315839402,0.1222311698712405,0.5981308411214953,0.0,0.0,0.0,0.0,0.1214953271028037,0.2710280373831775,-0.0912690811275245,-0.0977558968325368,0.7474226467368601,0.028835859771266,-0.2580902530499474,-1.0402173477536212,-0.2735202607696662,-0.771606357610758,0.340821397326832,0.972861022399502,-0.2819163028698759,-0.3792595226444672,-1.8054326138825545,1.2988068523006469,-0.2296241700824262,13,Healthcare,104,1,-0.3091484187459942,-0.568604221917099,104.0,0.0048530097993467,-0.3123795722569414,4.6663555762949134e-05,-0.5725306837126064,0.0048996733551096,-0.5548687705422223,4,1
2024/11/2,Republican,Arizona,Kari Lake,DB4hQEKtApq,0,F,45,0.3733515084459459,0.2737849367297297,0.3594053095878378,0.1323434406486486,0.1343668752567567,0.4809252492567568,0.1418918918918918,0.4439140000743243,0.5472972972972973,0.3716216216216216,0.4189189189189189,-0.0406278654479899,0.2096541579960147,0.2245670906393914,0.1017312482814558,0.722972972972973,0.0,0.0067567567567567,0.1081081081081081,0.027027027027027,0.027027027027027,0.1081081081081081,1.7074796951635105,0.723285925567138,1.6699454372749576,-0.5250191641176088,0.44982100180369,1.8009602155319588,0.6148399721442166,0.2640043288124185,-0.1632207231656611,-0.1519078585262535,-0.052639862714901,1.1580805633128948,0.5234204585145973,0.6057331920705474,0.4870676558382351,15,Immigration,11613,345,1.0496787364531317,1.1601185369772604,11613.0,0.0139299890004306,1.0254508134124485,0.0004138333079435,1.138171564191888,0.0143438223083741,1.0679550692557285,1,2
2024/11/2,Republican,Wisconsin,Eric Hovde,DB4sQLRKXuo,0,M,47,0.5706953834972678,0.3245582918032786,0.5615544959836066,0.101645885704918,0.0375117899262295,0.4583886223770492,0.0928961748633879,0.3588836065961749,0.6065573770491803,0.4918032786885246,0.5355191256830601,-0.255557737837398,0.1823336184364631,0.3903544846453953,0.1941981430449327,0.8743169398907104,0.0109289617486338,0.0163934426229508,0.0109289617486338,0.0218579234972677,0.0546448087431694,0.0109289617486338,-0.8406674324182958,-0.1049125305367695,-0.541606217876675,-0.1511106446703156,-0.6498692910461593,-1.2865774252427864,-1.245310580029796,-0.4725530043120864,2.210359444244444,-0.5813650676069969,-0.4903494302834885,-0.6578853696851042,1.1588683972864662,1.8797448022582943,0.3581409822268562,13,Healthcare,310,8,-0.6131871958595038,-1.080564471015996,310.0,0.0908025776215582,-1.0802345238940485,0.0023432923257176,-1.2126101012496393,0.0931458699472759,-1.207436685223503,4,4
2024/11/3,Republican,Texas,Ted Cruz,DB48u16ACAh,1,M,49,0.4380860371929824,0.2818213710175439,0.3667233427192983,0.2776190104649123,0.2829054133157894,0.4254055247807017,0.2631578947368421,0.3720609960701754,0.5,0.4210526315789473,0.4736842105263157,-0.2023774711578561,0.178582566664061,0.1822108972752303,0.1487481821344565,0.3684210526315789,0.0350877192982456,0.0175438596491228,0.2543859649122807,0.1140350877192982,0.0526315789473684,0.1578947368421052,3.5330366291041093,3.951226376836412,-3.960282035375388,-0.0788737928362099,0.0995423462407204,0.280662515584712,-0.2388492727729975,-0.4467088873603493,0.0719989330641693,-0.32687190667026,0.8389907378877768,-0.713620531971935,1.0485289271165443,0.993991819918156,-0.2749143466476907,6,Election Policy,4685,152,-0.0618062784443529,-0.431974647023583,4685.0,0.0037703536728556,-0.0626549140173382,0.0001223252418941,-0.432563225332546,0.0038926789147497,-0.2589678919797155,2,1
2024/11/3,Democratic,Texas,Colin Allred,DB5BVpliTkG,0,M,45,0.4942547990055249,0.3742787862430939,0.2691285614364641,0.1109088818618784,0.076327717378453,0.4617217211325967,0.5524861878453039,0.6954306107790055,0.5911602209944752,0.5027624309392266,0.6187845303867403,-0.5900884098399081,0.1945858608316226,0.4466231625877032,0.0815244826938329,0.9337016574585636,0.0386740331491712,0.0,0.0,0.0,0.005524861878453,0.0220994475138121,-1.1929607585531683,-0.1502210122447856,-0.0835990746228953,-0.1846586464956943,-0.151826673206875,-0.3325383280152375,-0.4100841645681041,-0.2936321946462146,-0.2175021822956218,-0.273036814933643,0.811555950176925,-0.2953470631374816,-0.4388244209522083,0.5679302297324308,-0.3796053479253656,0,Abortion,841,23,-0.2926875797970746,-0.4494270642944391,841.0,0.0118197661344726,-0.3965487647099233,0.0003232516303125,-0.5537887881172266,0.0121430177647852,-0.6755369671196174,3,3
2024/11/3,Republican,Pennsylvania,Dave McCormick,DB6hOdSuPSi,1,M,46,0.365575327735849,0.147862644,0.7164703616981132,0.2854920919056603,0.2284508078490565,0.5362892305660376,0.4528301886792453,0.5157281601056604,0.1698113207547169,0.1698113207547169,0.0943396226415094,-0.4854399144649505,0.1555572355662741,0.4756864213281208,0.1355140256203557,0.8113207547169812,0.0188679245283018,0.0377358490566037,0.0377358490566037,0.0188679245283018,0.0566037735849056,0.0188679245283018,1.4831029006220586,1.236834742799726,-0.7689467321155202,0.5797427713787441,1.8602259602297897,-0.0351280306969662,0.4957536762366339,-0.4060967035790484,-0.8688796918551517,-0.8267691870817075,2.010848098679868,1.864026444729525,-0.6744193751309493,1.3024994005473642,-0.6018675156078308,-1,,318,8,1.477187729758906,0.0940399397363702,318.0,0.0904951622083096,-0.6518775359875845,0.002276607854297,-0.3740084565558295,0.0927717700626067,0.7235918305488999,0,0
2024/11/3,Republican,Michigan,Mike Rogers,DB6nVT3P4Uj,0,M,45,0.3955217318604651,0.2455353732790698,0.5143007295348837,0.2652827370232558,0.2481598250348837,0.5133675106976745,0.3023255813953488,0.5478565231395348,0.4651162790697674,0.4651162790697674,0.4883720930232558,-0.0494750737277574,0.3271809839820188,0.2533701342898746,0.1369556120610875,0.1395348837209302,0.0697674418604651,0.0,0.2790697674418604,0.1860465116279069,0.2790697674418604,0.0465116279069767,-1.0534535666904037,-1.3461743729118714,-0.5338917517506773,-0.7188313950910878,-0.5911837528055378,0.7962733086033472,0.1295796771339376,0.1787187428716864,0.8247018329996264,-0.4668431451854651,-0.373626878931865,-0.112019545195652,-0.2815298895839099,-0.9705064998991972,0.8888214275531084,14,Sex and Gender Issues,23,2,-0.3633227189562886,-0.4658672231247237,23.0,0.0148100450740502,-0.596862269263166,0.0012878300064391,-0.2687852258794461,0.0160978750804893,-0.5728473789718679,4,1
2024/11/3,Republican,Pennsylvania,Dave McCormick,DB6sm96u5dJ,1,M,46,0.396280007368421,0.1934382782631579,0.6166228221052632,0.2275337212631579,0.1626960687894736,0.4161284842105263,0.5789473684210527,0.7341386041052631,0.5789473684210527,0.4736842105263157,0.2631578947368421,-0.2116911442656266,0.168728193747957,0.1943157519164838,0.1899439054989337,0.3157894736842105,0.3157894736842105,0.0,0.0526315789473684,0.0526315789473684,0.1578947368421052,0.1052631578947368,0.3021828385742314,0.4958491693466841,0.3790078959653596,-0.1746757386907812,0.678133004956603,-0.5178536442584364,-0.0452007500334278,0.6904322585160791,-0.3396354653380335,0.6354303581217758,-1.2563411735285162,1.1338206406203837,0.542958940000141,0.3330679837705164,0.319680206004079,3,Criminal Justice,97,0,-0.860893498349752,-0.6387388114561252,97.0,0.0276038702333523,-1.3765324786348412,0.0,-0.6271220433633878,0.0276038702333523,-0.6906202769146002,2,1
2024/11/3,Republican,Arizona,Kari Lake,DB63PUdyUWF,0,F,45,0.6043403981538461,0.4853819513846154,0.336893073076923,0.2406227869846153,0.2534788652615385,0.472987481076923,0.5230769230769231,0.7126951402615386,0.5384615384615384,0.4923076923076923,0.5692307692307692,-0.1481128770571488,0.2385478314034671,0.3377216813656,0.1510952789309993,0.3230769230769231,0.0153846153846153,0.0,0.1846153846153846,0.2307692307692307,0.1538461538461538,0.0923076923076923,2.159117449645876,1.3406050899316844,1.2473429591987375,1.005998553944483,0.0647641164641401,2.1153421923007185,1.478128185550874,1.0559419125477882,-0.8688796918551517,0.0730459176588976,-0.7404691831798244,1.347405634197687,1.6033609901549868,0.1474855795468142,-0.4283778923725259,6,Election Policy,14215,151,1.462060350207636,0.1859128818129318,14215.0,0.0170265213672961,1.429453338906575,0.0001808656156497,0.1747511122458899,0.0172073869829459,0.727130048281002,1,2
2024/11/3,Democratic,Texas,Colin Allred,DB7HAX3hl92,0,M,45,0.3597386120512821,0.3293330232820513,0.2946142788051282,0.1552659203230769,0.0988296875589743,0.500462944871795,0.3179487179487179,0.525560427394359,0.5743589743589743,0.558974358974359,0.5897435897435898,-0.4088374909873192,0.1615068189207105,0.3881602293405777,0.1404696148479688,0.841025641025641,0.0307692307692307,0.0,0.0,0.0,0.0358974358974358,0.0923076923076923,-1.349677480719485,0.1650569393840292,1.4383835787256676,1.0014818148283198,-0.4436711792847852,-1.309503797074026,-1.3301734432163312,-0.2690305833171574,0.1896087611790845,0.2417612497977611,-0.052639862714901,-1.8328378943228705,-0.1140798243738566,-0.2145571888213903,-0.9218763471732636,15,Immigration,653,26,-0.4164165621227047,-0.3991697961792512,653.0,0.0091775354171351,-0.5144396357814588,0.0003654148864402,-0.5065297462991633,0.0095429503035754,-0.7424172791872511,3,3
2024/11/3,Democratic,Ohio,Sherrod Brown,DB7L3ukOyFT,0,M,48,0.5864977841101694,0.4443848381779661,0.3525400682203389,0.1344265882330508,0.0866095768177966,0.3451795020127118,0.711864406779661,0.223760465209322,0.4915254237288136,0.5296610169491526,0.5423728813559322,0.0235873961631776,0.1234239415711393,0.3325982432875592,0.1105843338070764,0.0127118644067796,0.0,0.0,0.0084745762711864,0.0169491525423728,0.9533898305084746,0.0084745762711864,-0.0389475599103972,-0.287230586831996,-0.4016880234778723,-0.5921628315161613,0.0499732653329,-0.4026152484304953,-0.931193243067819,-1.015279460298564,-0.8688796918551517,0.8978764303377856,1.0173168580083125,-0.2029280752785331,-0.1529650637491193,-0.2957082489186841,0.09028578369918,0,Abortion,-1,2,,-0.6130872457238575,,,,6.209059017105958e-05,-0.6201887141780534,,,4,4
2024/11/3,Democratic,Texas,Colin Allred,DB7UlN4pOta,0,M,45,0.383229079074074,0.3287240216296296,0.2501358976666668,0.1587332525925926,0.1597490061111111,0.4488146476666666,0.4629629629629629,0.6744076018296298,0.5185185185185185,0.5740740740740741,0.5185185185185185,-0.3861159781614939,0.2138192884885764,0.4508595808788582,0.104980797572364,0.7222222222222222,0.0555555555555555,0.0,0.0,0.0,0.1666666666666666,0.0555555555555555,-0.7923326807672801,3.047127165009536,0.3119009447109245,-0.314231956706724,1.5615204603465869,1.2108976993128813,0.218616879638338,-0.8447082884170993,2.518283357854404,-1.726584291822312,0.9103211859359912,-0.863840898734079,0.0298939487348068,-0.0878869241298345,-0.1424711113672063,0,Abortion,1113,23,-0.1136754351557375,-0.4494270642944391,1113.0,0.0156425680233865,-0.2259832491170633,0.0003232516303125,-0.5537887881172266,0.0159658196536991,-0.5125846224497085,3,3
2024/11/3,Republican,Michigan,Mike Rogers,DB7UqOLvD2h,0,M,45,0.4964050150408401,0.2839020962508751,0.3953280103453909,0.1296837278086347,0.1024943918220536,0.5412556962077013,0.1178529754959159,0.3984913015348891,0.574095682613769,0.5752625437572929,0.5775962660443408,-0.1698316993413789,0.159264325019209,0.399191290470902,0.1337725561434385,0.4760793465577596,0.0420070011668611,0.0011668611435239,0.0326721120186697,0.0478413068844807,0.3932322053675612,0.0070011668611435,-1.0398384895941928,0.5975718292553924,0.6921945450264722,0.0281000896185784,-0.7624982381043559,0.5550250748560583,-0.0739165616831028,-0.4198895207123204,0.2495232019168715,-0.300462239025882,0.6438413988879452,-0.3370165936201367,0.4252061034568126,-0.4974107372513978,0.3963246189588847,4,Economy,101,1,-0.0192151249097227,-0.5620324756045979,101.0,0.065035415325177,-0.4382917481545704,0.0006439150032195,-0.2782658136900232,0.0656793303283966,-0.4015559615359938,4,4
2024/11/4,Republican,Ohio,Bernie Moreno,DB7xwlptnyD,1,M,47,0.5733455639047619,0.3165753574063492,0.3994263189206349,0.2504347101174603,0.1936825182634921,0.4598434248920635,0.4285714285714285,0.6264441528444444,0.5714285714285714,0.526984126984127,0.6158730158730159,-0.1869043246975966,0.2194078386323938,0.3267412368267302,0.1844869137079637,0.1238095238095238,0.0031746031746031,0.0063492063492063,0.2253968253968254,0.0031746031746031,0.3301587301587301,0.3079365079365079,-1.271593361905788,-1.0852168917753555,0.0549009437416065,-0.6939819663938523,0.5341380119705783,-0.3701603519930319,-0.6151608324999611,-1.228493425150394,-0.8688796918551517,2.2101067914178345,-0.052639862714901,0.4187180894418352,0.0894480916488312,-0.5785415723656765,-0.5456307623660215,-1,,568,28,0.7945484992196691,-1.1709478808106168,568.0,0.0618668990306066,-0.2281878423724874,0.0030497767127763,-1.3573760602691831,0.064916675743383,-0.2156085773185117,3,4
2024/11/4,Republican,Michigan,Mike Rogers,DB7yxGCO8hz,0,M,45,0.2096364958534798,0.1474420175457875,0.4299914972161172,0.196752061018315,0.1801244788058608,0.4424215871062271,0.1758241758241758,0.3290839085284249,0.608058608058608,0.5677655677655677,0.63003663003663,-0.2727708579706294,0.2652399970282764,0.2589661219726988,0.1047498098772019,0.3516483516483517,0.1538461538461538,0.0,0.1501831501831501,0.2564102564102564,0.0219780219780219,0.0659340659340659,-1.3331163200290546,-1.160428292069957,-1.0379841547172726,-1.02159443637079,0.5801657016698352,0.8641403901684384,0.389004472314913,-0.5888515305949029,-0.8688796918551517,0.8978764303377856,0.4823384976467055,-0.0503847899699431,-0.4204184780732253,-0.844708126502333,-0.1556366590582529,0,Abortion,129,5,0.1043106780813521,-0.1773714656851012,129.0,0.08263933376041,-0.3827130136251726,0.0032030749519538,-0.240586398714482,0.0858424087123638,-0.0499058639253371,4,4
2024/11/4,Republican,Pennsylvania,Dave McCormick,DB70-iANlN9,1,M,45,0.3956185836206896,0.2048956759827586,0.5668196313793104,0.2078909219827586,0.1863183690517241,0.4872138187931035,0.5172413793103449,0.6893406570758621,0.3448275862068966,0.3448275862068966,0.1896551724137931,-0.1482588215891657,0.177095308959241,0.1323507243189318,0.1545399242874149,0.4482758620689655,0.2068965517241379,0.0,0.0862068965517241,0.0,0.0862068965517241,0.1724137931034483,0.3203893518552247,0.1482999148367402,-0.2390503398111952,2.887913989525932,1.3521402281605372,-0.4875667253034156,-0.530061605638547,0.1787187428716864,-0.8688796918551517,0.7928980014513818,-0.373626878931865,1.1230525993228568,0.2443294608663109,0.4962579554812565,0.2929549595315526,-1,,191,6,0.1335844900765549,-0.0891547480617536,191.0,0.0516635109548282,-1.0993090822053777,0.0016229375169055,-0.4466836181452867,0.0532864484717338,0.0187785164613706,0,0
2024/11/4,Republican,Arizona,Kari Lake,DB7X-wSycqh,0,F,45,0.5147507971830986,0.3773887839154929,0.3311793154704225,0.1005660913521126,0.0547792431436619,0.4277590869718309,0.1661971830985915,0.5932613671852113,0.5549295774647888,0.4732394366197183,0.4197183098591549,-0.0271695037752809,0.1453262807721404,0.356288553627444,0.177353024944325,0.2112676056338028,0.0,0.0056338028169014,0.0197183098591549,0.2647887323943662,0.1352112676056338,0.3633802816901408,0.1244936073753165,-0.4528858962827324,-0.3193297028244301,0.6619088983000045,0.5450883955421856,1.1508778925175625,1.439580543086605,0.2389203329474971,-0.6198235852588612,-0.05927983303825,0.2305839751235963,-0.4271321685492902,1.015247043605438,0.2707362526187881,0.7942623192027152,-1,,7999,151,0.4769088855273898,0.1859128818129318,7999.0,0.009572624615252,0.4569483701803553,0.0001807058778476,0.174090528522682,0.0097533304930996,0.2776570137436024,1,2
2024/11/4,Republican,Arizona,Kari Lake,DB72RrUghhK,0,F,45,0.4960720463821139,0.3509601121138211,0.3887383360569106,0.0835524863536585,0.0683840514471544,0.5688436510162601,0.1707317073170731,0.5253009949361789,0.573170731707317,0.5284552845528455,0.5203252032520326,-0.2322885104856355,0.1744762291709509,0.4234362159196923,0.1227159711389688,0.1463414634146341,0.0040650406504065,0.0,0.0040650406504065,0.516260162601626,0.073170731707317,0.2560975609756097,0.1452361143366964,-0.1066383173364966,1.1224949081299973,-0.466354394063748,-0.1601760698944366,0.457554269462134,0.8227457439540566,0.1342219154243479,-0.132539898440031,-0.6311572077902717,0.575378212492202,-0.3705077277583111,-0.460117969284309,-0.6494070938327214,-0.8279773422526547,7,Energy and Environmental Issues,5815,106,0.1307745871262222,-0.0400626567561134,5815.0,0.0069589713886349,0.115946766057593,0.0001268531327936,-0.0486134673299275,0.0070858245214286,0.0379993611231992,1,2
2024/11/4,Republican,Arizona,Kari Lake,DB8EGA8vc8i,0,F,45,0.422519905770751,0.3217751352173913,0.3526244558300395,0.1178892389703557,0.1133302974525691,0.6135321215217391,0.1719367588932806,0.5330649590189723,0.575098814229249,0.5237154150197628,0.5335968379446641,-0.2337896855540662,0.2208702541060898,0.3661839842148449,0.1261273169777546,0.0573122529644268,0.0,0.0,0.116600790513834,0.0177865612648221,0.1521739130434782,0.6561264822134387,0.4349729732301917,-0.1689207791935406,0.7546947242489792,0.3961852566731284,0.0382341249454958,0.5178564702939513,0.9007699747168626,0.5305217848772064,-0.6042575785965926,0.8322649122837831,-1.0557242883929137,0.2787725997557253,0.9533127950175516,-0.2021394233960605,0.5095188254587891,-1,,4415,186,-0.0911063733873467,0.3616716340333004,4415.0,0.0052835526536239,-0.1026440058159725,0.0002225913462228,0.3473047475191562,0.0055061439998468,0.1133401858468882,1,2
2024/11/4,Republican,Arizona,Kari Lake,DB8EUh_t5Ei,0,F,45,0.4115703094517544,0.3270705360964913,0.3575727371622807,0.0929593297719298,0.0799249908574561,0.606711909122807,0.131578947368421,0.5515113753241229,0.5789473684210527,0.5394736842105263,0.5328947368421053,-0.2545123486861325,0.2135787823975888,0.3861529844437252,0.1370272500569388,0.1666666666666666,0.0,0.0,0.0964912280701754,0.0175438596491228,0.1206140350877193,0.5986842105263158,0.3252548833740843,-0.5450037919470168,0.0273568164806271,-0.2209142054443512,0.176412305005935,0.671971909085435,1.010946684962449,0.2968064772511615,-0.8688796918551517,-0.0307789021188644,0.317729771381596,-0.1577787610537741,-0.1055777230577616,-0.8983864296541303,0.2102068472099319,15,Immigration,3182,37,-0.2865201050396542,-0.3865584825619829,3182.0,0.0038079874391463,-0.2951600213303342,4.427892371100463e-05,-0.3900929276372623,0.0038522663628574,-0.2819536108449458,1,2
2024/11/4,Republican,Arizona,Kari Lake,DB8E9zOsD1P,0,F,45,0.5213545443548386,0.3657800332258064,0.3947502368202765,0.0630351146013824,0.0486374396935484,0.5554634717050692,0.1175115207373272,0.5006164941557604,0.5898617511520737,0.5368663594470046,0.5645161290322581,-0.2548197876267169,0.1860876327124766,0.4659620660447305,0.1266757099909457,0.0921658986175115,0.0,0.0023041474654377,0.0,0.6036866359447005,0.0691244239631336,0.2327188940092165,0.0530844631300917,-0.4142644094803283,0.955333056202118,-0.1915646989585175,-0.387382770178877,0.5290277689427709,0.6782411012203731,-0.1175364503961202,0.0224790054368363,-0.0690301515106715,0.2007709395616495,-0.1935133605705013,-0.5034510439009858,-0.5846708427858334,0.5789595276897356,-1,,2844,52,-0.3400885083636444,-0.3112333030389678,2844.0,0.003403493487408,-0.3479340791112379,6.222983872897947e-05,-0.3158582623530591,0.003465723326137,-0.2728396652780263,1,2
2024/11/4,Republican,Arizona,Kari Lake,DB8oo-PJINy,0,F,45,0.5201331083070867,0.3823262977362204,0.364970662047244,0.1942355287755905,0.1668308299685039,0.4678395515669291,0.4645669291338583,0.7351851250917323,0.4960629921259842,0.4251968503937008,0.4488188976377952,-0.0705711617476855,0.2157135616854974,0.3485551588973509,0.1786473889622217,0.4015748031496063,0.0196850393700787,0.0236220472440944,0.1692913385826771,0.0787401574803149,0.1496062992125984,0.1574803149606299,0.9227481500472136,1.870986185145296,-0.5425084694854898,0.4015336476928284,0.9434321438257356,1.1720907536578815,1.8221188678930509,0.6904322585160791,0.2601746580480333,-0.8867568607310811,-0.1596355347872225,-0.179548266120677,0.2419654279497817,1.0260573570459943,0.3781363301362709,-1,,4036,60,-0.1511727191263771,-0.2710598739600264,4036.0,0.0048299928675031,-0.1618196504874592,7.18036600718994e-05,-0.2762664408681507,0.0049017965275749,-0.1768738545989761,1,2
2024/11/4,Republican,Pennsylvania,Dave McCormick,DB86UQJOsxp,1,M,45,0.690022968707483,0.5076029814965985,0.3923210220408163,0.1713725727414966,0.2189418783605442,0.5996036571428571,0.4693877551020408,0.744674006135102,0.5714285714285714,0.5238095238095238,0.6666666666666666,-0.247657237333708,0.1587085444727274,0.3270699584565195,0.0880308827180897,0.0340136054421768,0.0204081632653061,0.0,0.0136054421768707,0.0068027210884353,0.7891156462585034,0.1360544217687075,-0.6931088609232166,-0.7379711985477403,-0.491323674224555,-0.8664425410395592,0.5286097632522794,-0.9115396387244816,-0.2607240701031671,-1.868135319705885,1.9537561829028112,0.3729842859057659,0.4823384976467055,0.1063807579337117,0.5303350048673254,-0.99623353176008,-0.0892660909947998,-1,,159,5,-0.204961208111124,-0.1807520919608155,159.0,0.0430078441979983,-1.1990426303688004,0.0013524479307546,-0.4767566890149702,0.044360292128753,-0.1630242091515525,3,3
2024/11/4,Republican,Arizona,Kari Lake,DB88NN9O9Q_,0,F,45,0.4887370608724832,0.354426923624161,0.3679545823154362,0.0968810854093959,0.0923807160436241,0.6054317647315436,0.197986577181208,0.5217207803053691,0.6409395973154363,0.5167785234899329,0.6006711409395973,-0.2313305488943853,0.2116781956139511,0.4078067308104278,0.1315421116477138,0.0201342281879194,0.0,0.0,0.0503355704697986,0.7214765100671141,0.0402684563758389,0.1677852348993288,0.0203199205955251,-0.2862200713999189,1.2271847188369005,0.5773391268908251,-0.1535231214509783,0.4417292359190943,0.8331039235698726,0.4772182936642487,-0.5160502075104068,-0.4143539307422635,0.2148493174659024,-0.2405155377715805,-0.2672053913835797,-1.0182968858670811,-0.0798566719353248,4,Economy,3326,72,-0.26369806338683,-0.2107997303416143,3326.0,0.0039803162233189,-0.2726763990804818,8.616439208627928e-05,-0.2168787086407881,0.0040664806154052,-0.198767824061099,1,2
2024/11/4,Democratic,Michigan,Elissa Slotkin,DB8-Y09PB3X,1,F,49,0.4785545902721089,0.3019647677006802,0.4123887186122448,0.3887200685986394,0.3998331198979592,0.4008973204353742,0.6394557823129252,0.7305765978795918,0.348993288590604,0.3154362416107382,0.4161073825503356,-0.1412671500829612,0.2712515406118231,0.3457428455150046,0.1800420503028583,0.3892617449664429,0.0604026845637583,0.0,0.3422818791946309,0.087248322147651,0.0335570469798657,0.0738255033557047,1.694653162347186,1.0457617445680865,-0.3778140165391546,-1.1100565157568638,0.1370565846094906,1.0305241616594365,1.7394528191208456,0.2166234477342338,-0.8688796918551517,0.8395550809564499,-0.4687341429961513,1.1507362280323896,-0.5687582703348785,0.9902478670647727,0.6781482891982654,-1,,323,18,-0.1908287935074964,-0.0478408356913939,323.0,0.0151373137126253,-0.1945405773705237,0.0008435654700534,-0.0612969634707025,0.0159808791826787,-0.0805203530590542,2,2
2024/11/4,Republican,Texas,Ted Cruz,DB9JS3JRgCx,1,M,50,0.4804298180540541,0.1562791895351351,0.492598545081081,0.2279231415405405,0.162448132081081,0.2838596509459459,0.1513513513513513,0.363149472527027,0.5459459459459459,0.4756756756756757,0.5675675675675675,-0.5702477240884626,0.1673640755336092,0.3216496081771077,0.12090385650453,0.1729729729729729,0.3297297297297297,0.0,0.0054054054054054,0.0972972972972973,0.0,0.3945945945945946,0.1297071176004705,-1.075995985790405,0.1417309726423794,-1.1782707234119478,-0.004030780471557,0.3126822600872675,-0.4042064596240887,-0.8447082884170993,-0.8688796918551517,0.7928980014513818,0.9103211859359912,1.4595958741821322,-1.301609278340708,-0.8481373977456628,0.4024703293886811,-1,,4230,125,-0.1822761432087695,-0.5779247317905282,4230.0,0.0034039279558245,-0.1831378110168205,0.0001005888875834,-0.5784675939890795,0.003504516843408,-0.3613967690159547,4,4
2024/11/4,Democratic,Texas,Colin Allred,DB9LJ1OAepL,0,M,45,0.3175325738380282,0.269468990721831,0.2396233767253521,0.1948809266338028,0.2117270183309859,0.4205962680774648,0.5880281690140845,0.6416629982154929,0.6161971830985915,0.6056338028169014,0.6161971830985915,-0.3785376575001528,0.2051493081134025,0.3616605479742439,0.0974339097797394,0.6443661971830986,0.0316901408450704,0.0,0.0,0.0,0.0950704225352112,0.2288732394366197,-0.4524730197900753,0.426887342533736,-0.2044862264830006,0.5014219064041993,0.8798985090251269,-0.3687219508035683,-0.5331656722075724,-1.060166610793686,1.8051964000208127,-0.4005409795730001,0.3697114744126831,-0.4066120919915895,-0.3633057400818308,-0.1816220616693688,-0.236759717098241,0,Abortion,1230,31,-0.0366738876445741,-0.315407682653938,1230.0,0.0172939836621064,-0.1523004980717543,0.0004358646288823,-0.4275655573367316,0.0177298482909888,-0.3213763859846569,3,3
2024/11/4,Republican,Pennsylvania,Dave McCormick,DB9Mmetuw1O,1,M,45,0.5988486085135135,0.3337640909189189,0.3565831437792793,0.1455538878288288,0.1202091022702702,0.469776443490991,0.1261261261261261,0.3325942206342342,0.5540540540540541,0.4639639639639639,0.4729729729729729,-0.0733989332676739,0.1731964045089162,0.4507432832374229,0.1834780410852894,0.2972972972972973,0.0135135135135135,0.0,0.054054054054054,0.009009009009009,0.6216216216216216,0.0045045045045045,-0.2074151068671768,0.5555604653456555,-1.2686850752260963,0.1778154995896451,0.3948496470568184,-0.7687548671350586,-0.8170576381139624,-1.4417073900022244,1.9537561829028112,0.1105382136897563,0.2148493174659024,-0.5663990211092248,0.9176785947807266,-0.2753908163012461,0.4912809858474943,5,Education,125,2,-0.5646660124355329,-0.4555441236580014,125.0,0.0338111982688666,-1.3050095252924374,0.0005409791723018,-0.5669759016240207,0.0343521774411685,-0.431198381217412,4,4
2024/11/4,Democratic,Pennsylvania,Bob Casey,DB9Od7vi3z8,0,M,49,0.5599217022,0.35328022808,0.4206867308,0.12818973524,0.0818751673999999,0.602597732,0.2,0.4875014785339999,0.48,0.42,0.46,-0.2297048690915107,0.216670468993958,0.2170455056428909,0.165446225274279,0.04,0.0,0.0,0.04,0.0,0.34,0.58,-0.99847955100968,-0.4372052401019444,1.0931141132134536,0.7953885671102173,-1.956330924252608,-0.9126111662897196,-1.4906307637276994,-0.8447082884170993,4.211864882709182,-1.726584291822312,-0.373626878931865,-0.4685757697888381,2.010763554924909,-0.3519970315732779,-0.7956953333696704,6,Election Policy,6043,76,4.385409658339911,4.232524141952446,6043.0,0.2815280689494526,4.349916098459655,0.0035406475658047,4.159613495871057,0.2850687165152574,5.009275164156856,4,4
2024/11/4,Democratic,Arizona,Ruben Gallego,DB9a9iByB7F,1,M,49,0.4741164438461538,0.3194087234615385,0.3135795122692307,0.098094552,0.0947372416923077,0.4297176123076923,0.1538461538461538,0.6053419964423077,0.4444444444444444,0.4074074074074074,0.4074074074074074,-0.1257112477388647,0.1890977534446788,0.3254553145832485,0.2887738421505691,0.0,0.0,0.0,0.037037037037037,0.2592592592592592,0.2962962962962963,0.3703703703703703,-0.4498101571952666,1.8816247944126887,-1.0153454001737503,0.3733448134338876,-0.4274861707179029,-0.0040713739814708,-0.1106605852600195,-0.8447082884170993,1.671492595427015,-0.4668431451854651,0.2683471535020629,-0.5067649484051417,0.42843326306184,0.4596468083602377,0.1436503666176017,5,Education,204,5,-0.688151099495205,-0.6528539604079093,204.0,0.0133507853403141,-0.7670216487200574,0.00032722513089,-0.6668912935023819,0.0136780104712041,-0.7485462730579611,4,1
2024/11/4,Democratic,Texas,Colin Allred,DB9d61BCDJa,0,M,45,0.614002257029703,0.4042332961386139,0.2546088140396039,0.2560697822079207,0.2308298096633663,0.5258935922772278,0.6435643564356436,0.7471964951386137,0.5980392156862745,0.5294117647058824,0.6372549019607843,-0.4208535102433434,0.1992308319345867,0.3446670260791685,0.0901214062153512,0.3431372549019608,0.4215686274509804,0.0,0.0490196078431372,0.0,0.0490196078431372,0.1274509803921568,-0.7930268436482526,2.389812367428336,0.2501411010517437,2.0900897059069283,0.2673331823633143,-0.8753195844235494,-0.9125152727468014,-1.266119418947776,1.1235691609151752,0.4964883198897704,0.2305839751235963,-0.9041630505411606,0.1626587623257288,0.1644049699118802,-0.1898084719513435,0,Abortion,799,18,-0.3203291609549282,-0.5331891778197523,799.0,0.0112340593057098,-0.4226817922999505,0.0002530826877381,-0.6324382401758744,0.0114871419934479,-0.7790826394419605,3,3
2024/11/4,Democratic,Pennsylvania,Bob Casey,DB9eXO_tcGT,0,M,49,0.324489213375,0.148967645575,0.5647752346875,0.1849687821124999,0.125799475625,0.4528343502812501,0.325,0.3587358474885624,0.51875,0.58125,0.58125,-0.310636398056522,0.1750491532172796,0.288216161634773,0.1423093879777548,0.61875,0.00625,0.0,0.0875,0.0,0.00625,0.28125,0.2305930536383517,-0.2471250307926584,0.5133631686804047,1.728783899016408,-0.0168724979594576,-0.2307616055487758,-0.6646395279436085,-0.5888515305949029,0.5424382455238294,-0.1519078585262535,0.4823384976467055,1.0697893072890603,1.283898391034965,0.263043565630817,0.5260123380668967,-1,,138,2,-0.2822726863632832,-0.5045891770655051,138.0,0.0064290705800139,-0.2858211199806029,9.317493594223154e-05,-0.5095371049305564,0.0065222455159562,-0.4573726929722177,4,1
2024/11/4,Republican,Arizona,Kari Lake,DB9h1hKuaZX,0,F,45,0.5088442369444445,0.3768806186111111,0.3162779459166667,0.2674553384944444,0.3029051312499999,0.5980593104444444,0.4166666666666667,0.8136585265333335,0.5777777777777777,0.5111111111111111,0.5944444444444444,0.0035942473138372,0.2073501331922502,0.386547847588857,0.1311575313147639,0.0,0.0,0.0055555555555555,0.4666666666666667,0.2111111111111111,0.2277777777777777,0.0888888888888888,0.3791472906999648,-1.064024156890771,0.6960229253894065,-1.359569368255953,-1.7266792347004092,0.1907704704762971,0.6846906219209156,-0.7309941738294565,-0.8688796918551517,1.7726966710578185,-0.2309659828354367,0.4430730020258213,2.4982671907123843,-0.0068640005508576,1.035230054559135,-1,,4824,108,-0.0262854356373111,-0.0300192994863781,4824.0,0.0057730142697807,-0.0387842731757666,0.0001292465881294,-0.0387155119587005,0.0059022608579101,-0.0235861364010413,1,2
2024/11/4,Republican,Pennsylvania,Dave McCormick,DB9oaBwS_lF,1,M,45,0.4224731232283464,0.2368571993622047,0.5712005188976379,0.1704341968031496,0.1273022201968503,0.4495925423622047,0.1968503937007874,0.2970284270858268,0.2913385826771653,0.2913385826771653,0.1496062992125984,-0.4396841783415187,0.1570643328217255,0.3124527529333577,0.1534505118410785,0.7401574803149606,0.0157480314960629,0.0472440944881889,0.0157480314960629,0.0629921259842519,0.0551181102362204,0.0629921259842519,1.1509059100819752,-0.3242465952231173,0.2380719348136403,-0.8953281798027294,2.1216490205208287,1.072542407163599,-0.0273250144599029,1.9697160476270608,-0.8688796918551517,-0.9392460751742828,-0.8551074032573112,2.0251996910978964,-0.0142146652560767,1.1615618013264295,0.230983947369971,-1,,201,12,0.2393800207602046,0.460429315332618,201.0,0.0543684068163375,-1.0681423484043078,0.0032458750338111,-0.2662451929271855,0.0576142818501487,0.2957789206442382,0,0
2024/11/4,Republican,Texas,Ted Cruz,DB9p1SVyuaQ,1,M,50,0.6676960675524475,0.2295858019930069,0.5161816811888111,0.3715328377202797,0.253822414083916,0.3863416272027972,0.3286713286713286,0.5782391641069932,0.5594405594405595,0.4755244755244755,0.6363636363636364,-0.3968781135924212,0.182864035710751,0.2392811011392753,0.1076343108092742,0.2237762237762237,0.0139860139860139,0.0,0.0699300699300699,0.0909090909090909,0.4685314685314685,0.1328671328671328,-0.4189154293786067,-0.4337982271483213,0.4393686468917154,0.9488273070174718,-2.001357174806365,-0.9037117031502404,-0.8976471114603201,0.4936193678836202,-0.8688796918551517,-0.515294727748421,0.5646428607792601,0.0670050479436165,0.2817086928759736,-0.8108798023187481,-0.1438003804872039,6,Election Policy,4774,136,-0.0382418433585659,-0.5184635861447358,4774.0,0.0038416907945878,-0.039198855420957,0.0001094407096908,-0.5190501085371623,0.0039511315042786,-0.2646557641969544,4,1
2024/11/4,Republican,Pennsylvania,Dave McCormick,DB9u5zrSLdT,1,M,45,0.4272613459701492,0.1940206073283581,0.6756939644776119,0.2637943508059701,0.2299352519104477,0.4789420419402986,0.2985074626865671,0.6350331530895523,0.417910447761194,0.4328358208955223,0.373134328358209,-0.0849481886669771,0.2307119572447118,0.2567179549985857,0.2337237781059872,0.6716417910447762,0.0895522388059701,0.0,0.1194029850746268,0.0298507462686567,0.044776119402985,0.044776119402985,1.1207807788111763,-0.1071183511388258,0.4632113859438158,-0.2614490897472971,0.5661419867869995,-0.1874238025485573,-0.1524075608678529,-0.4353374759015849,0.147269223057715,0.5409497721240122,-0.1168372659582939,1.8204063502830867,-0.0309106830182778,1.7409837684336793,0.473599288503215,5,Education,145,3,-0.3530749510682335,-0.3639467797589394,145.0,0.0392209899918853,-1.2426760576902982,0.0008114687584527,-0.5369028307543372,0.0400324587503381,-0.303053850076665,2,1
2024/11/4,Democratic,Texas,Colin Allred,DB913i7v3EW,0,M,45,0.4244047981132075,0.279575408,0.3365039682075472,0.5304685777169813,0.5083979575471699,0.32854784,0.7169811320754716,0.8067628636254717,0.2641509433962264,0.4339622641509434,0.4150943396226415,0.0447799913093166,0.2588493128350156,0.3506502059270751,0.1713623506911811,0.2830188679245283,0.0377358490566037,0.0188679245283018,0.6037735849056604,0.0188679245283018,0.0,0.0377358490566037,1.9656854520556444,-0.1493395420185914,1.7581273519451313,1.9484185005725208,1.0325323541865723,-0.4949782726679068,-0.6227996796783555,-0.2936321946462146,0.4338753272639079,-0.273036814933643,0.317729771381596,2.307433349303397,-1.053834661971288,-1.1834421551664047,-0.2841413576666552,-1,,1563,53,0.1824843629641217,0.05314561685744,1563.0,0.0219760133852621,0.0566019867959705,0.0007451879138956,-0.0808579402243361,0.0227212012991577,0.2150805885138692,2,1
