date,name,keycode,party,state,text,text_matched_roots,text_num_matched_roots,text_num_words,text_root_ratio,caption,caption_matched_roots,caption_num_matched_roots,caption_num_words,caption_root_ratio,elite,centr,left,right,text_populism,elite_cap,centr_cap,left_cap,right_cap,cap_populism,Segment,WC,Analytic,Clout,Authentic,Tone,WPS,BigWords,Dic,Linguistic,function,pronoun,ppron,i,we,you,shehe,they,ipron,det,article,number,prep,auxverb,adverb,conj,negate,verb,adj,quantity,Drives,affiliation,achieve,power,Cognition,allnone,cogproc,insight,cause,discrep,tentat,certitude,differ,memory,Affect,tone_pos,tone_neg,emotion,emo_pos,emo_neg,emo_anx,emo_anger,emo_sad,swear,Social,socbehav,prosocial,polite,conflict,moral,comm,socrefs,family,friend,female,male,Culture,politic,ethnicity,tech,Lifestyle,leisure,home,work,money,relig,Physical,health,illness,wellness,mental,substances,sexual,food,death,need,want,acquire,lack,fulfill,fatigue,reward,risk,curiosity,allure,Perception,attention,motion,space,visual,auditory,feeling,time,focuspast,focuspresent,focusfuture,Conversation,netspeak,assent,nonflu,filler,AllPunc,Period,Comma,QMark,Exclam,Apostro,OtherP,Emoji
2024/10/1,Dave McCormick,DAj-oZvtm45,Republican,Pennsylvania,"Pennsylvania wrestling taught me to do the hard thing.  There's no place to hide.  Hard work, hard choices.  The career politicians don't do the hard work.  That's why I approve this message.  the Pennsylvania way. That's not what we get from Washington.  They're selfish and soft.  I'm running for the Senate to make the hard calls.  Sometimes it's all you can take.  On the wrestling mat,",['politici*'],1,66,0.015151515,"I’m proud to be a member of Pennsylvania’s awesome wrestling community. 

I’ll take the grit and strength I learned wrestling on mats across the commonwealth to Washington as PA’s next Senator.",[],0,31,0.0,0.97758377,0.39712536,0.017765157,0.1179439,elite,0.002133847,0.25962493,0.008658958,0.0017827367,none,1,66,32.02,23.94,20.79,6.9,6,18.18,89.39,69.7,53.03,18.18,9.09,4.55,1.52,1.52,0,1.52,9.09,18.18,10.61,0,9.09,15.15,3.03,1.52,4.55,24.24,7.58,1.52,12.12,1.52,6.06,4.55,22.73,3.03,9.09,1.52,3.03,1.52,1.52,0,1.52,0,1.52,0,1.52,0,0,0,0,0,0,0,7.58,3.03,0,0,0,1.52,1.52,4.55,0,0,0,0,3.03,3.03,0,0,9.09,0,0,9.09,0,0,0,0,0,0,0,0,0,0,0,0,0,3.03,0,0,0,0,1.52,0,7.58,13.64,0,1.52,4.55,1.52,0,6.06,1.52,1.52,12.12,0,0,0,0,0,0,28.79,15.15,3.03,0,0,10.61,0,0
2024/10/1,Kari Lake,DAkC7pMNJmk,Republican,Arizona,"and a knee surgery.  forced out of their homes for small debt.  You know, they've worked hard their whole life.  They've fallen on hard times.  As we heard here, Bruce had suffered a health setback with a stroke.  and they can't keep up with the property tax.  is to have a bunch of Americans fall into homelessness.  that's what we have to do.  We need to give a little bit of a security blanket  for a short period of time to help them out.  I want to thank you all for being here.  I know you all have deadlines to meet.  We appreciate you.  If you want to talk to some of these people,  I'm sure they're willing to chat with you a little bit.  Thank you very much.  Please consider to do fair coverage  for the next several weeks,  40-plus days as we go into this election.  It would be greatly appreciated by the people of Arizona.  We'll have to look at that, and I haven't looked at that,  but we're talking about people who are being...  If they were in a home, if that were the same situation, they were in a home, they paid their home, they probably own their home by now.  Do we get everybody?  We have one more.  Did you already have a question?  this incredible couple to suffer the way they are.  And now, you know,  What we don't want to see happening between now and getting our country back on track,  which I think will happen quickly, between now and getting this country back on track.  We can't afford to let these amazing people fall into homelessness because they've done nothing wrong.  It has been absolute terrible policy that has caused...",[],0,289,0.0,"Bruce & Michelle have worked hard their whole lives. They've fallen on hard times. Bruce had suffered a health setback with a stroke & knee surgery & can't work.

Now, they're on the verge of being forced out of their homes over a small debt.

This kind of policy is a good way to make our homeless crisis even worse.

We can afford to give seniors like Bruce & Michelle a security blanket until they get back on their feet.",[],0,80,0.0,0.029560164,0.9691028,0.6992623,0.015457194,centr,0.50265014,0.98318636,0.9056857,0.030250665,centr,1,289,35.52,97.93,63.84,52.28,11.56,13.49,95.5,80.62,61.59,20.07,14.53,1.73,4.15,3.11,0,5.19,5.54,13.49,5.54,0.69,16.26,13.15,3.81,4.5,1.73,24.22,6.92,6.23,6.92,4.84,0.35,1.73,24.22,1.38,9.34,2.77,1.04,2.42,1.73,0,3.11,0,4.84,3.46,1.38,2.08,1.04,1.04,0,0,0,0,20.07,4.5,2.08,1.04,0,0.35,2.08,14.53,0,0,0,0,0.35,0.35,0,0,3.46,0,1.73,0.69,1.04,0,1.04,0.69,0.35,0,0,0,0,0,0,1.73,1.04,1.04,0.69,0,0,0,0.35,0,12.46,11.07,0.35,1.38,9,1.04,0.35,0.69,4.5,6.23,5.88,2.08,0,0,0,0,0,19.38,9.34,4.84,0.69,0,4.15,0.35,0
2024/10/1,Sherrod Brown,DAkDv_ztlm_,Democratic,Ohio,"I don't see politics so much as left or right.  It's whose side you are.  I talk about the dignity of work.  If you work hard, you ought to be able to get ahead.  Bernie Marino stiffed his employees.  He then destroyed the evidence that the judge required of him.  So just like abortion rights, I support the voters of Ohio, 57 percent.  I joined them, of course, in abortion rights.  And Bernie Marino wants 100 percent.  He said I'm 100 percent pro-life.  No exceptions.  He wants a national abortion ban.  More money spent against me than any race in the country.  And there's a lot more of us than there are of them.  But they've got a whole lot of money.  I'm not complaining.  I just know we have to fight back.",[],0,133,0.0,This race is about whose side you’re on. I will always be on the side of Ohioans.,[],0,17,0.0,0.95332414,0.65064293,0.33376762,0.024455024,elite,0.021015385,0.978226,0.017145334,0.08954306,none,1,133,30.44,44.51,33.61,3.61,7.82,15.04,92.48,69.17,57.14,18.05,16.54,6.02,1.5,2.26,3.76,2.26,1.5,12.78,6.02,2.26,13.53,8.27,6.02,8.27,2.26,15.79,4.51,6.77,9.77,2.26,3.76,3.76,20.3,0.75,12.03,1.5,0,2.26,2.26,1.5,6.02,0,6.77,2.26,4.51,0.75,0,0.75,0,0,0,0,17.29,5.26,0.75,0,1.5,1.5,2.26,11.28,0,0,0,3.76,0.75,0.75,0,0,4.51,0,0,2.26,2.26,0,2.26,2.26,0,0,0,0,2.26,0,0,2.26,1.5,0.75,0,0,0,0,0,0,9.02,9.02,0,0,7.52,0.75,0,0.75,0.75,3.01,6.77,3.01,0,0,0,0,0,21.8,12.78,3.76,0,0,4.51,0.75,0
2024/10/1,Kari Lake,DAkFBK1oFeg,Republican,Arizona,"churn out more, churn out more war, spend trillions of dollars more for war.  And it's not going to end until we get somebody who actually wants to negotiate peace.  The Uniparty in Washington, D.C. does not want peace.  There's a lot to cut. You know, one of the things I want to do is stop spending  $260 billion, sending money like that over to...  Anybody else who didn't ask a question?  Ma'am, who are you and who are you with?  You know, when our government is continuing to start wars, they just want to throw trillions of dollars.  Their whole plan is we can get the war machine going.  or face the fact of your job going away.  They want war.  And President Trump knows how to negotiate peace.  And that's going to save us a lot of money.  We're not going to continue to pour money into countries and start up wars.  So we're going to look at the budget.  There's a ton that we can cut.  And we need to cut back the size of Washington, D.C.  Basically, anybody in Washington, D.C. who has not come back to work since COVID,  and you'd be surprised a lot of people haven't come back to work since COVID,  you're pretty much telling us, coming into this administration, coming into D.C.,  that your job is not really needed.  So get your butt back to work.",[],0,235,0.0,"The Uniparty doesn't want peace. They want war. 

President Trump knows how to negotiate peace. That's going to save us a lot of money and a lot of lives.

Like Trump, my priority in Washington DC will be helping to feed the American family, not the war machine.",[],0,48,0.0,0.9918623,0.03678767,0.009067138,0.2591655,elite,0.8288989,0.9172291,0.023672676,0.32403287,elite,1,239,49.46,97.06,46.03,8.51,11.38,11.72,90.79,69.46,55.65,15.48,11.3,0.42,3.77,3.77,0,1.26,4.18,12.55,4.6,2.09,16.74,9.21,4.6,5.86,2.93,22.59,2.93,6.69,10.04,3.77,1.67,4.6,21.76,0,13.81,2.51,1.26,3.77,3.35,1.26,3.35,0,4.18,1.26,2.51,0.42,0,0,0,0,0,0,15.48,2.51,0,0.42,0,0,2.09,13.39,0,0,0.42,0,1.26,0.84,0,0.42,6.69,0,0,3.35,3.35,0,1.67,0.84,0.84,0,0,0,0,0,0,0.84,2.09,1.26,0,0,0,0,0.42,0.42,12.13,10.46,0.84,2.93,8.37,0.42,0,0,3.77,0.84,7.95,5.02,0,0,0,0,0,23.43,10.88,6.69,0.84,0,4.6,0.42,0
2024/10/1,Kari Lake,DAkFH3XNAPd,Republican,Arizona,"But again, we're hoping to get this election for President Trump to get elected.  We're hoping to get our economy turned around.  to help pay down the mortgage rate.  And that'll actually...  That doesn't really help if you think about it.  Because if everyone gets down payment assistance like Kamala Harris wants to get,  if he gives everybody here $25,000 for down payment assistance, like I said,  everybody selling a house just says, well.  Well, we do that.  We cut back and we keep President Trump's tax cuts,  which Ruben Gallego wants to raise.  That's going to put more money in your pocket.  And we're going to go beyond just keeping the current Trump tax cuts.  We want to go even further than that.  But if Ruben Gallego gets in there,  he's already said he's going to get rid of the Trump tax cuts.  On average.  How many of you can right now afford $2,700 more a year  on top of everything we're dealing with?  payment harder to pay for. And when your monthly payment is $2,600, you can't buy as much house.  So we want to work, once you make the deal with the house that you want to buy...  end up helping you to pay less each month and over the course of the loan to pay a lot less.  And that will give you more money in your pocket.  Everyone's got $25,000 more.  Let's raise the price $25,000.  So I think a better plan, and I think economists looking at this think a better plan,  is working on rate buy-downs because this is the real culprit right here.  This is what makes your monthly...  One more or no?  Anybody?  Okay, sir.  If you want to talk about homes, how we're going to help young people who want to get into a home.  If you work to save a little bit for down payment, a lot of times you'll hear, oh, we're going to do down payment assistance.  This is a nightmare scenario if these guys get elected again.  to take that money instead of giving it for a down payment.  $2,700 more for the average family.  We need to wrap.",[],0,363,0.0,"A way to bring down the cost of housing is rate buy-downs. Once you make the deal on your house, we want to make sure that money goes to help you pay less each month & throughout the process.

That will give you more money in your pocket. 

In addition to that, we're going to keep President Trump's tax cuts and expand them.

These are just two ways of making life more affordable.",[],0,73,0.0,0.08907766,0.0155996755,0.004590699,0.0025983243,none,0.002136833,0.04769192,0.0127367675,0.0021131297,none,1,363,56.74,96.87,27.81,67.94,11.34,12.95,93.94,73.83,55.65,16.25,9.64,0.83,3.86,3.86,0.83,0,6.61,14.88,5.51,2.2,16.53,6.06,6.61,6.61,0.83,19.83,6.61,6.34,8.82,5.23,1.93,1.65,23.42,1.65,11.57,2.2,1.65,3.31,3.58,1.1,3.86,0,3.58,3.31,0.28,0.55,0.55,0,0,0,0,0,15.15,3.58,1.93,0.28,0,0,1.1,11.85,0.28,0,0,1.38,1.38,1.38,0,0,9.92,0,1.65,1.38,7.16,0,0,0,0,0,0,0,0,0,0,0.28,2.48,3.86,0,0,0,0,0.28,0,11.85,8.26,0,1.65,6.61,0.28,0.28,0,3.86,1.1,7.44,5.23,0.55,0,0.28,0.28,0,23.14,9.64,6.34,0.83,0,4.41,1.93,0
2024/10/1,Colin Allred,DAkGGdkIvKF,Democratic,Texas,"I'm so glad to be with you at the launch of the AAPI Texans for All Red.  I'm a proud associate member of the Congressional Asian Pacific American Caucus in Congress.  I'll fight for the state that I know we are, the state that I know that we can be.  For every Texan, make sure that you have a chance to realize your version of the American dream.  Let's go win.",[],0,71,0.0,It’s an honor to have the support of all these great Texans and their help launching the AAPI for Allred coalition! Together we’re building the movement that will take down Ted Cruz.,[],0,32,0.0,0.0038275276,0.95831394,0.46472305,0.026573721,centr,0.008063132,0.9334185,0.0080929445,0.013983494,centr,1,71,69.43,89.11,41.26,64.63,14.2,11.27,91.55,70.42,59.15,21.13,15.49,7.04,4.23,4.23,0,0,5.63,21.13,11.27,0,15.49,12.68,1.41,1.41,0,19.72,4.23,2.82,14.08,7.04,2.82,4.23,18.31,2.82,8.45,4.23,0,1.41,1.41,0,1.41,0,5.63,4.23,1.41,2.82,2.82,0,0,0,0,0,11.27,1.41,0,0,1.41,0,0,9.86,0,0,0,0,8.45,4.23,4.23,0,2.82,0,0,2.82,0,0,0,0,0,0,0,0,0,0,0,0,0,0,0,0,0,1.41,0,0,7.04,8.45,2.82,2.82,2.82,1.41,0,0,0,0,8.45,4.23,0,0,0,0,0,15.49,7.04,2.82,0,0,5.63,0,0
2024/10/1,Kari Lake,DAkHrGnJT3v,Republican,Arizona,"I know from living in a border state did more than anybody.  our economy at times when we have  and we have to rework the asylum laws.  You know, just because you've got crime in your country  doesn't mean you get to come into our country.  And then we can work on...  I think you all know what that means, cover your ass.  That's what she did.  And it was just absurd.  That legislation is not good legislation.  It was really, as I've said before, they called it a border bill,  but it was really a how can we get more money to our friend Zelensky bill.  And it was, I think, $115 billion to send overseas to kill people.  And when they finally separated it out, I remember Ruben Gallego voting for $60 billion more to Ukraine.  And then after that vote passed, waving around the Ukrainian flag on the floor of Congress.  Why would you ever wave the flag of another country around on the floor?  And it was an attack of President Trump who.  What world are we living in?  so many jobs we can't fill them, then we look to bringing more people who are qualified in  who are going to help us and not be a drain on our social services.  At times when jobs are scarce and Americans are out of work, no,  we don't bring people in and give them Americans jobs.  Under these two buffoons, we have watched as every job loss under these two buffoons has been  at the hands, has been a job loss for American born citizens.  And under these two buffoons, every job gained has gone to foreign-born citizens.  They are America last.  realizing not only is she a master in word salad, she's a master chef in word salad.  It just, I've never heard someone doing a CYA like that.  Listening to her.  Congress.  They are 100% America last, and we need to vote these people out for the sake of our children and our future,  and for the sake of all of you young people in the media.  I sat there.  on our immigration law, which I do think we need to revise.  And it should be based on...  And we're not allowing people in illegally.  because they don't like you. They're using you right now to tell their story.  And the minute they get in office, they could care less about you guys.  He voted for that.  This bill is not a good bill.  It codifies into law, allowing 5 million people here illegally.  We can't handle 5 million people coming in illegally.  They want to make them permanent citizens, permanent voters for the disastrous plans of the Democrats.  And so absolutely not.  We need to start over with a decent piece of legislation that includes fully funding the border wall.  Any piece of legislation that doesn't fund the border wall is a non-starter.  We must have a border wall.  But obviously her consultants wrote on her prompter what she was supposed to say on her teleprompter.  that I can ever remember in my entire time here since 1994 to secure our border.",[],0,528,0.0,"At a time when jobs are scarce & Americans are out of work, We shouldn't be bringing people in illegally & giving them jobs. 

Under this administration, every job loss has been for American-born citizens. And every job gain has gone to foreign-born citizens. 

Harris & Gallego are America Last.

We need to vote them out for the sake of our children & our future.",[],0,65,0.0,0.9943146,0.23258425,0.053313743,0.9789524,elite,0.9552101,0.95905584,0.15801595,0.9812377,elite,1,528,28.5,96.39,47.7,4.99,12.28,12.88,93.56,72.73,60.98,19.32,13.26,1.89,4.55,2.08,1.7,2.46,6.06,14.2,5.11,2.46,14.58,9.85,5.11,6.82,2.65,19.13,3.22,4.36,8.9,5.11,0.95,2.84,23.67,1.52,11.17,2.46,1.89,3.03,0.57,1.33,2.65,0.38,3.41,0.38,2.27,0.95,0.95,0,0,0,0,0.76,19.89,4.17,0.38,0,0.38,0.95,1.52,14.96,0.38,0.19,1.52,0.38,3.41,3.03,0.38,0,3.79,0,0,3.03,0.76,0,1.52,0,0,0,0,0,0,0.57,0.19,0.95,0.19,0.95,0.19,0.38,0,0.19,0.57,0,8.71,10.98,0.38,1.52,9.09,0.38,0.38,0,4.92,5.11,5.87,1.52,0.19,0,0.19,0,0,16.67,8.52,4.36,0.38,0,2.46,0.95,0
2024/10/1,Bob Casey,DAllv4PMhTV,Democratic,Pennsylvania,"Alright, just the bald people in the picture please.  I was 22 years old then.  Well, I'm going to stand over here for good luck.  This is the epicenter right here.  Get magical powers.  Thank you.  Very good.  Very official.  Good to see you.  I need some work on my jump set.  I'll come to a tutorial.  We got some warmups.  How are you?  Good to see you.  And we're going.  Yes, sure.  Everybody get a picture.  We're going to face the camera over here.  Okay.  Is that a mic?  It's a mic, yeah.  ?????????????????????????????????????????????????????????????????????????????????????????????????????????????????????????????????????????????????????????????????????????????????????????????????????????????????????????????????????????????????????????????????????????????????????????????????????????????????????????????????????????????????????????????????????????????????????????????????????????????????????????????????????????????????????????????  Thank you.  Casey was in Obama's game, I wrote a Sousa book.  Oh my god, look at Casey!  I think I'm done.  How are you?  Now, what's your name?",[],0,124,0.0,"Investing in our young people is investing in our future.

Projects like the Alan Horowitz “Sixth Man” Center in North Philly are a great start.",[],0,25,0.0,0.023683516,0.002601742,0.00247567,0.004116801,none,0.001818176,0.10128329,0.006268352,0.002151284,none,1,123,27.64,92.81,75.67,98.92,4.56,7.32,92.68,74.8,54.47,19.51,15.45,7.32,2.44,5.69,0,0,4.07,13.01,7.32,0.81,9.76,11.38,8.94,1.63,0,24.39,6.5,2.44,4.88,2.44,0.81,1.63,19.51,1.63,3.25,2.44,1.63,0.81,0,0,0,0,7.32,7.32,0,3.25,3.25,0,0,0,0,0,13.82,3.25,2.44,2.44,0,0,2.44,10.57,0,0,0,0,0,0,0,0,4.07,0.81,0,2.44,0,0.81,1.63,0,0,0,0,0,0,0,0,0.81,0,2.44,0,0,0,0,0.81,0,18.7,13.82,0.81,2.44,7.32,4.07,0,0.81,3.25,3.25,8.94,4.88,4.07,0,3.25,0.81,0,395.93,17.89,5.69,365.04,0.81,6.5,0,0
2024/10/1,Mike Rogers,DAloj-WPbwa,Republican,Michigan,"I'm Mike Rogers, and I approve this message.  I'm Mike Rogers, Slotkins for EV mandates.  I'm for Michigan.  I worked in a car factory.  These jobs are important to our families.  That's why I stood up to China and my own party.",[],0,42,0.0,"Slotkin’s for EV mandates.

I’m for Michigan. 

The difference couldn’t be more clear — Congresswoman Slotkin is in Communist China’s pocket, I’ll have your back.",[],0,25,0.0,0.005200295,0.7646912,0.053820323,0.00520385,centr,0.9912889,0.102207534,0.05186789,0.9865594,none,1,42,18.12,4.61,84.92,88.66,7,19.05,80.95,61.9,52.38,26.19,19.05,16.67,2.38,0,0,0,7.14,14.29,2.38,0,14.29,11.9,2.38,4.76,0,19.05,2.38,0,14.29,7.14,2.38,4.76,16.67,0,2.38,0,2.38,0,0,0,0,0,4.76,4.76,0,0,0,0,0,0,0,0,9.52,4.76,0,0,0,0,2.38,4.76,2.38,0,0,0,4.76,2.38,0,2.38,9.52,2.38,0,7.14,0,0,0,0,0,0,0,0,0,0,0,0,0,0,0,0,0,0,0,0,0,7.14,0,0,7.14,0,0,0,0,4.76,11.9,0,0,0,0,0,0,28.57,14.29,4.76,0,0,9.52,0,0
2024/10/1,Kari Lake,DAlxK0VM5tn,Republican,Arizona,"Well, from what I've heard, but unfortunately, the buffoons behind me have sold it off.  Even though we paid for it with our hard-earned tax money, they sold it off for pennies on the dollar.  So I'm assuming that is included because I read that they sold all of it.  So they sold it to somebody.  But, you know, my plan as governor, and you probably know this, was the most bold, aggressive plan to have the state secure their own border.  We're under an evasion right now in Article I, Section 10, Clause 3 allows for the states to secure their own border.  We plan to start building and constructing a wall without Joe Biden, and the borders are Kamala Harris' help.  So that's something we could do.  The Constitution would approve of that and would allow that, and we should be securing our own border for the next few months until we can get President Trump in the White House and a majority in the Senate and actually help truly secure our border by building the wall.  So we're going to build.  We're going to make sure we have the money for it.  The cheapest way to secure our border is to build that wall, and it can be done, and it will be done starting in January 2025.  Thank you guys so much for being here.  Sorry I made you wait in the heat, and thank you for covering this story.  I appreciate it.  Cochise County?  Yeah, Cochise.  Okay.",[],0,252,0.0,"The cheapest and most effective way to secure our border is to fully fund and finish the southern border wall.

It can be done, and it will be done starting in January 2025.

President Trump and Senator Kari Lake will make sure of it.

karilake.com/donate",[],0,45,0.0,0.992679,0.011615868,0.10159286,0.0645348,elite,0.009257017,0.008372044,0.0027180393,0.0046811737,none,1,252,25.13,94.51,36.85,50.71,14,13.1,92.06,73.02,60.71,20.24,12.3,3.17,5.16,1.98,0,1.98,7.94,14.29,6.75,1.19,13.1,10.71,5.95,8.33,0,19.05,3.97,3.17,11.11,5.95,1.19,3.97,20.63,0.4,10.32,2.78,1.59,2.38,1.59,0.79,1.59,0,3.97,2.78,0.79,0.79,0.4,0.4,0,0.4,0,0.4,14.68,4.37,2.38,0.79,0.4,0.4,1.19,10.32,0,0,0,0.4,1.19,1.19,0,0,4.76,0,0.4,0,4.37,0,0,0,0,0,0,0,0,0,0,0,0,0.4,0,0,0,0,2.38,0,6.35,9.92,0.79,0.4,7.54,0.4,0.4,0.4,3.17,4.76,4.37,3.97,0.79,0,0.79,0,0,17.06,6.75,6.75,0.4,0,2.78,0.4,0
2024/10/1,Ted Cruz,DAmGqIJynBz,Republican,Texas,"have been released, are wandering around. Let me ask you something, Ben, why isn't that number zero?  You need to understand that under Joe Biden and under Kamala Harris, they are apprehending illegal immigrants.  They have illegal immigrants in their custody.  These are illegal immigrants that they look at and say, oh, this person's a murderer.  They've been convicted of murder already.  These murderers are released.  13,099.  of ICE, sent a letter to a congressman, Tony Gonzalez, Texas congressman, who'd asked him,  and said, let me just give you the number of criminal illegal aliens that are currently  You've got another 222,141 that have pending criminal cases against them right now.  So they're under indictment today.  So they're not convicted yet.  And there is some overlap, by the way.  That 425,000, that 222,000, they're some of the people that have pending charges who are  also convicted criminals.  So it's not exactly that you add those two numbers up.  taken back by these numbers? It is jaw dropping. Now, I don't think it's accidental that Kamala  Harris, the presidential candidate who's called for abolishing ICE, now has the head of ICE saying,  oh, by the way, these are the criminals you're letting go. I think that was very deliberate.  But but look, I want you to give a listen. Fox News reported on this. And for those of  y'all watching the video on YouTube or Rumble.  I want you to see the shock.  You know why they're not being detained?  Because Joe Biden and Kamala Harris don't want to detain him.  convicted of murder.  But anyway, you look at it, you're looking at well over a half million people.  who Joe Biden and Kamala Harris are responsible for them being released.  Now, some of them were released from custody prior to the Biden administration.  This is the entire non-detained docket.  So not all of them were released in the last four years.  But these are the people that they know of.  What should I do with them?  walking around America, and the numbers are staggering.  who are illegal aliens.  1,845 illegal immigrants who have pending homicide charges against them.  Why is any one of them released?  Every one of those 1,845 could be apprehended right now.  If they're illegal immigrants, they can be detained.  who are also illegal aliens, who are also released.  And they fall into two categories.  And let's break down the numbers a little bit more.  56,533 have drug convictions.  So drug dealer in your school?  Well, guess what?  Every one of these half million, they should go and arrest them and either put them in jail or deport them, one or the other.  It should be.  Like every circumstance you apprehend an illegal immigrant.  Oh, you're a murderer.  Guess what?  Get your ass out of this country.  You're not coming into the United States.  Like, why is that not a real simple decision?  Jeffrey Dahmer wants to come in.  Good idea.  Yes.  No.  How about no?  Yeah.  Let me tell you, if Donald Trump gets elected.  That's literally their thought process.  And this is not one or two.  The numbers are staggering.  You're talking about over a half million criminals.  Oh, I know. Let's let him go.  Kamala Harris released that drug dealer, so you can be happy that your kids now have a drug dealer,  has one drug conviction or more already, but Kamala Harris sent them to your school.  How about kidnapping? 2,521 who've been convicted of kidnapping have been released.  How about sex assault convictions?  15,811 have been convicted of sexual assault.  because Joe Biden and Kamala Harris want them released.  And you look at some of the others.  All right, drug convictions.  Like, that number should be zero.  By the way, they're an additional.  And the numbers are just staggering.  So let's take...  So you've got 425,431 who are convicted criminals, who they're illegal aliens, and they already have at least one criminal conviction.  Many of them have multiple criminal convictions, but they all have at least one.  That's almost a half million that are convicted criminals.  On top of that.  of the Fox host.  They were anchors, yeah.  Just the degree of these numbers,  how many murderers are threatening your family right now?  Give a listen, take a watch.  illegal immigrants",[],0,719,0.0,"Kamala Harris claims to be tough on the border, but the facts tell a very different story.

On Verdict, @benfergusonpodcast and I expose how under the Biden-Harris administration, over 400,000 criminal illegal aliens—including rapists and murderers—are out walking the streets.",[],0,40,0.0,0.9778636,0.024146648,0.017591504,0.88992524,elite,0.9909479,0.23502405,0.053133123,0.9785831,elite,1,719,17.15,90.28,21.48,1.22,8.36,18.78,86.09,72.88,58.55,17.94,11.54,1.25,0.42,3.48,0.42,4.59,6.4,16.41,5.29,3.76,10.15,12.38,6.4,6.12,1.67,20.03,5.01,7.65,3.06,0.56,0,2.5,22.53,1.11,9.74,2.09,1.53,1.95,2.36,0.42,3.62,0,4.59,0.56,3.89,0.28,0.28,0,0,0,0,0.14,17.52,4.31,0,0,1.39,1.25,1.25,13.07,0.14,0,0,0.56,2.92,2.92,1.81,0,0.97,0,0,0.97,0,0,2.5,0.83,0,0,0,0,0.28,0,0.97,0.14,0.7,0.97,0,0,0,0,0.14,0,8.34,7.09,1.11,1.67,5.29,1.11,0.42,0,2.23,3.06,9.04,0.14,0.97,0,0.42,0.56,0,24.34,10.29,7.93,1.81,0,4.17,0.14,0
2024/10/2,Kari Lake,DAmio6TtGXA,Republican,Arizona,"with all of our tribal nations.  When you trigger the moms and you start messing with our kids, that's when the mama bear comes out.  in the U.S. Senate, I want to represent all Arizonans and I want to be a good partner.",[],0,43,0.0,"Kari Lake, the Republican US Senate candidate in Arizona, recently held her second Native roundtable with Indigenous women who live everyday lives outside of political circles.

The conversation covered critical topics like giving children a platform to succeed, the challenges of inflation and higher gas prices under the Biden-Harris administration, and the impact of the open border, supported by Democrats like Ruben Gallego.

It emphasized community-driven efforts, Indigenous ways of knowing, motherhood, parenting, the readiness of Native youth to lead, and pushing back against woke culture in classrooms. @karilake expressed her unwavering commitment to supporting Native Americans, both in urban and rural areas, across all tribal nations in Arizona.

WATCH HERE: https://www.youtube.com/@karilake

#KariLake #NativeRoundtable #IndigenousVoices #ArizonaTribes #BidenHarrisInflation #OpenBorderImpact #TribalConcerns #SupportNativeNations #NativeVote #NativesVote #SkoVoteDen #NativeAmericanIssues #nativeconservative #nativerepublicans #navajosfortrump #nativesfortrump",[],0,128,0.0,0.17199549,0.8860699,0.011552077,0.01178436,centr,0.039915543,0.55691886,0.07040017,0.14979485,centr,1,43,70.9,99,36.92,56.53,14.33,13.95,93.02,72.09,58.14,16.28,13.95,4.65,4.65,4.65,0,0,2.33,18.6,9.3,0,16.28,4.65,4.65,9.3,0,16.28,2.33,4.65,16.28,13.95,0,2.33,20.93,4.65,9.3,0,2.33,4.65,0,0,0,0,2.33,2.33,0,2.33,2.33,0,0,0,0,0,18.6,2.33,2.33,0,0,0,0,16.28,9.3,0,4.65,0,6.98,6.98,0,0,0,0,0,0,0,0,0,0,0,0,0,0,0,0,0,0,4.65,0,0,0,0,0,0,0,6.98,6.98,0,2.33,6.98,0,0,0,6.98,0,4.65,0,0,0,0,0,0,18.6,11.63,4.65,0,0,2.33,0,0
2024/10/2,Ted Cruz,DAm3hHwAgld,Republican,Texas,"You know, my debate's October 15th, and I'm running against a hard left Democrat, call it all red, just like Kamala Harris.  Both of them are hiding in Biden's basement.  Both of them are trying to run away from the radical left wing record.  And both of them are relying on hundreds of millions of dollars.  As you know, Sean, Chuck Schumer is flooding millions of dollars into the state of Texas.  George Soros is flooding millions of dollars.  We're being massively outspent.  And so I'm so grateful for everyone watching who goes to TedCruz.org.  TedCruz.org makes a contribution of $25, $50, $100.  We are being massively outspent.  I'll tell you, we've had now two polls in the last two weeks that show this as a one-point race.  And, in fact, we've had two polls that show the Democrat winning because Chuck Schumer is spending so much money.  It's why I need so many of your viewers to go to TedCruz.org right now.  And support us because, just like Kamala Harris is trying to do to Donald Trump,  Colin Allred is trying to do the same thing to Texas and flip Texas blue.  And Chuck Schumer and George Soros are paying him.  Senator Cruz, we're going to be following your race very closely.  As always, thank you for being with us.",[],0,221,0.0,"Chuck Schumer and George Soros are sending millions of dollars to try and flip Texas blue.

I need patriots across the country to go to tedcruz.org to help me push back and hold the line in Texas.",[],0,37,0.0,0.9908942,0.03465475,0.05025883,0.9783003,elite,0.9809249,0.036488518,0.42125106,0.6144995,elite,1,224,43.4,92.34,7.72,47.3,13.18,18.75,80.8,67.86,56.25,13.39,10.27,2.23,3.13,2.68,0.45,1.34,3.13,12.05,3.57,4.91,15.63,11.61,5.36,7.59,0,18.75,3.57,7.59,5.36,3.13,1.79,0.45,17.86,1.34,5.36,0.89,1.79,1.79,0,0,0.89,0,1.79,1.79,0,0.45,0.45,0,0,0,0,0,11.16,2.68,1.34,0.45,0,0,1.79,8.48,0,0,0,0.45,2.68,2.68,0,0,4.46,0,0.45,1.34,2.68,0,0,0,0,0,0,0,0,0,0,0.45,0,0,0,0,0,0.45,0.45,0,4.91,8.93,0.45,1.79,4.02,3.13,0,0.45,2.68,1.79,8.48,1.34,0,0,0,0,0,21.88,8.93,6.7,0,0,4.46,1.79,0
2024/10/2,Ted Cruz,DAm6I3sgEQO,Republican,Texas,"Well, Sean, tonight was a very good night.  J.D. did an excellent job tonight.  And I got to say, the winner of the debate tonight was Donald Trump.  The loser of the debate tonight was Kamala Harris.  You know, Kamala Harris is desperately trying to hide in Joe Biden's basement.  She's trying to hide from her record.  The best moments in the debate were when it focused on economics,  when it focused on the economic disaster of Kamala Harris's record,  how working men and women are paying more at the grocery store, at the pump,  paying more every day, and also when it focused critically on the fact that she is the incumbent.  You and I have talked about before how Kamala Harris's entire strategy is to pretend she's in an alternate reality  where she's the change candidate and Donald J. Trump is the incumbent president.  And I think tonight, I think J.D. did a very good job of contrasting Donald Trump's record to Kamala Harris's record.  And if we compare their records, whether it is on the border,  under Donald Trump's record,  the border was secure under Kamala Harris.  It's the worst it's ever been on history.  Whether it's the economy, under Donald Trump we had booming prosperity.  Under Kamala Harris, we have American people struggling and hurting.  Or whether it was foreign policy, under Donald Trump we had peace.  And in fact, we saw peace breaking out in the Middle East.  Under Kamala Harris, we see war across the globe.  I think that contrast came out very clearly tonight, and Kamala Harris was the loser.",[],0,267,0.0,"Donald Trump was the clear winner of tonight’s debate.

JD Vance did a fantastic job comparing and contrasting Donald Trump and Kamala Harris’s records.

Under Trump, we had peace and prosperity. Under Kamala, we’ve had wars breaking out across the world and record inflation.",[],0,44,0.0,0.9866419,0.028078392,0.0047989525,0.06915099,elite,0.14015809,0.0026318643,0.0017581175,0.0071601407,none,1,269,62.76,74.04,56.05,25,13.45,17.47,80.3,59.48,51.3,10.78,7.06,1.86,2.23,0.74,1.86,0.37,3.72,11.52,8.92,0,12.27,9.67,5.58,7.43,0,14.87,3.35,1.86,6.69,2.23,3.35,2.23,21.93,0.74,7.06,2.23,1.12,0.74,0.74,0.37,2.97,0,5.58,2.97,2.6,1.49,0.74,0.74,0,0,0,0,10.41,2.6,0,0.74,0,0,1.86,7.81,0,0,2.23,0.37,2.6,2.23,0.37,0,3.72,0,0.37,1.12,2.23,0,0.74,0,0,0,0,0,0,0.37,0,0.74,0,0.37,0,0,0,0.37,1.12,0,4.09,11.15,1.12,0.37,7.81,1.49,0,0.37,6.32,5.95,4.46,0,0,0,0,0,0,19.7,8.18,7.06,0,0,4.46,0,0
2024/10/2,Bernie Moreno,DAoE5HxOmH2,Republican,Ohio,"I know firsthand.  To J.D. Vance, America First is not just a slogan.  It's his North Star.  He has followed it every moment of his life and career.  He knows what it's like to live in poverty, forgotten by Washington politicians.  He is dedicated to ensure that no American is ever forgotten again.  It is a great...  to move that J.D. Vance be nominated by acclamation  by this Republican National Convention  as its candidate for the office of Vice President  of the United States of America.  Thank you, Madam Chair. My name is Bernie Marino. I'm honored to be the Republican nominee for the U.S. Senate from the great state of Ohio.  that my dear friend J.D. is a selfless and brilliant fighter.  He is a patriot who loves America.  He loves Ohio.  He loves his family.  He's a great father.  He's a great man.  And that's what we need in this nation today.",['politici*'],1,154,0.006493506,Never been more proud of my friend JD. Americans saw last night what we’ve known in Ohio for a while - he’s got President Trump’s back and is an incredible leader for our America First values.,[],0,36,0.0,0.0060552,0.9671437,0.06216756,0.010135481,centr,0.005326829,0.7957677,0.0042585703,0.0055929,centr,1,157,50,90.02,1,98.43,7.48,16.56,85.35,63.06,51.59,19.75,11.46,2.55,0.64,0.64,7.01,0,8.28,16.56,7.01,0.64,12.1,10.19,1.91,2.55,1.27,16.56,5.73,1.27,7.64,3.18,0.64,3.82,18.47,1.91,3.82,1.27,0,0.64,0,0,0.64,1.27,8.28,7.64,0.64,1.91,1.91,0,0,0,0,0,20.38,6.37,1.91,1.27,0.64,1.91,0.64,13.38,1.27,0.64,0.64,8.28,8.28,7.64,0.64,0,1.91,0,0,1.27,0.64,0,0.64,0,0,0,0,0,0,0,0,0.64,0,0,0.64,0,0,0,0,0,8.92,3.82,0.64,0.64,2.55,0,0,0,2.55,1.91,12.1,0,0,0,0,0,0,23.57,17.83,1.91,0,0,3.82,0,0
2024/10/3,Sherrod Brown,DArdBJZyzmB,Democratic,Ohio,"Republican senator from Indiana in Florida and a Democratic senator from Pennsylvania to do this right.  its vehicles from Mexico into the United States.  We need to stop it before it starts,  and I work on a bipartisan initiative with the  Local 14 today, the UAW in Toledo.  Our job is to make sure ahead of time we enforce trade laws so that China doesn't backdoor.",[],0,66,0.0,"Connie & I are proud to drive Jeeps made by @uaw.union workers here in Toledo. China will stop at nothing to undercut these jobs, even routing their cars through Mexico to avoid US tariffs.
?
The Administration must take action to get tough on China & stand up for American workers.",[],0,50,0.0,0.00562331,0.0066078636,0.0052461103,0.0047673155,none,0.3223338,0.9241614,0.28916603,0.111093104,centr,1,66,91.46,74.59,29.49,,16.5,18.18,86.36,60.61,51.52,13.64,6.06,1.52,4.55,0,0,0,7.58,13.64,7.58,1.52,21.21,4.55,1.52,6.06,1.52,9.09,4.55,0,13.64,4.55,3.03,6.06,13.64,0,1.52,0,0,1.52,0,0,0,0,0,0,0,0,0,0,0,0,0,0,6.06,1.52,1.52,0,0,0,0,4.55,0,0,0,0,10.61,10.61,0,0,6.06,0,0,6.06,1.52,0,0,0,0,0,0,0,0,0,0,1.52,0,0,0,0,0,0,0,0,9.09,9.09,3.03,0,6.06,0,0,0,9.09,0,6.06,4.55,0,0,0,0,0,10.61,6.06,3.03,0,0,1.52,0,0
2024/10/3,Dave McCormick,DArd-VkuI5T,Republican,Pennsylvania,"by the American dream, and I'm running because I'm worried that's not going to be available  for our kids. That is why this election is so important. And that's why at this moment,  leadership makes all the difference. This election is about passing on a country  to the next generation that's as good as the one that was given to us. And I want to tell you,  as a former wrestler, I wasn't the best wrestler, but I always knew that if I could get into the  third period within a point or two, I was going to win. And the reason I was going to win is the  reason we're going to win. Because in the third period, it's not about wrestling. It's about  mental toughness. It's about perseverance. It's about resilience. It's about fighting  every minute, every day, every hour. We're counting on you. Let's go win.  and I've been blessed.",[],0,153,0.0,LET’S GO WIN!,[],0,3,0.0,0.0017879137,0.7496778,0.013613419,0.003741919,centr,0.0077182525,0.015617678,0.0024950565,0.002561816,none,1,153,15.29,25.93,83.69,87.07,10.93,15.03,96.73,79.74,65.36,19.61,10.46,5.88,3.27,1.31,0,0,9.15,18.3,7.84,1.96,15.69,16.34,6.54,9.15,1.96,25.49,7.19,7.19,9.8,3.92,3.92,1.96,37.91,4.58,13.07,1.96,4.58,1.31,1.31,0,5.23,0,7.19,5.88,1.31,1.31,0.65,0.65,0.65,0,0,0,8.5,1.96,0,0,0.65,0,0.65,5.88,1.31,0,0,0,1.96,1.31,0.65,0,1.31,0,0,0.65,0,0.65,0,0,0,0,0,0,0,0,0,0,0.65,0.65,0,0,0,2.61,0,0,5.23,4.58,0,1.96,3.27,0,0,0,6.54,5.88,11.76,5.23,0,0,0,0,0,24.84,9.15,5.88,0,0,9.8,0,0
2024/10/4,Bob Casey,DArswdLtT3E,Democratic,Pennsylvania,"His reaction was that that decision made him, quote, very, very happy, unquote.  So that's where he's been on this issue.  And when you talk about bans in other states, a woman in Florida hemorrhaging before she had to go on a ventilator before her life was saved.  I don't think we want to see that in Pennsylvania.  And he said, life of the mother.  I made a decision to support the Women's Health Protection Act.  I don't support Republican efforts to ban abortion across the country.  But just remember what Mr. McCormick just said.  He talked about his position on abortion, but it's different than it was just two years ago when you asked that question.  Your question was very specific.  What exceptions do you support?  not an exception for rape, not an exception for incest.  His words now are a big change.  But when the decision was made to overturn Roe,",[],0,153,0.0,"I’m fighting to restore Roe v. Wade. 

My opponent said overturning Roe made him “very, very, happy.""",[],0,17,0.0,0.010899592,0.0038537653,0.0034549169,0.002461427,none,0.0084115015,0.0036399292,0.0024548525,0.0035531337,none,1,153,20.45,63.27,56.02,28.99,10.93,18.95,92.81,71.9,58.17,17.65,11.11,1.96,0.65,2.61,5.88,0,6.54,15.03,6.54,0.65,13.07,9.15,9.8,7.84,2.61,19.61,3.27,1.96,2.61,1.31,0.65,0.65,31.37,0,15.69,4.58,3.27,0.65,1.31,0,7.19,0.65,4.58,2.61,1.96,0.65,0.65,0,0,0,0,0,22.22,8.5,1.96,0.65,0.65,0,5.23,12.42,1.31,0,3.27,5.23,0.65,0.65,0,0,0.65,0,0,0.65,0,0,4.58,3.27,1.31,0,0,0,2.61,0,0,1.31,0.65,0,0,0,0,0,1.31,0,7.19,5.88,0,0.65,5.23,0.65,0,0,5.88,11.11,4.58,0,0,0,0,0,0,18.95,8.5,5.88,0.65,0,3.92,0,0
2024/10/4,Dave McCormick,DArxp0NNw2P,Republican,Pennsylvania,"You're going to hear throughout this, you've heard throughout this campaign, when you don't have a record to run on, as Senator Casey does not, you attack your opponent.  His voice is primarily attacking me.  For your viewers tonight, I have a website that's been established today.  It's been launched, CaseyLies.com.  You can go and see the actual facts by third-party sources of all the things he's saying.  There will be lies throughout, but you should ask yourself, why is a senator with an 18-year track record who should be able to run on his record, running his entire campaign with a negative set of attacks on me, most of them lies?  Thank you.  Thank you.",[],0,116,0.0,"Bob Casey has been in the Senate for 18 years and has no record to run on — that’s why he’s lying.

Visit caseylies.com to see the facts for yourself.",[],0,30,0.0,0.9816823,0.009293442,0.0057365936,0.0118080685,elite,0.97241986,0.0059813904,0.0059195925,0.010498885,elite,1,117,26.64,99,5.7,5.87,14.63,18.8,88.89,70.94,60.68,21.37,17.09,2.56,0,9.4,3.42,0.85,4.27,14.53,5.98,0.85,14.53,15.38,3.42,3.42,1.71,23.93,3.42,2.56,6.84,0,0.85,5.98,20.51,0.85,6.84,0,1.71,2.56,0,0,1.71,0,5.13,1.71,3.42,0,0,0,0,0,0,0,23.93,9.4,1.71,1.71,2.56,0,3.42,14.53,0,0,0,3.42,4.27,3.42,0,0.85,0,0,0,0,0,0,0,0,0,0,0,0,0,0,0,0,0,0,1.71,0,0,0,0,0,3.42,11.11,0,4.27,4.27,1.71,1.71,0,2.56,3.42,9.4,2.56,0,0,0,0,0,23.08,6.84,8.55,0.85,0,5.13,1.71,0
2024/10/4,Dave McCormick,DAryxYyNs-5,Republican,Pennsylvania,"This is the most important election of our lifetime.  Our country is in trouble.  Our commonwealth is in trouble.  We have wide open borders.  We have a weak economy.  America is going in the wrong direction.  Skyrocketing prices that are putting enormous pressure on most families.  I'm a seven-generation Pennsylvanian.  I'm a political outsider.  I'm a businessman.  I'm a West Point graduate.  I'm a combat vet from Iraq.  I'm running because I want to make sure the America I love is available for my six daughters, for all of our children.  Bob Casey is not just part of the problem.  Bob Casey is the problem.  Bob Casey is a weak leader.  Bob Casey is a career politician.  Bob Casey went to the Senate to change Washington.  Washington changed Bob Casey.  Bob's voted for wide open borders.  He voted for sanctuary cities.  He's voted against funding for the Border Patrol.  He's voted for federal benefits for illegal immigrants.  He's voted for all these wild spending bills under Biden and Harris, which have led to an increase in prices for working families.  He's been soft on crime.  He's been soft on China.  He's voted for tax hikes on middle-class workers in Pennsylvania.  He's voted for tax cuts for millionaires in California and in New York.  Bob Casey's actually voted for biological males to be able to compete in women's sports.  So let's face it, Bob.  You are a liberal.  And this is not the Bob Casey you elected for office 30 years ago.  We need common sense leadership that's going to secure the border, get our economy back on track, and keep America safe.  Our Commonwealth deserves change.  And our under Carter's rule that's going to spark  Excuse me.  Pardon me, go ahead.  Okay,?? U. N.  B.  I refuse it.  Anymore. ??or Stelle.  chart.  Okay.  Your stipulated consent was approved for the Congress to announce that the Rule Story regulation efforts were complied with.  And what should I say?  Threat covered your voter right?",['politici*'],1,332,0.003012048,"I’m a seventh-generation Pennsylvanian, West Point grad, combat veteran, businessman, and political outsider who’s running to make sure the America I love is available for my children and yours.

Bob Casey isn’t just part of the problem — he is the problem.

He’s a weak, liberal career politician who went to Washington to change it, but Washington changed him.

This is not the Bob Casey Pennsylvania elected 30 years ago. 

Our commonwealth deserves change and I’d be honored to serve our commonwealth as PA’s next Senator.",['politici*'],1,86,0.011627907,0.98115724,0.7582233,0.11847369,0.98933315,right,0.9563742,0.5730716,0.0072537106,0.48392373,none,1,332,69.21,88.48,25.3,11.11,6.92,21.69,85.24,62.35,47.29,14.16,10.84,3.61,3.31,1.51,2.41,0,3.31,13.25,6.33,1.2,13.86,11.14,1.51,2.71,0.6,19.28,7.23,4.52,12.35,4.52,1.51,6.63,21.39,0.6,6.93,0.3,1.81,1.2,0.3,0.3,2.11,0,5.12,2.11,3.01,0.3,0.3,0,0,0,0,0,15.06,3.31,0,0.9,0.6,0.6,0.9,11.14,1.51,0,0.6,2.71,6.02,6.02,0.6,0,6.63,0.6,0,3.31,3.01,0,0.9,0.6,0,0,0,0,0,0,0,0.3,0.3,0.3,0,0,0,0.3,1.51,0,5.72,10.54,0.6,1.81,7.53,0,0,0.9,2.71,5.42,8.73,2.41,0.9,0.3,0.6,0,0,24.1,13.55,2.11,1.81,0,6.02,0.6,0
2024/10/4,Dave McCormick,DAr0QHhtidm,Republican,Pennsylvania,"uh... and this is not the bob keating you elected for office thirty years ago  So let's face it, Bob, you are a liberal.",[],0,24,0.0,"Let’s face it, @bobcaseyjr — you are a liberal!",[],0,9,0.0,0.53812784,0.0015523754,0.0014002342,0.08294642,elite,0.7101866,0.0035044325,0.0016398269,0.20822078,elite,1,24,2.87,98.75,15.38,,12,12.5,87.5,70.83,62.5,20.83,12.5,0,4.17,8.33,0,0,8.33,16.67,8.33,4.17,4.17,12.5,8.33,8.33,4.17,12.5,0,8.33,8.33,4.17,0,4.17,25,0,4.17,0,0,0,0,0,4.17,0,0,0,0,0,0,0,0,0,0,0,12.5,0,0,0,0,0,0,12.5,0,0,0,0,8.33,8.33,0,0,4.17,0,0,4.17,0,0,4.17,0,0,0,0,0,0,0,0,0,0,0,0,0,0,0,0,0,4.17,0,0,0,0,0,0,0,8.33,4.17,12.5,0,4.17,0,0,4.17,0,29.17,16.67,8.33,0,0,4.17,0,0
2024/10/4,Kari Lake,DAsQTXRKSbJ,Republican,Arizona,"who's laughing, is truly laughing at the American people because he doesn't care about us and is proven in his voting record.  that was caused by this hurricane that came through in Tennessee and North Carolina.  I am devastated to see the images out of those two states.  And this lunatic that you're seeing over here, this guy right here with the beard.  Well, especially when you're Rubin and you have a disgusting, horrible voting record that's, you know, America last, open borders, pro-sanctuary city, anti-cop.  Americans who are suffering under the flooding.  of trying to destroy our country.  And especially, Greg, this $1 billion that he was gung-ho for FEMA to spend on setting up illegals to get their roots settled in this country over the past couple of years.  And now we're finding out because they spent all of their money setting up illegals that Rubin let in.  You know, men participating in women's sports, of course you don't want to have to defend that because there is no defense.  They don't have enough money for the...",[],0,179,0.0,"I understand why Gallego doesn't want to debate me. His record is indefensible

We're watching the awful consequences of his actions play out in Tennessee & North Carolina, where Americans are DYING because Ruben diverted $1 billion of FEMA funding to take care of illegal immigrants",[],0,46,0.0,0.99391395,0.48813343,0.14952756,0.9906861,elite,0.99288815,0.5173915,0.12501188,0.9856574,elite,1,179,41.04,96.78,32.66,3.68,16.27,19.55,88.83,71.51,58.1,17.88,10.61,0.56,1.68,3.35,1.68,2.23,7.26,16.2,3.91,1.68,17.32,9.5,5.59,5.59,2.23,18.99,3.91,3.35,5.03,1.68,0.56,2.79,20.67,1.12,8.94,2.23,2.23,1.12,0,2.23,0.56,0,5.59,1.68,3.91,1.68,1.12,0.56,0,0,0,0.56,15.64,1.12,0,0,0,0,1.12,12.85,0,0,0.56,2.79,1.68,1.12,0.56,0,2.79,0.56,0,0,2.23,0,0.56,0,0,0,0,0,0,0,0,1.12,0.56,0.56,1.12,0.56,1.12,0,0,0,10.61,13.97,0,0.56,11.73,1.68,0,0,2.79,3.91,7.82,1.12,0,0,0,0,0,21.79,7.26,7.26,0,0,5.03,2.23,0
2024/10/4,Sherrod Brown,DAtIDq6M172,Democratic,Ohio,"We have a lot more money, but there's a lot more of us.  The fact that, you know, five weeks out, this many people going door to door,  and a whole lot of other people around Lorain County, 27 field offices, 175 people,  50 interns, and a whole lot of volunteers like you.",[],0,53,0.0,"Those guys have all the money. 

But we have the people — and we are going to win.",[],0,18,0.0,0.005066938,0.16857933,0.0018044921,0.0027645968,none,0.0057242215,0.23938774,0.005377297,0.002409447,none,1,53,86.71,99,55.39,,26.5,5.66,92.45,69.81,60.38,11.32,7.55,0,3.77,3.77,0,0,3.77,30.19,9.43,7.55,13.21,3.77,3.77,5.66,0,7.55,11.32,20.75,3.77,3.77,0,0,7.55,0,5.66,1.89,0,0,0,0,3.77,0,0,0,0,0,0,0,0,0,0,0,16.98,1.89,1.89,0,0,0,0,15.09,0,0,0,0,0,0,0,0,5.66,0,0,3.77,1.89,0,0,0,0,0,0,0,0,0,0,0,0,0,0,0,0,0,0,0,15.09,11.32,0,1.89,9.43,0,0,0,1.89,0,1.89,1.89,0,0,0,0,0,22.64,3.77,16.98,0,0,1.89,0,0
2024/10/4,Bob Casey,DAtRIXQpi2w,Democratic,Pennsylvania,"The first United States Senator.  but never seated.  Benjamin Franklin, because he's the ultimate renaissance man, and seemed like a really funny guy to talk to.  William McClay, the first United States Senator from Pennsylvania, and...  from anywhere in the United States.  He was elected to the U.S. Senate.  by the legislature to represent Pennsylvania.  And then of course, Roberto Clemente, known as the Great One in Pittsburgh,  had a chance to meet him in 1970,  the year before he led the Pirates to the great 1971 World Series win.  Albert Gallatin  Does Ben Franklin count?",[],0,96,0.0,"What Pennsylvanian would I have dinner with? ??

With so many great options it was hard to pick just three, so I squeezed in an honorable mention.",[],0,27,0.0,0.012862567,0.0025848744,0.0026573036,0.004592357,none,0.009774655,0.007580928,0.001595913,0.0035656656,none,1,96,97.04,64.67,3.81,91.93,10.67,20.83,83.33,61.46,48.96,4.17,4.17,0,0,0,4.17,0,0,15.63,12.5,5.21,16.67,4.17,3.13,8.33,1.04,10.42,6.25,6.25,6.25,0,1.04,5.21,18.75,1.04,11.46,2.08,2.08,0,3.13,3.13,1.04,0,5.21,5.21,0,1.04,1.04,0,0,0,0,0,8.33,2.08,0,0,0,0,1.04,6.25,0,0,0,6.25,12.5,12.5,0,0,0,0,0,0,0,0,0,0,0,0,0,0,0,0,0,0,0,0,0,0,0,1.04,0,0,7.29,5.21,0,0,5.21,0,0,0,4.17,5.21,2.08,0,0,0,0,0,0,22.92,12.5,8.33,1.04,0,1.04,0,0
2024/10/4,Dave McCormick,DAuBtQ1O-a7,Republican,Pennsylvania,across our great commonwealth just got into philadelphia and uh  I'm doing the post-debate tour.,[],0,15,0.0,"Post-debate calls for Diet Coke(s)! 

We’re on number six today… 32 days!",[],0,12,0.0,0.022981113,0.0015374882,0.0022059483,0.004785065,none,0.012472173,0.0021459535,0.0023655398,0.0039314856,none,1,15,39.7,77.41,63.35,97.84,15,20,73.33,73.33,53.33,13.33,13.33,6.67,6.67,0,0,0,0,13.33,6.67,0,13.33,13.33,6.67,6.67,0,20,6.67,0,6.67,6.67,0,0,6.67,0,0,0,0,0,0,0,0,0,6.67,6.67,0,0,0,0,0,0,0,0,6.67,0,0,0,0,0,0,6.67,0,0,0,0,0,0,0,0,0,0,0,0,0,0,0,0,0,0,0,0,0,0,0,0,0,6.67,0,0,0,0,0,0,6.67,13.33,0,0,13.33,0,0,0,0,0,6.67,0,6.67,0,0,6.67,0,20,6.67,0,0,0,6.67,6.67,0
2024/10/5,Mike Rogers,DAuVJ41vu4v,Republican,Michigan,"Yeah, I just had another great meeting last night with Muslim Americans, Arab, in and around Dearborn, Michigan, Hamtramck, Michigan.  And guess what? They just told me out and out they're not voting for Kamala Harris.  And they prefer Trump. And these are not, again, these are not self-identified Republicans.  They just believe that none of this would have happened in the Middle East had Donald Trump been president.  And they also told me they're not voting for my opponent, no matter how many times she shows up and makes promises.  And so I haven't gotten their vote yet. I think that's why we're still tied.  But I think that this is a huge opportunity for Republicans to show these communities, hey, listen, we care about your kids' education.  We care about your business. We care about your future and your prosperity.  And there's a lot we can talk about. And that was the conclusion we walked away with last night.  I got some votes last night and some commitments last night was really important.  And I think that's what's important for us. So you can feel this momentum building.  And it's because people know that Washington is broken. It is absolutely broken.  And who's in charge? The Democrats are in charge.  And we need a change in Washington so that we can make our lives here in Michigan work.  You know, and listen to my family. They used to say, listen, you can't drink yourself sober.  You can't spend yourself rich and you can't regulate stupid.  And we in Michigan believe we got all three.  We've had three of those in the last four years.  We're going to knock on doors.  We are going to make sure.  Listen, we're a working state. You know, people like to call us a rust belt.  We call ourselves the work belt in the great country of the United States and the great state of Michigan.  We certainly do that.  This is ridiculous. And they can keep saying it all they want. Americans aren't buying it.  They see the chaos in their community. They see the cost, the social cost to their community.  Matter of fact, they've spent $450 billion on room and board and debit cards and phones for illegals in the last four years.  That's enough for every Michigan state trooper and every Michigan teacher for 15 years.  We're going to find people who haven't voted and say their vote doesn't count,  and we're going to get them to the polls.  Oh, absolutely. We have illegal immigrants have committed pretty atrocious crimes here.  Sexual assault of minor girls. We had a rape in Oakland County recently.  The death of Ruby Garcia in the west side of the state, all by illegals.  So it is absolutely reaching up into Michigan.  We had almost 3000 fentanyl deaths flowing across the southern border.  These gangs are getting more powerful. Human trafficking, sexual trafficking of women is through the roof.  And people understand it. And they know that's not our humanity.  It's not who we are as Americans and we shouldn't allow it to happen.  But the Democrats continue to this very day.  Now, they're up on TV saying, oh, no, no, I'm tough on the border.  I saw your piece on Pennsylvania where Casey says, no, no, no, I'm tough on the board.  I mean, people are at wit's end.  That's why you see all of these polls tightening in these battleground states.  Americans, Michiganders know it.  that every family in this state gets represented.  Yeah, all we have to do is continue what we've been talking about, which is issues that matter  to Michigan working families. I mean, we're in a hurt. I talked to a woman who worked part-time,  her husband works full-time, they have four kids, breaks down crying because she was walking her  through that the last two days of the month, she has to go to the food pantry in order to  get her groceries on the table to feed her kids. This is happening over and over and over again.  So when you take a state like ours and you make it more expensive to buy groceries,  more expensive to buy gasoline, more expensive on your electric bill,  the rent payments here are just outrageous. Like the rest of the country, but Michigan,  the rest of the place outside of Michigan catches a cold, we get pneumonia. We are really suffering.  EV mandates are just doubling down and pouring salt in the wounds. And it's interesting that  Kamala Harris is now saying, well, we were just kidding about EV mandates. My opponent is saying,  I really don't even like EV mandates. They voted on it time after time after time,  so you can see that their whole narrative is collapsing, they being the Democrats.  And we are winning on issues that matter to people. So our thing is, can we get to enough people  to convince them that we have the right plan, not rhetoric, but the right plan to get them back on track?  And that's why Trump has gone up a couple of points. That's why we're tied.  This looks really good for us. And they're starting to pull out all the stops. They even brought out  Barack Obama into the state. And that just tells you they're in trouble.  END OF CR mentioning s? precise  do what we're getting ready to do.  And so listen, all our goal is here is to say we're going to fix your problems.  You want somebody that cares about you and your family?  You've got to vote Republican this year.  You've got to vote Mike Rogers.  You've got to vote for Donald Trump.  The crowd was electric, and I've never seen such excitement.  And by the way, they weren't all just standard Republicans coming in.  When we talked through the crowd, a lot of people were, you know, used to be a Democrat,  or I still am a Democrat, but I can't vote for the Democrats this time.  And why?  Just think in the last four years, we're now importing more food than we export.  We have the fact that we build more foreign cars in America than domestic cars.  The interest payment on our national debt is going to be bigger than Department of Defense.  And by the way, we just surpassed a trillion dollars in credit card debt,  which means people in Michigan are buying groceries at 23 percent interest.",[],0,1083,0.0,Catch my latest appearance on Newsmax discussing the state of the 2024 Election Cycle!,[],0,14,0.0,0.27527842,0.9431282,0.06808708,0.50709736,centr,0.0072856797,0.002583397,0.0026607532,0.0042202785,none,1,1083,26.28,97.05,38.62,22.54,11.52,14.68,90.49,73.13,58.36,18.56,12.83,1.94,4.71,2.49,0.65,2.68,5.72,15.24,5.45,1.29,13.3,10.34,5.91,6.46,2.4,20.13,4.71,5.17,7.85,5.63,1.2,1.02,23.73,1.66,9.42,2.31,1.39,1.57,0.74,0.83,2.68,0,3.32,1.75,1.57,0.46,0.18,0.28,0,0,0.09,0,17.64,3.32,0.37,0,0.28,0.18,2.03,14.04,0.46,0,0.92,0.09,3.42,2.68,0.37,0.55,3.32,0.09,0.18,1.11,1.94,0.09,1.66,0.28,0.28,0,0,0.09,0.28,0.74,0.18,0.46,0.18,1.85,0,0.18,0,0.28,0.09,0.09,9.7,9.05,0.65,1.2,6.37,0.74,0.46,0.28,4.25,3.51,8.03,2.12,0.74,0.09,0.46,0.18,0,19.76,8.13,6.09,0.55,0,4.62,0.37,0
2024/10/5,Colin Allred,DAuZRaOoaw6,Democratic,Texas,"And then we'd have everybody take a pose with their crazy clothes.  So, yeah, we had some great trips.  Yeah, so we're going to go for the W on November 5th.  I think I know somebody who has negative ribs.  Oh, yeah. Yeah. That's like, you know, you're serving looks.  So you can have negative risks.  But I was in the NFL, and I think I'm not that bad.  This suits her on point.  While they were practicing, we'd put their clothes on hangers,  and we'd put it where everybody could see it.  Oh, okay.  Oh, yeah, I know that one because my wife and I watch, well, she watches and I watch her watch a whole bunch of the reality shows and stuff.  If you get the ick, it's over with.  I mean, I think that's, even for me as an elder millennial, we still say that one.  You know, I think that Warnock is always looking...  Warnock is a sharp dresser, man.  Yeah, I know that one.  That's close, yeah.  When I was in the NFL,  if somebody came in with a crazy outfit,",[],0,186,0.0,I tried to decipher some Gen Z slang with our Young Texans for Allred co-chairs last week. How’d I do? ??,[],0,21,0.0,0.041643735,0.003104647,0.0022534463,0.0030143117,none,0.036183402,0.0023538854,0.0020411995,0.0059607746,none,1,186,4.68,85.18,76.18,14.36,9.3,10.75,93.01,86.02,61.29,26.88,17.74,8.06,3.23,2.69,1.61,1.61,9.14,16.13,5.38,2.15,8.6,11.29,4.84,9.14,0.54,25.27,5.91,3.76,4.3,3.76,0.54,0,20.97,1.61,10.22,5.38,0.54,1.08,2.15,0,2.15,0,3.76,1.08,1.61,1.61,0,0.54,0,0,0,0,13.98,0.54,0,0,0,0,0.54,13.44,0.54,0,2.15,0.54,0,0,0,0,2.15,1.08,0.54,0.54,0,0,1.61,0,0,0,0,0,0,0,0,0,0,1.08,0,0,0,0,0.54,0,9.14,9.14,2.15,2.15,3.76,3.76,0,0,3.23,2.69,6.99,1.08,5.91,0,4.3,1.61,0,29.57,11.29,12.9,0,0,5.38,0,0
2024/10/5,Ted Cruz,DAuZVZTAYc8,Republican,Texas,"Well, look, Colin Allred is running the exact same campaign Kamala Harris is.  They're both hiding in Joe Biden's basement.  Neither one of them does events.  They don't do media interviews.  They do almost no press conferences.  In the last eight weeks, Colin Allred has done one press conference.  In the same time period, I've done 20 press conferences.  Now, there's a reason.  Both Kamala Harris and Colin Allred are desperately running away from their record.  Let me give you an example.  Colin Allred over and over and over again has voted for open borders.  He says, if you think border security is important, Colin Allred says you are a racist.  He calls the border wall, quote, that racist border wall.  He has pledged to personally tear down, quote, that racist border wall.  Right now, he's running millions of dollars of TV ads with him standing in front of the thing he calls that racist border wall.  It's a design.  They want millions of dollars to pretend their record is different than what they are.  I'm proud of my record.  I've spent 12 years fighting to secure the border.  I worked hand in hand with Donald Trump, and we achieved the lowest rate of illegal immigration in 45 years.  Rob, we did it before.  We'll do it again.",[],0,218,0.0,"My leftist opponent Colin Allred is following the Kamala Harris basement campaign strategy.

In the past eight weeks, he’s done 1 press conference while I’ve done 20.

Help me expose this coward’s extreme record by going to crazy-colin.com",[],0,38,0.0,0.9898267,0.008944626,0.009878694,0.71848375,elite,0.99469596,0.033968944,0.03484105,0.9732789,elite,1,218,45.97,69.44,78.55,7.73,9.91,12.84,83.49,65.14,50.92,15.6,11.93,2.75,1.38,1.38,2.75,3.67,3.67,11.93,5.05,3.67,12.39,11.93,3.21,3.21,1.38,19.27,5.05,5.96,4.13,1.83,1.38,0.92,23.85,0.46,5.05,0.92,0.46,0.46,0.92,0,2.75,0,5.05,1.83,3.21,0.92,0.46,0.46,0,0,0,0,15.6,5.05,0,0,0.46,1.83,1.38,9.17,0,0,0,2.75,3.67,1.38,1.83,0.46,4.59,0.46,0.46,2.29,1.38,0,0.92,0,0,0,0,0,0,0,0,0.46,0.46,0,0,0,0,0,1.38,0,4.59,15.14,0.46,1.38,12.84,0.92,0,0,5.05,4.13,10.09,0.46,0,0,0,0,0,21.1,10.09,6.42,0,0,4.59,0,0
2024/10/5,Elissa Slotkin,DAvXgsgg2ix,Democratic,Michigan,"And at the end of the day...  So it is our responsibility to do a couple of things.  Why are we all here?  Right? I'm asking you to talk to that family member, that friend, that neighbor, that colleague,  who maybe you just haven't talked about national politics for four or five years.  I'm deputizing you to say, hey, I know we don't usually talk about this,  but can we have this conversation on what you're thinking about voting?  I'm asking you to have that hard conversation, because if we're going to save this country,  it's going to be with the voters in this area who just aren't sure.  So thank you for caring about your community.  Thank you for caring about your country.  Wear your patriotism on your sleeve, and let's go get them in November.  At the end of the day.  It's our responsibility to be really clear with our neighbors, to be really clear with those friends who maybe we've had like an agreement we don't talk about national politics.  Raise your hand, by the way, if you have a relationship with your family or a colleague or a friend that's gotten uncomfortable because of politics over the years.  And we do what our parents have always taught us.  You look at what people do when no one's watching,  not when they say when they want your vote.  election will be won or lost in places like this, and we understand that.  What I'm telling you is we have a window with those folks right now to have this conversation.  And the conversation is about who is saying something and who is doing something.  We look at what people who they do, not what they say.  When it comes to investing in our infrastructure, one group says it, the other group doesn't.  When it comes to bringing our supply chains back home after what happened in COVID  with the masks and gloves and the chips and the pharmaceuticals,  one group says it, the other group doesn't.  When it comes to investing in Michigan manufacturing and saying  we want to build the next generation of vehicles in Michigan,  one group says it, the other group doesn't.  We know that it can live up to the promise of our founders.  We know that it can be better than it is today.  We know that we don't want to live where Thanksgiving dinner is uncomfortable.  We won't always be here.  But right now, we have to stand up for our country.  We have to wear our patriotism on our sleeve.  We have to reject the pretenders who wrap themselves in the flag and then spit on the values that it represents.  We do that by talking to people, but here's what I'm asking you to do.  I'm deputizing you to have two slightly uncomfortable conversations.  Right? Every single one of us.  And raise your hand if Thanksgiving dinner has become a little uncomfortable  because, God forbid, politics comes up. Right?  We love our country.  And we do that by working.  Why do we come out on a Friday for this kind of rally?  It's because we love our country and we want it to be better.",[],0,536,0.0,"When it comes to investing in our infrastructure and bringing manufacturing jobs back to Michigan, one group says it. The other group does it. That's the message over the final 31 days and if we all have a couple of tough conversations, we're going to win this thing. Let's do this!",[],0,51,0.0,0.0056496155,0.9416793,0.013238049,0.010728516,centr,0.0045127966,0.023928635,0.0018630241,0.002549058,none,1,537,12.91,99,41.57,27.64,13.77,12.85,95.72,78.77,64.62,24.02,14.9,1.3,7.45,3.72,0,1.12,9.12,15.27,5.03,1.49,14.34,11.55,5.77,7.26,2.23,21.97,3.72,2.98,12.1,9.87,0.93,1.49,22.35,0.93,10.24,1.12,1.49,1.3,3.35,0.56,3.35,0,2.79,1.68,1.12,1.12,0.37,0.74,0,0,0,0,25.33,6.33,0.74,0.37,0.19,0.37,4.66,18.06,0.74,0.56,0,0,1.3,1.3,0,0,2.79,0,0.74,1.86,0.37,0.19,1.68,0.37,0.19,0,0,0,0,0.37,0,1.12,0.74,0.37,0,0,0,0.19,0.19,0,10.8,7.82,0.56,1.68,6.52,0.56,0,0.19,4.28,1.49,8.01,2.05,0.19,0.19,0,0,0,17.13,6.52,4.84,1.12,0,4.66,0,0
2024/10/5,Colin Allred,DAvy8fJpsmT,Democratic,Texas,"My mom was a Texas public school teacher for 27 years, most of that in Dallas ISD.  And my aunt was also a public school teacher teaching in Plano ISD.  So I've seen up close and personal how hard our teachers work.  and that we don't pay them enough.  Hey, Texas, happy World Teachers Day.  I myself am a product of our Texas public schools.  And it's because of my teachers and my coaches who went way above and beyond that I've been able to chase my version of the American dream.  I know I wouldn't be here without my teachers.  And so I will always fight for and invest in our public education system because it's an investment in our future and in each other.  So I just want to say thank you to all the teachers out there in Texas and wish you a very happy World Teachers Day.",[],0,151,0.0,"As the son of a retired Dallas public school teacher, I know how hard our teachers work for our kids, and how we don’t pay them enough. I will always have your back in the Senate. Happy #WorldTeacherDay!",[],0,38,0.0,0.005167106,0.97130156,0.124849856,0.008868781,centr,0.014261635,0.98808575,0.6137811,0.017583743,centr,1,151,18.31,70.77,91.9,39.53,15.1,13.91,94.04,73.51,59.6,18.54,15.23,9.27,3.31,1.32,0,0.66,3.31,16.56,4.64,0.66,13.25,7.95,7.95,10.6,1.32,13.25,7.95,3.97,5.96,3.97,1.32,0.66,17.22,1.32,6.62,1.32,1.99,1.99,0,0,1.99,0,2.65,1.99,0.66,1.32,1.32,0,0,0,0,0,16.56,3.31,0.66,0.66,0.66,0,1.99,13.25,1.32,0,1.32,0,0.66,0,0.66,0,11.92,0,0,11.26,1.99,0,0,0,0,0,0,0,0,0,0,0,1.32,0,0,0.66,0,0,0,0,6.62,13.25,0,1.32,10.6,0.66,0,0.66,3.31,4.64,2.65,1.99,0.66,0.66,0,0,0,12.58,6.62,1.99,0,0,3.97,0,0
2024/10/5,Dave McCormick,DAv5H4OPwWp,Republican,Pennsylvania,"Yeah, but it's a great...  hay and then it gets baled and you stack it at the barns you feel like you really accomplished  Well, family hay, I mean, the hardest part is you do it on a sticky summer day.  First of all, you get hay.  and we grew Christmas trees, and then they break along as I work.  sense of accomplishment, just when you start with a feel. ????多??  I loved having a family farm. We didn't actually live on the farm. We lived in the town.  But my folks had horses on it.  Emma, good to see you.  Thanks so much.  Thanks for being here.  because of the culture that goes with farming.  So we need to deregulate, make it easier for farmers.  We need to make it easier to transfer farms.  The tax policy that makes it easier to pass to the next generation.  baling hay and trim Christmas trees in the summers.  And it was shoveling around, you know what?  Of course, of course.  It was awesome.  I loved it.  And we still have that family farm today.  And it's been in our family since 1975.  So it's really a special part of our life.  Yeah.  Everywhere.  All over you, and it's down your shirt and in your underwear and everything else.  And then when you're putting it in the barn, as you know, you're pushing up,  so you're stacking it under the very top of the loft.  Right.  And so if you get that duty where you're at the very top, man, you're breathing in that.  You know, we have a bountiful agriculture industry in Pennsylvania.  It's the biggest industry, 52,000 farms.  But we're losing farms.  We had 65,000 or something like that 10 years ago.  So it's a really important part of our Commonwealth, not just because of the jobs and the income.  So glad to be here with you, Emma.  Thanks for doing this.  That's, you know.  working families. So prices are going up. It's making it harder for families to make it work.  It's like really nice.  back in schools.  Yes, for sure.  I agree.  Right now we've got like 5,000 dairy farms,  but it's hard for them because of Michelle Obama taking them to the milk house schools.  The guy running it, Spock Casey, has been opposed to that until election year.  He just changed his mind on it a couple weeks ago.  Yes, so it is very hard.  So you're, you know, for the next two days, you're blowing your nose with hay and coughing up hay.  Yeah, for sure.  So we need people that support pro-ag policies.  And another thing we've got to do is get inflation down.  100%  Because it's squeezing.",[],0,454,0.0,"Had an awesome interview today with Mr. Dave Mccormick at Keystone International Livestock Exposition. He is in the running for US Senate. Cannot thank him enough for stopping at the Sullivan Supply trailer and having a chat with everyone! Very awesome opportunity!!??

@davemccormickpa 

#USSenate #interview #davemccormick #livestock #agriculture #keystoneinternationallivestockexpo",[],0,49,0.0,0.0069702086,0.010934089,0.004337142,0.0016193575,none,0.016521597,0.002582418,0.003350987,0.0026523909,none,1,454,19.35,98.67,46.38,80.7,8.25,11.67,90.09,76.87,59.91,20.48,11.23,1.32,3.3,5.51,0.44,0.66,9.25,11.01,5.73,1.76,14.1,9.03,7.71,10.13,0.44,17.84,5.29,3.74,6.39,4.63,1.32,0.44,23.57,1.32,10.35,1.98,2.42,0.66,0.66,1.98,2.86,0,4.85,4.41,0.44,1.1,1.1,0,0,0,0,0,14.76,1.98,0.88,0.66,0.22,0.22,0.66,12.33,1.54,0,0,0.88,0.22,0.22,0,0,3.96,0,0.44,2.64,0.66,0.44,1.54,0.22,0,0,0,0,0,0.44,0,0.66,0,1.54,0,0.22,0,0,0.22,0,11.67,8.81,0,1.32,5.73,0.22,0,1.54,5.51,3.52,6.83,0.22,1.32,0,1.32,0,0,26.43,12.11,7.49,1.54,0,4.85,0.44,0
2024/10/5,Kari Lake,DAweL6-tZIu,Republican,Arizona,"My opponent, before he got into politics, which was a brief little moment, decided to  open a bank for illegal immigrants.  And while he was there, turns out he built primarily Latino immigrants out of their life  savings.  He went on to work for an ambulance company that ended up being under federal investigation  for defrauding Medicare.  And he worked at the city hall.  He actually had many accusations of harassment, one by a 20-year-old female intern.  When she complained about the harassment at the hands of Ruben Gallego, he got her fired.  He went over to the legislature, and he was called the troll by his own colleagues  because of the way he treated women, belittling them, screaming at them.  He even had a sexual harassment charge against him.  This is his experience, by the way.",[],0,137,0.0,Ruben Gallego: A Hot-Headed Troll That Defrauds & Harasses The Most Vulnerable Among Us,[],0,14,0.0,0.9944929,0.045859758,0.72869784,0.37612826,elite,0.8933212,0.19449547,0.04042196,0.0036597557,elite,1,137,83.62,98.42,1.36,1,15.22,21.9,94.16,69.34,58.39,16.79,14.6,0.73,0,0,11.68,2.19,2.19,15.33,8.76,1.46,18.98,5.11,4.38,5.11,0,12.41,5.11,2.19,7.3,0.73,1.46,5.11,16.06,0,5.11,1.46,0.73,0,0,0.73,1.46,0,6.57,0,6.57,0.73,0,0.73,0,0,0,0,25.55,5.84,0,0,4.38,0.73,1.46,18.25,0,0,2.92,10.22,6.57,5.84,2.92,0,7.3,0,0,5.84,2.19,0,2.92,1.46,0.73,0,0,0,0.73,0,0,0,0,1.46,0,0,0,0,0.73,0,4.38,10.22,0,2.19,7.3,0,0.73,0,4.38,8.76,1.46,0,0,0,0,0,0,15.33,6.57,7.3,0,0,0,1.46,0
2024/10/5,Dave McCormick,DAwjHSfOJXk,Republican,Pennsylvania,"The terrible injuries, almost life-threatening injuries of David Dutch and James Copenhaver.  And they're so glad that they're okay and that they're...  We're also here to mourn.  and saw the tragedy  well on the way to full recovery.  that many of us were here.  I was sitting right over here.  really here in sorrow.  And also to honor and thank and commemorate the first responders that saved us from.  even more terrible tragedy on that day.  to mourn the loss of Corey Comperator.  Play out on that day.  Let's give the first responders a hand.  Thank you.  But not only mourn his loss to honor.  of everything about America. He was a role model for everything that's great about  Hard to believe that it was just almost three months ago.  It is hard to believe.  this incredible country.  honor who he was because he's sort of the best.",[],0,148,0.0,"Today in Butler, we honor Corey Comperatore and his family.

We honor David Dutch and James Copenhaver.

We honor the first responders who stepped up on that tragic day.

Their bravery and sacrifice will never be forgotten.",[],0,37,0.0,0.0019089888,0.6079877,0.011860948,0.004026071,centr,0.0026964738,0.9665442,0.06412304,0.012683274,centr,1,148,22.9,91.56,9.25,20.23,7.79,14.86,95.27,78.38,63.51,18.24,9.46,0.68,2.7,0.68,2.7,2.03,8.78,16.22,6.08,2.03,14.86,8.78,11.49,8.11,0.68,14.86,10.14,6.08,6.76,2.7,2.7,1.35,21.62,1.35,8.11,1.35,2.03,0,2.7,0.68,1.35,0,17.57,8.78,8.78,6.08,0.68,5.41,0,0,4.05,0,16.22,6.76,1.35,1.35,0,2.03,2.7,10.14,0,0,0,2.7,0.68,0,0.68,0,0.68,0.68,0,0,0,0,5.41,2.7,0.68,0,0,0,0,0,2.03,0,0,0,0,0.68,0,0,2.7,0,9.46,9.46,0,0,7.43,0.68,0,1.35,2.7,4.73,6.08,0,0.68,0,0.68,0,0,20.27,14.19,0.68,0,0,4.73,0.68,0
2024/10/5,Bob Casey,DAwmlQGtwe3,Democratic,Pennsylvania,"When they came forward,  To overturn Rho,  Look, I know he's going to continue to brag about his record as a hedge fund CEO.  At the same time he was doing that, I was passing legislation with Pat Toomey to get tougher on predators who are targeting miners.  The decision was made.  He silenced women.  So let's talk a little more about that.  He's also a hedge fund CEO who silenced women.  to make allegations about sexual harassment.  his reaction was that that decision made him, quote, very, very happy, unquote.  So that's where he's been on this issue.",[],0,99,0.0,"Pennsylvania, Dave McCormick is an out-of-touch, out-of-state sleaze who would rubber stamp an anti-choice, pro-billionaire, batsh*t MAGA agenda in the Senate. 

Help us stop McCormick and re-elect Bob Casey ?? votesaveamerica.com/senate
#VoteSaveAmerica #Election #Senator",[],0,34,0.0,0.9769334,0.00788755,0.8888035,0.0068929177,elite,0.9969784,0.14744283,0.90140516,0.3066435,elite,1,99,16.72,96.98,1,10.27,11,16.16,86.87,67.68,53.54,20.2,14.14,2.02,1.01,0,8.08,1.01,6.06,14.14,5.05,0,13.13,12.12,10.1,5.05,0,22.22,6.06,2.02,6.06,1.01,0,5.05,22.22,0,8.08,3.03,4.04,0,0,0,1.01,0,3.03,1.01,2.02,1.01,1.01,0,0,0,0,0,18.18,2.02,0,0,1.01,0,1.01,16.16,0,0,2.02,8.08,1.01,1.01,0,0,4.04,0,0,2.02,2.02,0,1.01,0,0,0,0,0,1.01,0,0,0,0,1.01,0,0,0,0,0,0,6.06,7.07,1.01,2.02,2.02,1.01,2.02,0,3.03,8.08,6.06,2.02,0,0,0,0,0,22.22,9.09,8.08,0,0,5.05,0,0
2024/10/5,Colin Allred,DAwobKhS9Jb,Democratic,Texas,"We can do it. We can do it as Texans.  I'm looking forward to, as we're doing now, going around the state, introducing myself to folks,  telling them what my vision for our state can be, and hopefully folks will agree.  Well, I'm a normal person. I was raised by a single mother, was a public school teacher.  I went to public schools in Dallas. I've done voting rights and worked in the Obama administration  and served our state in Congress. I care about our state, even the folks who disagree with me.  It is possible to bring us together to talk about the common bonds that we share.  We might come from different backgrounds, but there are things that we share and that we spend all of our time focused on the things that we disagree on.  We won't get anything done on the things that we do agree on.",[],0,151,0.0,The @colinallred rally at Tulips today left us feeling hopeful ???? have YOU registered to vote yet?,[],0,17,0.0,0.002547531,0.7933087,0.013419812,0.0080659045,centr,0.007122484,0.0052253306,0.0020386814,0.0030520994,none,1,151,15.76,99,22.23,29.12,13.73,11.26,94.7,79.47,65.56,25.83,17.22,5.96,9.93,0,0,0.66,8.61,13.91,5.96,0.66,14.57,13.91,5.3,4.64,0.66,22.52,4.64,1.32,15.23,12.58,0.66,1.99,17.88,0.66,6.62,0,0,2.65,2.65,0,1.32,0,3.31,1.99,1.32,0.66,0.66,0,0,0,0,0,21.85,6.62,0.66,0,1.32,0,1.32,15.23,2.65,0,0.66,0,1.32,1.32,0,0,5.3,0,0,3.97,1.32,0,0,0,0,0,0,0,0,0,0,0,0.66,0.66,0,0,0,0,0,0,3.97,9.27,0.66,3.31,4.64,1.32,0,0,1.32,5.3,5.96,3.31,1.32,0,1.32,0,0,16.56,7.28,5.96,0,0,3.31,0,0
2024/10/5,Dave McCormick,DAwqgMXOdhv,Republican,Pennsylvania,"I was born in Washington County.  My dad was born in Indiana County.  My mom was born in Punxsutawney.  A seventh generation Pennsylvanian.  is going to determine what kind of Pennsylvania we want for our great Commonwealth.  I like to say that because it reminds me of Punxsutawney Bob, my opponent.  And someone who's been a 99 percent vote for the radical liberal agenda of Biden and Harris that's taking our country over a cliff.  Someone who's an outsider, someone who's a businessman, someone who went to West Point,  someone who served in the 82nd Airborne Division in Iraq.  And that's also a choice.  Who's a career politician?  30 years in elected office.  when we need strength.  This race for the Senate.  against someone  It's a choice between...  Someone who is weak.",['politici*'],1,132,0.007575758,"I’m a combat vet, outsider & PA job creator fighting to pull our commonwealth and country back from the cliff.

Bob Casey is a weak career politician who votes 98% of the time with Harris’ liberal agenda.

This is election is a choice — and in 31 days we will choose STRENGTH.",['politici*'],1,52,0.019230769,0.9767829,0.48204893,0.03358918,0.9878257,right,0.9866527,0.33297586,0.058475208,0.9816522,right,1,132,49.68,94.21,66.42,30.55,8.8,25,84.85,67.42,55.3,23.48,12.88,4.55,3.03,0,0,0,10.61,15.91,8.33,3.03,14.39,9.85,1.52,4.55,0,18.18,3.79,2.27,8.33,4.55,0,3.79,28.03,0,12.88,2.27,0.76,1.52,5.3,0,2.27,0.76,2.27,1.52,0.76,0,0,0,0,0,0,0,17.42,0.76,0,0,0,0,0.76,15.91,1.52,0,0.76,0.76,4.55,4.55,0,0,2.27,0,0,2.27,0.76,0,0.76,0.76,0,0,0,0,0,0,0,0.76,0.76,0.76,0,0,0,0,0,0,3.79,8.33,0,0.76,7.58,0,0,0,4.55,6.82,6.82,1.52,0,0,0,0,0,21.21,12.12,3.03,0.76,0,5.3,0,0
2024/10/6,Colin Allred,DAw3jhUPC0Y,Democratic,Texas,"Hey everybody, I'm Cory Booker. I'm a former mayor. I once ran into a fire to save some folks.  I'm a Rhodes Scholar and a Stanford football player.",[],0,28,0.0,Proud to have the support of my friend @CoryBooker in this Senate race! Chip in $5 to help us beat Ted Cruz.,[],0,22,0.0,0.008870844,0.004006073,0.0022194996,0.0035113264,none,0.0056829723,0.020404588,0.0027405703,0.0025455928,none,1,28,56.86,21.49,99,,7,14.29,78.57,60.71,50,17.86,14.29,14.29,0,0,0,0,3.57,21.43,14.29,3.57,7.14,10.71,3.57,3.57,0,14.29,3.57,7.14,0,0,0,0,21.43,3.57,3.57,0,0,0,0,0,3.57,0,0,0,0,0,0,0,0,0,0,0,17.86,3.57,0,0,0,0,3.57,14.29,3.57,0,0,0,3.57,3.57,0,0,7.14,3.57,0,3.57,0,0,0,0,0,0,0,0,0,0,0,0,0,0,0,0,0,0,3.57,0,7.14,7.14,0,3.57,3.57,0,0,0,7.14,7.14,10.71,0,3.57,3.57,0,0,0,28.57,14.29,3.57,0,0,10.71,0,0
2024/10/6,Dave McCormick,DAySF1JulAj,Republican,Pennsylvania,"But but listen, Senator Casey, Senator Casey stood next to Joe Biden when he could hardly finish a sentence.  We saw this on the debate stage and said he's ready to go.  Then Senator Casey said Kamala Harris is great. You're going to love her when you get to know her.  This is a woman who in the last few years says she wanted to ban fracking, legalize illegal immigration, give them federal benefits, take away our guns, defund the police.  This is her position. So she's flip flopped on everything.  And Bob Casey standing there by her and he will be a sure vote.  He is a career politician. He has shown weakness when we need strength.  He's a ninety nine percent vote for his party. He's talking about my independence.  He showed no independence and he's adopted a set of extreme liberal policies that are truly taking our country in the right direction.  So he and I agree this is a big contrast between the two of us.  A political outsider. You're at a graduate and a businessman.  Thank you, Mr.",['politici*'],1,183,0.005464481,"This is a big contrast between the two of us — a career politician versus a political outsider, West Point graduate, and a businessman.",['politici*'],1,24,0.041666667,0.9906026,0.039306987,0.016668003,0.95875865,elite,0.00819138,0.0053540776,0.002215485,0.0028169628,none,1,183,24.45,98.9,1,44.83,10.76,18.03,88.52,68.85,54.64,19.67,16.39,1.09,2.73,2.19,9.29,0.55,3.28,18.03,8.2,1.64,8.74,9.29,5.46,7.65,0.55,18.58,4.37,3.83,9.29,3.28,1.09,4.92,21.31,1.09,6.56,0.55,0,1.64,0.55,0.55,3.28,0,4.92,3.28,1.64,0.55,0.55,0,0,0,0,0,23.5,6.56,0.55,1.09,0,0,3.28,16.94,0,0,3.83,6.56,5.46,5.46,0,0,3.28,1.64,0,1.64,0.55,0,1.09,0,0,0,0,0,0,1.09,0,0.55,0.55,2.19,0,0,0,0.55,0,0,7.1,8.2,0.55,0.55,6.56,1.09,0.55,0,3.83,3.28,8.74,2.73,0.55,0,0.55,0,0,16.94,9.29,3.83,0,0,3.83,0,0
2024/10/6,Dave McCormick,DAypShqO-Hp,Republican,Pennsylvania,"This is an election which is a choice between strength, like we saw on the stage with President Trump and Butler,  versus weakness and common sense policies to get our economy back on track,  secure our borders, open up our energy sector, versus this radical liberal agenda of Kamala Harris.  And Bob Casey is a 99% vote.  He's a sure thing, a weak career politician supporting this liberal agenda.  So I feel like it's moving in President Trump's direction and my direction.  And I think the voters of Pennsylvania are going to come our way on Election Day.",['politici*'],1,98,0.010204082,"We need common sense and strength in Washington. 

Bob Casey is a weak, career politician who is a sure vote for Kamala Harris’ liberal agenda that’s destroying our economy and opening our borders.

Great to be on @SundayFutures with @ByronDonalds!",['politici*'],1,40,0.025,0.98232275,0.3541997,0.0511125,0.9930841,right,0.99035865,0.21686101,0.1081613,0.99411607,right,1,98,78.57,83.6,83.42,10.19,19.6,18.37,84.69,60.2,47.96,15.31,9.18,3.06,5.1,0,1.02,0,6.12,15.31,7.14,1.02,15.31,6.12,1.02,6.12,0,14.29,5.1,1.02,13.27,5.1,0,8.16,14.29,0,7.14,4.08,0,0,0,0,3.06,0,3.06,1.02,2.04,0,0,0,0,0,0,0,9.18,0,0,0,0,0,0,9.18,0,0,0,2.04,9.18,9.18,0,0,3.06,0,0,2.04,1.02,0,1.02,1.02,0,0,0,0,0,0,0,0,0,1.02,0,0,0,0,1.02,0,9.18,15.31,0,2.04,11.22,1.02,0,2.04,1.02,1.02,7.14,2.04,0,0,0,0,0,15.31,5.1,6.12,0,0,3.06,1.02,0
2024/10/6,Kari Lake,DAzEOUPtrlS,Republican,Arizona,"Hey guys, I'm here at the grocery store picking up some food.  I am absolutely stunned and I know you are as well.  This is a little bit of ground beef hamburger and it is selling for $13.  This is outrageous.  This is only because the Democrat policies are rotten and they're destroying our economy  and they're hurting our families.  We can turn this around and we can do it when we vote.  Get your ballot, vote Republican from top to bottom and let's save America.",[],0,86,0.0,Vote RED! ????,[],0,3,0.0,0.9836331,0.4240193,0.014225045,0.8871773,elite,0.007698142,0.0042208075,0.0017280697,0.004915506,none,1,86,2.28,99,16.67,1,12.29,18.6,96.51,73.26,61.63,22.09,15.12,3.49,6.98,2.33,0,2.33,6.98,12.79,3.49,1.16,9.3,16.28,6.98,10.47,0,22.09,4.65,3.49,9.3,8.14,0,1.16,19.77,0,5.81,1.16,1.16,2.33,0,1.16,0,0,6.98,1.16,4.65,2.33,0,1.16,0,0,0,0,16.28,2.33,0,0,0,1.16,1.16,13.95,1.16,0,0,1.16,5.81,5.81,0,0,3.49,0,0,0,3.49,0,5.81,0,0,0,0,0,0,4.65,0,0,0,1.16,0,0,0,0,1.16,0,6.98,11.63,1.16,2.33,6.98,0,0,1.16,1.16,0,15.12,0,2.33,1.16,1.16,0,0,16.28,8.14,2.33,0,0,4.65,1.16,0
2024/10/7,Ted Cruz,DA0_C94R3SS,Republican,Texas,"On today's podcast, Verdict with Ted Cruz, we examine what happened on October 7th and what has happened in the year that follows.  Today is the one-year anniversary of October 7th.  We also have a special guest on today's podcast, Sean Theory.  She is an elected Democrat state rep in Texas, elected four times as a Democrat.  the consequences that are playing out, the horror, the evil, but also the clarity that came from it.  Also, the victories against Hamas and Hezbollah that came from it.  We break it all down in today's podcast.  One of the darkest days in human history.  And representative theory has changed her party to the Republican Party.  She left the Democrat Party.  She said enough is enough.  They've gone too radical.  They've gone too extreme.  They've abandoned common sense.  They're not willing to protect children and keep children safe.  We sit down with Sean.  She tells her story.  It's powerful.  It's something the media won't tell you.  You're going to want to hear this.  You can hear it all.  You can see it all.  Download Verdict with Ted Cruz wherever you get your podcasts.  The year since then, we have seen Israel change profoundly.  We have seen America change profoundly.  We have seen the world change profoundly.  A year ago today, 1,200 Israelis were murdered by vicious genocidal terrorists.  251 hostages were taken.",[],0,229,0.0,"October 7-One Year Later, How It Changed the World, plus Democrats Fleeing their Party, Rep. Shawn Thierry’s Journey. 

Don’t miss @benfergusonpodcast , Rep. Shawn Thierry, and I break it all down on Verdict.",[],0,33,0.0,0.95547426,0.023348236,0.002523663,0.35826948,elite,0.09644914,0.0014941806,0.0021079148,0.005412272,none,1,230,48.8,98.19,29.9,11.39,8.21,22.17,90.43,67.39,51.3,16.52,10,0,3.04,2.61,2.61,1.74,6.52,14.78,7.39,2.61,10.87,9.57,3.04,5.22,0.87,20,5.65,6.09,6.96,4.35,0.43,2.61,25.65,2.17,7.39,1.74,2.61,1.3,0.43,0,1.3,0,6.96,3.04,3.91,0.87,0,0.87,0.43,0,0,0,16.52,4.78,0,0,1.3,0.43,1.74,12.17,0,0.43,2.61,0,4.78,3.48,0.87,0.43,3.48,3.48,0,0,0,0,0.87,0,0,0,0,0,0,0,0.87,0,0.43,1.3,0,0.87,0,0,1.3,0.43,10,10.43,0.43,1.74,4.78,2.17,0.87,0.43,9.57,8.26,8.26,1.3,0,0,0,0,0,22.17,12.17,4.78,0,0,4.78,0.43,0
2024/10/7,Colin Allred,DA1Xo-VpMIM,Democratic,Texas,The third component is finding a pathway out of the shadows for the folks who've been here for some time.  I've been the most bipartisan  sexton in Congress.  Also we'll make sure we invest in economy.  The first part of it is to have a secure border.,[],0,47,0.0,"Desde abordar nuestra crisis fronteriza hasta reducir los gastos diarios, Texanos necesitan un senador que pueda ofrecer soluciones. Ted Cruz solo quiere jugar juegos pol?ticos, y por eso lo vamos a despedir en noviembre.",[],0,34,0.0,0.0022638147,0.6262436,0.33213383,0.017792461,centr,0.73280966,0.4239697,0.010601174,0.01156665,none,1,47,92.17,76.11,71.66,,11.75,14.89,93.62,70.21,63.83,8.51,6.38,2.13,4.26,0,0,0,2.13,23.4,14.89,4.26,17.02,14.89,4.26,2.13,0,17.02,8.51,10.64,6.38,4.26,0,2.13,19.15,0,4.26,2.13,0,0,0,0,2.13,0,0,0,0,0,0,0,0,0,0,0,8.51,2.13,2.13,0,0,0,0,6.38,2.13,0,0,0,4.26,4.26,0,0,6.38,0,0,4.26,4.26,0,0,0,0,0,0,0,0,0,0,0,0,0,0,0,0,0,2.13,0,8.51,19.15,4.26,0,12.77,2.13,0,0,2.13,6.38,4.26,6.38,0,0,0,0,0,14.89,8.51,0,0,0,6.38,0,0
2024/10/7,Bob Casey,DA1ctzYiYQL,Democratic,Pennsylvania,"Hey, I'm Bob Casey. We're here in Philly tonight at the Met with Pod Save America.  Thanks for being here, guys.  Thanks for having us. Thanks for being on the show.  Good to be here with my fellow Holy Cross alum.  Senator Casey is in the race of his life.  He really needs all of you to donate because we cannot keep the Senate if we don't reelect Bob Casey.  And he's running against someone who has one of the biggest, most expensive super PACs we've ever seen in any Senate race,  funneling millions and millions of dollars.  So he needs your help. Please donate.",[],0,105,0.0,"Pennsylvania is the battleground state of this election cycle and the tipping point for the Senate and the White House.

Thanks to @pfeiffer3342, @jonlovett, @jfavs, @tommyvietor, and @PodSaveAmerica for highlighting the stakes of this race.",[],0,35,0.0,0.00835926,0.058964852,0.0035544306,0.0020219146,none,0.009681543,0.0037437428,0.002627868,0.002692526,none,1,105,48.23,96.04,2.86,99,9.55,13.33,87.62,73.33,58.1,14.29,13.33,1.9,4.76,1.9,3.81,0,0.95,13.33,4.76,2.86,16.19,11.43,5.71,4.76,1.9,20.95,4.76,6.67,12.38,8.57,0,3.81,18.1,1.9,8.57,0,0.95,2.86,2.86,0.95,2.86,0,8.57,8.57,0,0.95,0.95,0,0,0,0,0,22.86,8.57,6.67,3.81,0,0,3.81,13.33,0,0,0,4.76,3.81,3.81,0,0,4.76,0,0,0,3.81,0.95,0,0,0,0,0,0,0,0,0,1.9,0,0,0,0,0,0,0.95,0,7.62,9.52,0,1.9,5.71,1.9,0,0,1.9,2.86,8.57,0,0.95,0.95,0,0,0,19.05,10.48,3.81,0,0,4.76,0,0
2024/10/7,Kari Lake,DA1ob-XieJM,Republican,Arizona,"Jews who are going to school just to get an education and now feeling threatened on college campuses.  So today we do honor the dead who were taken from us a year ago.  of anti-Semitic behavior.  and Jews on college campuses.  I can't help but to think if President Trump were in the White House, none of this would have happened.  I'm certain that none of this would have happened.  We want their memories to be a blessing for all, but we also have to go forth and push for  What has happened since that attack in America is something I never thought I would see, an outlash.  Peace in the Middle East once again.  launched at Jews living here, Jewish citizens here.",[],0,123,0.0,"Today, we honor the dead who were taken from us a year ago. 

We want their memories to be a blessing for all, but we also have to go forth and push for peace in the Middle East once again. 

None of this would have happened if President Trump were in the White House.",[],0,54,0.0,0.005060502,0.6562712,0.121872455,0.0077774078,centr,0.001124864,0.5265969,0.043237776,0.00560563,centr,1,123,23.67,44.88,70.82,44.6,13.67,17.89,95.12,74.8,60.16,15.45,8.94,3.25,3.25,0,0,0.81,6.5,13.01,5.69,0.81,14.63,12.2,8.13,7.32,3.25,22.76,4.07,4.07,7.32,4.07,0.81,2.44,27.64,3.25,11.38,2.44,0.81,4.07,1.63,0,3.25,0.81,4.88,3.25,1.63,0,0,0,0,0,0,0,11.38,4.07,0.81,0,1.63,0.81,0,7.32,0,0,0,0,4.88,1.63,3.25,0,9.76,0,0.81,4.88,0,4.07,1.63,0,0,0,0,0,0,0,0.81,1.63,0.81,1.63,0,0,0,0,0.81,0,8.13,11.38,0,2.44,7.32,1.63,0,0.81,6.5,5.69,5.69,3.25,0,0,0,0,0,13.01,7.32,3.25,0,0,1.63,0.81,0
2024/10/7,Kari Lake,DA1onbbB8Un,Republican,Arizona,"after the October 7th attack.  They gave Iran hundreds of billions in sanction relief, credit, and cash.  Ruben Gallego voted for hundreds of billions for Iran in sanction relief.  Terrorist cells have the money they need to attack.  who has actually worked to make sure that  Interesting how things disappear on his website.  They met with many people.  So this was a meeting with military and government officials while they were there.  The money to fund the terror attack on October 7th went through Qatar.  And during COVID,  after Ruben Gallego took this all-expense-paid trip to Qatar.  It's definitely unethical what he has done.  And when you think back to where we were under President Trump...  Maybe you will remember this.  Rubin went on an $84,000 all-expense paid vacation slash honeymoon  with his friend Eric Swalwell, who might be noted slept with a Chinese spy.  We were in such a safe place.  The Abraham Accords were happening, which was out of cash.  And they're flush with cash because of Kamala Harris, Joe Biden, and my opponent, Ruben Gallego.  So in 2021, he voted against providing Israel with emergency funding for its Iron Dome missile defense system  as Hamas was actively targeting Israeli citizens while authorizing $6 billion to Iran.  And then that money, by the way, which authorized Iran to make...  The world is on fire because of Joe Biden, Kamala Harris, and my opponent, Ruben Gallego.  It's amazing when you look at Ruben Gallego's voting record.  It's actually quite shocking.  In 2020, Gallego called then Secretary of State Mike  Pompeo to provide, called for him to provide USAID to Gaza  and end the anti-Hamas blockade, while claiming  Hamas had only, quote, some measure of responsibility  for what happened in Gaza.  along with his lobbyist wife.  They stayed at a five-star resort.  During his vacation to the country,  So Cutter ended up getting some money and business from it.  And it's only a matter of time before they could attack here in America.  And in May of 21, Gallego called for a ceasefire between Israel and Hamas,  which he quietly deleted off his website.  His anti-Israel votes are appalling.  I'm going to make sure that each and every one of you get it.  A listing of his anti-Israel votes.  He votes with Ilhan Omar and the squad every single time when it comes to Israel.",[],0,395,0.0,"The world is on fire because of Joe Biden, Kamala Harris, and my opponent Ruben Gallego. 

They have alienated our allies and emboldened our enemies. 

They funded terrorism.

It's shocking when you look at Ruben Gallego's voting record.

Let me walk you through it",[],0,44,0.0,0.99562657,0.008903756,0.27633086,0.8825751,elite,0.9913462,0.006242658,0.012631679,0.25880364,elite,1,395,69.39,84.3,8.72,23.43,12.74,21.01,80.51,62.03,53.42,12.66,7.59,0.76,0.51,1.01,3.04,1.77,5.06,12.66,4.56,3.54,17.22,6.33,4.56,8.1,0,14.18,2.28,3.8,4.81,1.52,0.25,3.04,18.99,0.51,5.57,1.01,1.27,0.51,1.01,0.76,1.01,0.76,4.56,2.28,2.03,1.01,0.25,0.51,0.25,0,0,0,12.66,4.3,0.25,0,1.01,0.25,1.01,8.61,0.51,0.51,0.25,3.04,4.81,3.8,0.51,0.51,5.32,0.76,0,1.77,3.04,0,0.51,0.25,0.25,0,0,0,0,0,0,0.51,0,0.76,0,0,0,0,0.25,0.25,4.81,7.59,1.27,0.76,5.57,0.25,0.25,0,5.06,7.34,3.29,2.28,0,0,0,0,0,18.73,8.86,5.82,0,0,1.77,2.28,0
2024/10/7,Kari Lake,DA1q7S2I-J5,Republican,Arizona,"whose votes, as Rick Grinnell said, have caused wars.  lack of professionalism, his voting record.  Many people say it will decide whether America can survive.  This is an important election.  And so it was so incredible.  And I'll never forget when the Abraham Accords were starting to take shape.  And Ambassador Grinnell was a part of making that happen.  And the beautiful thing is we can have that again.  And it's up to the media to be journalists once again and do the job of looking closely at Ruben Gallego's voting record.  that there was no way possible to ever have peace in the Middle East.  It was just impossible.  But look at his record on everything, from the open borders, wide open borders.  which has empowered the cartels, to funding sanctuary cities,  to defunding the police and making our neighborhoods less safe,  and taking away...  qualified immunity for police so they don't have that protection which makes it harder for them to go out and do their jobs.  We were brought up and that was the message that we were given.  His personal life, his...  And it's up to the media to start looking closely at his record.  And we've shared with you just a bit of it when it comes to how he has voted,  when it comes to the Middle East and Israel.  less than a month away from the election.  And I'm asking the media to start looking closely at Ruben Gallego.  We can have that again when we get out and vote.  We cannot vote for radicals like Ruben Gallego.  And I have to admit, I believed that because that was just the way.  No, I should say that growing up in the 80s, I was always told, and maybe some of you who are my age or older,",[],0,304,0.0,"I'm asking the media to start looking closely at Ruben Gallego. His sordid personal life, his disturbing lack of professionalism, and his radical voting record. 

This is an important election. Many people say it will decide whether America can survive. 

It's up to the media to be journalists once again and do the job of vetting Ruben Gallego.",[],0,58,0.0,0.9877828,0.18415882,0.051680483,0.97601265,elite,0.89701134,0.009109026,0.004062477,0.04141021,elite,1,304,20.07,67.07,59.23,44.92,12.67,15.13,91.45,80.59,63.16,17.11,9.21,2.3,2.63,0.66,1.97,0.99,7.89,14.47,6.25,0.66,13.82,11.51,7.57,9.87,1.64,23.36,6.25,2.96,5.26,3.29,0.33,1.64,23.36,2.3,8.55,1.32,1.97,1.97,0.99,0,2.96,0.33,2.3,1.97,0.33,0,0,0,0,0,0,0,11.84,2.96,0,0,0,0,1.97,8.22,0,0,0,1.97,2.96,2.96,0,0,2.3,0,0.33,1.64,0.33,0,0.33,0.33,0,0,0,0,0,0,0,0.66,0,0.99,0.99,0,0,0,0.66,0,6.58,11.51,0.33,1.32,9.87,1.32,0,0,5.59,6.25,5.92,1.32,0,0,0,0,0,16.12,8.88,4.93,0,0,2.3,0,0
2024/10/7,Eric Hovde,DA1s1N3Obwc,Republican,Wisconsin,"I'm Eric Hovde. I approve this message. It's time for a change.  when she can't run on her record.  Her record is radical, extreme, and wrong.  Whenever I turn on the TV, I have to laugh at the latest attacks on me.  But what else should you expect from a career politician like Tammy Baldwin?  or giving illegal immigrants taxpayer-funded checks,  or forcing girls to compete against guys in high school sports.  She doesn't want to talk about voting no against cutting taxes on Social Security benefits.",['politici*'],1,87,0.011494253,"Whenever I turn on the TV, I have to laugh at the latest attacks on me.

But, what else should you expect from a career politician like Tammy Baldwin?

It’s time for change.",['politici*'],1,33,0.03030303,0.9954573,0.08201181,0.06075978,0.95853275,elite,0.9821755,0.014219457,0.0056070127,0.02557842,elite,1,87,51.42,13.19,28.21,1.05,9.67,20.69,88.51,63.22,50.57,14.94,11.49,5.75,0,1.15,4.6,0,3.45,9.2,4.6,0,17.24,8.05,4.6,6.9,3.45,14.94,6.9,0,4.6,0,1.15,4.6,22.99,1.15,11.49,0,1.15,3.45,2.3,0,8.05,0,8.05,2.3,5.75,1.15,1.15,0,0,0,0,0,17.24,5.75,0,0,1.15,1.15,3.45,10.34,0,0,5.75,1.15,6.9,5.75,2.3,1.15,6.9,2.3,0,3.45,1.15,0,0,0,0,0,0,0,0,0,0,2.3,1.15,0,0,0,0,1.15,1.15,0,6.9,3.45,0,2.3,1.15,0,0,0,5.75,0,5.75,3.45,0,0,0,0,0,20.69,9.2,4.6,1.15,0,4.6,1.15,0
2024/10/8,Dave McCormick,DA16bNdNMIc,Republican,Pennsylvania,"in the White House has become more clear.  And so I think him coming back is just a symbol.  of strength and courage and resilience at a time when our country needs it the most.  You know, it's closing the circle.  I mean, it was such an unbelievable moment,  and it was so iconic to see the president get off the mat  and put his fist up in the air.  And I think, if anything in three months, the need for strength.",[],0,82,0.0,"It was a special moment to watch President Trump finish what he started in Butler this past weekend. 

We need that strength in Washington — and in November, we’ll get the job done!",[],0,33,0.0,0.007373873,0.031934783,0.0022138963,0.0014912331,none,0.0085623,0.00881477,0.0018520666,0.0022108362,none,1,82,55.8,61.79,75.67,89.58,13.67,10.98,92.68,79.27,60.98,14.63,8.54,3.66,1.22,1.22,2.44,0,6.1,19.51,12.2,1.22,10.98,6.1,4.88,12.2,0,18.29,7.32,4.88,4.88,1.22,0,3.66,21.95,0,10.98,4.88,0,2.44,2.44,0,1.22,0,4.88,4.88,0,1.22,1.22,0,0,0,0,0,8.54,1.22,0,0,0,1.22,0,6.1,0,0,0,2.44,1.22,1.22,0,0,1.22,0,1.22,0,0,0,0,0,0,0,0,0,0,0,0,2.44,0,1.22,0,0,0,0,0,0,9.76,13.41,0,3.66,8.54,2.44,0,0,4.88,2.44,4.88,0,0,0,0,0,0,14.63,7.32,6.1,0,0,1.22,0,0
2024/10/8,Dave McCormick,DA2B4s4t0M3,Republican,Pennsylvania,"honor to have a busy day in Pennsylvania today with Senator Rubio. Thank you again  for visiting. We started in Philadelphia, had a big meeting with a number of  supporters and we went to the Lehigh Valley, had a great Hispanic rally.  Senator Rubio was a huge draw, lots of enthusiastic supporters. Now we're in Hershey.  to meet with the PA Chamber of Commerce and more than a thousand business leaders  to talk about a growing economy in Pennsylvania.",[],0,79,0.0,"Great to have @MarcoRubio in the Keystone State!

It’s time to retire weak Bob Casey and send strong leadership to the US Senate ????",[],0,24,0.0,0.0065224157,0.011225459,0.00283375,0.0043793395,none,0.88469553,0.019004771,0.005382719,0.008129456,none,1,79,98.95,95.09,38.11,97,13.17,25.32,84.81,65.82,49.37,5.06,5.06,0,3.8,1.27,0,0,0,13.92,11.39,1.27,21.52,6.33,3.8,3.8,0,15.19,5.06,8.86,11.39,6.33,1.27,3.8,13.92,0,1.27,0,0,0,0,0,1.27,0,6.33,6.33,0,1.27,1.27,0,0,0,0,0,16.46,7.59,1.27,1.27,0,1.27,3.8,8.86,0,0,0,0,3.8,2.53,1.27,0,6.33,0,0,5.06,3.8,0,0,0,0,0,0,0,0,0,0,0,0,0,0,0,0,1.27,0,0,10.13,7.59,0,1.27,6.33,0,0,0,7.59,6.33,3.8,0,0,0,0,0,0,12.66,7.59,3.8,0,0,1.27,0,0
2024/10/8,Colin Allred,DA2Qyfpsaud,Democratic,Texas,"As you go forward in the campaign, what are you hearing from Texas voters about what matters to them most?  Well, I'm a fourth generation Texan, Lawrence.  And, you know, there's one thing I know about us.  It's that we believe in freedom.  Texas is a place where folks expect to be left alone and had a chance to chase, you know, their version of the American dream.  This is a long running theme here in Texas that you can come here and carve out your own dreams.  But this is not freedom.  You're not free when Ted Cruz is in the room when you're making these incredibly important decisions.  You're not free when you're being turned away from emergency rooms because they are afraid to treat you.  And they tell you to come back when you're sicker, when lawyers and politicians like Ted Cruz are making these decisions, not Texas women.  But what Texans also want is somebody who's on their side.  And I think every Texan knows that Ted Cruz is really only in this for himself.  That's how you can go to Cancun when the lights go out.  That's how you can be a part of an effort to overturn.  A presidential election for somebody who attacked your family.  He's only in this for himself.  And we can get a senator who cares about all 30 million of us and hope folks will go to Colin Albright dot com and help us do that.",['politici*'],1,247,0.004048583,"I’m a fourth generation Texan, and there’s one thing I know about us: we believe in freedom. 

Ted Cruz’s abortion ban is not freedom. And together we’re going to send him a very strong message on November 5th.",[],0,38,0.0,0.93280333,0.984535,0.4332025,0.3783483,centr,0.058007658,0.37433642,0.017547693,0.01852101,none,1,247,7.43,99,77.41,58.25,14.53,12.55,90.28,75.3,63.56,21.86,14.17,1.21,2.02,6.48,1.21,2.02,7.69,13.77,4.86,1.62,12.55,12.55,8.91,8.1,1.62,21.46,4.45,3.24,6.88,2.83,0.4,3.64,26.72,0.81,13.36,4.05,2.02,2.43,1.62,0.81,3.24,0,4.86,3.64,1.21,1.21,0.4,0.81,0.4,0,0,0,17.81,2.02,0.81,0,0.4,0,0.4,15.38,1.21,0,0.4,1.21,2.43,2.02,0.4,0,1.62,0,0.81,0.81,0,0,0.4,0.4,0.4,0,0,0,0,0,0,0.4,0.81,0.4,0,0,0,0,0,0,8.91,12.96,0,3.64,10.93,0.4,0.4,0,2.83,0.81,10.93,1.21,0,0,0,0,0,15.38,6.48,3.64,0.4,0,4.86,0,0
2024/10/8,Sherrod Brown,DA3g-ikM780,Democratic,Ohio,expanding health care for veterans  working with law enforcement to crack down on fentanyl.  That's why I approve this message.  Ohio only gets two senators.  You deserve someone focused on you.  I've spent my career focused on standing up for workers.  and with presidents of both parties to do what's best for our state.  I'm Sherrod Brown. I have a question.  Have you ever heard Bernie Marino talk about what he's going to do for Ohio?  Because that's what this job's all about.,[],0,83,0.0,Fighting for Ohio is what this job is all about. That's why I'll never stop.,[],0,15,0.0,0.033201553,0.9853432,0.1837002,0.045383837,centr,0.002933664,0.90308857,0.013918174,0.011783278,centr,1,83,38.29,79.87,9.35,57.93,8.3,22.89,91.57,68.67,57.83,21.69,12.05,6.02,1.2,3.61,1.2,0,9.64,12.05,1.2,1.2,20.48,12.05,6.02,2.41,0,21.69,3.61,3.61,12.05,2.41,2.41,7.23,18.07,2.41,6.02,1.2,2.41,1.2,2.41,0,0,0,2.41,2.41,0,0,0,0,0,0,0,0,15.66,7.23,1.2,0,0,1.2,3.61,8.43,0,0,0,1.2,2.41,2.41,0,0,8.43,1.2,0,6.02,1.2,0,2.41,2.41,1.2,0,0,1.2,0,0,0,0,0,1.2,0,0,0,0,0,0,4.82,9.64,2.41,0,4.82,1.2,1.2,0,1.2,3.61,7.23,2.41,0,0,0,0,0,20.48,10.84,0,1.2,0,8.43,0,0
2024/10/8,Ted Cruz,DA3nDozxCy8,Republican,Texas,"They are coming after me with everything they have.  Bernie Sanders and AOC were in Texas this week.  AOC said if we flip Texas, we transform the country for a generation.  Please come to TedCruz.org.  Right now, I need your help.  TedCruz.org.  They're spending $100 million trying to beat me.",[],0,50,0.0,"Democrats are coming after me with everything they have.

Bernie Sanders and AOC were campaigning against me in Texas this week. They were exactly right: if they take Texas, they can take over the country completely. 

Help me push back at tedcruz.org",[],0,42,0.0,0.7588406,0.008983862,0.0046900157,0.01521044,elite,0.9493755,0.0043697986,0.0035552783,0.16131938,elite,1,52,36.37,88.42,81.58,49.66,7.43,17.31,78.85,63.46,50,21.15,17.31,5.77,3.85,1.92,0,5.77,3.85,9.62,3.85,3.85,11.54,7.69,1.92,5.77,0,19.23,0,3.85,7.69,5.77,1.92,0,21.15,1.92,5.77,0,0,3.85,1.92,0,1.92,0,1.92,1.92,0,0,0,0,0,0,0,0,19.23,5.77,3.85,1.92,0,0,1.92,11.54,0,0,0,0,0,0,0,0,5.77,0,0,3.85,1.92,0,0,0,0,0,0,0,0,0,0,1.92,0,0,0,0,0,0,0,0,11.54,7.69,0,3.85,7.69,0,0,0,7.69,3.85,5.77,0,0,0,0,0,0,25,17.31,3.85,0,0,1.92,1.92,0
2024/10/8,Bob Casey,DA3pfRtvYDQ,Democratic,Pennsylvania,"aches and pains. As soon as we met him and my father shook his hand,  my father said, Roberto how do you feel? And he said, oh my knee is hurting me  today.  But then in about  and talk to him in the outfield.  The one part of the story that...  Probably the third or fourth inning.  My father brought my brother Chris and me to a game.  But we were able to meet Roberto Clemente.  Don't ask him how he feels because he might start talking about...  I think in so many ways, the people of Pittsburgh...  And I came to Pittsburgh in June of 1970. I was 10 years old.  that my father was warned about was,  identified with Roberto Clemente because he was someone who worked hard every day,  he was someone who hustled all the time, he was someone who achieved the maximum of his potential.  We're here at the Roberto Clemente statue.  Someone on the St. Louis Cardinals hit a rocket out to right field.  Roberto Clemente had a jump in the air.  He caught the ball, and he made the play and threw it into the infield.  My father turned to me, and he said, I think he's feeling okay.",[],0,206,0.0,"Like so many Pennsylvanians, I’ve looked up to Roberto Clemente since I was a kid.

His skills on the field were matched only by his service to his community.",[],0,29,0.0,0.0034515266,0.047194745,0.0022283355,0.0026000019,none,0.0021992705,0.5004785,0.006319151,0.0035349068,centr,1,206,37.18,83.93,52.37,14.87,10.84,15.05,87.86,73.79,58.74,20.39,16.99,6.8,1.46,0.49,6.8,0,3.4,15.05,7.77,1.94,12.14,6.8,4.37,8.74,0.49,17.96,2.91,4.37,5.83,4.37,1.46,0,24.27,1.94,10.68,3.88,2.43,0,3.88,0,1.94,0,4.37,1.94,2.43,1.46,0,1.46,0,0,0,0,22.33,6.8,0,1.46,0,0,3.88,15.53,2.91,0,0,9.71,0,0,0,0,1.46,0.97,0,0.49,0,0,3.4,0.97,0.97,0,0,0,0,0,0,0,0,0.49,0,0,0,0,0.97,0,6.31,12.14,0.49,4.37,3.88,0,0,3.4,4.37,9.71,3.4,1.46,0.97,0,0.49,0.49,0,18.45,11.65,4.85,0.49,0,1.46,0,0
2024/10/8,Dave McCormick,DA3zIIrOoSl,Republican,Pennsylvania,"from food distribution centers and they process it. It's an incredible operation at scale.  Hundreds of employees, thousands of volunteers. I have just, in all of what you're doing to help  our community, not just here, but throughout our country and internationally. So, David,  thank you for the story. Tell us a minute about it.  religious-based community and through different groups that are distributing  It's incredible.  And the thing I was just saying.  Like you see across our great Commonwealth, people that are dedicating themselves to trying to help others.  They provide 2 million meals a month.  it's rare that you see something that has the ability to do that in this game.  Yeah.  So you're doing incredible work here.  Thank you so much for a great tour.  Thank you.  Appreciate you coming out.  what would otherwise be thrown away.  uh... through uh...  the food to their families they receive.  I'm here with David Lab, the CEO of Blessings of Hope, which is an incredible organization.  I'm blown away.",[],0,169,0.0,"@Blessings.of.Hope is an incredible organization that provides 2 million meals a month to Pennsylvanians in need with food that would otherwise go to waste. 

Thank you to David Lapp for showing me around your Lancaster location. This is such important work, keep it up!",[],0,44,0.0,0.008582199,0.8571501,0.005781559,0.0071279425,centr,0.008555066,0.032840203,0.0039927843,0.001839842,none,1,169,25.02,97.55,27.31,99,7.68,20.71,94.67,78.11,63.31,22.49,12.43,2.37,2.37,4.73,0,2.96,10.06,14.79,5.92,2.37,14.79,10.65,7.1,5.33,0.59,17.16,5.92,4.73,8.28,5.92,2.37,0.59,17.16,0.59,6.51,0.59,0,1.78,1.18,0,3.55,0,8.28,8.28,0,1.18,1.18,0,0,0,0,0,21.89,7.1,4.14,1.78,0,0,3.55,14.2,0.59,0,0,0,0,0,0,0,4.73,0.59,0,2.96,0,1.18,1.78,0,0,0,0,0,0,1.78,0,0,0.59,0.59,0,0,0,0,0,1.18,7.69,8.88,0,1.18,7.1,1.18,0,0,1.78,1.18,7.1,0.59,1.78,0,0.59,1.18,0,25.44,15.38,5.33,0,0,4.14,0.59,0
2024/10/8,Eric Hovde,DA37i35N09m,Republican,Wisconsin,"But it shows that the momentum's on our side, and we can win this race, and we're going to win this race.  I'm running as hard as possible.  All the polls show us that it's a one to two point race.  We need to restore fiscal sanity, running these insane deficits that are bankrupting our country and our children's future.  I really ask for everybody to pitch in.  You know, the Democrats bring a wave of money.  I can't do it without your help.  So join me in my fight today.  We've got to close our borders, stop the fentanyl pouring in, the criminals that are coming into our country.  We got to restore this country.  news today. Cook Report just came out and shifted my race from a lean Democrat to a toss-up.  whether it's 10, 20 bucks.  We need to take this country back.",[],0,146,0.0,"Momentum is on our side. We are going to WIN this race. But, only with your help.

??Sign up to volunteer
??Chip in any amount you can
???Make your plan to VOTE

We’ve got a country to SAVE. ????",[],0,39,0.0,0.048704304,0.6621976,0.0061188275,0.028844014,centr,0.004655161,0.701876,0.005928964,0.004902048,centr,1,146,40.1,95.6,79.21,51.92,10.43,15.75,91.1,68.49,54.79,23.29,13.7,4.11,8.22,1.37,0,0,9.59,19.18,6.16,2.74,13.7,6.85,2.74,6.16,0.68,16.44,4.11,2.74,11.64,10.27,1.37,0,17.12,1.37,6.85,0.68,0,2.74,0.68,0.68,2.74,0,3.42,2.74,0.68,0,0,0,0,0,0,0,17.81,4.11,0.68,0,0.68,0.68,1.37,10.96,1.37,0,0,0,1.37,1.37,0,0,3.42,0,0,1.37,2.74,0,2.05,1.37,0.68,0,0.68,0.68,0,0.68,0,1.37,0,2.05,0.68,0,0,1.37,0,0,11.64,15.07,0,4.11,10.27,0.68,0,0.68,3.42,1.37,6.85,2.05,0,0,0,0,0,20.55,9.59,4.79,0,0,5.48,0.68,0
2024/10/8,Bob Casey,DA4BXrpOmLA,Democratic,Pennsylvania,"Every day I've been a United States Senator, I've gone to work for the people of our state,  fighting for working families, fighting for workers themselves, fighting for our children,  seniors, people with disabilities, our veterans, and I've got a strong record on all those issues.  The voters in this state have a very clear choice.  against union rights, women's rights,  and workers' rights and voting rights,  or they can vote for me who's going to protect all those rights  and fight every day for those families and win like I have.  They can vote for a candidate who's going to vote.",[],0,102,0.0,I'm fighting to protect your rights.,[],0,6,0.0,0.015934436,0.99563944,0.88102925,0.0436169,centr,0.0018481329,0.55595917,0.01367123,0.0030780097,centr,1,102,64.21,96.5,6.58,4.72,25.5,16.67,94.12,61.76,53.92,16.67,12.75,4.9,2.94,0,0,2.94,3.92,15.69,5.88,0,15.69,9.8,0.98,5.88,0,15.69,1.96,5.88,18.63,6.86,2.94,8.82,16.67,3.92,4.9,0.98,0,1.96,0.98,0,1.96,0,5.88,1.96,3.92,0,0,0,0,0,0,0,21.57,3.92,0,0,3.92,0,0,17.65,3.92,0,0.98,0,7.84,7.84,0,0,4.9,0,0,4.9,0,0,0,0,0,0,0,0,0,0,0,0,0,0.98,0,0,0,0.98,0.98,0,7.84,1.96,0,0.98,0.98,0,0,0,1.96,4.9,3.92,3.92,0,0,0,0,0,21.57,3.92,10.78,0,0,6.86,0,0
2024/10/8,Mike Rogers,DA4bE6JKHbD,Republican,Michigan,"And so if you think about how dangerous this is, and listen, I get it.  The CIA has deception training.  My opponent clearly went through that.  But you're supposed to use that against your adversaries, not Michigan voters.  doing and a little whore.  I was more cautious than most about us being, you know, using military force within the region.  And by the way, that information that was given to Congress was based on the CIA at a time that my opponent was in the CIA.",[],0,86,0.0,Congresswoman Slotkin is supposed to use her CIA deception training against foreign adversaries — not Michigan voters. #MISenateDebate,[],0,18,0.0,0.98476833,0.010201998,0.0073296656,0.05499859,elite,0.9956418,0.05520197,0.016941886,0.7950882,elite,1,86,24.69,40.06,61.77,3.38,12.29,17.44,91.86,77.91,63.95,18.6,10.47,4.65,1.16,4.65,0,0,8.14,20.93,8.14,0,12.79,11.63,5.81,9.3,1.16,22.09,5.81,3.49,4.65,1.16,0,3.49,29.07,0,18.6,4.65,5.81,2.33,1.16,1.16,5.81,0,3.49,0,2.33,0,0,0,0,0,0,1.16,9.3,2.33,0,0,1.16,0,0,6.98,0,0,1.16,0,2.33,2.33,0,0,2.33,0,0,2.33,0,0,1.16,0,0,0,0,0,1.16,0,0,0,0,1.16,0,0,0,0,2.33,0,3.49,8.14,2.33,1.16,4.65,0,1.16,0,1.16,6.98,3.49,2.33,0,0,0,0,0,16.28,8.14,6.98,0,0,1.16,0,0
2024/10/8,Mike Rogers,DA4b1E6Ko5-,Republican,Michigan,"And my opponent has voted 100% with the Biden-Harris agenda, 100%.  And if you think about what that means, that means that she's likely to go in and vote for this $25,000 and every other scheme that will only increase the cost of housing.  If you want to get to the root of this, we have to stop spending.  We have to stop borrowing that money from countries like China, money we don't have, $35 trillion, and start bringing it back under control so we can get interest rates down.  That's the number one thing that we can do.",[],0,99,0.0,"Slotkin has been a loyal soldier for the Biden-Harris agenda. In the Senate, she would continue to do the same. #MISenateDebate",[],0,21,0.0,0.9944733,0.0101401135,0.13547951,0.71884835,elite,0.111825325,0.003095296,0.001452788,0.0047289054,none,1,99,28.02,89.78,18.26,,19.8,11.11,91.92,75.76,59.6,21.21,9.09,1.01,5.05,2.02,1.01,0,12.12,18.18,4.04,6.06,15.15,10.1,3.03,8.08,1.01,21.21,3.03,7.07,6.06,5.05,0,1.01,19.19,1.01,11.11,3.03,1.01,3.03,3.03,0,3.03,0,0,0,0,0,0,0,0,0,0,0,10.1,2.02,0,0,0,0,0,8.08,0,0,1.01,0,2.02,2.02,0,0,6.06,0,1.01,0,5.05,0,0,0,0,0,0,0,0,0,0,4.04,1.01,3.03,2.02,0,0,0,0,0,10.1,6.06,0,2.02,5.05,0,0,0,3.03,1.01,9.09,5.05,0,0,0,0,0,20.2,5.05,7.07,0,0,3.03,5.05,0
2024/10/9,Elissa Slotkin,DA4jv8aAwD5,Democratic,Michigan,"So I was here in Michigan and I voted yes on Proposition 3. You were in Florida,  you voted in Florida, you weren't here.  For some people, this issue is a talking point.  He's put his finger in the wind and he says, now I can't win if I don't look good on this issue.  And so he's changed 30 years of being unilaterally pro-life, of never breaking once with his party on this issue, right?  So it's not a talking point to women.  It is our lives.  It's whether we bleed to death in a parking lot.  It's who and when gets to decide how we have a family.  Do not trust him.",[],0,114,0.0,Reproductive freedom is not a talking point. It's our lives.,[],0,10,0.0,0.98043424,0.13039649,0.025680574,0.007948639,elite,0.0020832175,0.011303363,0.0045562456,0.003593734,none,1,114,4.13,70.59,45.82,61.63,11.4,10.53,88.6,76.32,64.91,21.05,14.91,3.51,2.63,2.63,5.26,0,6.14,12.28,4.39,2.63,13.16,13.16,8.77,8.77,5.26,22.81,0,3.51,6.14,5.26,0.88,0,26.32,1.75,8.77,1.75,1.75,0.88,0.88,0,5.26,0,2.63,2.63,0,0.88,0.88,0,0,0,0,0,18.42,4.39,0,0,0,0,2.63,14.04,0.88,0,0.88,5.26,1.75,1.75,0,0,0.88,0.88,0,0,0,0,3.51,0.88,0.88,0,0,0,0,0,0.88,0,0,0.88,0,0,0,0.88,0,0,9.65,8.77,0.88,0.88,7.02,0.88,0,0,5.26,5.26,11.4,0,0.88,0,0.88,0,0,21.93,7.89,5.26,0.88,0,7.02,0.88,0
2024/10/9,Elissa Slotkin,DA4mS6_AAmt,Democratic,Michigan,"Mike Rogers was 20 years as a legislator.  He voted for every single ban, every restriction, every bill that came across his desk to make  it harder for a woman and to ban in some cases a woman and her right to choose.  56 times in total.  We checked the math.  To me, every single time he was casting one of those votes, he was saying something very  particular. He was saying to women, he does not trust you to make your own decisions about your  own family planning every single time. When it comes to our rights and protecting ourselves,  I think it is important that we have someone in the seat who does that.  He voted and sponsored bills that would make it impossible to have IVF and contraception.  If he does not trust us to protect our own rights, do not trust him.",[],0,146,0.0,"@mikerogersformi had 20 years as a legislator. He voted for every single ban, every single restriction, every single bill that came across his desk.

Every single time he was cast those votes, he sent a message to women: that he doesn’t trust you to make your own decisions about your own family planning.",[],0,53,0.0,0.96559817,0.6249027,0.7091318,0.010131283,elite,0.95550036,0.5600756,0.8011659,0.006628812,elite,1,146,26.97,98.25,4.74,20.23,16.22,10.96,92.47,71.92,60.96,22.6,15.07,1.37,4.11,2.05,6.85,0,7.53,17.81,3.42,4.11,12.33,8.22,2.05,5.48,2.05,15.07,5.48,8.22,11.64,6.85,0.68,4.11,24.66,3.42,10.96,2.74,2.05,0.68,2.05,0,4.11,0,1.37,0.68,0.68,0,0,0,0,0,0,0,20.55,3.42,0,0,0,0,1.37,17.12,0.68,0,2.74,6.16,2.05,2.05,0,0,2.05,0,0,1.37,0.68,0,0.68,0,0,0,0,0,0.68,0,0,0,0,0,0,0,0,0,1.37,0,8.22,4.79,0.68,1.37,3.42,0,0,0,3.42,5.48,3.42,0.68,0,0,0,0,0,10.96,6.16,4.79,0,0,0,0,0
2024/10/9,Colin Allred,DA4nDxfshhJ,Democratic,Texas,"And let's be very clear, he is singularly responsible.  what we're experiencing in Texas. He put the judges at the district court level,  the circuit court level, and the Supreme Court level, knowing they were going to do this.  He backed in primaries here in Texas, more extreme candidates, often against mainstream  candidates at the state level, knowing they would put in place these laws at the state level.  As you just showed, he called for and celebrated the Dobbs decision. And now when Texas women,  whether it's Amanda Zorowski or Lauren Miller, both friends of mine, came to the United States  Senate to testify before his committee, he didn't show up. And when Texas outlets are reaching out  to him to get responses to what's happening in our state, he won't respond. But on November 5th,  he's going to hear from those Texas women and from our state when we beat them.  Yeah, thank you for having me on, Katie.  And, you know, as you said, he's a content machine.  I mean, he's constantly podcasting and going on cable news.  And for him to be quiet on something means that he knows that what he has done, Texas women, is a problem for him.",[],0,205,0.0,"Ted Cruz can run but he can’t hide from his extreme record on abortion. He is singularly responsible for the Texas ban which has no exceptions for rape, incest or the health of the mother. 

We will defeat him and restore reproductive freedom on November 5th.",[],0,46,0.0,0.98743236,0.115036994,0.14472724,0.025646316,elite,0.7374043,0.025114981,0.17316109,0.006523272,elite,1,205,31.47,98.17,20.9,26.62,17.08,16.1,86.83,70.73,59.02,19.51,14.63,1.46,2.44,1.95,7.32,1.46,4.88,10.24,4.88,0.49,16.1,9.76,4.88,8.78,0.98,20,2.93,1.95,6.34,3.41,0.49,2.44,20.49,0,9.27,3.41,1.46,0.49,1.46,0,2.44,0,1.46,0.98,0.49,0.49,0.49,0,0,0,0,0,20.49,4.39,0.49,0.49,0,0.49,3.41,16.1,0,0.49,1.46,7.32,3.9,3.41,0,0.49,1.95,0.98,0,0.98,0,0,0,0,0,0,0,0,0,0,0,0,0,0.49,0,0,0,0,0,0,3.9,11.71,0,2.44,7.8,0.98,0.98,0,3.9,3.9,6.83,2.93,0.49,0,0.49,0,0,20.98,5.85,10.73,0,0,4.39,0,0
2024/10/9,Elissa Slotkin,DA4sO4oA68S,Democratic,Michigan,"Congresswoman Slotkin, you have 30 seconds in rebuttal.  Sure, I look,  There's no need to throw names around here or yell epitaphs at each other.  We have a record.  He voted to raise the retirement age.  That's not a fabrication.  That's in his record.  It's public.  I'm not sure he remembers.  He's been down in Florida for a few years.  But your record when you vote in Congress is public.  So we know that you voted to privatize or cut Social Security.  We know that you voted five times against allowing Medicare to negotiate drug prices,  like the most simple thing.  Just make sense to the common person.  So for me, it's not about throwing names.  It's not about deception or mentioning the CIA.  It's about what you did when you held the job.",[],0,134,0.0,"We know @mikerogersformi’s record. He voted to raise the retirement age, he voted to privatize or cut Social Security, and voted against allowing Medicare to negotiate drug prices. Maybe he forgot that when he was down in Florida.",[],0,38,0.0,0.5756887,0.0040535755,0.0027589616,0.0029838188,elite,0.5015724,0.0009939654,0.036818787,0.004750454,elite,1,134,18.55,80.84,64.38,,8.38,14.18,91.04,74.63,59.7,20.15,12.69,2.24,2.24,5.22,2.99,0,7.46,14.93,5.97,1.49,14.18,10.45,8.21,5.97,3.73,19.4,6.72,3.73,5.97,2.24,0,3.73,29.85,0.75,13.43,2.99,1.49,0.75,3.73,0,6.72,0.75,0,0,0,0,0,0,0,0,0,0,17.16,3.73,0,0,0,0,2.24,12.69,0,0,0,2.99,4.48,4.48,0,0,4.48,0,0,3.73,0.75,0,1.49,1.49,0,0,0,0,0,0,0,0.75,0,0,0,0,0,0,0.75,0,10.45,9.7,0.75,1.49,5.97,0.75,0.75,0.75,4.48,5.22,7.46,0,0,0,0,0,0,22.39,11.94,3.73,0,0,6.72,0,0
2024/10/9,Sherrod Brown,DA4vPIbMZ6n,Democratic,Ohio,"We deliver on specific things that tangibly matter in people's lives.  And that's really why I win, because I talk about those things, and we've delivered on those things.  We've delivered on veterans' help with those football field-sized burn pits.  We fixed the pensions of 100,000 Ohio union workers that were going to lose half their pensions.  That's great, albeit temporary, but it had an impact.  We need to show the public that we care, that we can deliver, and that it can affect their lives.",[],0,86,0.0,I deliver for Ohio in the Senate.,[],0,7,0.0,0.003315828,0.53318214,0.0052467845,0.002472134,centr,0.004704823,0.0054679182,0.0021664968,0.0037238023,none,1,86,8.25,99,1,74.64,14.33,17.44,91.86,70.93,56.98,30.23,12.79,2.33,8.14,0,0,2.33,17.44,17.44,3.49,1.16,10.47,9.3,3.49,5.81,0,18.6,5.81,1.16,13.95,10.47,2.33,1.16,19.77,0,11.63,0,4.65,3.49,0,1.16,1.16,0,5.81,4.65,1.16,0,0,0,0,0,0,0,16.28,3.49,2.33,0,0,0,1.16,12.79,0,0,0,0,0,0,0,0,5.81,1.16,0,4.65,2.33,0,2.33,0,0,0,0,0,0,0,0,1.16,0,4.65,0,0,0,1.16,1.16,0,4.65,4.65,0,0,3.49,1.16,0,0,1.16,4.65,6.98,2.33,0,0,0,0,0,23.26,6.98,8.14,0,0,6.98,1.16,0
2024/10/9,Elissa Slotkin,DA5894AAr8d,Democratic,Michigan,"This is an area where I think we are very, very different.  And again, we both have voting records on this.  For me, I believe it is essential, and it's been a very personal issue for me, to have access to health care.  I think it's extremely important that if you work your entire life, you have the safety of knowing you're not going to end your life in poverty.  I believe in supporting Medicare, supporting Social Security.  Mike Rogers voted to either privatize or cut Medicare and Social Security over and over and over again.  He voted to raise the age of retirement.  It's all in the record.  Just check the facts.  So it's not about what he's going to do.  It's what about he's already done.  It is not about the talking points when you're sitting here in front of a TV camera.  It's about what you will do and what you have done when you held the seat, when you were in the job.  So for me, whether it's allowing Medicare to negotiate drug prices so we actually save something from Medicare,  whether it's changing retirement as we knew it, redefining it as he proposes, we couldn't be more different.  On this issue.",[],0,206,0.0,"@mikerogersformi and I both have voting records on Medicare and Social Security. I believe in supporting it. Mike voted to privatize or cut it over and over again. 

It’s all in the record. Just check the facts.",[],0,37,0.0,0.106472425,0.025484271,0.013456743,0.0010049428,none,0.31360674,0.0020646565,0.02717431,0.0028101986,none,1,206,4.93,78,62.69,41.74,13.73,16.99,92.23,77.18,66.5,22.82,12.62,3.4,2.43,4.85,1.94,0,10.19,9.71,4.85,0,14.56,13.59,10.19,9.22,1.94,20.87,4.85,2.43,4.85,2.43,0.49,1.94,26.21,0.49,10.68,2.91,0.97,0.49,1.46,0.97,4.85,0,1.46,1.46,0,0,0,0,0,0,0,0,14.08,2.43,0.49,0,0,0,0.97,9.71,0,0,0,1.94,1.94,1.46,0,0.49,3.88,0.49,0,2.43,0.97,0,2.91,2.91,0,0,0,0,0,0,0,0.49,0,0,0.49,0,0,0,1.94,0,4.37,7.28,0.49,0.49,6.31,0,0,0,4.37,4.37,7.77,3.4,0,0,0,0,0,19.42,7.28,5.83,0,0,6.31,0,0
2024/10/9,Sherrod Brown,DA6Dxd_R7Rn,Democratic,Ohio,"Nothing new here.  Bernie Moreno is a walking conflict of interest who has trouble telling the truth.  We know he lied to his employees as he stiffed them out of $400,000 in overtime pay.  Then he destroyed the evidence, the records that the judge told him to produce.  He just has trouble with the truth.  And he is a walking conflict of interest.  Everything to him is, how do I make more money?  How do I find ways to do even better, even though he's running for office and wants to serve the people?  While in the end, he sees a guy that looks out for himself and looks out for his special interest friends.  The choice is clear.  I fight for the dignity of work.  Bernie Moreno looks out for his rich friends and himself.  Here's a guy who had enough money to put $100,000 into fighting our Constitutional Amendment for abortion rights.  And his last financial disclosure talked about owning five homes.  And he acts like he's fighting for the little guy.  I mean, just watch that video again.  We know Bernie Marino is a guy that looks out for himself and looks out for his special interest friends.  He wants a tax cut for rich people.  I want to do the child tax credit.  On issue after issue, it's clear he thinks he knows better when, in fact, the people of Ohio want to see a fighter fighting for the dignity of work.  He mocks women.  Well, he mocks the 57% of Ohioans who voted for a constitutional amendment for abortion rights.  He especially aimed his venom at suburban women over 50.  You know, if you're over 50, you don't care about abortion rights.  That means if you're white, you don't care about civil rights.  If you're straight, you don't care about gay rights.  It comes down to this.  Bernie Marino just thinks he knows better.  Better than women over 50.  Better than millions of people in our state.  I don't think we want somebody in the Senate that thinks that way.",['truth*'],1,345,0.002898551,"COURIER asked Sen. @Sherrod Brown (D-OH) to react to clips of his Republican opponent, car dealer Bernie Moreno. Here’s how it went ??

Follow @couriernewsroom for all the news and analysis you need to survive the 2024 election.",[],0,38,0.0,0.99067605,0.52370083,0.9802579,0.028129064,elite,0.024329284,0.0023755005,0.0021584088,0.0043647937,none,1,345,61.37,97.79,8.16,13.95,11.13,14.49,90.72,71.3,54.78,17.68,14.2,1.74,1.45,2.03,7.83,0.29,3.48,12.46,6.67,2.32,16.81,6.67,5.22,5.22,1.45,17.68,5.8,1.74,7.54,2.32,2.32,2.9,19.13,0.58,10.43,4.93,0.87,1.45,1.16,0,2.61,0,6.96,3.19,3.77,0,0,0,0,0,0,0,22.32,4.93,0,0,2.03,0.87,1.16,17.39,0,0.87,0.87,8.99,1.16,1.16,0,0,4.64,0,0.29,1.74,2.9,0,1.16,0.87,0,0,0,0,1.16,0,0,0,1.45,0,0,0.29,1.74,0,0.58,0,9.86,10.43,0.29,1.45,6.38,2.61,0,0,2.61,1.74,9.28,0.58,0,0,0,0,0,17.39,8.41,4.35,0.58,0,3.19,0.87,0
2024/10/9,Dave McCormick,DA6Thn_up99,Republican,Pennsylvania,"and came out of this gate as an officer.  That's why I approve this message.  Honor. Service the country.  I walked through this gate as a kid.  when courage seems lost.  I'm Dave McCormick.  I believe we need a new ethic of service in the United States Senate.  As graduates, we leave West Point, but it never leaves us.  Prepare to lead in combat.  the United States Military Academy.  the ability to find courage.",[],0,74,0.0,"Duty. Honor. Country.?

At West Point, we learned the meaning of those words — and I’ve carried their lessons with me throughout my life.",[],0,24,0.0,0.0051040445,0.02155753,0.0022059903,0.0027887644,none,0.0033672445,0.008677175,0.0027718998,0.0031306024,none,1,74,73.93,56.18,94.68,62.77,6.17,21.62,94.59,62.16,47.3,16.22,9.46,5.41,4.05,0,0,0,6.76,14.86,9.46,0,14.86,2.7,4.05,8.11,1.35,14.86,4.05,0,14.86,4.05,5.41,6.76,20.27,1.35,12.16,4.05,2.7,1.35,1.35,0,1.35,0,8.11,5.41,2.7,2.7,2.7,0,0,0,0,0,14.86,6.76,0,0,0,5.41,1.35,6.76,0,0,0,0,9.46,9.46,0,0,5.41,0,0,5.41,0,0,0,0,0,0,0,0,0,0,0,1.35,0,0,0,0,0,0,0,0,6.76,14.86,0,4.05,9.46,0,0,0,4.05,4.05,4.05,2.7,0,0,0,0,0,21.62,16.22,2.7,0,0,2.7,0,0
2024/10/9,Ted Cruz,DA6TtBCPics,Republican,Texas,"Yes, they refused to enforce the oil sanctions.  Well, unfortunately, Kamala Harris and Joe Biden and much of today's Democrat Party are on the wrong side of the issue.  One year ago today was one of the darkest days in world history.  It was the single largest mass murder of Jews in a day since the Holocaust.  1,200 Israelis murdered, 251 taken hostage, women and little girls raped as a weapon of terror.  It was also one of the worst American terrorist attacks ever, with Americans murdered, Americans tortured, Americans taken hostage.  And yet, in the wake, in the year that followed, October 7th has provided clarity.  I don't think there is gray or ambiguity on this.  This is a battle between good and evil, and it is a choice of where do you stand.  Do you stand with Israel, or do you stand with Hamas and Hezbollah and the terrorists?  And I'm sorry to say, Sean, that Kamala Harris...  Kamala Harris and Joe Biden have been the number one funders in the world of Hamas and Hezbollah.  They have flowed over $100 billion to Iran, and Iran provides 90% of the funding for Hamas and Hezbollah.  So in a very real sense, Kamala Harris helped pay for the death squads on October 7th,  and sadly this White House has undermined Israel every day since then.",[],0,226,0.0,"October 7th was one of the darkest days in history. 

It was the largest mass murder of the Jewish people since the Holocaust. 

Through sending billions to Iran, Joe Biden and Kamala Harris in a very real sense funded the death squads that killed Israelis and Americans on October 7th.",[],0,50,0.0,0.98724097,0.0054620607,0.00783698,0.4278016,elite,0.9943317,0.0068471553,0.059584297,0.808404,elite,1,226,76.39,61.1,43.77,1,16.14,16.37,85.84,62.39,52.65,6.64,3.1,0.88,0,1.33,0,0.88,3.54,15.04,8.41,5.31,13.72,7.52,4.87,9.73,0.44,10.62,5.31,7.96,5.31,1.33,0,3.98,18.14,1.33,4.42,1.33,0.88,0.44,1.77,0.44,0.88,0,9.73,1.77,7.96,1.77,0.44,1.33,0.44,0,0.44,0,11.95,8.85,1.33,0,4.87,0.88,0.44,4.42,0,0.44,0.88,0,3.54,1.77,1.77,0,2.21,0.44,0.44,0,0.88,0.44,3.1,0,0,0,0,0,0.44,0,2.21,0,0,0.88,0,0,0,0,0,0,4.87,9.29,0,0.44,7.08,1.33,0,0.44,7.08,5.31,4.87,0,0.44,0,0.44,0,0,17.7,6.64,8.41,0.44,0,1.33,0.88,0
2024/10/9,Kari Lake,DA6XK06Cf8D,Republican,Arizona,"You know, I think they want peace for the same reason we want peace.  It's so much easier to be living and enjoying life and succeeding when you don't have constant strife.  And we now know it's possible thanks to the work that Ambassador Grinnell has done  and the incredible work President Trump did as a leader that the world over loves.",[],0,62,0.0,"It's so much easier to live a happy life when you don't have constant strife.

We know that’s possible thanks to the foreign policy work of people like Ambassador Richard Grenell & President Trump.

The world wants peace, & so do I.

That’s what I will work towards in the US Senate.",[],0,52,0.0,0.0028092903,0.28332266,0.0033646275,0.003529682,none,0.0022788546,0.37122104,0.0051265713,0.0035969983,none,1,62,17.22,97.31,35.88,99,20.67,12.9,95.16,72.58,53.23,16.13,9.68,1.61,3.23,3.23,0,1.61,6.45,12.9,8.06,0,8.06,11.29,4.84,11.29,1.61,22.58,9.68,1.61,11.29,3.23,4.84,3.23,27.42,0,12.9,6.45,1.61,3.23,1.61,0,1.61,0,12.9,12.9,0,3.23,3.23,0,0,0,0,0,17.74,3.23,1.61,1.61,0,0,1.61,12.9,0,0,0,0,3.23,3.23,0,0,4.84,0,0,4.84,0,0,1.61,0,0,0,0,0,0,0,0,0,3.23,0,3.23,0,0,1.61,0,0,11.29,4.84,0,0,4.84,0,0,0,4.84,3.23,11.29,0,0,0,0,0,0,11.29,4.84,1.61,0,0,4.84,0,0
2024/10/9,Elissa Slotkin,DA6hLA7gWKv,Democratic,Michigan,"I think at the end of the day, the issue comes down to trust. Who do you trust to actually come  and talk to you and then go and fight on your behalf in Washington? Fight on behalf of the  middle class, of lowering your healthcare costs, of protecting your rights. It's really that  formal question of who do you trust? For me, again, we couldn't be more different on a bunch  of issues. But let me just make one particular appeal to the Republicans watching today,  like my dad, right? For the Republicans who feel like their party has left them over the last few  years, you will always have an open door in my office. You will always have a place at the table  because I wanna hear from you. I am very transparent. If you come to me with a good idea,  if you come to me with pushback, you can prove your case. I'm gonna be open-minded. I'll even  change my mind. So if you are wondering where your party has gone, come and vote for someone  who actually gives a crap about you, who actually cares about getting something done  the way we used to, Democrats and Republicans, civilly and decently.",[],0,206,0.0,"For the Republicans out there who feel that their party has left them: you will always have an open door to my office. 

If you’re looking for someone who cares about getting something done, who will listen, who will always have a seat at the table for you, no matter your partisanship, you have a place in this campaign.",[],0,59,0.0,0.049023405,0.90430236,0.030308684,0.008761205,centr,0.0031676095,0.43746817,0.00881125,0.0020087357,none,1,206,39.98,94.24,94.02,49.98,15.85,12.62,95.63,78.64,64.08,19.9,17.96,5.83,0.97,7.77,0,0.97,1.94,13.59,6.8,0.49,16.5,9.22,7.28,6.31,0.49,19.42,3.88,3.4,6.31,3.88,0,2.43,23.3,0.97,12.62,2.91,1.94,1.46,3.4,2.43,2.91,0,4.37,2.91,0.97,0.49,0.49,0,0,0,0,0.49,20.39,7.28,0.49,0,0.97,0.97,0.97,13.11,0.49,0,0,0.49,2.43,2.43,0,0,1.94,0.97,0,0.49,0.49,0,0.49,0,0,0,0,0,0,0,0,0,0.49,0.49,0,0,0,0,0.49,0.97,9.71,10.68,0.49,3.4,8.25,0.97,0.49,0.49,4.85,1.46,5.83,2.43,0.97,0.97,0,0,0,15.53,4.85,6.8,1.46,0,1.94,0.49,0
2024/10/9,Mike Rogers,DA6paiwqGiQ,Republican,Michigan,"When you look at the problems around this state, families are hurting from the policies that have come out of Washington, D.C.  The choice here could not be clearer.  Killing jobs or creating jobs.  Higher grocery prices, lower grocery prices.  This is exactly the kind of choice we're going to have to face.  A closed border or a wide open border that brings the problems of the South.  Thank you very much.  I would appreciate your vote on November 5th.  I will have your back come November.  Candidates both. Thank you.",[],0,91,0.0,"Families are hurting from the Harris-Slotkin agenda. 

Create jobs, lower grocery prices, close the border and stop the radical EV Mandate. That’s my Day One agenda to Get America Back on Track! ????",[],0,33,0.0,0.8684508,0.900292,0.041319657,0.6927105,centr,0.9741455,0.9203498,0.1439406,0.9765588,centr,1,92,60.52,81.44,97.91,35.66,8.36,17.39,94.57,66.3,50,13.04,8.7,2.17,1.09,5.43,0,0,4.35,18.48,8.7,1.09,10.87,10.87,4.35,3.26,1.09,20.65,8.7,6.52,4.35,2.17,1.09,1.09,21.74,0,13.04,3.26,0,2.17,2.17,1.09,4.35,0,5.43,3.26,2.17,2.17,1.09,1.09,0,0,0,0,14.13,5.43,3.26,2.17,1.09,0,2.17,8.7,1.09,0,0,0,2.17,2.17,0,0,4.35,0,0,2.17,2.17,0,5.43,0,0,0,0,0,0,2.17,1.09,2.17,0,0,0,0,0,0,0,1.09,9.78,18.48,1.09,3.26,15.22,1.09,0,1.09,3.26,1.09,4.35,5.43,0,0,0,0,0,17.39,13.04,3.26,0,0,1.09,0,0
2024/10/9,Kari Lake,DA66I2kJb99,Republican,Arizona,"Actually, we'll do something fancier.  We'll find someone with a fancy car and pick him up if that'll get him there.  I'm told he's going to show up.  So we've been getting ready for that.  We'll get him an Uber.  the most important candidate in the country besides Donald Trump to do that, is our next speaker.  I give you two words. Carrie Lake. Carrie, come join us.  So I was forced to debate the moderator, which I didn't want to do.  I wanted to just have a conversation.  But sometimes as Republicans, we just have to go in there and we've got to sometimes debate the media every single day.  We know there's so much, so many lies out there right now.  Tonight, I'm told my opponent's going to show up.  So we'll see.  I would like to offer him, if he needs transportation to the site of the debate, we're happy to pick him up.  We want him to be there.  We'll get him.  Are you as excited about what's coming in the next, oh, 28 days or so?  I forgot.  Is it 28 or 29?  I've lost track.  When you're running for office, it's just one big long Monday.  Right, Congressman Gosar?  It's one long Monday.  And it's been that way for about three and a half years, it feels.  But I'm really excited because we're almost to the finish line.  Tonight, I have my debate.  It's the second debate, the first one my opponent didn't show up to.  Good to see all of you. How are we doing today?",[],0,263,0.0,"Tonight is debate night. 

It's actually the second debate, but my opponent didn't bother showing up to the first one, so the moderator debated me instead.

I was hoping to have a conversation, but sometimes, as Republicans, we have to go in there & debate the media.

We have to fight through the lies to get the truth out there.",['truth*'],1,60,0.016666667,0.17207076,0.0020305193,0.002164806,0.0047676098,none,0.84526616,0.005594483,0.0030793077,0.02711799,elite,1,263,8.13,85.67,78.32,73.72,8.48,9.51,94.3,78.33,63.12,21.29,15.97,5.32,5.7,1.52,3.42,0,5.32,13.31,5.32,4.18,13.31,15.21,8.75,7.6,0.76,25.86,6.08,7.6,7.22,6.08,0.38,0.76,29.28,0.76,11.41,1.52,1.14,2.28,3.42,0.76,3.8,0.38,4.18,3.8,0.38,2.28,2.28,0,0,0,0,0,16.35,4.56,0,0,0,0,3.42,11.41,0,0,0,3.42,1.52,1.14,0,0.38,0.76,0,0,0.76,0,0,0,0,0,0,0,0,0,0,0,1.14,1.14,1.9,0,0,0,0,0,0,9.89,12.93,0,2.28,9.13,1.9,0,0.38,6.08,4.94,8.37,4.56,0.38,0,0,0.38,0,27.38,10.27,6.08,1.52,0,9.51,0,0
2024/10/9,Kari Lake,DA66vATCgBt,Republican,Arizona,"Not 95% of the time like AOC, 100% of the time.  He's further to the left than the squad.  He's further to the left than Bernie Sanders.  He's further to the left than Nancy Pelosi.  Raise your hand if you miss having the dollar that actually went a little further.  Okay, I thought so.  If you didn't raise your hand, you must be doing really well.  feel very comfortable. You know why I feel comfortable? Because the America First movement  is a movement of putting our country first and getting us back on track. We have the policy  to do it. And you know how we know that? We saw it. We saw it three and a half years ago with  President Trump. We saw how he handled danger across the globe. We saw how he handled an economy  that wasn't doing great when he got in and he turned it around. We saw how our lives were better.  Raise your hand if you had a little extra money in your pocket back then and you don't have it now.  But none of us are really doing well under this.  We're not doing well with a wide open border.  I joke a little bit, but this border is so serious.  When you think about the people that are coming across that border,  my opponent has voted with Joe Biden and Kamala Harris 100% of the time.  Oh, and by the way, she taught him a few things about stock trading and hiding those stock trades  because we found out that he was breaking that law as well.  But the sad thing is, the way the politics is going right now,  the Democrats feel they can just put out ads that are a whole bunch of lies  and then not have to account for what they've actually done.  His record is a mile deep, and it's very, very ugly.  So tonight we're going to talk a little bit about that record,  but more importantly, we're going to talk about how we can turn it around.  And I know for a fact with America First policies,  like President Trump has already shown us how they work,  with the right people in Washington, D.C.,  as Matt said, people who aren't just going to go along to get along.  I'm not going to Washington, D.C. to make friends.  I already have enough friends here in Arizona.  I do.",[],0,404,0.0,"Tonight, we're going to talk about Gallego’s record, but more importantly, we're going to talk about how we can reverse the damage he's done to Arizona.

We can do that with President Trump & his America First policies, & as long as he has the right people around him (like myself), we can do it quickly.",[],0,56,0.0,0.9566828,0.043259665,0.005365586,0.79640937,elite,0.027085463,0.00600708,0.0025005545,0.0016335726,none,1,406,19.13,93.2,74.07,42.09,13.1,10.1,91.63,77.09,61.58,18.47,12.81,1.97,4.19,2.96,2.71,0.74,5.67,14.53,7.39,1.72,12.32,9.85,9.36,7.88,2.22,19.7,6.9,5.42,6.4,4.93,0.49,0.99,21.18,0.25,11.58,3.94,2.46,0.99,0.74,1.48,4.19,0,2.96,2.22,0.74,0.74,0.49,0.25,0,0,0.25,0,14.53,1.48,0.25,0,0,0,0.74,12.81,0,0.74,0.25,2.46,1.23,1.23,0,0,2.22,0.25,0,1.23,1.48,0,0.99,0,0,0,0,0,0,0,0,0.49,0,0.74,0.49,0.49,0,0,0.49,0,10.34,13.55,0,3.2,8.62,1.48,0,0.74,3.45,5.67,7.14,2.71,0.49,0,0.25,0.25,0,17,7.88,4.68,0.49,0,3.2,0.74,0
2024/10/9,Dave McCormick,DA7Aj-KtMnX,Republican,Pennsylvania,"Because the third period.  President Trump, we're so honored to have you here, and we are committed in Pennsylvania  to putting you back in the White House and changing the majority of the Senate  and sending Bob Casey packing. So thank you for being here.  within a point or two  is not about wrestling.  It's about staying on offense.  It's about fight, fight, fight.  Thank you, Mr. President.  It's about mental toughness.  It's about heart.  You know, what happens in Pennsylvania is going to or what happens for the country depends on what happens in the next 27 days.  And as you know, Mr. President, I was a wrestler.  Lots of wrestlers here in this part of Pennsylvania.  Great to be in Scranton with the next president of the United States.  And I wasn't the best wrestler, but I always knew in college, if I could get into the third period.",[],0,151,0.0,"In wrestling, the third period is when your heart counts the most. 

We are in the third period — now is the time to FIGHT!

Together, President @realDonaldTrump and I will secure a brighter future for our commonwealth and country ????",[],0,41,0.0,0.019812878,0.0110184755,0.0015499701,0.0019981852,none,0.0026221727,0.09717984,0.0029922654,0.0024724575,none,1,151,59.93,74.1,85.05,29.12,10.79,19.21,90.07,72.85,58.94,13.25,7.95,2.65,1.32,3.97,0,0,5.3,11.26,7.95,2.65,18.54,9.27,7.28,8.61,1.32,17.88,5.3,4.64,6.62,1.32,1.99,3.31,21.85,0.66,9.93,1.99,1.99,0.66,2.65,0,4.64,0,4.64,2.65,1.99,0,0,0,0,0,0,0,13.91,5.3,1.32,2.65,1.99,0.66,1.32,9.27,0,0,0,1.32,4.64,4.64,0,0,1.32,0,0.66,0.66,0,0,0.66,0,0,0,0,0,0,0,0,0,0,0.66,0,0,0,0,0,0,7.28,11.26,0,0.66,9.93,0.66,0,0,4.64,1.99,7.95,1.32,0,0,0,0,0,21.19,10.6,6.62,0,0,3.97,0,0
2024/10/10,Kari Lake,DA7JtljKyaR,Republican,Arizona,"We don't want dangerous people here.  We don't want dangerous people here.  We want to be able to enjoy our quality of life,  and we want to have quality of life once again.  Really strong economy.  I want to make sure that we get the dangerous people who have been flown in, frankly,  and have flowed in across the border.  I want to give them a one-way ticket back to their homeland.  I don't need to tell you where I stand on the policy, but I'll make it real brief.  I want a secure border.  I want to finish the border wall.  I want to bring back that strong Trump economy.  I did an interview with a reporter yesterday, I should say an interrogator, an interrogator for Rubin.  I was wondering if she was working for him, actually.  It was so bad.  And she said, I heard they don't want you in Washington, D.C.  They don't want Congressman Gosar there.  But he's gone there and he's fought for us.  They don't probably want Burgess Owens there, a great congressman.  But he goes there and he fights for us every day.  We need good, honest people in Washington, D.C.  We need God-fearing people in Washington, D.C.  And I said, good.",[],0,209,0.0,"We need good, honest people in Washington, D.C. We need God-fearing people in Washington, D.C. willing to do the people's work.

And I'm not going there to make friends.

I have enough friends right here in Arizona.

karilake.com",[],0,38,0.0,0.47361198,0.09937166,0.0038678916,0.12375712,none,0.028933989,0.8883068,0.005232769,0.010297492,none,1,212,20.65,86.4,14.39,33.4,10.1,11.79,89.62,75.47,55.19,19.81,17.92,6.13,4.72,0.94,3.3,2.36,1.89,8.02,5.19,0.47,10.85,8.96,6.6,5.19,2.83,24.06,4.72,1.42,8.49,4.72,1.42,2.36,24.53,0.47,12.74,0.47,0.47,7.55,1.42,1.89,1.89,0,5.66,3.3,2.36,1.89,1.42,0.47,0,0,0,0,19.81,4.72,0,0,0.94,0.47,2.36,14.15,0,0,0.94,2.36,0.94,0.94,0,0,3.77,0,0,2.36,0.94,0.47,0,0,0,0,0,0,0,0,0,1.42,5.66,0.47,0,0,0,0,1.89,0.47,12.74,13.21,0.94,2.36,9.43,0,0.47,0,2.83,6.13,4.72,1.42,0,0,0,0,0,23.11,11.32,6.6,0,0,4.25,0.94,0
2024/10/10,Dave McCormick,DA7Kb6vNrQ1,Republican,Pennsylvania,"Oh, nice. Great.  Thank you. Thank you, ma'am. We need it.  It was nice to see you. Glad you're here.  Thank you. My son went to school with your brother.  You're kidding me.  All right. We need all your help.  Tell your friends.  Nice to see you.  Oh, yeah. I took care of him when he was there.  Thank you.  I saw you down your big bus in...  She was at the high school.  La Moine?  Yeah, yeah, yeah.  Yeah, my mom and dad live in Enola.  Do they really?  Right outside of Harrisburg, yeah.  Gene Hawk.  Yeah.  Okay, did you know my dad?  Yeah.  Okay, I'm going to tell him.  I'm going to call him.  He lives in Harrisburg now.  But I'll call him when I'm outside.  I saw Gene Hawk, okay?  Okay.  All right, nice to see you, ma'am.  All right, thanks, ma'am.  I hope everything goes well.  All right, good to see you.  Good luck, dude.  Good, thank you.  Good luck with this.  You been good?  I have been.  Yeah?  Yeah, I've seen lots of stuff for you.  You've been looking good.  Remember Jack Lee?  Of course, yeah.  That's my son.  I'm January.  Amazing, nice to see...  And I hate the ads they put on.  I know, those ads are so doggone mean.  My son is a huge fan.  Yeah.  He's on the sky right now.  So can I take a picture with you?  Absolutely.  We're with you.  I appreciate it.  Thanks.  Put out the word.  Hey, how are you?  Good to see you.  Thank you.  Good luck.  Thank you.  You got my vote.  Thank you.  I appreciate it.  It's going to be close.  We need every vote.  We need to get them out there.  You got mine.  You got his.  You got a lot of people back home.  And we got to change the direction of the country.  Absolutely.  Nice to see you.  How do you do, ma'am?  Dave McCormick.  This is my wife, Dina.  amazing we gotta change things keep up the good work i'm working hard at it  No, I'll tell Jack I saw you.  Please don't.  You tell him Dave McCormick said hi.  I will.  I remember him like yesterday.  He and I always had a good friendship.  Tell him I'm a big admirer, okay?  All right, see you, man.  Appreciate it.  Thank you.",[],0,391,0.0,"This race is getting closer every day — and we’re feeling it on the ground, especially in my hometown of Bloomsburg!",[],0,21,0.0,0.027045093,0.0064409617,0.0019946273,0.0029833151,none,0.0033766702,0.01635755,0.0022974482,0.0028299072,none,1,391,14.64,99,24.52,99,4.25,7.42,94.12,75.7,52.17,27.11,23.53,8.18,1.79,9.46,3.32,0.77,3.58,9.46,3.07,0,9.72,9.21,4.09,2.3,0.51,24.81,5.12,3.07,4.6,4.09,0.51,0,18.67,2.56,6.14,2.56,1.02,1.53,0.26,1.28,0.26,0.51,12.02,11.76,0.26,4.86,4.6,0.26,0,0.26,0,0,27.62,8.95,4.86,4.35,0,0,5.63,19.95,2.05,0.77,1.79,5.12,0.51,0.51,0,0,1.53,0,0.26,1.28,0,0,0.51,0,0,0,0,0,0,0,0,1.28,0.26,2.05,0,0,0,0,0.77,0,16.11,9.72,0,1.02,4.86,3.58,0,0.26,2.3,5.12,5.63,2.81,6.14,0.77,4.86,0.51,0,37.08,21.74,7.16,2.81,0,5.37,0,0
2024/10/10,Kari Lake,DA7L9vVsD5U,Republican,Arizona,"our country over our party.  That's what we need to do, country over party, and that's what America First is all about.  Unfortunately, the man I'm standing on the stage with tonight, he took an oath to protect us from enemies, foreign and domestic,  and we've seen enemies coming across our border.  We've had 20 million people pour across our border.  Our border is wide open.  Murderers have come in, criminals have come in, and terrorists have come in.  I want to go to Washington, D.C., and help President Trump secure the border, bring back that strong Trump economy,  make it so that we can have the American dream once again for our young people who feel that they don't have access to the American dream.  I'm looking forward to the debate tonight, and I thank you for tuning in.  Arizona, it's so good to be back with you where our relationship began, right here in your home.  And thank you for tuning in tonight for this important debate.  It reminds me of the day I drove into town in 1994.  I was 24 years old.  I bought a house for $88,000, a three-bedroom home.  Arizona was affordable back then.  Arizona was safe back then.  And Arizona was a place everyone wanted to come to live.  And now, unfortunately, we're not seeing that anymore.  Arizona has become unaffordable and unsafe because of career politicians who have voted against our needs and what's important for our safety.  We are going to be hearing tonight from somebody who's undergone an extreme makeover, to quote an old TV show,  somebody who has voted with the most radical Democrats in Washington, D.C., to tear open our borders that were delivered to him in a safe way,  with President Trump securing our border, who has torn apart our economy.  And who has made our children and our lives less safe.  And so tonight, we're going to watch as somebody tries to reinvent himself,  somebody who used to be a member of the Progressive Caucus,  somebody who has destroyed the very congressional district that he has served for the past 10 years,  where homelessness is on the rise, it's the fastest-growing homeless population,  where quality of life is diminished.  We want to get back to the days where Arizona was affordable and safe.  And when we put America first, we can do that.  We need to put",['politici*'],1,401,0.002493766,"We want to get back to the days when Arizona was affordable and safe. 

We can do that when we put America First.

We need to put country over party.

Watch Kari Lake's Opening Statement at Tonight's Debate",[],0,38,0.0,0.9575188,0.83725965,0.06174488,0.9745126,right,0.0066570267,0.5914191,0.006151258,0.0070099635,none,1,403,37.96,99,67.33,46.46,16.79,19.11,91.56,71.96,55.58,18.36,12.66,1.99,6.45,0.99,0.99,0.25,5.71,13.15,5.46,2.23,13.65,10.67,4.22,5.96,0.5,21.09,6.95,2.98,10.67,7.94,0.5,2.23,19.85,0.5,5.71,0.25,0.99,1.99,1.24,0,0.74,0.25,5.21,3.47,1.74,0.25,0.25,0,0,0,0,0,18.11,2.98,0.74,0.5,0.74,0.25,0.99,14.89,0.5,0,0,1.24,3.23,2.48,0.5,0.25,3.23,0.74,0.74,0.5,1.24,0,0.74,0,0,0,0,0,0,0,0.25,0.74,0.74,0.99,0.99,0,0,0,2.23,0,10.67,15.88,0.25,2.73,12.41,1.24,0.74,0.25,5.46,5.21,7.44,0.99,0,0,0,0,0,18.61,6.7,7.94,0,0,3.23,0.74,0
2024/10/10,Kari Lake,DA7OKHPB_zY,Republican,Arizona,"Absolutely. I don't think we can do enough to secure our border. It is the most important issue facing Arizonans and facing our whole country. Every state is a border state right now because of this man's policies, this man's votes, which have been 100 percent open border. He sided with the cartels every step of the way and against the American people. And you and I are suffering because of it.  Thank you.",[],0,74,0.0,"I don't think we can do enough to secure our border. 

It is the most important issue facing Arizona and facing our whole country. 

Every state is a border state right now because of Ruben Gallego's policies.",[],0,37,0.0,0.99067545,0.69046193,0.21416058,0.9876732,elite,0.8138065,0.03963727,0.011082121,0.6698184,elite,1,74,24.47,94.28,27.74,39.97,10.57,16.22,87.84,68.92,59.46,17.57,10.81,2.7,4.05,2.7,1.35,0,6.76,17.57,6.76,1.35,8.11,10.81,2.7,8.11,1.35,16.22,6.76,8.11,4.05,4.05,0,0,20.27,2.7,9.46,1.35,2.7,1.35,0,1.35,2.7,0,4.05,2.7,1.35,1.35,0,1.35,0,0,0,0,14.86,1.35,1.35,1.35,0,0,1.35,12.16,0,0,0,4.05,2.7,1.35,1.35,0,0,0,0,0,0,0,0,0,0,0,0,0,0,0,0,0,0,0,0,1.35,0,0,1.35,0,8.11,9.46,0,1.35,8.11,0,0,0,1.35,1.35,8.11,0,1.35,0,1.35,0,0,16.22,9.46,2.7,0,0,4.05,0,0
2024/10/10,Kari Lake,DA7OThSO7gg,Republican,Arizona,"And after he made that vote, he sashayed around the floor of Congress, waving a Ukrainian flag.  Actually not, because it was not done properly.  Listen, here's what happens in Washington, D.C.  These guys meet in back rooms.  They have an idea.  They say, let's put a border deal together.  Let's call it the safe border, whatever they call it,  because they always call it something, and it's really usually the opposite.  Then they throw a bunch of other stuff in there.  He sold us out. He sold us out to Ukraine. He spent $260 billion. He's voted for every penny  of that, but he would not help President Trump build the border wall. Even when President Trump  said to the Democrats, I want to make a deal when it comes to DACA. I want to make a deal when it  comes to DACA. Let's make them citizens in exchange for helping me come up with money to build the  border wall. And Ruben Gallego and the Democrats said, no, they're using these DACA recipients  as political pawns. I find that to be disgusting, Ruben. Why are you using them as pawns?  Why wouldn't you make a deal with President Trump?  I want to ask the veterans out there, can you ever imagine standing on the floor of Congress, standing anywhere, and waving the flag of another country?  and they never get to it. And the problem with this piece of legislation that I had a real problem with, Steve,  was that they attached it to $115 billion in foreign money and more money, our money.  Arizona's money going overseas to kill people.  And when they couldn't get this passed because there was no bipartisan support,  they may have had three different people writing it and pushing this,  but there was no bipartisan support. Three people supporting it.  The senators were not bipartisan behind it.  And in the House, they weren't supporting it either.  And the people weren't supporting it. So what they did is they separated it out  and Ruben Gallego voted to send another $60 billion to Ukraine.  any elements of that bipartisan border bill you would have supported.  That is what this gentleman did.",[],0,367,0.0,"When President Trump said to the Democrats, I want to make a deal when it comes to DACA.

Ruben Gallego and the Democrats said no. 

They're using these DACA recipients as political pawns. 

I find that to be disgusting.",[],0,39,0.0,0.99581534,0.022857687,0.030765764,0.84787285,elite,0.99377465,0.14688703,0.038346905,0.021892237,elite,1,368,20.46,70.07,46.68,40.09,11.87,18.48,91.58,73.37,60.05,20.11,10.33,1.63,1.63,1.09,1.9,4.08,9.78,14.13,5.98,2.17,11.96,8.7,5.71,7.61,3.26,18.75,3.8,2.99,4.62,2.45,0,2.17,23.91,1.9,13.04,0.82,3.26,2.17,1.36,0.82,4.08,0,2.45,1.9,0.54,0,0,0,0,0,0,0,17.12,5.71,2.45,0.27,0.27,0,2.17,11.41,0,0,0,2.45,5.98,5.71,1.09,0,4.89,0,0.54,1.9,2.45,0,0.54,0.27,0,0.27,0,0,0,0,0.27,0,0.82,0.54,0,0,0,0,0.27,0,9.51,12.23,0.27,2.72,9.78,0,0.27,0,2.72,5.71,3.8,0.54,0,0,0,0,0,19.02,7.88,6.25,0.82,0,3.26,0.82,0
2024/10/10,Kari Lake,DA7PSCPhNxl,Republican,Arizona,"He voted against President Trump's national emergency on the border.  He said the border is not that big of a deal in Arizona when he was talking to people who were donating money to his campaign and said he's not an expert on the border.  We need somebody who understands the threat on the border.  And I do.  And President Trump does.  And on day one, we're going to get busy undoing the damage caused by Kamala Harris, Joe Biden and Ruben Gallego, who's voted with him 100 percent of the time.  Can you imagine voting with the Kamala Harris and Joe Biden 100 percent of the time, especially when it comes to the border?  You know, this isn't just about an open border.  We've got 20 million people pouring in.  They're taking jobs.  They're taking housing.  This is why nobody can afford housing anymore, because we're having to compete with people who've come in illegally.  I am completely opposed to an open border.  I am 100 percent for legal immigration.  My mother-in-law came here legally.  And all of the incredible immigrants of this country who came here legally are horrified by the votes that my opponent has taken.  They're horrified by what Kamala Harris has done.",[],0,207,0.0,"MUST WATCH: Kari Lake is absolutely CRUSHING this debate!

This almost isn’t even fair… ??",[],0,15,0.0,0.97257453,0.5053573,0.026514465,0.7816709,elite,0.13910682,0.0023637323,0.0028774806,0.0027877197,none,1,207,44.59,87.1,25.51,4.83,12.18,18.36,89.37,70.05,54.59,15.94,11.59,2.42,1.93,0.97,2.9,1.45,4.35,13.04,7.73,2.9,13.04,11.59,4.83,4.83,1.93,22.71,3.86,3.86,6.76,2.42,0.97,4.35,24.15,0.97,8.21,1.45,1.45,1.93,0.48,0.48,1.93,0,2.9,0.48,2.42,0.97,0,0.97,0.97,0,0,0,16.43,3.38,0.48,0,0.97,0,1.45,12.56,0.48,0,0.48,2.9,4.35,4.35,0.48,0,2.9,0,0.97,0.97,0.97,0,0,0,0,0,0,0,0,0,0,1.93,0,2.42,0,0,0,0,0.48,0,8.21,9.18,0,1.93,8.21,0,0,0,3.38,5.8,9.66,0.97,0,0,0,0,0,17.39,7.73,2.9,0.48,0,5.31,0.97,0
2024/10/10,Kari Lake,DA7PsZEtQ5W,Republican,Arizona,"Mr. Grego, a minute to respond to this.  I want to finish this because...  You've even said this. You have admitted that you have a loved one who was a convicted felon drug trafficker, who's trafficked drugs into our country.  A 20-year-old daughter, a young mother.  And they say, I lost my son. He was 16 years old.  He took a half of what he thought was a Xanax pill, and he's not with us.  They're both terrible. It's a war against America. We have an invasion of people coming in.  And I remember seeing video of, they look like soldiers coming in, soldiers from other countries  coming and pouring across our border. And then we have the cartels empowered by Ruben Gallego  trafficking drugs into our state. We are the funnel for fentanyl. I have met so many parents  and loved ones on the campaign trail who come up to me and they wait usually till the end of an  event. You can spot it. There's a sorrow that you see in their face and they come up to me at the end of an event.  I feel for you. You got emotional talking about that, a close relative of yours.  And for you to continue to vote to empower cartels to bring in fentanyl,  which is a weapon of mass destruction, into our country.  You talked about the sorrow.  Mr. Gray, I've got one minute. Go ahead and respond.  He talked about the sorrow he felt from having a family member who trafficked drugs  and how hard it was for him.  And what you're doing to families right now, Ruben, is you're making that be their reality.  You're making it so moms and dads out there are losing people because of drugs.  Your votes on the border have empowered the cartels.  500,000 pounds of drugs seized at ports of entry.  What is the bigger threat to you, the flow of migrants or the flow of drugs?  One minute.  We are losing a generation of people.  We're losing an entire generation of young people.  And you should know better, Ruben.",[],0,351,0.0,"We are losing a generation of young people to Fentanyl. 

And Ruben should know better. He could stop this.

Instead, he's making it so moms and dads out there are losing loved ones because of this modern-day WMD. 

His votes on the border have empowered the cartels and started the flood of this poison.",[],0,54,0.0,0.98852926,0.1364993,0.037814423,0.18325809,elite,0.9973839,0.23081604,0.16641009,0.60453254,elite,1,351,57.81,99,54.92,7.44,10.64,13.11,91.17,73.5,58.4,19.37,15.1,2.56,2.85,4.56,1.99,1.99,4.27,13.96,8.26,1.42,15.67,9.12,3.13,5.98,0.28,19.09,4.56,3.42,9.69,5.98,1.42,2.28,17.95,0,6.27,1.99,1.99,0.85,0.57,0,1.42,0.28,5.13,1.71,3.13,1.42,0,1.14,0,0,0.85,0,21.94,3.99,0,0.57,0.28,0,1.99,17.95,3.42,0,0.85,3.13,1.14,0.85,0.28,0,0.57,0,0,0.57,0,0,3.42,3.13,0.57,0,0.28,0.85,0,0,0,0,0.28,0.85,0,0,0,0,1.14,0,7.98,10.54,0.28,2.85,7.41,1.14,0,0.85,5.41,4.27,5.13,0.28,0,0,0,0,0,18.8,10.26,4.56,0.28,0,3.13,0.57,0
2024/10/10,Kari Lake,DA7PzhJuWH0,Republican,Arizona,"for those border communities? It's absolutely horrifying. Hospitals having  to close down, hospitals there that aren't being paid because people coming  across illegally are getting services and they're not being paid for them. And  Ruben's idea is to actually funnel billions of dollars into the NGOs that  are actually taking part in transporting people further into our country, not just  here in Arizona. Go to the airport, take a red-eye out of Phoenix Sky Harbor. It  looks like a migrant encampment because so many people are moving from Phoenix  Sky Harbor to all points, all 50 states, and Gallego. Ruben Gallego has funded  that. That's what he wants to do. You know, the real answer, the real solution,  Arizona, is not to have to pour billions into all of this, is to shut down the  border, build the border wall that he calls a dumb, stupid border wall, build  the border wall, and then, Ruben, we don't have to pour billions of dollars  into the NGOs. The real solution to help these border communities so that they  aren't taking a financial hit is to finally put the border wall in place.  We can't put the border wall up and get serious about border security. But Mr.  Gallego would rather pour $260 billion of your hard-earned tax dollars into  Ukraine to fight for their borders, not our borders. I want to protect you. That's  why President Trump, my good friend, has called me Border Carry Lake. I love the  nickname, and I'm going to go there to Washington, D.C., and help him build that  border wall and secure the border. We can't afford what Kamala Harris and Ruben  Gallego have done. Can you imagine he's voted with them 100%? I don't know. I don't  know what they're doing. I don't know how they'll make it work. I don't know. I'm  so sad. I Sir poor Balckley, don't know. You didn't listen to him. Did you know  I'm like, didn't say that? I would have not met him and left him money that I  totally wouldn't have had. ??????? en corte. Christmas that was  wish that we've been in everything we could, with our money. But what's the  only way it could have shown us that in our country we're acceptable at a  government level? What's the?work our akhir nes in some weit, you know,  doesn't make sense we're going to put our national values and our ??  And other Pu照s of?re paperwork like we're going to go talk about that  with the government, which they're all berry that says the nations are  One people all weekend. about the city and all Ivan Well right on.  families have to struggle even more and ask the police about it. They're  struggling because more crime. How many of you out there know somebody or you  yourself have been a victim of crime from these Chilean gangs, the dinnertime bandits  who broke into homes and are terrorizing people here in the valley?  Okay, thank you. We're going to dramatically change...",[],0,505,0.0,"Gallego would rather pour $260 billion of your hard-earned tax dollars into Ukraine to fight for their borders, not our borders. 

I want to protect you. 

That's why President Trump, my good friend, has called me Border Kari Lake. 

I love the nickname, and I'm going to go there to Washington DC, and help him build that wall.",[],0,58,0.0,0.99291575,0.31981286,0.07760467,0.97687906,elite,0.957934,0.7138323,0.019388229,0.7282399,elite,1,506,22.14,81.04,67.06,10.45,13.68,14.43,88.14,69.37,57.51,17.98,11.66,2.77,3.36,2.17,1.38,1.78,6.32,14.43,5.34,1.58,12.65,13.24,4.74,4.94,3.75,22.13,4.15,3.95,7.51,4.74,0.79,1.98,24.11,1.78,11.86,3.56,1.78,2.17,0.59,1.38,3.36,0,3.75,1.38,2.37,0.99,0.4,0.59,0.4,0,0.2,0,15.22,3.16,0.59,0.59,0.4,0.2,1.38,11.86,0.2,0.2,0,1.78,1.19,0.99,0.2,0,3.36,0.2,0.2,0.79,1.98,0.2,0.79,0.4,0.4,0,0,0,0,0.4,0,1.19,0.59,0.99,0.4,0,0,0,0.59,0,10.08,13.24,0.2,1.78,11.66,0.2,0.2,0.2,0.99,3.16,8.7,2.96,0.4,0,0.4,0,0,23.72,7.11,5.93,3.16,0,6.72,0.79,0
2024/10/10,Kari Lake,DA7RfcUv6l4,Republican,Arizona,"He acts like he cares about us. I want to speak to the women out there. But when you look at his character and his background, he has been harassing women and being disparaging toward women from the very beginning.  When he worked at City Hall, he had a complaint about a hostile work environment and being hostile toward women. He went over to the legislature. He had a sexual harassment filed against him in the legislature.  People go crying out of his office. This is a man who is putting on his extreme makeover act, and what you see behind the scenes is not somebody who cares about women.",[],0,110,0.0,"Ruben Gallego acts like he cares about us. 

I want to speak to the women out there.

When you look at his character and his background, he has been harassing women and being disparaging toward women from the very beginning.",[],0,40,0.0,0.97778666,0.2716214,0.6571503,0.007963697,elite,0.9009118,0.04374065,0.19271049,0.004338452,elite,1,110,56.07,99,1.71,1,13.75,15.45,93.64,74.55,62.73,19.09,16.36,0.91,0.91,1.82,10.91,0,2.73,12.73,8.18,0,18.18,8.18,6.36,6.36,0.91,18.18,1.82,0,4.55,0.91,1.82,1.82,17.27,0,4.55,0,0,0.91,0.91,0,2.73,0,8.18,1.82,6.36,3.64,0,3.64,0,1.82,0.91,0,30.91,8.18,1.82,0,4.55,0,2.73,22.73,0,0,4.55,11.82,3.64,3.64,0,0,3.64,0,0,3.64,0,0,0.91,0,0,0,0,0,0.91,0,0,0,0.91,0,0,0,0,0,0,0,7.27,12.73,0.91,2.73,9.09,1.82,0,0,2.73,5.45,5.45,0,0,0,0,0,0,10,7.27,2.73,0,0,0,0,0
2024/10/10,Ruben Gallego,DA7S-XaMMJy,Democratic,Arizona,"to the woman, to the doctor, and the family.  or portion loss.  And so do we want politicians like Kerry Lake to be involved in these very, very difficult decisions?  And then when she was disappointed to find out that the 1864 law, again, the one that had no exceptions for rape or incest, was not going to get enforced, she said, well, I hope the sheriffs will do their jobs.  when they should be left.  was a great law.  She said it was a great law.  This is who Carey Lake is.  was overturned.  She said she was thrilled when Roe  She said she was thrilled with Roe.  She has told us what she would do.  Can you imagine...  It's not true.  Sheriff...  We have it on tape.  These are all your words on tape.  Can you imagine Sheriff Joropayo enforcing...  This is a person who only two years ago, actually less than two years ago, said the 1864 Territorial Law.  A law that said if you were an abortion provider, it was a mandatory two-year sentence,  and it had no exceptions for rape or incest.",['politici*'],1,187,0.005347594,"Kari Lake called abortion the “ultimate sin.” She called Arizona’s near-total abortion ban without exceptions a “great law.” She wanted sheriffs to enforce it. 

When someone shows you who they are, believe them.",[],0,33,0.0,0.952982,0.004377188,0.004502054,0.008938634,elite,0.015740775,0.003749916,0.0025016181,0.0038450125,none,1,187,9.03,88.45,1.74,9.82,9.84,13.9,92.51,71.12,62.03,18.18,11.23,0.53,1.6,2.14,4.81,1.07,6.95,14.97,6.95,2.14,7.49,14.44,6.42,7.49,2.14,20.86,2.67,3.74,9.09,2.14,0,6.95,31.55,2.67,11.76,2.14,0,3.21,2.67,0.53,4.81,0,7.49,3.21,4.28,2.14,1.6,0.53,0,0,0.53,0,18.72,5.35,0,0,1.07,0,4.28,13.37,1.6,0,5.35,0,1.07,1.07,0,0,1.07,0,0,1.07,0,0,3.21,1.07,0,0,0,0,2.67,0,0,0,1.07,0.53,0,0,0,0,0.53,0,6.42,2.67,0,0,2.14,0,0,0,4.81,10.7,4.28,2.67,0,0,0,0,0,21.39,12.83,6.95,0.53,0,0.53,0.53,0
2024/10/10,Ruben Gallego,DA7TgULvIqM,Democratic,Arizona,"She's still in denial about the 2022 election.  Now, I give you one minute.  You have one minute.  Will you finally tell the people of Arizona, did you win or lose that election?  Can I talk about water really quickly?",[],0,40,0.0,Kari Lake just refused to admit she lost the 2022 election – AGAIN.,[],0,13,0.0,0.94752324,0.0037173016,0.0033571555,0.01191157,elite,0.9740772,0.0044306153,0.005786311,0.010345323,elite,1,40,5.64,99,45.52,20.23,8,12.5,95,80,65,20,17.5,5,0,10,2.5,0,2.5,12.5,5,7.5,10,12.5,17.5,2.5,0,22.5,0,10,12.5,0,5,7.5,32.5,0,7.5,0,0,2.5,2.5,2.5,2.5,0,5,2.5,2.5,0,0,0,0,0,0,0,22.5,7.5,0,0,0,0,5,15,0,0,2.5,0,5,5,0,0,0,0,0,0,0,0,0,0,0,0,0,0,0,0,0,0,0,0,0,0,0,2.5,2.5,0,15,2.5,0,0,2.5,0,0,0,12.5,2.5,10,2.5,0,0,0,0,0,20,7.5,5,5,0,2.5,0,0
2024/10/10,Kari Lake,DA7d3aGol6f,Republican,Arizona,"57% increase in price.  I want people who are on Social Security to know you have paid into that.  That is an insurance benefit you've paid into, and we are not touching that.  Ruben Gallego, Kamala Harris, and the Democrats will decimate it.  They want to make it so you can't, the age that you have to be to qualify to get your Social Security,  they want to raise that, and they also want to take Medicare.  He promised he wouldn't touch Medicare.  They wouldn't ruin Medicare and touch it, and they have.  He wants Medicare for all, which really means Medicaid for all, and that will be a disaster for Arizona families.  I have to mention the prescription drug prices.  He touts that he brought that down.  His vote in the Inflation Reduction Act actually caused medications to go up for people on Part D.  Thank you.",[],0,148,0.0,"Let me make this clear to everyone on Social Security.

That is an insurance benefit you've paid into, and we are not touching that. 

Ruben Gallego, Kamala Harris, and the Democrats will decimate it.",[],0,34,0.0,0.9915651,0.28984496,0.025291454,0.3800284,elite,0.40320635,0.008705181,0.0036682524,0.006490714,none,1,148,26.1,95.35,1,51.44,12.33,18.92,91.22,72.3,57.43,22.3,14.19,1.35,0.68,4.05,4.05,3.38,8.11,12.16,4.05,0.68,14.19,10.14,2.7,5.41,2.7,20.95,1.35,4.05,2.03,1.35,0.68,0,19.59,1.35,12.16,1.35,1.35,5.41,0,2.03,2.7,0,2.03,2.03,0,0,0,0,0,0,0,0,18.92,2.7,0.68,0.68,0,0,1.35,14.86,0.68,0,0,4.05,1.35,1.35,0,0,4.05,0,0,0.68,3.38,0,5.41,5.41,0,0,0,0,0,0,0,2.7,3.38,1.35,0,0,0,0.68,2.03,0,6.08,8.11,0,2.03,4.73,0,0,2.03,0.68,3.38,4.05,4.73,0,0,0,0,0,17.57,8.11,6.08,0,0,2.7,0.68,0
2024/10/10,Kari Lake,DA7d_m5Cdjf,Republican,Arizona,"He's got a Democrat president.  I think we have a Democrat president.  I don't know, frankly, who's running the country right now.  But why haven't you done that, Ruben?  This is like we're going to be 30 seconds, please.  We've had a Democrat president.  Your first day on the job was 10 years ago.",[],0,54,0.0,"I don't know who's running this country right now, but I've been told that he's a Democrat.

Ruben & the Democrats are in control.

Gallego is talking such a big game about what he wants to do, but his first day in Washington DC was ten years ago.

Ruben, Why haven't you done it?",[],0,54,0.0,0.38360423,0.0017357861,0.0014551454,0.008582194,none,0.596825,0.0016738662,0.001467133,0.013519888,elite,1,54,3.37,98.75,77.17,,7.71,18.52,98.15,72.22,61.11,20.37,16.67,3.7,5.56,3.7,1.85,0,3.7,16.67,9.26,5.56,5.56,22.22,7.41,1.85,3.7,31.48,1.85,5.56,11.11,5.56,0,5.56,37.04,0,11.11,3.7,1.85,0,0,1.85,3.7,0,0,0,0,0,0,0,0,0,0,0,22.22,1.85,1.85,1.85,0,0,0,18.52,0,0,0,1.85,11.11,11.11,0,0,1.85,0,0,1.85,0,0,0,0,0,0,0,0,0,0,0,0,0,1.85,0,0,0,0,0,0,14.81,3.7,0,1.85,1.85,0,0,0,9.26,9.26,11.11,3.7,0,0,0,0,0,31.48,11.11,7.41,1.85,0,11.11,0,0
2024/10/10,Kari Lake,DA7eHH9pRfT,Republican,Arizona,"Well, it's interesting because he's only voted, he's voted with Kamala Harris and Joe Biden.  Arizona, you've got to know this.  He's voted with Kamala Harris and Joe Biden 100% of the time.  He wants to act like he's bipartisan.  He was the leader of the Progressive Caucus.  That's where all the ideas that we scratch our head and go, who came up with these crazy ideas come from.",[],0,69,0.0,"Ruben Gallego wants to act like he's bipartisan.

He's voted with Biden/Harris 100% of the time.

He was the leader of the progressive caucus. That's where all the ideas that we scratch our heads and go, ""Who came up with these crazy ideas?""

That's the real Radical Ruben.",[],0,48,0.0,0.9491787,0.00226206,0.0031621186,0.024504319,elite,0.9776673,0.0035932472,0.0042869174,0.068095155,elite,1,69,30.77,99,2.47,65.92,11.5,8.7,85.51,71.01,55.07,21.74,14.49,0,2.9,1.45,8.7,0,7.25,14.49,5.8,1.45,14.49,11.59,4.35,5.8,0,24.64,4.35,1.45,7.25,2.9,1.45,2.9,27.54,1.45,7.25,4.35,1.45,1.45,0,0,0,0,4.35,2.9,0,1.45,0,0,0,0,0,0,17.39,1.45,1.45,0,0,0,0,15.94,0,0,0,8.7,7.25,7.25,0,0,1.45,0,0,1.45,0,0,1.45,0,0,0,0,0,0,0,0,0,1.45,1.45,0,0,0,0,0,1.45,7.25,8.7,0,4.35,5.8,0,0,1.45,2.9,8.7,10.14,1.45,0,0,0,0,0,26.09,8.7,5.8,0,0,10.14,1.45,0
2024/10/10,Kari Lake,DA7eTKjPXbu,Republican,Arizona,"Yes, I would. And by the way, you're about to see the extreme makeover version of Rubin.  He's going to say he's now for the Trump tax cuts when he's been against them.  We're not only going to extend the Trump tax cuts.  We're going to make sure that we're not making anybody who's seen your citizen on Social Security pay taxes on their Social Security check.  No more taxes on tips and no more taxes on overtime.  We've got to stop printing money like it's going out of style.  That's what Rubin Gallego, Kamala Harris and the Democrats have done.  And we're going to start cutting back on the wasteful spending of the government.  It's outrageous what they want to spend money on.",[],0,124,0.0,"Gallego voted against the Trump Tax Cuts which delivered EVERY American historic prosperity.

When I get to the Senate, we're not only going to extend the Trump tax cuts, we're going to make sure there are no taxes on social security, no more taxes on tips, & no more taxes on overtime. 

Gallego, Kamala, & the Democrats have spent your money like it has an expiration date.

I will treat it with the integrity it deserves.",[],0,76,0.0,0.9933171,0.15616848,0.023897868,0.5636133,elite,0.98733634,0.121632524,0.010999546,0.18612178,elite,1,124,44.01,92.62,3.43,6.37,12.4,13.71,87.9,66.94,54.03,17.74,12.1,0.81,4.03,1.61,2.42,2.42,5.65,12.1,5.65,0,16.94,13.71,2.42,4.03,3.23,25.81,5.65,1.61,4.84,4.03,0,0.81,23.39,2.42,6.45,0,0.81,1.61,0.81,0,3.23,0,1.61,0,1.61,0,0,0,0,0,0,0,16.13,1.61,0,0,0,0.81,0.81,12.9,0,0,0,2.42,2.42,2.42,0,0,8.87,0,0,0.81,8.87,0,0,0,0,0,0,0,0,0,0,0,0.81,0.81,0,0,0,0,1.61,0,10.48,8.06,2.42,0.81,3.23,1.61,0,0,4.03,3.23,10.48,10.48,0.81,0,0.81,0,0,20.97,8.06,2.42,0,0,10.48,0,0
2024/10/10,Kari Lake,DA7edmfq3NN,Republican,Arizona,"Well, I wouldn't do what the Democrats did, which was take a great energy policy that President Trump had put in place and decimated on day one, hour one, like Joe Biden did with the support of my opponent.  We definitely can't do that.  We need to bring back and start building the Keystone XL pipeline and continue, as President Trump says, to drill, baby, drill.  I want to look at all sources of energy.  We absolutely need plentiful energy that's inexpensive and reliable.  We want reliable energy.  The price of electricity has gone up some 30 percent.  I was reading an article the other day of a woman who's a retiree who has to keep her house at 83.  She keeps the windows and shades closed because she just can't afford to cool her house.  We need to bring the price of energy down.  And unfortunately, with the moves the Democrats did right when they got into office, it caused a spike in energy prices.  Only now are they realizing they're in trouble and they're starting to drill once again.  But the Democrats want us to be relying.  They want us to be reliant on foreign energy, foreign energy with Middle East and Venezuela.  They don't want us to have our own energy.  We've got to look at all sources of energy.  I want to look at everything.  Everything should be on the table to use that's, like I said, cheap and reliable.",[],0,244,0.0,"The Democrats want us to be reliant on foreign energy from the Middle East & Venezuela. They don't want us to have a real domestic energy supply. 

We've got to look at all sources of energy. 

Everything should be on the table.

I will bring the cost of energy by Making American Energy Dominant Again.",[],0,55,0.0,0.98924875,0.016855996,0.0070683253,0.57695997,elite,0.98739237,0.02079137,0.011558247,0.87911755,elite,1,244,55.44,85.2,4.23,77.3,13.56,16.39,86.89,76.23,56.15,15.16,11.48,2.46,4.1,0,1.64,2.46,3.69,12.7,6.56,2.05,15.57,10.66,4.1,5.33,1.64,22.95,5.33,5.74,5.33,4.1,0,1.23,22.95,1.64,10.25,0.41,2.05,5.33,0,0.82,2.05,0,4.51,4.1,0.41,0,0,0,0,0,0,0,12.7,2.05,0.41,0,0,0,0.82,10.66,0.41,0,2.05,0,2.46,2.05,0,0.41,4.1,0,1.23,0.82,2.05,0,0,0,0,0,0,0,0,0,0,2.05,2.46,1.23,0,0.41,0,0,0.41,0,9.02,8.2,1.23,2.05,4.51,1.23,0,0.41,4.1,4.51,5.33,0.82,0.41,0,0.41,0,0,16.8,7.38,5.33,0,0,4.1,0,0
2024/10/10,Kari Lake,DA7ektRCekI,Republican,Arizona,"Can I talk about water really quickly?  I'm going to give you 30 seconds to respond.  Okay, let's talk about water. He's had 10 years in Congress. He's done nothing. I've lived here  for 30 years and I've watched as politicians continue to say we have a water crisis.  We are in the West and we need to look at long-term solutions. I'm not talking about  fighting over a drop of water. We can conserve, but we can't conserve our way out of this crisis.  Otherwise, we'll end up giving the short end of the stick to our ag community and our ranchers,  and we'll have a food crisis before we have a water crisis. I want to go to Washington,  D.C. and work on true solutions, piping in fresh water, desalination, but finally,  for once and for all, bringing in new sources of water to the West. The West is growing.  We don't want to be scrounging over water. We want to have plentiful water sources,  and I'm going to do it. I'm sick of watching politicians like Rubin do nothing.  Are we going to also talk about water separately?",['politici*'],1,191,0.005235602,"Arizona has a water crisis.

We can conserve, but we can't conserve our way out of this. 

Otherwise, we'll end up giving the short end of the stick to our AG community & our ranchers, & we'll have a food crisis before we run out of water.

I want to work on true solutions. 

Piping in fresh water, desalination, & bringing in new sources of water to the West.",[],0,69,0.0,0.94209605,0.6313841,0.013349155,0.021913873,elite,0.006648623,0.27226952,0.02488544,0.0011664529,none,1,192,41.86,84.23,65.48,6.65,11.29,16.15,88.54,73.96,57.29,14.58,13.54,4.17,7.81,0.52,1.04,0,1.04,7.81,4.69,2.08,19.27,14.06,5.21,6.77,2.6,25,5.21,3.13,11.46,8.33,1.56,1.56,26.56,1.56,9.9,1.04,1.56,3.65,0,0.52,3.13,0,4.69,1.56,3.13,0.52,0,0.52,0,0,0,0,14.58,4.69,0,0,0.52,0,3.13,9.9,0,0,0,1.04,1.56,1.56,0,0,1.04,0,0,1.04,0,0,1.56,0.52,0.52,0,0,0,0,0.52,0,2.6,1.56,0,0,0.52,0,0,2.08,0,9.9,11.46,1.56,1.56,8.85,1.56,0,0,6.25,3.13,7.81,4.17,0.52,0,0.52,0,0,22.4,8.33,5.73,1.04,0,6.77,0.52,0
2024/10/10,Kari Lake,DA7ewieP7LC,Republican,Arizona,"You know, we've had problems across the country since 2000.  One year the Democrats are mad, the next year the Republicans are.  We've got problems with our elections, and there's no doubt about it.  The people of Arizona have been burned.  They're tired of hearing about hiccups and loopholes and problems that happen on Election Day.  We just want to make sure that our legal vote counts.  My opponent wants illegal votes to count.  He actually voted twice to have illegals vote.  He voted against the SAVE Act, which would prevent illegals from voting.  I want every legal vote to count.  I don't care if you are the most liberal Democrat or the most conservative Republican  or where most of Arizona is somewhere in between.  I want every legal vote to count.  My solution would be let's get back to something closer to what we used to have,  Election Day, paper ballots, and we know the results right there on the night of the election.  But we definitely can't have people pouring across our country illegally voting.  Not only does he want to let them vote, he wants to give them all asylum.  And we've got to stop this nonsense at the border.  Mr. Green.  Restore our country.",[],0,208,0.0,"I don't care if you are the most liberal Democrat, the most conservative Republican, or somewhere in between. I want every legal vote to count. 

My solution would be to get back to something closer to what we used to have on election day. Paper ballots, we know the results the night of the election, but we can't have people like Gallego voting to let illegal immigrants in our elections and watering down your one legal vote.",[],0,77,0.0,0.8889996,0.95316124,0.037282515,0.8680579,centr,0.7361088,0.95827466,0.10864101,0.9164183,centr,1,208,41.98,88.42,15.38,1.94,11.56,18.75,95.19,75.48,55.77,15.87,12.5,2.4,5.77,0.96,1.92,1.44,3.37,13.94,5.77,1.44,13.46,10.58,5.29,4.81,1.92,22.6,7.69,7.69,11.54,5.77,0.48,5.29,27.88,1.44,15.38,1.44,1.44,4.33,2.4,1.92,4.33,0,2.88,0,2.88,0.96,0,0.96,0,0.48,0,0,13.46,0.96,0,0.48,0,0,0,11.54,0,0,0,2.4,10.1,10.1,0,0,0,0,0,0,0,0,0.96,0.48,0,0,0,0,0,0,0,0,2.88,1.44,0,0,1.44,0,1.44,0,10.58,8.65,0.96,0,6.73,0.48,0.48,0,3.85,4.33,6.25,1.92,0,0,0,0,0,16.83,9.13,3.85,0,0,3.85,0,0
2024/10/10,Kari Lake,DA7e3jOtzxv,Republican,Arizona,"Kerry Lake, you have one minute.  Arizona, thank you for tuning in tonight.  And I'm looking forward to being your next U.S. senator and bringing back a strong, secure border,  that strong Trump economy where everybody was doing better no matter what color your skin,  what neighborhood you were from, what your political ideology is.  We want to make sure we have a strong economy once again.  We want to fully fund our police.  My opponent called to defund the police when he was marching in the BLM riots  and calling police officers racist and actually the bad guys.  And that's very unfortunate.  I want every police officer in the family to know I fully support you.  We will fully fund the police.  We're going to need you to make our streets safe again after all of the crime that's poured in with an open border.  On day one, we're going to get to work to secure the border.  We're going to get the criminals who've invaded our country out.  And we're going to bring back that strong, thriving economy.  And I want to tell something out there if there's any kiddos watching.  I don't want you to worry.  I want you to dream really big.  I want you to know that we're going to turn this country around and your American dream will become reality.  Thank you both for being here tonight.",[],0,233,0.0,"I want to say something out there to any kiddos who watched this debate. 

I don't want you to worry. 

I want you to dream REALLY big. 

I want you to know that we're going turn this country around, and your American dream will become a reality.",[],0,47,0.0,0.93331623,0.72412056,0.018754208,0.8112978,elite,0.0034880124,0.7084004,0.04946679,0.0030920368,none,1,233,33.12,99,34.2,60.7,12.94,13.73,93.13,73.39,55.36,19.31,14.59,3.43,5.15,5.58,0.43,0,4.72,14.16,4.72,1.29,13.3,9.01,6.44,4.72,0.86,22.75,5.58,3.86,12.45,5.58,0.86,6.01,22.32,1.72,9.44,0.86,0.43,3.43,1.29,2.15,0.43,0,5.15,3.86,1.29,0.86,0,0.86,0.43,0,0,0,18.88,4.29,1.29,0.86,0.43,0.86,1.72,13.73,0.43,0,0,0.86,2.15,1.29,0.86,0,3,0,0.43,0.43,2.15,0,0.43,0,0,0,0,0,0,0,0,0.43,3,0.86,0,1.29,0,0,1.29,0,11.59,13.3,1.29,1.72,9.01,1.29,0.43,0,4.29,2.15,5.15,6.01,0,0,0,0,0,16.74,8.58,3.43,0,0,4.72,0,0
2024/10/10,Bob Casey,DA8iVftMW8q,Democratic,Pennsylvania,"And I hope he shares it with his.  And then earlier at a small business.  But we're grateful to be here to visit with small business owners.  We've got to keep helping our small businesses, invest in them so they can create those jobs.  Coffee shop started in 2020, right in the middle of the pandemic.  A lot of good small businesses here.  here in Allegheny County.  where they have a community arts center.  in the same neighborhood in Sharpsburg.  Earlier today, we were in Sharpsburg at a coffee shop.  Hey, we're here today in Allegheny County in Aspinwall at Spark Books.  I just brought a book for my grandson, Max.",[],0,111,0.0,There’s always time to pick something up for the grandkids on the campaign trail.,[],0,14,0.0,0.0020156337,0.05436338,0.011989092,0.0018402499,none,0.013899988,0.0072561176,0.0019739904,0.0034252177,none,1,111,80.1,95.03,73.75,76.19,9.25,17.12,91.89,65.77,51.35,13.51,11.71,2.7,4.5,0,1.8,2.7,1.8,10.81,7.21,0.9,18.02,6.31,6.31,4.5,0,11.71,8.11,4.5,9.01,7.21,0.9,0.9,12.61,0,3.6,0,0,1.8,0.9,0,1.8,0,5.41,4.5,0.9,2.7,2.7,0,0,0,0,0,17.12,4.5,0.9,0,0,0,0.9,12.61,0.9,0,0,2.7,0,0,0,0,10.81,0.9,0.9,7.21,6.31,0,2.7,0.9,0.9,0,0,0,0,1.8,0,0,0.9,0.9,0,0,0,0,0,0.9,10.81,15.32,0,0.9,14.41,0,0,0,5.41,5.41,4.5,0.9,0.9,0.9,0,0,0,18.02,10.81,4.5,0,0,2.7,0,0
2024/10/10,Sherrod Brown,DA8z-abu-nm,Democratic,Ohio,"And it was great fun, and the applesauce is good.  This was Emily and Elizabeth.  Emily is the older of the two.  She was a union organizer for years after college.  She went back to school.  I screwed it up.  Next.  This was the first time Martin Sheen came out and campaigned for us.  This picture was, I believe, in Akron.  And Franklin was maybe 14 months maybe then.  I'm pretty sure of that because he didn't like to be picked up.  I went to law school.  Elizabeth, the younger one, elected city council twice in Columbus, decided to go a different route.  And she is the CEO at the YWCA in Columbus.  This was Bob Casey and me walking down the street in Erie, Pennsylvania, I believe.  Very good friends.  Sat next to each other for years.  We have competitive Scrabble games.  Jackie and Carolyn especially were involved in applesauce making.  We made it this year.  This is a tradition we followed for several years.  We use my mom's applesauce recipe.  The grandkids who get a little more involved every year this year.  I mean, he definitely doesn't like being picked up now, but he wanted to meet Martin Sheen too, I think.  You'll get a kick out of this.  and we're out in the back in the back we're playing connie and i are playing scrabble  and it probably wasn't election year because I had a beard.  This is Franklin, who is smiling for the camera.  mid-late 20s, probably mid-20s, and I was teaching a class about Ohio politics.  This was me listening, and I was teaching a class at Mansfield OSU as in my probably mid.",[],0,279,0.0,"#tbt",[],0,1,0.0,0.016613537,0.0039392184,0.0023194863,0.0037872205,none,0.006542546,0.0034237388,0.00281299,0.0031747315,none,1,279,41.62,50.74,84.25,59.59,9.62,18.28,88.17,74.19,58.78,16.49,11.11,5.38,2.51,0.36,2.15,0,5.38,15.05,7.17,2.51,12.9,10.39,4.66,6.81,1.08,19.35,5.02,5.73,6.81,4.3,0.36,2.51,22.22,0.36,8.6,1.79,1.79,0.36,2.15,0.36,1.79,0,3.23,2.87,0.36,1.43,1.43,0,0,0,0,0,8.96,1.79,0,0,0,0,0,7.17,0.72,0.36,1.43,1.08,2.15,2.15,0,0,5.38,2.15,0,3.23,0,0,0.36,0,0,0,0,0,0,0,0,0,0.36,0.72,0,0,0,0,0,0,10.75,12.19,0,2.87,8.96,0.36,0.36,0,5.38,8.6,4.3,0.36,0,0,0,0,0,19.35,10.39,5.38,0,0,2.87,0.72,0
2024/10/10,Elissa Slotkin,DA8046jPRGt,Democratic,Michigan,"And so when I saw this thing, and before I even got to see it,  my dad was there when it came into the parking lot.  So in honor of him, in honor of what he taught me,  and in honor of my favorite things as a child that I got to do,  it is Pork Chop 3.  He hooked up with the pork producers.  So what did they do?  They got an RV, and they basically set up an RV where you could come in  and you could test different pork products.  They could grill it up there for you, and you could go inside this really cool RV.  And that was Pork Chop 1.  And it's called Pork Chop 3 because, as some of you may know, my entire family is in the meat business, in the hot dog business, right?  My great-grandfather started a hot dog company or a meat company.  We helped start Nathan's Hot Dogs in New York and did all the meat for 50 years at Nathan's Hot Dogs.  Moved the company to Detroit in the 50s.  Got the first contract at Tiger Stadium.  And that became a fan favorite and that became the ballpark frank.  And so my dad was in the business along with all of his brothers.  Dreamed of getting me in that business.  But when I was a child, about the age of this young lady right here, I was dragged around everywhere I went, everywhere he went, to visit meat.  So we would go into Meyers and visit the meat counter.  We'd go into Kroger and visit the meat counter.  He'd be trying to sell a new type of product.  Or he'd just be doing a spot inspection.  He kept a stack of knives in his trunk so that he could go in and slice the meat and look inside, look at the color.  And this for a young woman, a young girl, was so boring.  It was horrible. I hated it.  And he just never did anything that I ever wanted to do and I was dragged around.  Then...  And I got to visit Pork Chop 1.  It was the only fun thing I got to do.  Then they made it like a new fancier version.  And that was Pork Chop 2.  This is officially the second event I've ever done with this monster, this RV, this Slotkin for Senate.  The name of the RV is Porkchop 3.",[],0,410,0.0,Learn how our campaign RV got its name: Pork Chop 3,[],0,11,0.0,0.023031222,0.003609849,0.0064060213,0.0021066554,none,0.009248266,0.0023826282,0.002746585,0.0040836693,none,1,410,33.46,67.23,42.46,50.14,12.81,10.24,89.76,75.12,61.22,18.05,10.49,4.63,0.73,1.22,2.68,1.22,7.56,14.88,7.8,2.44,13.66,9.02,6.59,9.76,0.24,17.8,4.88,2.2,3.41,1.95,0.98,0.49,16.83,2.2,5.37,0.49,0.49,1.95,0.98,0.24,1.22,0,3.41,2.68,0.73,0.73,0.24,0.49,0,0.24,0,0,11.71,2.44,0.24,0.24,0,0.73,0.24,8.78,1.22,0,0.73,3.66,0.24,0.24,0,0,3.66,0.24,0,3.17,1.22,0,3.41,0,0,0,0,0,0,3.41,0,0,0.24,1.71,0,0,0.24,0,0,0,5.85,12.2,0.73,2.68,8.05,1.22,0,1.22,4.63,7.8,1.22,0.24,0,0,0,0,0,15.12,7.8,4.88,0.49,0,1.71,0.24,0
2024/10/10,Kari Lake,DA9ZbNpteuL,Republican,Arizona,"Hey Arizona, it's me Carrie Lake and guess what? I'm heading out to vote right now.  You know we have election season here in Arizona and so I'm going to go cast my vote  at an early voting center and I'm encouraging you to do the same. If you have a mail-in ballot,  go grab that ballot.  Open it up, vote Republican all the way up and down that ticket, and then get it sent back in.  Or if you'd like to vote in person, go to a voting center and vote there.  We've got to bank the vote.  We've got to chase the vote and make sure that we win this and save our country and save our beautiful Arizona.",[],0,121,0.0,ARIZONA — VOTE EARLY! ????,[],0,5,0.0,0.003214386,0.050940026,0.002649316,0.003412169,none,0.0063089067,0.0046389075,0.0023403396,0.004933423,none,1,121,28.71,91.4,99,82.62,15.13,7.44,93.39,70.25,54.55,19.01,12.4,4.13,4.96,3.31,0,0,6.61,12.4,5.79,0,12.4,8.26,3.31,11.57,0,21.49,3.31,0.83,7.44,5.79,0.83,0.83,13.22,0.83,4.96,1.65,0,0,3.31,0,3.31,0,4.13,4.13,0,1.65,1.65,0,0,0,0,0,12.4,1.65,0.83,0,0,0,0.83,9.92,0,0,0,0,10.74,10.74,0,0,0.83,0,0,0.83,0.83,0,0.83,0,0,0,0,0,0,0,0,0,0,3.31,0,0,0,0.83,1.65,0,14.88,19.01,1.65,4.13,15.7,0,0,0.83,3.31,2.48,4.13,4.13,0.83,0.83,0,0,0,17.36,5.79,4.13,0.83,0,5.79,0.83,0
2024/10/11,Mike Rogers,DA9tXO2vN4v,Republican,Michigan,"Yeah, you can drive any car you want under the Democrats as long as it's electric car.  I mean, what they've done is just backward regulation to make sure that you will not  have the option to buy a gas powered car.  And what's interesting about this, Laura, is 5,000 auto dealers from across the country  in an act of desperation wrote an open letter to the Biden-Harris administration.  Of course, my opponent supported the Biden-Harris administration 100 percent of the time and  said, hey, these are mandates and you are ruining our business.  We cannot take it.  We have cars we can't sell and people you can't give these things away for a whole host  of reasons.  And so, listen, markets work, mandates don't.  And it's, as you mentioned, 9,500 jobs in manufacturing and parts.  But we just had another roughly 10,000 jobs in this last report on unemployment gains.  All came out of the automobile industry.  Stellantis, 24.  Hundred layoffs.  General Motors, 1,000 layoffs.  Ford lost $5 billion in their EV unit.  I mean, this thing is an absolute nightmare.  That's why the Democrats are acting like, well, Republicans in the last few weeks.  Oh, completely. I mean, listen, here's the good news was in a factory today.  They know that this will kill their job prospects, their future employment prospects.  I couldn't believe how many people were saying, hey, I'm not I don't know if I'm a Republican or not,  but I'm voting Trump and I'm certainly voting for you in this next election.  These are these are plant workers. And I can't tell you how important those jobs are for the state of Michigan.",[],0,278,0.0,"Slotkin and Harris don’t care what kind of car you drive… as long as they are electric! Catch my segment with Laura Ingraham on Democrats’ radical EV mandates, which will drive the auto industry right out of Michigan.",[],0,38,0.0,0.9928549,0.010420181,0.010006767,0.65558124,elite,0.9916543,0.04153433,0.025093555,0.97842157,elite,1,278,19.93,40.06,51.64,29.97,12.64,18.71,92.09,67.99,56.47,17.99,10.43,3.96,1.8,2.88,0,1.8,7.55,15.47,6.47,3.24,10.79,12.59,4.68,6.12,3.6,19.42,3.96,3.6,4.68,1.8,0.72,2.16,26.98,0.36,12.59,3.24,1.44,2.52,1.8,1.44,5.04,0,2.88,1.8,1.08,0.72,0.36,0.36,0,0,0,0,12.23,3.96,0.36,0,0.36,0,2.88,7.91,0,0,0,0.36,5.4,3.24,0,2.16,7.19,0,0,6.12,1.44,0,0.72,0.36,0,0.36,0,0,0,0,0.36,0.36,0.36,1.08,0.36,0,0,0.36,0,0.36,8.63,7.55,1.44,0.72,5.4,0,0.72,0,2.52,3.24,10.07,2.52,1.44,0.72,0.36,0.36,0,24.82,7.91,10.07,0,0,5.76,1.08,0
2024/10/11,Dave McCormick,DA9s_0YNOqC,Republican,Pennsylvania,"I'm here with my good friend, Senator Nanshul from Alaska.  He just spent the day in Pennsylvania.  Thanks so much, Senator, for coming.  I couldn't appreciate it more.  We had a great day.  We spent time with veterans and a local VFW.  We spent time with the FOP 91.  getting the endorsement, talking about law enforcement here in Allegheny County,  but also across our great Commonwealth.  And we just had a great event here at the Jewish Federation in Pittsburgh.  And listen, we've got to win this election to get our country back on track.  Feeling great momentum on the ground, and thank you so much, Senator.",[],0,107,0.0,An awesome day in Western PA with my buddy and fellow combat veteran @Sen_DanSullivan,[],0,14,0.0,0.010421131,0.0070624975,0.0025624302,0.0035474806,none,0.0048538507,0.008909159,0.0026315113,0.003262766,none,1,107,60.4,94.26,60.78,99,9.73,18.69,88.79,69.16,52.34,13.08,11.21,2.8,6.54,0.93,0.93,0,1.87,14.02,7.48,0.93,14.02,4.67,8.41,7.48,0.93,14.95,7.48,4.67,14.02,7.48,0.93,5.61,14.02,0,3.74,1.87,0,0.93,0,0,0.93,0,9.35,9.35,0,1.87,1.87,0,0,0,0,0,14.95,4.67,3.74,1.87,0,0,2.8,9.35,0,0.93,0,0.93,5.61,4.67,0.93,0,4.67,0,0,0.93,2.8,0.93,0,0,0,0,0,0,0,0,0,0,0,2.8,0,0,0,0.93,0,0,14.95,13.08,0.93,1.87,10.28,0,0.93,0.93,3.74,5.61,0.93,0,0,0,0,0,0,20.56,10.28,7.48,0,0,2.8,0,0
2024/10/11,Elissa Slotkin,DA99vTYAvEj,Democratic,Michigan,"going 180 rebranding and we have to call them on the records.  I think there's this thing going on right now across the country with a lot of Republican candidates where they they sort of, you know,  they literally stick their finger in the wind and see which way it's blowing and see that, you know, oh, you know,  a lot of people don't seem to like when we, you know, take away women's rights.  So I'm going to recraft, rebrand, forget about the past, ignore my history and just convince you that I'm going to be the protector of women.  And I mean, I just if you believe these folks, I have a bridge I want to sell you.  It's just not realistic. And past behavior is the best indicator of future behavior.  And they tell you who they are when they have the job.  And in my case, there is a man who had 20 years as a politician.  So we have his votes. They're public. So I just don't think we can let them get away with this idea of just.",['politici*'],1,184,0.005434783,"Past behavior is the best indicator of future behavior. There are no ""rebrands"" when you have a 20-year record of fighting to end a woman's right to choose.",[],0,28,0.0,0.98572505,0.024373421,0.029256701,0.010366983,elite,0.98939264,0.034816444,0.07626024,0.01593119,elite,1,184,9.71,97.45,74.45,,16.73,9.78,93.48,75,60.87,23.91,19.02,5.43,2.17,4.35,0.54,5.43,4.89,11.41,6.52,1.09,11.96,9.78,8.7,8.15,1.63,21.2,2.72,1.63,3.8,2.17,0.54,1.09,21.2,0,10.87,5.98,0,1.09,2.17,0,1.63,0.54,0,0,0,0,0,0,0,0,0,0,19.57,2.17,0,0,0,0,1.09,16.85,0.54,0,1.09,1.09,2.17,2.17,0,0,2.17,1.09,0,0.54,0.54,0,1.63,0,0,0,0,0,0,1.09,0,1.09,0.54,1.63,0,0,0,0,0.54,0,10.33,8.15,1.09,1.09,4.89,1.09,0,0,4.35,2.17,7.61,4.89,0.54,0,0,0.54,0,18.48,5.98,7.61,0,0,4.89,0,0
2024/10/11,Sherrod Brown,DA_RUw9MWJa,Democratic,Ohio,"in the United States.  Bakery workers, it was the Teamsters,  it was the iron workers, it was a lot of the other trades.  But if they had knocked down the doors of Congress and said,  This is, we negotiated this at the bargaining table.  We earned it, it belongs to us.  Don't let Wall Street take it away.  You had people like me fighting and I led the fight.  But again, it wouldn't happen without this union and this union's retirees fighting like hell to make sure it happened.",[],0,89,0.0,The Butch Lewis Act wouldn’t have happened without the Bakers and Confectionery Workers.,[],0,13,0.0,0.017684164,0.9890688,0.29733032,0.018082352,centr,0.002210304,0.5627952,0.015978904,0.0022824958,centr,1,89,42.36,60.12,40.93,1,12.71,15.73,97.75,67.42,59.55,21.35,7.87,2.25,3.37,1.12,0,1.12,13.48,14.61,8.99,0,12.36,7.87,2.25,6.74,2.25,14.61,1.12,2.25,16.85,7.87,1.12,7.87,21.35,0,8.99,0,1.12,1.12,1.12,0,6.74,0,5.62,0,4.49,0,0,0,0,0,0,1.12,16.85,6.74,1.12,0,3.37,0,2.25,11.24,0,0,0,0,3.37,3.37,0,0,11.24,0,0,8.99,2.25,1.12,1.12,0,0,0,0,0,0,1.12,0,0,0,2.25,0,0,0,1.12,0,0,4.49,10.11,2.25,1.12,6.74,0,0,0,1.12,11.24,2.25,2.25,0,0,0,0,0,19.1,7.87,7.87,0,0,3.37,0,0
2024/10/11,Elissa Slotkin,DA_UjSzggI3,Democratic,Michigan,"I was here in Michigan and I voted yes on Proposition 3.  You were in Florida.  You voted in Florida.  You weren't here.  For some people, this issue is a talking point.  He's put his finger in the wind and he says, now I can't win if I don't look good on this  issue.  And so he's changed 30 years of being unilaterally pro-life, of never breaking once with his  party on this issue, right?  So it's not a talking point to women.  It is our lives.  It's whether we bleed to death in a parking lot.  It's who and when gets to decide how we have a family.  Do not trust him.",[],0,113,0.0,Thanks @stephruhle for the shoutout.,[],0,5,0.0,0.9801134,0.15563203,0.03080759,0.008296328,elite,0.016771393,0.0019083458,0.0028831335,0.0033721384,none,1,113,5.17,70.83,46.94,62.01,9.42,10.62,88.5,76.11,64.6,21.24,15.04,3.54,2.65,2.65,5.31,0,6.19,12.39,4.42,2.65,13.27,13.27,7.96,7.96,5.31,23.01,0,3.54,6.19,5.31,0.88,0,26.55,1.77,8.85,1.77,1.77,0.88,0.88,0,5.31,0,2.65,2.65,0,0.88,0.88,0,0,0,0,0,18.58,4.42,0,0,0,0,2.65,14.16,0.88,0,0.88,5.31,1.77,1.77,0,0,0.88,0.88,0,0,0,0,3.54,0.88,0.88,0,0,0,0,0,0.88,0,0,0.88,0,0,0,0.88,0,0,9.73,8.85,0.88,0.88,7.08,0.88,0,0,5.31,5.31,11.5,0,0.88,0,0.88,0,0,22.12,9.73,3.54,0.88,0,7.08,0.88,0
2024/10/11,Kari Lake,DA_WJ_tCBgx,Republican,Arizona,"I feel great. I actually would love to do another debate with Ruben.  I've got two or three hours more to tell people about his terrible votes.  And I'm looking forward to hopefully.  You have heard Arizona.  I've been to the border more times.  We've given you a chance on this.  I've been to the border more times than you've probably been to Arizona.  I'm the only woman on this stage right now.  I don't think I'm standing next to a woman.  And so I understand how difficult these choices may be.  And we have the choice as Arizonans to decide what our abortion law will be.  It's going to be up to us.  how he's voted when it comes to crime, how he's voted when it comes to our...  getting a chance to tell people more about how he's voted on the border.  economy that is spiraling out of control.  Had 10 years in Congress.  He's done nothing.  Ruben, you're more interested in the talking point.  I've been covering this state for 30 years, including the board.",[],0,178,0.0,"I would love to do another debate with Ruben Gallego.

There's so much we didn't have time to explore.

I could use a few more hours to tell Arizonans about how he's voted to open our border, how his votes have caused an increase in violent crime, & how he's voted to send our economy spiraling out of control.",[],0,59,0.0,0.9542639,0.023385616,0.0074287136,0.010446004,elite,0.98315525,0.14487568,0.030360369,0.9571193,elite,1,178,15.81,75.16,78.52,36.25,8.9,14.04,93.82,76.4,63.48,19.66,14.04,6.18,2.81,2.25,2.81,0,5.62,14.61,5.62,2.25,15.73,17.98,7.3,5.06,1.12,28.09,4.49,6.18,4.49,2.81,0,1.69,34.83,1.69,12.92,5.62,2.81,1.69,3.37,0.56,1.69,0,4.49,2.81,1.69,2.25,1.69,0.56,0,0,0,0,12.36,2.25,0,0,0,0,2.25,10.11,0,0,1.12,2.81,2.81,2.81,0,0,1.12,0,0,0.56,0.56,0,0.56,0.56,0,0,0,0,0.56,0,0,0,0.56,1.12,0,0,0,0,0,0.56,7.87,10.11,0.56,1.12,7.87,0.56,0.56,0.56,4.49,9.55,8.43,2.81,0,0,0,0,0,23.03,12.36,1.69,0,0,8.99,0,0
2024/10/11,Kari Lake,DA_WWc6PJtS,Republican,Arizona,"Well, they built him up in all of these ads to make him look like a cross between Mr. Rogers and G.I. Joe.  And we saw the real Ruben.  You can only do so much with ads when you're standing there on a stage talking.  All is revealed. And I thought it was really interesting, Greg, when he went to do his opening remarks and tell his story.  He wanted to tell the people about his story. You could tell he had memorized his story.  If you can't off the cuff tell people about who you are, then either your story is not true or you've got some real problems.  You know, you should be able to speak from the heart and use your mind and connect with the people out there.  And he did neither. I was there to do some reporting.  I had to go back to my old journalism days and inform people about who the real Rubin is, not the extreme makeover version of Rubin Gallego.",[],0,170,0.0,"Gallego's consultants have built him up in these ads to make him look like a cross between Mr. Rogers & G.I. Joe.

It was never going to hold up to actual scrutiny.

He couldn't connect with Arizonans at our debate because he was trying to sell them a false version of himself.

He's still the same Radical Ruben.",[],0,58,0.0,0.9127826,0.008121347,0.004752698,0.0055329995,elite,0.99111253,0.011497739,0.0092725195,0.16800216,elite,1,171,16.82,96.18,17.01,20.23,13.15,10.53,91.23,77.19,62.57,18.13,16.96,2.92,0.58,5.85,5.85,0.58,1.17,14.04,5.26,0,12.87,11.11,7.02,8.77,2.34,22.22,5.26,3.51,1.17,0.58,0.58,0,24.56,1.17,14.62,2.34,1.17,2.92,1.17,2.34,4.68,0,3.51,1.75,1.75,0,0,0,0,0,0,0,24.56,7.6,0,0.58,0,0,7.02,16.96,0,0,0,6.43,0,0,0,0,1.17,0,0,1.17,0,0,0.58,0,0,0,0,0,0,0,0,1.17,0.58,0.58,0,0,0,0,0,0.58,8.19,9.94,0.58,1.75,7.02,1.75,0,0,2.92,6.43,4.09,0,0,0,0,0,0,14.04,8.77,3.51,0,0,1.75,0,0
2024/10/11,Sherrod Brown,DA_pHP_vtOH,Democratic,Ohio,"Marino has the billionaires and I have you.  Get this, we've had more money spent against me in this Senate race than any Senate race  in the history of the United States of America.",[],0,34,0.0,"Bernie Moreno has the billionaires. 

And I have you.",[],0,9,0.0,0.7080547,0.002158501,0.06144528,0.005103596,elite,0.13769323,0.0013225349,0.006142981,0.0043667685,none,1,34,64.21,40.06,67.28,,17,11.76,91.18,67.65,61.76,17.65,11.76,5.88,2.94,2.94,0,0,5.88,23.53,8.82,2.94,14.71,11.76,0,5.88,0,17.65,2.94,5.88,8.82,2.94,0,5.88,23.53,0,8.82,0,0,0,2.94,0,5.88,0,0,0,0,0,0,0,0,0,0,0,5.88,0,0,0,0,0,0,5.88,0,0,0,0,17.65,17.65,0,0,5.88,0,0,0,5.88,0,0,0,0,0,0,0,0,0,0,0,0,2.94,0,0,0,0,0,0,8.82,5.88,0,0,5.88,0,0,0,2.94,11.76,2.94,0,0,0,0,0,0,11.76,5.88,2.94,0,0,2.94,0,0
2024/10/11,Kari Lake,DA_qyoqp0Jv,Republican,Arizona,"He voted against President Trump's national emergency on the border.  He said the border is not that big of a deal in Arizona when he was talking to people who were donating money to his campaign and said he's not an expert on the border.  We need somebody who understands the threat on the border.  And I do.  And President Trump does.  And on day one, we're going to get busy undoing the damage caused by Kamala Harris, Joe Biden and Ruben Gallego, who's voted with him 100 percent of the time.  You know, this isn't just about an open border.  We've got 20 million people pouring in.  They're taking jobs.  They're taking housing.  This is why nobody can afford housing anymore, because we're having to compete with people who've come in illegally.  I am completely opposed to an open border.  I am 100 percent for legal immigration.  We're not only going to extend the Trump tax cuts.  We're going to make sure that we're not making anybody who's a senior citizen on Social Security pay taxes on their Social Security check.  No more taxes on tips and no more taxes on overtime.  We've got to stop printing money like it's going out of style.  That's what Ruben Gallego, Kamala Harris and the Democrats have done.  And we're going to start cutting back on the wasteful spending of the government.",[],0,230,0.0,"WATCH: This Is Why Trump Calls Her “Border Kari Lake” ???? 

Please SHARE!",[],0,13,0.0,0.9682755,0.44414574,0.032698,0.9173749,elite,0.16910776,0.0020053335,0.0017008631,0.009385286,none,1,230,47.48,91.69,12.35,8.19,12.11,16.52,89.57,67.39,53.04,15.65,11.3,1.3,3.91,0.43,2.61,1.3,4.35,12.61,6.96,2.17,14.35,12.17,3.04,4.35,3.48,23.91,5.22,3.48,8.7,4.35,0.87,4.35,23.48,1.3,7.83,0.87,1.74,1.3,0.87,0.43,2.61,0,1.3,0,1.3,0,0,0,0,0,0,0,17.83,3.04,0.43,0,0.87,0,1.3,13.91,0,0,0,2.61,3.91,3.91,0,0,6.09,0,0.87,1.3,4.35,0,0,0,0,0,0,0,0,0,0,1.74,0,2.17,0,0,0,0,1.3,0,9.57,8.26,1.3,0.87,6.52,0,0,0,3.48,4.35,9.13,4.78,0,0,0,0,0,18.7,8.26,2.61,0,0,7.83,0,0
2024/10/11,Sherrod Brown,DA_ulW_yJ42,Democratic,Ohio,"was just with longtime friends  whom I've known for so many years,  local 1112,  that union hall near Lordstown.  I'm there to essentially to...  by unfair foreign competition.  Mexico and China have done to undermine American manufacturing.  I'm not here to promote my book, but I did write a book.  to warn the Chinese that they're not going to get away with the kind of things they've done.  And I know how these jobs, how we've been undercut.  Because I know what's happened.  15 years ago about the MIS of free trade.  the road today from Trumbull County north of Youngstown to Steubenville on the Ohio River and",[],0,108,0.0,"In Lordstown today with UAW workers calling on the Administration to stand up to China.

We know China will stop at nothing to undercut American workers & manufacturers — including importing goods through Mexico to avoid US tariffs. The Administration must act now.",[],0,43,0.0,0.1957984,0.016522752,0.016496297,0.040916167,none,0.39761543,0.123611756,0.091427445,0.03440004,none,1,108,41.36,10.99,92.16,5.19,10.8,15.74,89.81,69.44,57.41,14.81,10.19,6.48,0.93,0,0,1.85,4.63,10.19,5.56,1.85,17.59,12.04,8.33,5.56,1.85,18.52,6.48,2.78,6.48,2.78,1.85,2.78,26.85,0,9.26,4.63,2.78,0,0,0,3.7,0,1.85,0,1.85,0,0,0,0,0,0,0,9.26,4.63,0,0,0.93,0.93,1.85,4.63,0,0.93,0,0,3.7,1.85,1.85,0,4.63,0,0,4.63,0,0,0,0,0,0,0,0,0,0,0,0,0,0.93,0,0,0,0,0.93,0.93,9.26,7.41,0.93,0,6.48,0,0,0,4.63,10.19,4.63,1.85,0,0,0,0,0,20.37,10.19,3.7,0,0,6.48,0,0
2024/10/11,Ruben Gallego,DBAALCVJAv-,Democratic,Arizona,"And it's why I took on Big Pharma,  to limit the annual cost of prescription drugs for seniors  and cap the cost of insulin to $35 a month.  Seeing Arizona families struggle is personal for me.  Growing up, my family barely got by.  It's why I'm standing up to greedy corporations  that aren't paying their fair share of taxes,  leaving everyday Arizonans with the bill.  because I'll do whatever it takes  to help Arizona families make it.  I'm Ruben Gallego, and I approve this message.",[],0,85,0.0,"Seeing Arizona’s families struggle is personal for me.

I’ll do whatever it takes to help them make it.",[],0,18,0.0,0.56332535,0.98377454,0.9827474,0.024190413,centr,0.0037457105,0.96158755,0.7301211,0.011582891,centr,1,85,50.27,21.68,55.07,20.23,14.17,23.53,90.59,70.59,51.76,18.82,9.41,8.24,0,0,0,1.18,9.41,9.41,4.71,1.18,16.47,9.41,3.53,4.71,1.18,18.82,5.88,7.06,8.24,5.88,0,2.35,20,1.18,7.06,0,4.71,0,1.18,0,1.18,0,4.71,2.35,2.35,0,0,0,0,0,0,0,11.76,4.71,1.18,0,0,1.18,1.18,7.06,3.53,0,0,0,0,0,0,0,7.06,0,0,1.18,5.88,0,3.53,3.53,0,0,0,0,0,0,0,0,0,3.53,0,0,0,0,0,0,3.53,7.06,0,1.18,4.71,1.18,0,0,3.53,1.18,8.24,1.18,0,0,0,0,0,20,7.06,4.71,0,0,7.06,1.18,0
2024/10/12,Kari Lake,DBA7jAtqYY5,Republican,Arizona,"Everyone has to know it.  We have to wake people up.  His dad is a convicted felon.  The situation we're in right now with the cartels wreaking havoc, like I said, on our country.  I'm not blaming him for what his father did, but it should be scrutinized, and we're just believing what he's saying, and we're not even having a media looking at it.  You've even said this. You have admitted that you have a loved one who was a convicted felon drug trafficker, who's trafficked drugs into our country.  And for you to continue to vote to empower cartels to bring in fentanyl, which is a weapon of mass destruction, into our country.  And what you're doing to families right now, Ruben, is you're making that be their reality.  truly a Mexican drug trafficker, arrested for very serious crimes back in 94 and then recently again.  And I mean, that's how their family made their money. And nobody knows about that. The media is.  trying to ignore it. And it's very disturbing, especially considering  is committing malpractice by not telling people that his family has connections to the Mexican cartels  who are wreaking havoc on our country, who now control our border.  This has to get out, and the media won't report it, Greg.  So I had to do it. I had to tell people about it.  What is there?  And there's something there, and he's not talking about it.  Then we have the cartels empowered by Ruben Gallego trafficking drugs into our state.  We are the funnel for fentanyl.  We are losing a generation of people.  We're losing an entire generation of young people.  And you should know better, Ruben.",[],0,283,0.0,"The media is committing malpractice by not telling people about Ruben Gallego's past.

If I had half the baggage Ruben has, they would be screaming it from the rooftops.

Instead, I have to do their jobs for them.",[],0,38,0.0,0.99523085,0.052834436,0.028580278,0.16031042,elite,0.78595406,0.0057316544,0.0046458705,0.0042273323,elite,1,283,10.35,99,23.47,12.78,11.32,17.31,87.63,69.26,61.13,22.26,13.78,1.77,4.95,2.47,2.12,1.06,8.48,12.01,5.3,0.35,13.07,14.84,6.71,5.65,2.12,21.55,1.41,0.35,9.54,7.42,1.41,0.71,22.26,0.71,8.48,2.83,1.41,1.06,0.35,0.35,2.12,0,2.83,1.06,1.77,0,0,0,0,0,0,0,22.26,3.89,0,0,0.35,0.35,2.12,16.61,2.47,0,0,2.83,1.06,0.35,0.71,0,0.71,0,0,0.35,0.35,0,2.47,2.12,0.71,0,0,0.71,0,0,0,3.53,0,0.35,0,0,0,0,0.71,0,10.25,7.77,0.71,0.35,6.36,0.35,0,0,3.89,3.53,9.54,2.47,0,0,0,0,0,20.49,8.48,6.36,0.35,0,5.3,0,0
2024/10/12,Bernie Moreno,DBBwlPguq-r,Republican,Ohio,"No, he called President Trump racist.  He said the wall was stupid.  He said the border was a right-wing conspiracy theory.  Voted twice to impeach him.  Called President Trump a threat to democracy.  Voted with Biden 100% of the time.  And when Trump was in office, stabbed him at the back at every single turn, Sean.  No, listen, they can't actually run on their record, Sean, because they would lose 70-30.  The reality is what they try to do is pretend there's something different at home.  But look, if your viewers go on BernieMarino.com, they can help me beat him.  This guy's got all kinds of money coming into Ohio to run those lies, to put those commercials on there.  We need your help at BernieMarino.com to fight back, Sean,  because we're going to expose him for the radical leftist that he is.  And we're going to win this race.  We're going to fire Chuck Schumer, and we're going to make certain that President Trump's agenda gets passed.",[],0,168,0.0,"The road to a Republican Senate majority runs right through Ohio. In 24 days, we can retire Sherrod Brown and fire Chuck Schumer.

Go to berniemoreno.com and help us win this race.",[],0,32,0.0,0.98550934,0.026777213,0.0078104814,0.84237367,elite,0.012648622,0.008790386,0.0021288837,0.003302717,none,1,170,48.49,95.49,3.67,9.05,12.14,13.53,84.71,64.71,50.59,17.06,12.35,0.59,2.94,1.18,4.71,2.94,4.71,13.53,4.71,2.35,13.53,8.82,2.94,4.71,1.76,22.94,2.94,1.76,8.24,4.12,1.76,2.35,24.12,3.53,9.41,0.59,1.76,2.94,1.18,0.59,2.94,0,4.71,1.76,2.94,0,0,0,0,0,0,0,20.59,6.47,1.18,0,1.76,0.59,2.35,14.12,0,0,0,5.29,5.88,5.29,0.59,0,1.76,0,0.59,0.59,0.59,0,0,0,0,0,0,0,0,0,0,0.59,0,1.18,0,0,0,0.59,1.18,0,6.47,11.18,1.18,4.12,6.47,1.18,0.59,0,1.18,5.88,6.47,4.71,0,0,0,0,0,23.53,9.41,7.65,0,0,4.71,1.76,0
2024/10/12,Sherrod Brown,DBCE_Ocp9mF,Democratic,Ohio,"Go Guardians! You have players like Fry plays and Kwon plays and Ramirez plays.  It's an exciting time, so Klaus is going to close this out with another save.",[],0,29,0.0,@cleguardians are ready for Game 5.,[],0,6,0.0,0.013377698,0.004297314,0.0020176827,0.002779102,none,0.012238629,0.0043521216,0.0020401846,0.0023426153,none,1,29,37.7,60.57,67.94,99,9.67,17.24,86.21,58.62,48.28,13.79,3.45,0,0,3.45,0,0,10.34,10.34,3.45,0,13.79,10.34,3.45,10.34,0,17.24,6.9,3.45,3.45,0,0,3.45,13.79,0,3.45,0,0,0,0,0,3.45,0,13.79,13.79,0,3.45,3.45,0,0,0,0,0,3.45,0,0,0,0,0,0,3.45,0,0,0,0,0,0,0,0,10.34,10.34,0,0,0,0,3.45,0,0,0,0,0,0,3.45,0,0,0,0,0,0,0,0,3.45,0,24.14,10.34,0,3.45,10.34,0,0,0,3.45,0,6.9,6.9,0,0,0,0,0,17.24,6.9,3.45,0,3.45,3.45,0,0
2024/10/12,Bernie Moreno,DBCGlzhOboA,Republican,Ohio,"My closing argument is simple.  You need outsiders.  You need business people to go to Washington, D.C. to fix it.  This guy's been around for 50 years.  We've lost 200,000 manufacturing jobs.  It's time for him to go.  He doesn't reflect Ohio values.  Again, if your viewers can go on BernieMarino.com,  we'll have the resources to expose him, and we'll win this race, Sean,  and we'll deliver a Republican majority in the United States Senate.",[],0,75,0.0,"You need outsiders, you need business people to go to Washington, DC to fix it. Sherrod Brown has been around for 50 years. We’ve lost 200,000 manufacturing jobs under his watch. It’s time for him to go. He doesn’t reflect Ohio values.",[],0,42,0.0,0.8287689,0.4659263,0.0070356736,0.042290695,elite,0.88879055,0.26992452,0.003377683,0.04960213,elite,1,77,30.26,99,17.57,8.22,8.56,16.88,85.71,59.74,48.05,19.48,14.29,1.3,5.19,3.9,3.9,0,5.19,9.09,3.9,2.6,12.99,12.99,2.6,3.9,1.3,20.78,2.6,2.6,7.79,5.19,1.3,1.3,23.38,0,7.79,1.3,0,3.9,1.3,0,2.6,0,3.9,1.3,2.6,1.3,0,1.3,0,1.3,0,0,18.18,1.3,0,0,1.3,0,1.3,16.88,0,0,0,5.19,5.19,5.19,0,0,5.19,0,0,5.19,1.3,0,0,0,0,0,0,0,0,0,0,2.6,0,1.3,0,0,0,1.3,0,0,12.99,10.39,0,5.19,6.49,2.6,0,0,3.9,3.9,5.19,3.9,0,0,0,0,0,32.47,14.29,9.09,0,0,9.09,0,0
2024/10/12,Bob Casey,DBCKLbDt1AV,Democratic,Pennsylvania,"I'm in a very close race right now. New York Times has a poll today. It's three points. It's  probably a two or three point race and has closed a lot because of a huge billionaire funders,  literally a small group of billionaires funding a super PAC that has spent more money in my Senate  race than either campaign or any entity has spent. So that's the reason President Obama has been  working so hard to help me because he knows this close Senate race could decide the majority in  the Senate. So I'd ask folks who want to help us fight back against those billionaires to go to  BobCasey.com to help us.",[],0,113,0.0,"Out-of-state billionaires are trying to buy Pennsylvania’s Senate seat.

I’m counting on you to help us fight back — chip in now: bobcasey.com/donate",[],0,23,0.0,0.11509068,0.008231849,0.07900227,0.0019672362,none,0.095723815,0.25582018,0.15990902,0.002277634,none,1,114,47.02,40.06,52.19,74.93,19,13.16,86.84,71.05,56.14,12.28,7.02,3.51,1.75,0,0.88,0,5.26,21.93,8.77,5.26,10.53,10.53,5.26,8.77,0,17.54,8.77,9.65,9.65,4.39,0.88,4.39,28.07,0,13.16,2.63,2.63,2.63,3.51,0,4.39,0,5.26,4.39,0.88,0,0,0,0,0,0,0,11.4,5.26,2.63,0,0.88,0,0.88,6.14,0.88,0,0,0.88,4.39,4.39,0,0,4.39,0,0,0.88,3.51,0,0,0,0,0,0,0,0,0,0,0,0.88,0,0,0,0,0,0,0,7.89,7.89,0,0.88,7.02,0,0,0.88,3.51,3.51,10.53,0,0,0,0,0,0,11.4,6.14,0.88,0,0,4.39,0,0
2024/10/12,Dave McCormick,DBCQpzPPMeT,Republican,Pennsylvania,"They're in it because it's a lifestyle.  It's a way of living with their family.  It's a way of producing.  not want to be dependent on other countries owning our food supply and we don't want to  sell our precious farmland to foreign powers, particularly China.  Agriculture is so critical to Pennsylvania and we need to have senators or leaders who  are going to fight with a vision for how to protect Pennsylvania, how to protect America,  and how to protect our country.  I would be advocating an agenda that makes sure that we have free and fair relationships  around the world, particularly with China, that we have policies to make sure agriculture  producers compete in a level playing field.  that is unique and special.  And if we're not careful, we're going to lose that.  I came away recognizing how important it is  and wanting to do all I can do as a U.S. Senator  to make sure these farms continue.  We've lost something like 17% of our family farms  in the last 15 years.  We need to change that.",[],0,180,0.0,"Farming is more than a business, it’s a lifestyle.

On National Farmer’s Day, we thank the family farms across our commonwealth and the country for working every day to feed our nation.",[],0,32,0.0,0.0021446315,0.3810891,0.023035532,0.0034099177,none,0.0036723989,0.98912126,0.34907538,0.022890205,centr,1,180,38.08,92.24,16.61,36.04,16.36,20,91.11,72.22,57.78,17.22,10,1.67,6.67,0,0,1.11,7.22,12.78,5,1.11,16.11,11.67,4.44,6.67,1.67,20.56,6.67,1.11,12.22,8.33,1.11,3.33,22.78,0.56,12.78,2.78,4.44,3.89,1.67,0,3.33,0,4.44,2.78,1.67,0,0,0,0,0,0,0,12.22,0.56,0,0,0.56,0,0,11.11,1.11,0,0,0,1.67,1.67,0,0,3.33,0.56,0,2.22,0.56,0,1.11,0,0,0,0,0,0,0.56,0,1.67,1.67,0,0,0,0,0,2.78,0,7.78,9.44,2.22,0.56,6.11,0.56,0,0,2.22,1.67,7.22,4.44,0,0,0,0,0,15.56,7.22,3.33,0,0,4.44,0.56,0
2024/10/12,Bob Casey,DBCWDDTv_-s,Democratic,Pennsylvania,"John, thanks for all the help.  Hey, John Fetterman, how are you?",[],0,12,0.0,"Thanks for the call, @JohnFetterman.

To our friends in Lancaster and across our Commonwealth, I’m proud to have you on my side in this campaign.",[],0,25,0.0,0.006817588,0.004765947,0.002316944,0.003552082,none,0.0055101104,0.05326936,0.0020059855,0.002623167,none,1,12,73.36,98.75,3.81,99,6,8.33,75,66.67,50,8.33,8.33,0,0,8.33,0,0,0,16.67,8.33,0,8.33,8.33,8.33,0,0,16.67,0,8.33,8.33,8.33,0,0,25,8.33,8.33,8.33,8.33,0,0,0,0,0,16.67,16.67,0,0,0,0,0,0,0,0,33.33,25,16.67,8.33,0,0,16.67,8.33,0,0,0,0,0,0,0,0,0,0,0,0,0,0,0,0,0,0,0,0,0,0,0,0,0,0,0,0,0,0,0,0,8.33,0,0,0,0,0,0,0,0,0,8.33,0,8.33,8.33,0,0,0,41.67,8.33,25,8.33,0,0,0,0
2024/10/12,Eric Hovde,DBCdXDjyLjA,Republican,Wisconsin,and who understands real-life experiences.  economically and we have to get people who understand our globalized  financialized economy today.  he realizes the country is failing.  If you want this country to go in a better direction and have somebody who is doing it because he loves his country.,[],0,48,0.0,IT’S TIME FOR CHANGE!,[],0,4,0.0,0.006600706,0.37326705,0.002381051,0.0033303243,none,0.004004466,0.021922184,0.0028639284,0.002030073,none,1,48,7.65,99,54.55,83,12,33.33,95.83,70.83,54.17,25,18.75,0,4.17,2.08,6.25,0,6.25,10.42,4.17,0,6.25,10.42,0,10.42,0,22.92,4.17,0,8.33,4.17,4.17,0,22.92,0,14.58,6.25,2.08,2.08,4.17,0,2.08,0,4.17,4.17,0,2.08,2.08,0,0,0,0,0,31.25,2.08,0,0,0,0,0,22.92,0,0,0,6.25,0,0,0,0,6.25,0,0,0,6.25,0,0,0,0,0,0,0,0,0,0,4.17,2.08,2.08,0,0,0,0,0,0,18.75,14.58,0,2.08,14.58,0,0,0,2.08,0,12.5,4.17,0,0,0,0,0,10.42,8.33,0,0,0,0,2.08,0
2024/10/13,Colin Allred,DBC42OANkzx,Democratic,Texas,"I didn't know it was him, and so I didn't answer.  I still haven't really lived that down.  And he left a really funny voicemail that I also still don't have, which is outrageous behavior.  Just saying, hey, you know, like, let's get together.  And we had a great meeting, and we laughed for about an hour.  And he's still the same kind of, you know, funny person that he's always been.  And the kind of maxim of, you know, the guy you'd want to get a beer with is still very true.  I think that we are all kind of part of the same project, in my opinion.  I think we're all part of the same effort, which is to bring us back to our fundamental values.  I'm proud to have represented President Bush.  I'm proud to have worked with his institute here at SMU on some policy issues that they've helped,  particularly when it comes to foreign policy.  He and former First Lady Laura Bush, some of their efforts align really closely with what I want to do  and what I've worked on on the Foreign Affairs Committee.  I know, Adam, that you did as well.  I think that there's so much more that we can do together.  When I got elected, President Bush gave me a call.",[],0,220,0.0,"When I was elected to Congress, I had the honor of representing President George W. Bush. When we met, it was a reminder that we’re all on the same team, working together to protect our democracy and get things done.",[],0,40,0.0,0.018864943,0.009166335,0.0017764871,0.0025270274,none,0.0037011486,0.05668207,0.0022156148,0.0025684787,none,1,220,8.11,64.24,63.35,70.26,14.67,10,94.09,78.64,61.36,22.73,16.36,6.82,3.64,2.27,2.73,0.91,6.36,13.18,5,0,11.82,11.82,9.09,6.36,1.82,21.82,6.36,3.64,10.45,5,2.73,2.27,27.27,2.27,15,4.55,0,1.36,1.82,1.82,5.45,0,4.09,3.64,0.45,2.27,2.27,0,0,0,0,0,16.82,4.55,0.45,0,0,0.45,2.73,12.27,0,0,0.91,3.18,4.09,4.09,0,0,3.64,0,0,3.64,0,0,0.91,0,0,0,0,0.45,0,0.45,0,0,0.91,1.36,0.91,0,0,0,0,0,10.91,4.55,0,0.91,4.09,0,0,0,2.27,6.82,6.82,0,0.45,0.45,0,0,0,21.36,6.82,8.18,0,0,6.36,0,0
2024/10/13,Bob Casey,DBERoJDN1Wy,Democratic,Pennsylvania,"He said that decision made him, quote, very, very happy, unquote.  And he manifested that in the answer he gave the other night about getting past.  He wants us to get past his extreme position.  He wants us to get past this reality that in state after state, these abortion bans aren't theory.  They're in place.  So you have stories like the.  He's way out of step because I think a lot of Pennsylvanians were insulted.  The story in Florida, plenty of stories in Texas as well, but in Florida, a woman bleeding out, hemorrhaging so much that she had to be put on a ventilator to save her life.  That's what he wants us to get past.  I don't think the people of Pennsylvania will want to get past that.  They want to make sure that we pass the Women's Health Protection Act, but we can't do that without a majority, and we can't do that without...  my race being successful. So I hope people will go to bobcasey.com to help.  When they found out that in the aftermath of the Dobbs decision, overturning Roe,",[],0,186,0.0,"David McCormick wants us to ""get past"" his extreme position on reproductive rights.

The people of Pennsylvania want better.",[],0,19,0.0,0.91321194,0.687188,0.040585358,0.006701215,elite,0.66177726,0.94998395,0.13965534,0.015225353,elite,1,187,41.92,85.02,25.19,44.23,13.36,14.97,90.37,73.26,56.68,20.32,13.37,2.14,3.21,0.53,5.88,1.6,6.95,15.51,6.42,0,16.58,8.56,5.35,5.88,2.14,19.79,5.35,2.14,4.81,3.74,0.53,0.53,20.86,0,12.3,3.74,1.07,4.28,0.53,0,4.28,0,4.81,3.21,1.6,1.6,1.07,0.53,0,0.53,0,0,18.18,4.28,0.53,0,0.53,0,2.67,13.37,0,0,2.14,4.81,0,0,0,0,0,0,0,0,0,0,2.67,2.67,1.6,0,0,0,0.53,0,0,1.07,3.21,2.67,0,0.53,0,0.53,1.07,0,9.63,10.16,1.07,2.14,7.49,0,0,0,4.81,6.42,5.35,4.28,0,0,0,0,0,19.79,8.56,6.95,0,0,4.28,0,0
2024/10/13,Sherrod Brown,DBEhq2nvMBk,Democratic,Ohio,"I'd rather have a bunch of volunteers in Washington County because I know you know what you need to do to win these elections.  You don't need me to tell you how important this election is.  You may need me to tell you how important you are to win this election.  And when I say we, I mean all of you.  I mean people who think their government should serve them better.",[],0,72,0.0,"Thank you, Marietta. We’ll win this thing together. 

Sign up to volunteer and help get the word out about our fight for the Dignity of Work: https://mobilize.us/ohcc/",[],0,27,0.0,0.008472563,0.8214851,0.003112368,0.004935059,centr,0.0023823087,0.049878143,0.00428366,0.002301126,none,1,72,2.87,99,30.29,98.34,14.4,12.5,95.83,80.56,63.89,31.94,26.39,9.72,1.39,11.11,0,2.78,5.56,9.72,1.39,0,11.11,11.11,5.56,4.17,1.39,23.61,4.17,2.78,11.11,1.39,4.17,5.56,27.78,1.39,20.83,9.72,4.17,6.94,2.78,0,0,0,6.94,6.94,0,0,0,0,0,0,0,0,23.61,5.56,1.39,0,0,0,4.17,18.06,0,0,0,0,5.56,5.56,0,0,0,0,0,0,0,0,0,0,0,0,0,0,0,0,0,4.17,0,0,0,0,0,2.78,0,0,13.89,1.39,0,0,1.39,0,0,0,1.39,0,4.17,1.39,0,0,0,0,0,11.11,6.94,1.39,0,0,2.78,0,0
2024/10/13,Bob Casey,DBElUFphxFy,Democratic,Pennsylvania,"If you haven't been here, you're not going to understand the state,  and you should not lie to the people that you seek to represent.  I think that's a pretty low bar.",[],0,32,0.0,You shouldn’t lie to the people you seek to represent — especially about something as simple as where you live.,[],0,20,0.0,0.031468697,0.0054627247,0.0016088431,0.001644472,none,0.04937789,0.003922885,0.0021282204,0.0015133389,none,1,32,3.43,58.66,89.39,,16,6.25,93.75,81.25,68.75,21.88,15.63,3.13,0,12.5,0,0,6.25,15.63,9.38,0,9.38,15.63,6.25,6.25,9.38,28.13,6.25,3.13,0,0,0,0,37.5,0,28.13,6.25,0,3.13,6.25,0,12.5,0,0,0,0,0,0,0,0,0,0,0,18.75,3.13,0,0,0,0,0,15.63,0,0,0,0,0,0,0,0,0,0,0,0,0,0,0,0,0,0,0,0,0,0,0,0,0,0,0,0,0,0,0,0,12.5,9.38,3.13,0,6.25,0,0,0,0,3.13,6.25,6.25,0,0,0,0,0,21.88,6.25,6.25,0,0,9.38,0,0
2024/10/13,Sherrod Brown,DBEps9avGxL,Democratic,Ohio,hard to try to be able to get ahead no matter who you are and what you do whether you punch a clock  whether you work in an office whether you have a nursing degree whether you're serving  in mcdonald's whatever you do you ought to be able to make a decent enough living,[],0,54,0.0,I’m inspired by the leadership and activism of Ohio’s AAPI community. Thank you for hosting Connie and me.,[],0,18,0.0,0.0025514707,0.724048,0.5103258,0.0043300893,centr,0.0033230786,0.93392897,0.050678138,0.016215561,centr,1,54,19.76,99,27.44,,54,14.81,92.59,77.78,68.52,20.37,16.67,0,0,14.81,0,0,3.7,11.11,7.41,0,12.96,14.81,1.85,9.26,1.85,20.37,5.56,1.85,11.11,0,11.11,0,22.22,1.85,14.81,0,1.85,3.7,0,0,7.41,0,0,0,0,0,0,0,0,0,0,0,18.52,1.85,0,0,0,1.85,0,16.67,0,0,0,0,0,0,0,0,3.7,0,0,3.7,0,0,3.7,0,0,0,0,0,0,1.85,0,0,0,0,0,1.85,0,0,0,0,7.41,11.11,0,0,9.26,0,0,1.85,1.85,0,3.7,0,0,0,0,0,0,3.7,0,0,0,0,3.7,0,0
2024/10/13,Kari Lake,DBFAKnVtZoY,Republican,Arizona,"Because Ruben Gallego called the border wall dumb and stupid.  Even fifth graders know we need a border wall, right?  Even our fifth graders know the difference between a boy and a girl.  Do we have any kids in the audience?  Raise your hand.  Let's hear it from the kiddos.  If you didn't see it, you got to watch it.  And if you have a friend who's on the fence, you got to make them watch it because we need everyone to vote against Ruben Gallego for putting America first, voting for Carrie Lake.  So watch that debate.  But I have to tell you, in the debate, I talked about an old TV show called Extreme Makeover,  because what we're getting from him is an extreme makeover.  He's one of the most radical people, voted on the left.  He's Arizona's AOC, but he's more radical to the left than AOC.  And I got to thinking, there's another old TV show that I think about when I think of Ruben Gallego.  It's Are You Smarter Than a Fifth Grader?  I see him out there.  So we gotta make sure that we get out and vote.  You guys know we need a border wall to keep us safe.  Ruben Gallego wanted to defund police.  Even our fifth graders and kids know we can't defund the police.  That's crazy.  And Ruben Gallego wants men to participate in women's sports.  He wants men to be showering with our kids.  How many of you saw the debate the other day on Wednesday?",[],0,257,0.0,"Last Wednesday, I debated my opponent Ruben Gallego.

If you haven’t watched it, make sure you do and you SHARE it with your friends because the People of Arizona deserve to know who the REAL Ruben Gallego is, not the extreme makeover version.

WATCH?? KariLake.com",[],0,45,0.0,0.98206437,0.13286988,0.017077817,0.96567833,elite,0.06188322,0.89017236,0.006534839,0.008771286,none,1,257,45.94,99,22.78,15.85,11.17,12.45,91.05,73.54,55.25,18.68,14.01,2.33,5.06,3.5,2.33,0.39,4.67,15.18,7.78,2.33,12.45,7,4.28,7.39,0.78,20.62,7.78,4.28,6.61,5.84,0,0.78,20.23,0.39,12.06,3.11,1.95,2.72,1.17,0,4.67,0,3.11,1.17,1.56,0.39,0,0,0,0,0,0,19.84,3.11,0,0,0,0.39,2.72,16.73,0.78,0.39,0.78,3.89,3.11,2.33,0,0.78,3.11,1.17,0.39,1.56,0,0,0.39,0,0,0,0,0,0,0,0,2.33,1.17,1.95,0,0,0,0,0.39,0,8.17,11.28,1.95,0.78,6.23,3.11,0.39,0,1.95,2.72,5.45,2.72,0.39,0.39,0,0,0,17.9,7.39,3.89,1.56,0,5.06,0,0
2024/10/13,Mike Rogers,DBFQSkkPKkJ,Republican,Michigan,"I'm Mike Rogers. I worked in a factory and served in the army.  Washington politicians like Alyssa Slotkin, they don't understand it.  Slotkin voted for Biden's agenda 100% of the time.  She created this mess.  I'm Mike Rogers, and I approve this message.  I'll put Michigan families first.",['politici*'],1,48,0.020833333,"Slotkin voted for 100% of the Biden-Harris agenda that cost you more, and gave handouts to illegal immigrants. 

In the Senate, I’ll put Michigan families first.",[],0,26,0.0,0.98846453,0.6765832,0.020123245,0.79422843,elite,0.9832681,0.8562074,0.15147567,0.9908991,elite,1,48,43.4,18.97,54.55,4.22,6.86,22.92,77.08,60.42,45.83,20.83,14.58,10.42,0,0,2.08,2.08,6.25,12.5,6.25,4.17,10.42,8.33,0,4.17,2.08,22.92,2.08,2.08,12.5,2.08,4.17,6.25,20.83,0,2.08,2.08,0,0,0,0,0,0,2.08,0,2.08,0,0,0,0,0,0,0,10.42,2.08,0,0,0,0,2.08,8.33,2.08,0,2.08,0,6.25,6.25,0,0,4.17,0,0,4.17,0,0,0,0,0,0,0,0,0,0,0,0,0,0,0,0,0,0,0,2.08,4.17,6.25,0,2.08,4.17,0,0,0,2.08,8.33,6.25,2.08,0,0,0,0,0,31.25,14.58,4.17,0,0,10.42,2.08,0
2024/10/13,Kari Lake,DBFSFrwNX9O,Republican,Arizona,"I think we are in the midst of one of the greatest leaders in human history, and his name is Donald J. Trump.  But I think it goes further than that.  But...  This is the greatest president in American history.  Presidents in American history.  You know, I used to say after the first term of President Trump.  And now I say...  We just witnessed one of the great...  This guy right here.  Do we love this man?",[],0,77,0.0,@KariLake CALLS PRESIDENT TRUMP THE G.O.A.T. ??????????,[],0,7,0.0,0.009800424,0.01056658,0.0016938772,0.0026967789,none,0.5470253,0.0016639591,0.0016411712,0.012063327,none,1,77,56.86,93.41,97.09,91.84,7,16.88,93.51,72.73,57.14,18.18,11.69,5.19,3.9,1.3,1.3,0,6.49,16.88,6.49,3.9,14.29,5.19,3.9,7.79,0,14.29,7.79,3.9,9.09,3.9,0,5.19,20.78,0,9.09,3.9,1.3,0,0,0,3.9,0,5.19,5.19,0,1.3,1.3,0,0,0,0,0,19.48,3.9,0,0,0,0,2.6,15.58,0,0,0,3.9,6.49,3.9,2.6,0,1.3,0,0,1.3,0,0,0,0,0,0,0,0,0,0,0,0,0,0,0,0,0,0,0,0,9.09,9.09,0,1.3,7.79,0,0,0,7.79,6.49,6.49,0,0,0,0,0,0,24.68,20.78,2.6,1.3,0,0,0,0
2024/10/14,Colin Allred,DBFbsutAUtK,Democratic,Texas,"Well, hey, Jonathan, thanks for having me on.  Number one, I've won tough races, and we're going to do it again.  And Texans are looking for new leadership.  We've been through enough with Senator Cruz.  We've seen how in the last six years what he has done, from going to Cancun when we needed him most, to trying to overturn our last presidential election, to being singularly responsible for this abortion ban that we're experiencing now in Texas.  And I have a record of bringing folks together on the most bipartisan Texan in Congress, and I'm proud of that.  But we're now in the stage where we know this is a winnable race.  The only question is, what are we going to do to make sure that we get folks out to vote?  And so I hope that everyone watching, certainly my folks in Texas, make a plan, get involved with us.  You can go to ColinAllred.com to find a way to volunteer, also support our campaign.  Let's beat Ted Cruz.  Let's also make sure we get a senator who hears about all 30 million Texans.",[],0,186,0.0,"For six years, Texans have had to deal with Ted Cruz.

When we needed a Senator, he fled to Cancun.

When we needed someone to defend our democracy, he tried to overturn the 2020 election.

We are going to send him packing on November 5th.",[],0,45,0.0,0.8398838,0.6752693,0.03853483,0.030466074,elite,0.99443024,0.14242576,0.03261379,0.291849,elite,1,187,32.74,99,19.44,70.65,15.58,14.97,88.77,73.8,59.36,18.72,13.37,3.21,8.02,0.53,1.07,0,5.35,13.37,4.81,2.14,15.51,11.76,6.95,5.35,0,23.53,4.28,5.35,14.97,8.56,2.14,4.28,22.46,2.14,6.95,2.67,1.6,2.14,1.07,0.53,0.53,0,4.28,3.74,0.53,1.07,1.07,0,0,0,0,0,17.11,4.28,2.14,0.53,0,0,1.6,12.83,1.6,0,0,1.07,4.28,4.28,0,0,1.6,0,0,1.6,0,0,0.53,0.53,0,0,0,0,0.53,0,0,0.53,0.53,1.6,0,0.53,0,0.53,0,1.07,7.49,10.7,3.74,1.07,4.81,2.14,0.53,0,4.28,4.28,8.02,6.42,0.53,0.53,0,0,0,19.25,6.42,7.49,0.53,0,4.81,0,0
2024/10/14,Dave McCormick,DBFlU3cNcmG,Republican,Pennsylvania,"Okay, we're here at the Columbus Day Festival, and we're in Marconi Plaza in South Philadelphia,  right in front of a very famous statue of Christopher Columbus.  And I'm here with my good friend, George Paquetta, who's also an incredible hero in protecting this statue.  So, George, tell us the story.  Well,  Thank you so much.  Thank you, George.  Great to be with you, my friend.",[],0,66,0.0,"My friend George Bochetto has done an incredible job protecting the Christopher Columbus statue here in Philadelphia. 

We must preserve Italian-American history!",[],0,22,0.0,0.0029860707,0.019568197,0.0032920295,0.00319338,none,0.002212803,0.09592164,0.006133512,0.0063298517,none,1,66,36.2,99,50.45,99,11,13.64,81.82,66.67,54.55,16.67,15.15,4.55,4.55,4.55,0,0,1.52,12.12,6.06,0,15.15,7.58,10.61,7.58,0,12.12,7.58,3.03,9.09,7.58,1.52,1.52,7.58,0,0,0,0,0,0,0,0,0,13.64,13.64,0,1.52,1.52,0,0,0,0,0,21.21,7.58,3.03,3.03,0,1.52,6.06,15.15,0,3.03,0,0,0,0,0,0,1.52,1.52,0,0,0,0,0,0,0,0,0,0,0,0,0,0,0,0,0,0,0,0,1.52,0,13.64,12.12,0,0,12.12,0,0,0,1.52,0,6.06,0,1.52,0,1.52,0,0,30.3,9.09,15.15,0,0,6.06,0,0
2024/10/14,Eric Hovde,DBHb0n9C7Rm,Republican,Wisconsin,"If you're not, it's time to make a change.  In my view, we need to restore this country.  Go out. Talk to your friends in the middle.  Ask them, are you happy where your country's going?  Are you happy with the open border?  Are you happy with all the debt?  Are you happy with your president?  I'm Eric Hovde, and I approve this message.  we need to bring everybody we can into our movement to restore this American dream.",[],0,79,0.0,"Ask yourself, are you happy with where your country is going?

If you’re not… it’s time to make a change.

Let’s go restore this country. ????",[],0,26,0.0,0.0044994066,0.4496102,0.005184634,0.011060565,none,0.0048629707,0.3613709,0.002524291,0.0027760786,none,1,79,35.33,99,80.13,90.96,7.9,13.92,93.67,78.48,59.49,26.58,20.25,3.8,5.06,10.13,0,1.27,6.33,16.46,5.06,0,15.19,10.13,1.27,2.53,1.27,22.78,7.59,1.27,8.86,6.33,0,2.53,22.78,2.53,8.86,0,2.53,3.8,1.27,0,2.53,0,5.06,5.06,0,5.06,5.06,0,0,0,0,0,26.58,5.06,0,0,0,0,3.8,20.25,0,1.27,0,0,2.53,1.27,1.27,0,1.27,0,0,0,1.27,0,0,0,0,0,0,0,0,0,0,2.53,0,0,0,0,0,0,0,0,16.46,17.72,0,5.06,12.66,1.27,0,0,2.53,0,10.13,1.27,0,0,0,0,0,22.78,7.59,5.06,5.06,0,5.06,0,0
2024/10/14,Colin Allred,DBHc_NqIX7r,Democratic,Texas,"On November 5th, after knocking on so many doors, your nipples are sore, and your voice is raspy,  you're going to turn on the TV.  And you're going to say, the results are coming in.  The question is, what's he going to say next?  Because of what y'all are going to do and what we're going to do, I'm confident.  He's going to say, the results are coming in.  It looks like Ted Cruz is going down.  We're gonna get folks out to vote, right?  And there are some things more important than your party or your party affiliation.  You're going to sit down on your couch.  We're also building a coalition, a coalition of independents and Republicans,  folks who understand that we don't have to have a senator that we're embarrassed by.  We can get a new one.",[],0,139,0.0,"East Dallas was fired up at @thefedds GOTV event with @harrisonjaime! There’s so much at stake in this election, and we need all hands on deck to ensure we beat Ted Cruz. Let’s do this together.",[],0,36,0.0,0.18928555,0.04992998,0.0016537533,0.0017228781,none,0.0032012488,0.23887305,0.0029782774,0.002397156,none,1,139,31.22,99,33.85,29.97,12.64,12.95,96.4,74.82,62.59,18.71,13.67,0.72,4.32,6.47,1.44,0,5.04,14.39,5.76,1.44,17.99,17.27,2.16,7.91,0.72,31.65,5.04,3.6,8.63,7.91,0,0.72,23.02,0,7.91,1.44,2.16,0.72,1.44,1.44,2.16,0,5.04,2.88,2.16,1.44,0,1.44,0,0,0,0,20.86,6.47,1.44,0,0,0,2.88,15.83,1.44,0,0,1.44,5.04,4.32,0,0.72,2.88,2.16,0.72,0,0,0,1.44,0.72,0,0,0,0,0,0,0,0,0,1.44,1.44,0,0.72,0,0,0,5.04,10.79,0,3.6,7.19,0.72,0,0.72,2.88,0,16.55,11.51,0.72,0.72,0,0,0,24.46,6.47,7.91,1.44,0,8.63,0,0
2024/10/14,Kari Lake,DBHijYfBLyd,Republican,Arizona,"Good to be on. And Charlie, thank you for this huge effort you're leading, not only here in Arizona, but other states to get people voting early and the chasing the ballot.  I think it's brilliant. And we got to fight fire with fire.  And we're going to get every ballot turned in and counted this go around.  So I'm looking forward to the lead up to Election Day.",[],0,69,0.0,"I thank Charlie Kirk and Turning Point Action for the huge effort they're leading, not only here in Arizona but also in other states, to get people voting early and chasing the ballot

We've got to fight fire with fire, and we will get every ballot turned in and counted this time around",[],0,53,0.0,0.014963635,0.016918562,0.0016865024,0.0018787099,none,0.004080348,0.08306654,0.0025164785,0.0021865696,none,1,69,56.23,65.68,88.15,65.92,11.5,13.04,91.3,75.36,55.07,13.04,8.7,2.9,2.9,2.9,0,0,4.35,10.14,4.35,0,18.84,7.25,5.8,10.14,1.45,23.19,7.25,5.8,8.7,2.9,4.35,4.35,18.84,1.45,7.25,1.45,1.45,0,0,0,4.35,0,5.8,4.35,1.45,1.45,1.45,0,0,0,0,0,10.14,2.9,1.45,1.45,1.45,0,1.45,7.25,0,0,0,0,5.8,5.8,0,0,1.45,0,0,1.45,0,0,0,0,0,0,0,0,0,0,0,0,0,4.35,0,0,0,0,0,0,10.14,13.04,0,2.9,10.14,1.45,0,0,2.9,2.9,5.8,2.9,0,0,0,0,0,18.84,8.7,4.35,0,0,5.8,0,0
2024/10/14,Kari Lake,DBHiy5UA4bl,Republican,Arizona,"Kerry, you voted early last week.  We put this on our TikTok, by the way.  It did really well.  Hundreds of thousands of views.  Let's play cut 35 of Kerry Lake going to go vote early.  Play cut 35.  Carrie, tell us more.  Yeah, I went the day early voting started.  Actually, I went the second day.  The day early voting started is the day I had my debate,  so I was a little bit preoccupied that day in doing some events with CPAC and also J.D. Vance.  But I went the next day.  It's a long ballot, Charlie.  Here in Arizona, we have four pages.  It's a two-page ballot front and back, so there's really four pages there.  And it takes a little bit of time, and so I want to make sure people are showing up early to vote  or getting their mail-in ballots filled out now and sent back in.  And we don't want a crunch on Election Day.  We don't want there to be just one day left of voting, and everybody shows up,  and there's super long lines, and it's taking people a little bit longer to vote this time,  and people can't get in.  There's no parking.  We've seen all that stuff.  We've gone through that before.  So we're trying to prevent that by getting everybody out to vote early.  And President Trump is fully behind it as well.  I was with him yesterday.  He's encouraged by what he's seeing.  I saw big, huge posters in the arena that said,  Vote.  Vote early.  And I think people are heeding that warning that we don't want to get into that crunch on Election Day  and be caught with any issues that could arise.  Hey, Arizona, it's me, Carrie Lake. And guess what? I'm heading out to vote right now.  You know, we have election season here in Arizona.  And so I'm going to go cast my vote at an early voting center.  And I'm encouraging you to do the same. If you have a mail in ballot, go grab that ballot.  Open it up. Vote Republican all the way up and down that ticket and then get it sent back in.  Or if you'd like to vote in person, go to a voting center and vote there.  We got to bank the vote and we got to chase the vote and make sure that we win this and save our country and save our beautiful Arizona.  See you later.",[],0,414,0.0,"We've learned our lesson from what they did to us on Election Day 2022.

We're not leaving anything to chance.

President Trump and I are encouraging everyone to VOTE EARLY.",[],0,30,0.0,0.0066692214,0.008432782,0.0028661215,0.0022787408,none,0.013909853,0.011594701,0.0019440342,0.0017423001,none,1,415,27.78,81.86,91.09,57.93,10.38,8.43,92.05,75.42,54.7,17.11,10.12,3.61,4.1,1.45,0.72,0.24,6.99,12.77,4.82,1.93,12.53,8.92,5.54,8.92,1.2,20.96,5.78,7.47,6.27,4.58,0.48,1.2,20.24,1.2,5.3,0.72,0,1.69,1.45,0.96,1.69,0,2.89,2.65,0.24,0.48,0.48,0,0,0,0,0,10.84,1.93,0.48,0,0,0,1.45,8.67,0,0,0,0.72,6.99,6.99,0,0,0.72,0.48,0,0.24,0.24,0,0.24,0,0,0,0,0,0,0,0,0,0.96,2.65,0,0.48,0,0.24,0.96,0,11.57,16.63,1.69,2.89,11.57,1.45,0,0.24,7.47,4.82,6.02,2.17,0.72,0.48,0.24,0,0,20.72,9.64,5.3,0.24,0,5.06,0.48,0
2024/10/14,Ted Cruz,DBHtWnAyX6s,Republican,Texas,"Well, Colin Allred's record on the border is hard, hard left. He has consistently been in favor of  open borders. He's voted against every serious border security bill that has ever been on the  floor of the House. When it comes to the border wall, let's use this as an example. He's voted  against the border wall three different times. He refers to the border wall as, quote, that racist  border wall. If you care about border security, Colin Allred says you are a racist. He has pledged  to personally tear down what he calls that racist border wall. Now, here's the incredible hypocrisy.  Colin Allred right now is spending millions and millions of dollars running TV ads with him  smiling, standing in front of that thing he calls the racist border wall. It's just flat out  deceptive. By the way, same thing Kamala Harris is doing. Kamala Harris is spending millions of  dollars with ads showing aerial footage of Trump's border wall.  Look, I served with Kamala from the day she got elected. She was hard left, open border every day.  Colin Allred is exactly there with her. They both support this invasion,  and they're not willing to stand up and fight.",[],0,203,0.0,"Colin Allred’s been a disaster on the border. He even called the border wall racist and pledged to personally tear it down.

Now, he is running TV ads with him in front of the border wall.

His hypocrisy is unbelievable. Get the truth about his record at crazy-colin.com",['truth*'],1,48,0.020833333,0.99267405,0.027715381,0.070915416,0.97998524,elite,0.99471456,0.011169585,0.015190276,0.3240994,elite,1,203,62.62,71.39,67.94,20.23,11.94,15.76,87.19,66.01,50.25,13.79,8.37,0.49,0.49,0.99,5.42,0.99,5.42,12.81,5.91,1.97,13.79,9.36,4.93,3.45,0.49,18.23,5.91,5.42,1.97,0.99,0,0.99,20.69,1.48,4.93,0,0.49,0,0.49,0.49,2.96,0,5.91,2.96,2.96,0.49,0.49,0,0,0,0,0,14.78,6.9,1.48,0,0.49,2.96,0.49,7.88,0,0,1.48,3.94,3.94,1.48,1.97,0.49,2.96,0.49,0.49,0,1.97,0,0,0,0,0,0,0,0,0,0,0,0,0.49,0,0,0,0,0.99,0,4.93,21.18,0.49,0.99,18.23,0.99,0,1.48,3.45,3.45,9.85,0,0,0,0,0,0,18.23,8.37,5.91,0,0,3.94,0,0
2024/10/14,Colin Allred,DBH0uyshTDS,Democratic,Texas,"If you don't deliver, next man up takes your job.  You step between these lines, you're accountable to the whole team.  I approve this message.  Because Washington could have used a little Texas-style accountability.  the papers that was in forever  but he's done nothing to fix the border.  He wants to raise the retirement age,  making you wait longer to get Social Security and Medicare.",[],0,65,0.0,"Washington could use some Texas-style accountability. Ted Cruz, I’m coming for your job.",[],0,13,0.0,0.99302435,0.06917919,0.012102575,0.17257287,elite,0.057188045,0.0020614227,0.0026875383,0.0036773155,none,1,65,44.27,96.64,41.41,,10.83,21.54,93.85,70.77,50.77,16.92,12.31,1.54,0,7.69,3.08,0,4.62,13.85,7.69,0,10.77,10.77,0,6.15,3.08,21.54,9.23,4.62,3.08,1.54,0,1.54,26.15,3.08,10.77,0,4.62,3.08,1.54,0,3.08,0,0,0,0,0,0,0,0,0,0,0,20,3.08,1.54,0,0,0,1.54,13.85,0,0,0,4.62,0,0,0,0,3.08,0,0,3.08,0,0,1.54,1.54,0,0,0,0,0,0,0,0,1.54,4.62,0,0,0,0,1.54,0,3.08,12.31,0,3.08,9.23,0,0,0,6.15,4.62,7.69,1.54,0,0,0,0,0,20,9.23,4.62,0,0,4.62,1.54,0
2024/10/14,Mike Rogers,DBH2mAUv2ik,Republican,Michigan,"Some really important things that we have to do very quickly.  This is why I think you want to send someone with experience to get busy the first week.  We know that the trillions and trillions of dollars of spending by the Biden-Harris administration, 100 percent supported by my opponent, has driven up grocery prices, gas prices, energy prices.  Your housing prices have all gone up.  We must get control of the outrageous and wasteful spending in Washington, D.C.  We have to make ourselves energy independent.  All of those votes that tried to steer us away from having our own destiny decided by being energy independent is wrong.  And what it's done is raised your prices at the pump, your prices at the end of the month when you're paying for energy.  All of that needs to be corrected.  So you have to do a few things.  Energy independence.  You have to undo the regulation, $1.6 trillion of new regulation.  And you have to make sure that we curtail spending to get our economy back on track.  in the last four years.",[],0,182,0.0,The trillions and trillions of dollars that Biden and Harris have spent has sent inflation through the roof. And Slotkin rubber stamped it every step of the way. #MISenateDebate,[],0,29,0.0,0.9896255,0.022832748,0.030544398,0.1552278,elite,0.99452543,0.0023827734,0.075196646,0.17085071,elite,1,183,65.02,98.6,11.41,27.46,13.07,18.03,89.62,75.96,56.83,16.94,10.38,1.09,4.92,4.37,0,0,6.56,18.03,5.46,3.83,16.94,10.38,3.28,3.28,0,19.67,4.92,11.48,8.2,4.92,0.55,2.73,19.67,1.64,8.2,1.64,1.64,2.19,0.55,0.55,1.64,0,2.73,1.64,1.09,0,0,0,0,0,0,0,11.48,1.64,0.55,0,0,1.09,0,9.84,0,0,0,0,0.55,0.55,0,0,7.65,0,0.55,0.55,6.56,0,1.09,0.55,0,0.55,0,0,0,0.55,0,6.56,0.55,1.64,0,0,0,0,0,0,4.37,5.46,1.09,1.09,3.28,0,0,0,4.92,2.19,3.83,7.1,0,0,0,0,0,14.75,8.74,3.83,0,0,1.09,1.09,0
2024/10/14,Bob Casey,DBH6hMpv_y8,Democratic,Pennsylvania,"It is hitting us pretty hard because those billionaires know that I'm not going to vote for their tax cuts.  But we're going to keep working to get to get our vote out and to get Kamala's vote out to win this race.  So I'd ask people to go to Bob Casey dot com to help us.  The main issue we hear mostly about are costs, cost of living, just making ends meet.  And when you take a stand, as I have and as Kamala has, to take on what I call greedflation, going after price gouging, decidedly in favor of a middle class tax cut, helping folks pay for child care, helping folks make ends meet.  When you take on those fights, which are, I think, at the core of what people are concerned about, you're going to piss off a lot of billionaires.  And I've done that. And that's why they've come into this state not just to attack Kamala, but also in a very focused way to attack me.  And, for example, my opponent's got a singular super PAC set up just for him. It's the only one of its kind in the country.",[],0,197,0.0,"Billionaires know I’m not going to vote for their tax cuts. 

I’m going to continue my work to take on price gouging to ensure we have a strong middle class that isn’t footing their bills.

Head to bobcasey.com to learn more.",[],0,41,0.0,0.66571784,0.93080145,0.83844835,0.017998124,centr,0.79604876,0.8339631,0.9756334,0.008482211,centr,1,197,52.5,64.08,43.79,34.52,19.7,8.63,89.85,70.56,55.84,16.24,9.64,4.06,2.54,1.52,0.51,1.02,6.6,11.68,4.57,1.52,19.29,7.61,6.6,8.12,1.02,19.8,3.05,4.06,7.11,4.06,1.02,2.03,17.77,1.02,7.61,1.02,2.03,0.51,1.02,0,2.54,0,8.63,4.57,3.55,1.52,0,1.02,0,1.02,0,1.02,15.23,6.09,2.03,0,1.52,0.51,1.02,8.63,2.03,0,0,0.51,1.52,1.52,0,0,5.08,0,0,1.52,3.55,0,0.51,0,0,0,0,0,0,0,0,0,0,3.55,0,0,0,0.51,0,0,10.66,8.63,0.51,1.52,6.6,0,0.51,0.51,2.54,1.52,5.08,3.55,0,0,0,0,0,17.77,5.08,7.61,0,0,5.08,0,0
2024/10/14,Mike Rogers,DBH6m4uPqh8,Republican,Michigan,"But if you care about all women, I think this is probably a great time to talk about Title IX, where my opponent said, I'm not protecting girls in sports, and I'm not protecting girls by allowing men into locker rooms, both of which she voted for.  If you want to protect women, there are other ways to do it. I think that is an outlier in this particular debate, and it certainly doesn't put you on team normal.",[],0,79,0.0,"Slotkin voted to destroy Title IX, and wants to put biological males in girls’ sports. 

She’s just too radical for Michigan. #MISenateDebate",[],0,22,0.0,0.024397114,0.087596744,0.08494558,0.001105204,none,0.98772836,0.00909038,0.044551257,0.8340687,none,1,79,19.62,15.52,97.66,59.98,26.33,11.39,93.67,74.68,60.76,18.99,11.39,6.33,0,3.8,1.27,0,7.59,11.39,2.53,0,15.19,8.86,7.59,6.33,3.8,18.99,5.06,2.53,2.53,1.27,0,1.27,31.65,1.27,18.99,2.53,1.27,1.27,3.8,1.27,11.39,0,2.53,2.53,0,0,0,0,0,0,0,0,18.99,7.59,2.53,0,0,0,3.8,12.66,0,0,6.33,1.27,1.27,1.27,0,0,2.53,1.27,1.27,0,0,0,0,0,0,0,0,0,0,0,0,0,1.27,0,0,0,0,0,3.8,0,3.8,10.13,0,1.27,8.86,0,0,0,1.27,2.53,7.59,0,0,0,0,0,0,16.46,3.8,8.86,0,0,3.8,0,0
2024/10/15,Elissa Slotkin,DBH_R6pAjNT,Democratic,Michigan,"My opponent doesn't want to do anything about it, right?  And why?  Because he is 100% rating with the gun lobby, and they give him campaign donations.  It's really, really easy to understand why politicians, in the face of murdered children, don't do anything.  They don't do it because they receive campaign donations, and they're scared.  They're scared because they don't want to lose their election, and it's terrible.  All you need to know is gun violence is the number one killer of children under 21 in our country.  Are you going to do something about it or are you not?",['politici*'],1,101,0.00990099,"Gun violence is the number one killer of children under 21 in our country. You're either willing to do something about it, or you aren't. @mikerogersformi isn't.",[],0,27,0.0,0.987241,0.17655057,0.9856989,0.027562708,elite,0.8806932,0.0084579345,0.0030425987,0.004196632,elite,1,101,2.91,91.75,1,1,12.63,20.79,97.03,75.25,65.35,21.78,13.86,0.99,0.99,2.97,1.98,6.93,7.92,7.92,2.97,2.97,12.87,16.83,5.94,7.92,4.95,24.75,1.98,2.97,8.91,2.97,0.99,4.95,32.67,0.99,16.83,1.98,4.95,2.97,3.96,1.98,1.98,0,9.9,0.99,8.91,2.97,0,2.97,1.98,0,0,0,22.77,6.93,1.98,0,1.98,0,0,14.85,0,0,0,1.98,3.96,3.96,0,0,1.98,0,0,0,1.98,0,2.97,0,0,0,0,0,0,0,1.98,0.99,1.98,0.99,0,0,0,0,0.99,0,5.94,3.96,0,0,3.96,0,0,0,0,0,13.86,1.98,0,0,0,0,0,23.76,4.95,6.93,2.97,0,7.92,0.99,0
2024/10/15,Mike Rogers,DBIAFbaPT5T,Republican,Michigan,"Mr. Rogers, you get the final word.  Yeah, thank you.  I've traveled all across this great state, met literally thousands and thousands of people.  Michigan families are hurting.  So any of the fancy talk or let's look what happened 30 years ago needs to be set aside.  And my opponent voted 100% with Biden Harris on all of the things that have raised your prices.  So I ask you this.  If you are worried about your grocery prices, if you are worried about your job being here from heavy EV mandates that my opponent supported,  if you are worried about what the next generation of jobs and housing costs are for your family, then I ask for your vote.  I have done it before.  And I will tell you this.  I will go back to Washington, D.C.  I will work as hard as I can as a guy that worked on an assembly line.  a guy that's the youngest of five boys,  a guy that served in the United States Army as an officer,  a guy that worked the streets and street crime,  watching human trafficking at its ugliest,  watching drug trafficking at its ugliest.  And know this, I will fix the border  and close and secure it for our families.  I will do something about the education system in America.  I will bring your prices down.  I will go back to Washington and make that change.  I will have your back when it comes to November 5th.  What happened in the last four years?  I talked about this in the beginning.  Are you better off than you were four years ago?",[],0,272,0.0,"Lowering the cost of gas & groceries, securing the southern border, standing up to Communist  China, improving your kids’ education and stopping Slotkin’s radical EV mandates. 

That’s what I’ll get to work doing on Day One in the United States Senate. #MISenateDebate",[],0,42,0.0,0.7163641,0.9867626,0.22726767,0.20304947,centr,0.9910868,0.16147539,0.0540487,0.96775836,none,1,273,32.06,90.19,73.69,20.23,13,13.55,91.58,76.19,58.61,20.51,12.45,5.86,0.73,5.86,0,0,8.06,18.32,6.23,2.93,13.19,9.16,4.03,8.42,0,17.58,5.86,5.86,4.03,1.83,1.47,0.73,21.25,0.73,5.49,0.37,0.73,0.73,2.2,0,1.83,0,4.4,2.2,2.2,1.47,0,1.47,1.1,0,0,0,15.02,4.03,0.73,0.73,0,0,2.56,11.36,1.1,0,0,2.2,2.2,2.2,0,0,4.03,0,0.37,2.2,1.47,0,1.47,0.73,0,0.37,0,0,0,0.37,0,0.37,0,0.37,0,0,0,0,0.37,0,9.16,9.52,1.1,2.2,6.23,1.1,0,1.1,5.86,5.13,4.03,3.3,0.37,0,0.37,0,0,14.29,7.69,4.4,0.73,0,1.1,0.37,0
2024/10/15,Dave McCormick,DBH_cTrtPH3,Republican,Pennsylvania,"Here in Pennsylvania, strong leaders like Dave understand the challenges we face.  That's why the status quo is unacceptable.  We need common sense economic policies to get our country back on track.  It's common sense that we can't spend our way out of the challenges we have.  We need to unlock our energy sector.  It's common sense that we need to get out of the way of small businesses and let them prosper.  Bob Casey has failed you every step of the way, 18 years in office.  He hasn't done a doggone thing.  I promise you, I will wake up every morning thinking about how to support working families across our commonwealth that are living paycheck to paycheck.  Pennsylvania families and small businesses across our commonwealth are hurting.  And for them, prices have gone through the roof.  It's the message I hear wherever I go.  That is the price of poor leadership.",[],0,152,0.0,"The cost of food, fuel, and rent has gone through the roof — and Pennsylvania families and small businesses are hurting.

That is the price of poor leadership, and it’s why we need to bring back common sense to Washington.

#BobStaysPAPays",[],0,41,0.0,0.84025764,0.99099463,0.40131983,0.10354022,centr,0.9108996,0.93424624,0.04391794,0.030963762,centr,1,152,52.34,98.63,56.92,29.06,11.69,19.74,90.79,69.74,52.63,19.08,13.16,2.63,7.24,1.32,0.66,1.32,5.92,13.82,5.92,0.66,14.47,9.87,3.29,2.63,1.32,19.74,5.26,4.61,15.13,8.55,2.63,3.95,18.42,1.32,8.55,3.95,1.32,2.63,0,0.66,1.32,0,4.61,2.63,1.97,0.66,0,0.66,0,0,0,0,16.45,2.63,0.66,0,0,0.66,0.66,13.16,1.32,0,0,0.66,0,0,0,0,8.55,0,0,4.61,5.26,0,2.63,0,0,0,0,0,0,0,0,1.97,0,1.32,0,0,0,0,0,0,9.87,15.79,0,1.97,11.18,0,0.66,2.63,1.32,1.32,7.24,0.66,0,0,0,0,0,15.13,8.55,2.63,0,0,3.95,0,0
2024/10/15,Kari Lake,DBIElAziGFT,Republican,Arizona,"That's right. I mean, we could as Republicans and frankly, you know, independents and Democrats are voting America first this go around.  We could actually get the vote all conducted right now if everybody showed up right now.  Obviously, we have until November, but let's just get it done now.  We are going to be, Charlie, making our bus tour, which we've been on for several months now across Arizona.  It's going to be a voting tour and we're going to be encouraging people from all corners of our state to get out and vote early.  So when you see our bus on the road, you're going to notice that we are encouraging people to get the ballots filled in when they get them in their mailbox.  I know there's been a delay. Grab that ballot, open it up, sit down immediately and start to fill it out and then get it turned back in.  Whether you go to a drop box to turn it back in, you can drop it off at a voting center to turn it back in.  You can bring it down to the county recorder's office or if you want, you can put it in the mailbox.  I prefer the first three that I said.  But whatever you have to do to get.  That ballot sent back in.",[],0,223,0.0,"We're going to be turning our #MakeArizonaGrandAgain Bus Tour into an Early Voting Bus Tour.

We will be encouraging people from all corners of Arizona to get their ballots filled in and get them in their mailboxes!

http://karilake.com/vote",[],0,38,0.0,0.0030994082,0.042811055,0.0029281029,0.0026370815,none,0.0038763518,0.017764216,0.0026799534,0.0031691259,none,1,223,26.95,97.95,95.29,32.69,15.93,10.31,94.17,77.58,63.23,20.63,12.11,1.79,4.93,4.04,0,1.35,8.52,11.66,4.48,1.35,16.59,10.76,6.28,8.07,0,26.01,1.79,3.14,5.83,5.83,0,0,22.87,1.35,10.31,2.24,0.45,3.14,1.35,1.35,3.59,0,0.9,0.9,0,0,0,0,0,0,0,0,13.45,1.79,0.9,0,0,0,0.45,11.66,0,0,0,0,4.93,4.93,0,0,1.35,0,0.9,0.45,0,0,0.45,0,0,0,0,0,0,0,0,0.9,0.45,3.59,0,0.9,0,0,0,0,15.7,17.49,0.45,4.04,12.56,0.9,0,0.45,6.28,3.59,7.17,4.48,0,0,0,0,0,15.7,6.28,5.83,0,0,3.59,0,0
2024/10/15,Kari Lake,DBIEwEotfNY,Republican,Arizona,"remarkable. I was basically saying the same thing that he said and have on the campaign trail.  We we've got unvetted people coming in. They're taking the lives of Americans and we have a population problem here.  We're watching our population shrink. You know, they've been saying for years we're overpopulated.  No, just the opposite. Our birth rates incredibly low.  This is why we have to encourage families, encourage the beauty of families.  So, you know what? I'm going to send this to Bill Clinton. He needs a MAGA hat, Charlie. You're right.",[],0,93,0.0,"Today, Bill Clinton admitted something I've been saying on the campaign trail for months.

The open-border policies of Kamala Harris and Ruben Gallego are responsible for the deaths of innocent Americans like Laken Riley.",[],0,34,0.0,0.15348859,0.1482972,0.010617946,0.28519207,none,0.98652786,0.4281901,0.09391332,0.9884304,right,1,93,11.71,99,17.19,70.91,7.15,19.35,87.1,73.12,54.84,23.66,18.28,2.15,8.6,3.23,2.15,2.15,5.38,13.98,7.53,0,8.6,13.98,6.45,3.23,1.08,26.88,3.23,3.23,13.98,12.9,0,1.08,23.66,1.08,8.6,2.15,1.08,1.08,0,1.08,2.15,0,3.23,3.23,0,0,0,0,0,0,0,0,25.81,6.45,2.15,0,0,0,3.23,19.35,2.15,0,0,2.15,1.08,1.08,0,0,0,0,0,0,0,0,1.08,0,0,0,0,0,0,0,0,3.23,0,2.15,0,0,0,0,0,1.08,10.75,8.6,1.08,1.08,7.53,1.08,0,0,1.08,5.38,8.6,4.3,0,0,0,0,0,26.88,12.9,5.38,1.08,0,7.53,0,0
2024/10/15,Elissa Slotkin,DBIE1Hngfri,Democratic,Michigan,"Yeah, I think it's pretty clear how Betsy DeVos is connected to education.  She was the secretary of education, the longest serving secretary cabinet cabinet secretary under Donald Trump.  And her and every member of her family have donated to you for years and years and years.  So it makes sense that you adopt her approach to education, defunding public schools, demonizing public schools and public school teachers.  I don't believe in that. Every kid in every corner of our state should have fair access to education.",[],0,87,0.0,Betsy DeVos and her entire family have contributed to @mikerogersformi for years — it makes sense he adopts her approach of demonizing public schools and teachers.,[],0,26,0.0,0.9871143,0.19282137,0.97892064,0.0199726,elite,0.9891616,0.020555198,0.98078626,0.039343882,elite,1,87,41.08,95.07,11.47,36.68,14.5,22.99,87.36,64.37,49.43,14.94,10.34,2.3,1.15,2.3,4.6,0,4.6,12.64,2.3,0,12.64,8.05,3.45,6.9,1.15,11.49,8.05,8.05,4.6,4.6,0,0,19.54,3.45,8.05,4.6,2.3,1.15,1.15,0,0,0,1.15,1.15,0,0,0,0,0,0,0,0,17.24,3.45,1.15,0,1.15,0,0,12.64,1.15,0,4.6,0,0,0,0,0,13.79,0,0,12.64,1.15,0,0,0,0,0,0,0,0,0,0,0,0,0,0,0,0,0,0,0,9.2,8.05,0,1.15,5.75,0,0,1.15,3.45,1.15,4.6,0,1.15,0,1.15,0,0,13.79,6.9,4.6,0,0,2.3,0,0
2024/10/15,Kari Lake,DBIE8KIs8b_,Republican,Arizona,"Talk about the Ruben Gallego.  Your opponent is an open borders zealot.  This guy loves open borders.  He couldn't care less about border patrol.  Talk about that, Kerry.  are the worst comprised of the worst people in the world. How in the heck can you represent us?  I don't want someone who hates us representing us. I love all Arizonans,  even those who don't vote for me. I love you and I wanna put forth policy  that will make life better for all of us here in Arizona.  Absolutely. I mean, he's basically Kamala Harris with a beard. And what we're seeing is he's voted 100 percent of the time for those disastrous policies that Bill Clinton just talked about. He's voted to have the wide open border. That's the reason people are coming in unvetted. He wants to give these people the ability to vote, give them all asylum. And he's also voted to take our federal dollars and put them into supporting sanctuary cities.  This is a guy who, you know, the only piece of immigration law that he wanted to pass was one banning the use of the term illegal alien. That's his priority. Ban the use of the term illegal alien. How about ban people pouring across illegally?  And this is the kind of guy he is. All of his votes have led to this inflation that has made Arizona unaffordable, that's made Arizona less safe. He actually pushed and co-sponsored the George Floyd legislation, which would have defunded the police nationwide.  And he wanted to push that through by ending the filibuster to push through defunding the police nationwide.  Now, of course, with Soros money and a bunch of leftist billionaires behind him, he's putting on a hundred million dollar blitz and extreme makeover trying to act like a centrist or a moderate when, in fact, he's further to the left than AOC and the squad.  If you can imagine that is further to the left. This guy is radical.  You know, he's got he's got family members who are convicted Mexican drug traffickers.  And maybe that's why the border is wide open. Maybe that's why he's voting to keep the border open.  Who knows? Not to mention he's got a very questionable character in his past.  He was accused of harassment by people, women at almost every job he's ever been in, basically from when he worked at the city council, a harassment charge against him when he was at the legislature, sexual harassment.  We know, sadly, that he walked out on his wife serving her divorce papers a few days before Christmas when she was nine months pregnant, making her go through the birth.  I had a one look of angst to explain to you.  A lot of folks have known him, Charlie, since they became request Universalack Sindik, a change measure that secret???? wrote in a comment.  He passed Eleanor Kennedy to re morally  to use whatever language he liked, and ?????  me and do the right thing together.  So he'll pull up a bibliographies.  I've got a lot of them.  that you don't know about me, but we don't know a lot about Ruben Gallego. And we know that when  he was working in the private sector for a very, very short period of time, the first job he was  found, they were investigated for fraud, for defrauding Latino immigrants out of their life  savings. And the second job at an ambulance company, they were under federal investigation  for defrauding Medicare. This guy's track record is terrible, and he would be an absolute disgrace  to the state of Arizona. Besides that, his 10-year voting record says it all. The reason  we're in the situation we are is because of him voting against President Trump to put up the  border wall, which Ruben Gallego called dumb and stupid. And sadly, Charlie, I'll leave it at this.  He referred to people who vote for Trump as dumb and the worst people in the world.  If he thinks that more than half of the state.",[],0,681,0.0,"Arizonans have the right to know who they're voting for. 

I’m an open book. I've been in your homes for 30 years now, The people of Arizona know me, but we don't know a lot about Ruben Gallego. 

What we do know is VERY bad (fraud, scandal, a terrible voting record), & I suspect what we're about to learn about Ruben will be even worse.",['scandal*'],1,65,0.015384615,0.9912588,0.44241062,0.11835994,0.99312335,right,0.6938116,0.6947773,0.005198474,0.012013807,none,1,680,53.84,95.49,8.59,3.78,13.33,16.91,89.12,71.47,56.62,17.65,12.35,1.62,1.62,1.18,6.03,1.03,5.29,16.91,8.53,1.47,14.41,9.12,5.29,5.29,0.88,19.56,4.85,4.71,4.71,2.35,0.74,1.62,23.24,1.32,10,2.79,2.5,1.62,1.03,0.59,1.91,0,4.85,1.32,3.53,1.18,0.44,0.74,0.15,0.15,0.29,0,19.71,4.71,0.29,0.15,0.59,1.03,1.32,14.56,0.74,0.15,0.74,6.32,4.12,3.82,1.03,0,2.35,0,0,1.32,0.88,0.15,0.88,0.59,0.15,0,0,0,0.29,0,0,0,0.74,0.74,0,0,0,0,0.29,0,7.5,8.97,0.15,2.06,6.91,0.29,0,0,2.94,4.71,7.06,0.74,0.29,0.15,0.15,0,0,18.09,6.76,5.29,1.76,0,3.97,0.29,0
2024/10/15,Kari Lake,DBIFHKVNMi6,Republican,Arizona,"Unbelievable. This man is unserious, calling it a stupid, dumb border wall. We've been to the border. I think you've been to the border many times, Charlie. You see where the wall is there. People aren't pouring across where we have gaps. They are pouring across. Right now, we've been invaded in many cases by foreign fighting military age men.  This is outrageous. And with his ties and his family ties to the Mexican cartels who are trafficking drugs, trafficking humans and sex trafficking children, I understand now why he's voting the way he is.  This man is dangerous to Arizona, would be a danger to the United States. We must make sure he is not elected for the U.S. Senate. Get out and vote. Vote early and then get involved in helping getting your neighbors to vote. We can win this if we swamp the vote.",[],0,147,0.0,"Gallego is unserious about the #1 issue facing Arizona. The border. His Open Border policies put us ALL in harm's way.

 We cannot elect a man this dangerous to the U.S. Senate. 

Get out & vote. Vote early & then get involved in helping get your neighbors to vote. 

We can win this if we Swamp The Vote!",[],0,58,0.0,0.98504466,0.0924655,0.08315786,0.48361418,elite,0.9839109,0.637245,0.07509529,0.9405947,elite,1,147,29.12,99,24.32,2.31,9.8,17.01,89.8,65.31,54.42,15.65,12.24,1.36,4.08,2.04,3.4,0.68,3.4,12.93,6.8,0,9.52,14.29,4.08,4.76,1.36,19.73,6.8,1.36,9.52,6.12,0.68,2.72,19.73,0,6.12,1.36,0.68,2.04,0.68,0,2.04,0,5.44,1.36,4.08,0,0,0,0,0,0,0,19.73,3.4,0.68,0,1.36,1.36,0,16.33,0.68,0,0,5.44,8.16,7.48,0.68,0,0.68,0,0.68,0,0,0,1.36,0.68,0,0,0,0,0.68,0,0,0.68,0,2.04,0,0,0,0.68,1.36,0,7.48,12.93,1.36,0,10.88,0.68,0,0,4.08,4.08,8.84,1.36,0,0,0,0,0,19.73,11.56,4.76,0,0,3.4,0,0
2024/10/15,Bob Casey,DBJR9qwis6T,Democratic,Pennsylvania,"It's a major issue in the race for two reasons.  Number one is the whole world changed in 2022.  And I think a lot of Americans, certainly a lot of Pennsylvanians, ask themselves whether or not they want to live in a country that's going to ban abortion or not.  And I think that's why a lot of people across the state want to know where we stand.  For example, in our race, it's a very clear choice.  You're either going to vote to restore Roe, which is the...  the Women's Health Protection Act or not. And my opponent will never support that legislation.",[],0,104,0.0,"You’re either going to vote for the Women’s Health Protection Act to restore Roe v. Wade or not. 

David McCormick is not.",[],0,22,0.0,0.0025187642,0.46586654,0.022351075,0.003769752,none,0.010927171,0.0038147478,0.0037025022,0.002699228,none,1,104,62.1,13.12,92.26,20.23,13,14.42,88.46,68.27,55.77,13.46,7.69,2.88,1.92,0.96,0,1.92,5.77,18.27,10.58,2.88,14.42,7.69,4.81,7.69,3.85,18.27,3.85,6.73,1.92,1.92,0,0,27.88,0.96,18.27,4.81,2.88,1.92,2.88,0.96,8.65,0,1.92,0.96,0.96,0,0,0,0,0,0,0,9.62,1.92,0.96,0,0,0,0.96,6.73,0,0,0.96,0,1.92,1.92,0,0,0,0,0,0,0,0,2.88,1.92,0,0,0,0,0.96,0,0,0,1.92,0,0,0,0,0,0.96,0,3.85,9.62,0,0,9.62,0,0,0,1.92,0.96,6.73,4.81,0,0,0,0,0,20.19,9.62,4.81,0,0,5.77,0,0
2024/10/15,Ted Cruz,DBJmjfhAgnn,Republican,Texas,"Three years ago, Allred voted to approve boys using girls' locker rooms.  Last year, Allred voted against protecting girls from boys playing in their sports.  And last month, Allred asked the Defense Department to use taxpayer funds for sex change operations and sterilization of kids.  Allred says one thing. His actions say another.  Colin Allred, too liberal for Texas.  I'm Ted Cruz, and I approve this message.",[],0,67,0.0,"Colin Allred says one thing, his actions say another.

Colin Allred is too liberal for Texas.",[],0,16,0.0,0.98984843,0.018243926,0.025811594,0.95814127,elite,0.94558406,0.0066989427,0.00429769,0.7204454,elite,1,67,78.91,66.39,48.48,42.34,9.57,20.9,80.6,53.73,34.33,10.45,5.97,2.99,0,0,1.49,1.49,4.48,10.45,1.49,2.99,11.94,1.49,2.99,4.48,0,16.42,0,8.96,4.48,0,0,4.48,23.88,0,7.46,0,4.48,0,0,0,2.99,0,1.49,1.49,0,0,0,0,0,0,0,0,16.42,5.97,0,0,0,0,5.97,10.45,0,0,2.99,4.48,4.48,4.48,0,0,8.96,2.99,1.49,2.99,1.49,0,1.49,0,0,0,0,0,1.49,0,0,0,0,0,0,0,0,0,1.49,0,4.48,2.99,0,0,2.99,0,0,0,10.45,5.97,2.99,0,0,0,0,0,0,20.9,10.45,7.46,0,0,2.99,0,0
2024/10/15,Eric Hovde,DBJnvt0sv-G,Republican,Wisconsin,"Well, I'm so looking forward to it, I can't even begin to tell you.  She is run from every debate.  Typically, you get three, four debates.  Heck, you know, go back 50, 60 years ago, you would do a dozen or two dozen debates.  So I'm going to get one hour on a Friday night at 7 o'clock, but I can't tell you how much  I'm looking forward to debating Senator Baldwin.  She's going to have to stand there and be held accountable for her rotten record that's  created inflation, that opened our southern border, giving illegals cash payments while  our veterans are struggling or the people that have been affected by hurricanes.  So, you know, I'm excited about this one.  I hope people tune in.",[],0,126,0.0,"I’m fired up for this week’s debate - one debate is better than none, I guess? ?? 

TUNE IN at 7:00 PM on Friday!",[],0,24,0.0,0.9937504,0.50826883,0.13838449,0.9068667,elite,0.015628897,0.0027600979,0.0023110437,0.003591861,none,1,126,9.16,72.07,77.17,20.23,15.75,16.67,96.03,73.81,56.35,18.25,14.29,5.56,1.59,4.76,2.38,0,3.97,15.08,2.38,7.94,10.32,12.7,7.94,6.35,1.59,26.19,3.97,9.52,5.56,1.59,0.79,3.17,24.6,0.79,9.52,2.38,1.59,3.17,3.17,0,3.97,0,4.76,2.38,2.38,1.59,1.59,0,0,0,0,0,15.87,4.76,0,0,0,0,4.76,10.32,0,0,2.38,0,0.79,0.79,0,0,2.38,0,0,0.79,1.59,0,0,0,0,0,0,0,0,0,0,1.59,0.79,1.59,0,0,0,0,0,0.79,9.52,11.11,0,1.59,7.94,1.59,0.79,0,6.35,4.76,7.94,5.56,0,0,0,0,0,23.81,6.35,10.32,0,0,7.14,0,0
2024/10/15,Sherrod Brown,DBJwu7Et5SB,Democratic,Ohio,"High workers can always count on the share.  to stand by our side, but I can confidently say that the choice for Senate in Ohio is crystal clear.  Ohio workers have no better champion than Sherry Burkett.",[],0,37,0.0,Ohio workers know I’ll never stop fighting for the issues that matter most to them.,[],0,15,0.0,0.0102907,0.97235817,0.054248214,0.011705299,centr,0.006856585,0.99242353,0.17004417,0.032514706,centr,1,37,66.85,40.06,55.76,99,12.33,16.22,86.49,64.86,51.35,8.11,5.41,2.7,2.7,0,0,0,2.7,13.51,5.41,0,16.22,10.81,5.41,5.41,2.7,16.22,8.11,2.7,21.62,5.41,8.11,10.81,21.62,5.41,13.51,2.7,0,5.41,0,0,5.41,0,8.11,8.11,0,2.7,2.7,0,0,0,0,0,13.51,5.41,0,0,0,0,2.7,8.11,0,0,0,0,2.7,2.7,0,0,5.41,0,0,5.41,0,0,0,0,0,0,0,0,0,0,0,0,0,0,0,0,0,0,0,0,10.81,10.81,0,0,10.81,0,0,0,2.7,0,8.11,0,0,0,0,0,0,10.81,8.11,2.7,0,0,0,0,0
2024/10/15,Kari Lake,DBJ6LnXtd0R,Republican,Arizona,"And so he's got to deal with what he's done for the past 10 years, which is  And we're out campaigning hard. Early voting has started, John, and people are already getting out there to vote.  And I feel really good about where we are. Our internal polling has showed me leading him by a hair.  And I think that's important as we go into this.  that he had to try to defend and there is no defending it.  Well, that's the consensus, you know.  He doesn't have much.  He's got his record, and his record is absolutely dismal.  Meieris in more debt, which is tear open a once secure border.  He's actually pushed for hits to Social Security and Medicare as well.  So he's really hit against every single member in Arizona.  And our streets are not safe.  His homeless population in his district is the fastest growing homeless population in the country.  So he had that horrible record.  So he tried to lie.  family connections to Mexican drug cartels.  I mean, this guy's a real disaster.  And I had to let the people of Arizona know about it.  So we did really well.  And not to mention his horrible treatment of women in his past, his.",['consensus*'],1,208,0.004807692,"All Gallego has done over the last decade is mire us in debt, tear open a secure border, pillage social security & Medicare, make our streets less safe, & preside over a district that has the fastest-growing homeless population in America

There‘s no defending Ruben's record. So, he lies",[],0,49,0.0,0.9938968,0.17628035,0.0316798,0.33931318,elite,0.9956173,0.09128475,0.1076979,0.96426123,elite,1,208,9.76,92.12,15.38,26.52,9.9,16.83,92.31,75.48,60.58,19.23,13.94,2.4,2.88,0.48,8.17,0,5.29,13.94,3.85,1.44,13.46,11.54,9.62,8.65,1.92,19.71,8.17,2.88,7.69,3.85,1.44,2.88,23.08,0.96,8.17,2.4,0,0.48,0,2.88,2.4,0,5.29,2.88,2.4,0.96,0.48,0.48,0,0,0.48,0,17.79,1.92,0,0,0,0,0.96,14.42,0.48,0,0.48,8.65,1.92,1.44,0.48,0,0.96,0,0,0.48,0.48,0,1.44,0.96,0,0,0,0,0,0,0,1.92,0,1.44,1.92,0,0,0,1.44,0,8.17,11.06,0,1.44,8.65,0.48,0,0.96,3.85,6.73,10.1,0,0.48,0,0.48,0,0,19.23,10.1,4.33,0,0,4.81,0,0
2024/10/15,Kari Lake,DBJ6hB4yWd4,Republican,Arizona,"Well, he called the border wall a stupid, dumb border wall and said he would never, ever, ever fund it.  And now he's trying to act like he likes the border wall, which is what I call the extreme makeover of Ruben Gallego.  And you can just go back to that progressive caucus in the House of Representatives where all of the bad ideas come from.  Eric Swalwell, all those folks. And so he's the one who pushed, by the way, for FEMA to spend a billion dollars over the last two years on the illegals that are pouring in.  And that's why the coffers are empty right now. And we can't afford to help Americans in need. Every bad idea. He's got his fingerprints on.  He's voted for biological men participating in sports with our girls, which means our daughters and sisters will have to change clothes and shower in front of men.  And people aren't for that.  He's actually was the co-sponsor of the George Floyd legislation, which would have defunded the police nationwide and got rid of.  qualified immunity, which would have made our streets even more unsafe than they already are.  Defunding the police. I'm sorry. If you're for defunding the police,  you shouldn't even be running for office. That's the most ridiculous thing I've ever heard.  the ideas that make us wonder what in the world's going on.  And he was the leader of the Progressive Caucus, who's voted with Kamala Harris and Joe Biden 100 percent of the time,  even more than AOC and the squad. He's further to the left than Bernie.  He's further to the left than then, you know, you name it, any crazy.",[],0,283,0.0,"Gallego is against the border wall.

He voted for biological men participating in sports with our girls.

He was the sponsor of #DefundThePolice legislation.

He pushed for FEMA to spend billions of dollars over the last two years on illegal immigrants, & now, we can't afford to help Americans in need. 

Every bad idea has got Ruben Gallego's fingerprints on it.",[],0,61,0.0,0.9942629,0.21534576,0.054164715,0.9852937,elite,0.9914895,0.25616774,0.13789462,0.9920848,elite,1,283,45.59,89.21,32.04,2.92,13.48,12.72,91.17,71.38,57.95,15.55,9.89,1.06,1.77,1.77,4.24,0.35,5.65,15.9,9.19,1.06,13.43,10.95,5.65,7.07,1.41,18.37,5.65,4.24,8.13,3.18,1.41,3.53,24.38,3.18,10.6,2.12,1.41,2.83,1.06,0.35,3.89,0,4.95,1.06,3.53,1.06,0,0.71,0,0,0,0,15.19,2.83,1.06,0,0,0.71,1.06,12.72,1.06,0.35,1.06,4.95,2.83,2.83,0,0,2.83,0.35,0.35,1.06,1.06,0,1.06,0.35,0,0,0,0,0,0,0,1.06,0,0.71,0.35,0,0,0,0.35,0.35,6.36,10.25,0,1.77,8.83,0,0.35,0,4.95,3.89,7.77,1.41,0,0,0,0,0,19.79,7.42,6.01,0,0,6.01,0.35,0
2024/10/15,Kari Lake,DBJ81UFvKTN,Republican,Arizona,"who was a drug trafficker for the cartels.  This is somebody who's not going to get serious and come after the cartels.  And as you heard there, President Trump wants to take on the cartels,  take on the criminals who are pouring across our border.  My opponent said he never wants to make anybody leave our country who come in illegally.  Now he's changing his tune.  But I want to see everybody who's poured in during the Biden invasion sent back to their homeland.  We need to repatriate these people back to their homeland.  So that we can save our homeland.  I believe he will. I mean, we are suffering just as bad as Colorado.  We have the trend of a gang that is here in Arizona.  We have Chilean gangs that are robbing people.  They're called the dinnertime bandits.  They're breaking into people's homes and robbing all of their valuables at dinnertime.  This has been happening for the last three and a half years.  And my opponent is never going to vote for that.  He's never going to approve of that because, like I said, family ties to the cartels.  A convicted felon.  close family member his father convicted felon",[],0,201,0.0,"Just like Colorado, Arizona has members of the Venezuelan gang Tren de Aragua causing chaos. 

We have Chilean gangs that break into people's homes & rob them of their valuables at dinnertime. 

The cartels have operational control of our southern border.

Ruben Gallego will NEVER vote to stop that. He's not serious about your safety.",[],0,55,0.0,0.90429574,0.106774695,0.023863634,0.5270721,elite,0.98761964,0.060144402,0.038108367,0.21220532,elite,1,201,37.12,99,19.76,2.89,10.58,19.9,87.56,73.13,57.71,20.9,15.42,2.99,3.98,0.5,2.99,2.49,5.47,16.42,6.47,0.5,14.93,9.45,3.98,5.97,1.99,22.89,2.99,1.99,8.96,6.97,0,1.99,21.39,2.49,6.97,1,1.49,2.49,1,0,1,0,2.49,0,2.49,1,0,1,0,0,0,0,21.39,1.99,0,0,0,0.5,1.49,18.91,1.49,0,0,3.48,1,1,0,0,1,0,0.5,0,0.5,0,1.49,0.5,0,0,0,0,0,1,0,0.5,1.49,2.49,0,0,0,0,0.5,0,12.44,9.95,0,1.49,7.96,0.5,1,0,4.48,3.98,8.46,4.48,0,0,0,0,0,14.93,8.96,2.49,0,0,3.48,0,0
2024/10/15,Kari Lake,DBJ9AvGpcqR,Republican,Arizona,"For your viewers, go to Carrie Lake dot com.  Chip in and help.  Five or ten dollars will help us get the ads out that we need to warn people about who my opponent is.",[],0,35,0.0,"If you can afford to, I would deeply appreciate it if you would go to KariLake.com/donate, chip in, and help. 

Five or $10 will help us get the ads out. 

We need to warn people about who my opponent, Radical Ruben Gallego, really is.",[],0,44,0.0,0.0045101843,0.013605226,0.0029406336,0.0027245642,none,0.0122506125,0.0063068806,0.0017443722,0.007980528,none,1,35,65.15,99,24.32,65.27,11.67,8.57,80,65.71,54.29,17.14,14.29,2.86,5.71,2.86,0,0,2.86,17.14,2.86,5.71,17.14,5.71,2.86,5.71,0,14.29,0,8.57,11.43,11.43,0,0,11.43,0,5.71,0,0,2.86,2.86,0,2.86,0,8.57,5.71,2.86,0,0,0,0,0,0,0,22.86,8.57,5.71,0,0,0,2.86,14.29,0,0,0,0,0,0,0,0,2.86,0,0,0,2.86,0,0,0,0,0,0,0,0,0,0,2.86,0,2.86,0,0,0,0,2.86,0,14.29,14.29,2.86,2.86,8.57,2.86,0,0,0,0,2.86,2.86,0,0,0,0,0,11.43,8.57,2.86,0,0,0,0,0
2024/10/15,Ruben Gallego,DBJ-yQtpzQF,Democratic,Arizona,I believe that juntos podemos ser una Arizona mejor para todos.  Y vamos a ganar.  Gracias.,[],0,16,0.0,"I’m the son of immigrants, a Marine, and a father.?

And this November, I’m going to be the first Latino Senator from Arizona.",[],0,23,0.0,0.0032376493,0.06752316,0.002911115,0.004238871,none,0.0022529317,0.10367421,0.031907838,0.031212326,none,1,16,78.28,11.66,15.38,96.74,5.33,25,31.25,25,18.75,12.5,6.25,6.25,0,0,0,0,6.25,12.5,6.25,0,0,0,0,0,0,6.25,0,0,0,0,0,0,6.25,0,6.25,6.25,0,0,0,0,0,0,6.25,6.25,0,0,0,0,0,0,0,0,6.25,6.25,0,6.25,0,0,0,0,0,0,0,0,0,0,0,0,0,0,0,0,0,0,0,0,0,0,0,0,0,0,0,0,0,0,0,0,0,0,0,0,0,0,0,0,0,0,0,0,0,0,0,0,0,0,0,0,0,18.75,18.75,0,0,0,0,0,0
2024/10/15,Mike Rogers,DBKJFbzv5_V,Republican,Michigan,"Please get involved.  Go to Senator, excuse me, Rogers for Senate.  We'll see you along the campaign trail.  Hey, it's Mike Rogers, and with only three weeks left until Election Day, we're hitting the pavement.  Super excited to have Senators Barrasso and Senator Capito here in the state.  We'll have Senator Joni Ernst coming in tomorrow in the next couple of days.  This is going to be big. The excitement is building in Michigan.  And what now the rest of the country is knowing what we all knew for months and months,  we're going to win this race and we're getting lots of support from around the country.  Hey, we need you to start making a plan to vote and to get involved at RogersForSenate.com.  The most consequential election of my lifetime for sure.",[],0,134,0.0,"We’re hitting the pavement in Howell with Senators Barrasso and Capito today — and Senator Ernst will be joining us on the trail tomorrow! 

There’s a real shift going on in Michigan, and with only 21 days to go we need you on our team now more than ever. Go to RogersForSenate.com to get involved!",[],0,55,0.0,0.005351331,0.01595079,0.0023889784,0.0030119207,none,0.0031546692,0.16763379,0.0035480356,0.0026504614,none,1,135,84.88,93.73,72.9,66.91,12.27,18.52,88.15,67.41,49.63,11.11,7.41,0.74,5.19,1.48,0,0,3.7,12.59,7.41,0.74,17.78,8.89,2.96,5.19,0,19.26,4.44,8.89,12.59,5.19,1.48,5.93,20.74,0.74,5.93,2.22,1.48,0.74,0,0,0.74,0,4.44,3.7,0.74,1.48,1.48,0,0,0,0,0,13.33,5.19,1.48,2.22,0,0,1.48,6.67,0,0,0,0,6.67,6.67,0,0,0,0,0,0,0,0,0,0,0,0,0,0,0,0,0,0.74,0,2.22,0,0,0,0.74,0.74,0,13.33,9.63,0,1.48,8.89,0.74,0,0,8.15,0.74,5.93,5.93,1.48,1.48,0,0,0,18.52,8.89,5.19,0,0,4.44,0,0
2024/10/15,Eric Hovde,DBKeii7s6Wk,Republican,Wisconsin,I'm on the road today with Senator Cotton.  I so appreciate coming up into Wisconsin.,[],0,15,0.0,"Great day on the trail in Eau Claire, Stevens Point, and Wausau with Senator Tom Cotton.

Really appreciative of his support of our campaign. Three weeks to go, let’s go save this country! ????",[],0,34,0.0,0.009408398,0.0033405358,0.0023446677,0.003479016,none,0.00880387,0.012245773,0.0027981861,0.002590383,none,1,15,89.52,1.24,99,97.84,7.5,20,86.67,60,53.33,13.33,13.33,13.33,0,0,0,0,0,6.67,6.67,0,26.67,6.67,6.67,6.67,0,13.33,0,0,6.67,0,0,6.67,20,0,6.67,6.67,0,0,0,0,0,0,6.67,6.67,0,6.67,6.67,0,0,0,0,0,6.67,6.67,6.67,0,0,0,0,0,0,0,0,0,6.67,6.67,0,0,0,0,0,0,0,0,0,0,0,0,0,0,0,0,0,0,0,0,0,0,0,0,0,0,13.33,26.67,0,6.67,26.67,0,0,0,6.67,0,13.33,0,0,0,0,0,0,20,13.33,0,0,0,6.67,0,0
2024/10/16,Bob Casey,DBKgd1aPO5w,Democratic,Pennsylvania,"The campaign that we're in today started with this candidate, Mr. McCormick, starting the race, lying to the people of Pennsylvania about where he lives.  How do you lie about where you live?  When you're running for an office where you seek to represent the people of our state.  He said he was living in Pennsylvania.  He wasn't.  He was living in Connecticut.  The Associated Press wrote about it.  August the 14th, 2023.  He lied to the people about that.  He also lied about how he grew up.  He said at one point he was a farmer and that he grew up on a farm.  And then he started lying about other things in this campaign.  But if this is a question about who's been telling a lie, how do you lie to the people about where you live?",[],0,139,0.0,How can the people of Pennsylvania trust David McCormick when he just tells lie after lie after lie?,[],0,18,0.0,0.97517145,0.007912952,0.007411467,0.008558707,elite,0.99206674,0.07267651,0.036649846,0.013610576,elite,1,139,39.28,99,29.22,,10.69,10.79,92.09,79.14,64.75,20.86,15.11,0,1.44,4.32,8.63,0,5.76,15.83,9.35,2.16,17.27,7.91,12.23,5.04,0.72,22.3,0.72,0.72,2.88,1.44,0,1.44,20.14,0,6.47,2.88,2.16,0,1.44,0,2.88,0,0,0,0,0,0,0,0,0,0,0,28.06,9.35,0,0.72,0,0,3.6,19.42,0,0,0,9.35,2.16,2.16,0,0,0.72,0,0,0.72,0,0,3.6,0,0,0,0,0,0,0,0,0,0,0,0,0,0,0,0,0,5.04,13.67,0.72,0.72,12.23,0,0,0,5.04,10.07,4.32,0,0,0,0,0,0,16.55,8.63,3.6,1.44,0,2.88,0,0
2024/10/16,Ted Cruz,DBKh1j2Aazv,Republican,Texas,"I'm the son of an immigrant who came from Cuba with nothing, penniless.  Tonight I'm going to ask you to listen very carefully to the difference between words and actions.  But what he's not going to talk about is his own record.  to seek out the American dream.  in the United States Congress.  Colin Allred is going to try to say an awful lot of words that sound reasonable.  You know, Texas is an incredible place.  who became a football star.  He went on to Baylor, went on to the NFL.  Gromer. Thank you, Jason. Thank you to everyone at home listening.  that both congressman all read and i have the great privilege of representing  the people of texas  I want to keep Texas, Texas.  Senator, that is your time.  Now is the United States Congress.  is the son of a single mom.  washed dishes, making 50 cents an hour, but came to Texas.  It is incredible.  And I'm over and over again going to take us back to actual records, his record and my record.  We're doing an awful lot right in the state of Texas.  Colin Allred wants to change that.",[],0,193,0.0,"In tonight's debate, listen carefully to the differences between our records.

I have a record of delivering success for Texas, while Colin Allred has a radical leftist record.",[],0,28,0.0,0.04701124,0.7036135,0.027170891,0.03549804,centr,0.96313256,0.18853596,0.02665303,0.9879247,none,1,193,87.24,77.72,15.1,52.22,9.19,11.4,88.08,68.39,52.85,13.47,9.84,3.11,1.04,2.59,2.07,0,3.63,15.54,8.81,1.04,17.1,7.25,2.07,3.63,1.04,20.21,4.15,3.63,5.18,1.55,0.52,3.11,17.62,1.55,6.22,1.04,1.55,1.55,0,0,2.07,0,4.15,3.11,1.04,1.04,0,1.04,0,0,0,0,12.95,3.63,1.04,1.04,0,0,3.63,9.33,1.55,0,0.52,3.11,5.18,4.66,1.04,0,4.15,1.04,0.52,1.55,1.04,0,1.04,0.52,0,0,0,0,0,0.52,0,0,1.04,0.52,0.52,0,0,0,0,0,8.29,8.81,1.04,2.07,4.66,0,1.55,0,3.11,3.11,7.25,4.66,0,0,0,0,0,18.13,10.88,4.66,0,0,2.59,0,0
2024/10/16,Ted Cruz,DBKiE-tg72Y,Republican,Texas,"many Texans, many Americans care deeply about.  should be notified and have to consent before their child gets an abortion.  In Texas, we overwhelmingly support that parents...  In Texas, we overwhelmingly agree that late-term abortions in the eighth and ninth months,  that's too extreme.  And I'll tell you, in Texas, we overwhelmingly agree that taxpayer money shouldn't pay for abortions.  and there are all sorts of positions in between.  And it's an issue that people of good faith can disagree.  People are genuinely and deeply pro-life.  People are genuinely and deeply pro-choice.  That's extreme, and it's not where the people of Texas are.  I will say, though, in Texas, on the question of abortion, there are a lot of areas we disagree.  up to and including the eighth and ninth month of pregnancy.  But there's also a lot of consensus.  He has voted in favor of striking down Texas's law that gives parents the right to be notified and consent.  He's voted in favor of striking down Texas's law and legalizing abortion.  Unfortunately, Congressman Allred's voting record rejects that Texas consensus.  Well, listen, abortion is an issue that...  I agree with the United States Supreme Court that under our Constitution, the way we resolve questions like that,  questions on which we have real and genuine disagreements, is at the ballot box, is voting.  And that's why the state of the law now is that the legislature in Austin sets the laws in Texas.  You wouldn't expect Texas's laws to be the same as California.  You wouldn't expect Alabama to be the same as New York.",['consensus*'],1,265,0.003773585,"In Texas, we overwhelmingly agree that late-term abortions in the eighth and ninth month is too extreme.

Unfortunately, Colin Allred rejects that consensus. He has voted in favor of legalizing abortion all the way up until the eighth and ninth month of pregnancy. He is too extreme for Texas.",['consensus*'],1,49,0.020408163,0.04440826,0.45569536,0.0022175931,0.007363588,none,0.8201998,0.049405936,0.023036249,0.04439731,none,1,265,54.43,77.98,15.18,2.5,12.62,20.38,85.28,63.4,54.72,12.08,6.04,1.13,2.64,1.13,0.75,0.38,6.04,14.72,7.17,0.75,15.47,11.32,5.28,7.55,1.51,15.47,3.4,3.4,6.79,3.4,0,3.4,19.25,0.38,7.92,1.89,0.38,1.89,1.51,1.13,2.26,0,8.68,3.02,5.66,1.51,0.38,1.13,1.13,0,0,0,14.72,6.79,1.51,0,1.51,0,2.64,7.92,1.13,0,0,0.75,4.15,4.15,0,0,1.51,0,0,0.38,0.75,0.38,2.64,2.64,0,0,0,0,2.64,0,0,0.75,0,0.38,0,0,0,0,0,0,4.53,8.3,0.38,0,7.92,0,0.38,0,1.89,0.75,7.92,2.26,1.13,0,1.13,0,0,23.02,9.43,6.79,0,0,5.66,1.13,0
2024/10/16,Ted Cruz,DBKiboqg4lo,Republican,Texas,"I don't serve in the state legislature.  I'm not the governor.  The folks that make the laws here are the state legislature and the governor.  He knows that.  But he's trying to deceive the voters in Texas.  I want to jump in here because I think it's too much.  saying that I made this decision.  He voted to strike down Texas's parental notification law.  He voted to strike down Texas's Pareto consent law.  He voted to legalize late-term abortions, including the eighth and ninth months.  He says he wants to codify Roe v. Wade, but that's not what he voted for.  And I'll tell you what, tonight I suspect he's going to run away from his record on a whole lot of issues.  We have a website. It's called allredfacts.com.  Allredfacts.com.  Every time he gives an answer, just click on allredfacts.com, and we'll show you the exact vote he cast.  Now, as for what the law should be in Texas, that's a decision that will be made by the state legislature.  You know, Congressman Allred is running all sorts of ads.  that as a Congressman,  At no point did he make any reference to his own record.  He desperately wants to hide from the fact.  for incest. Again, asking as a Texan and as a father tonight. So I want to be very clear. If you listen to Congressman Allred's answer.",['*deceiv*'],1,231,0.004329004,"Colin Allred desperately wants to hide from the fact that as a Congressman, he voted to legalize late-term abortions.

Every time Colin Allred makes a claim, go to 
allredfacts.com to get the truth.",['truth*'],1,33,0.03030303,0.963111,0.0069987103,0.004231931,0.008137122,elite,0.95916057,0.0038675186,0.0070618656,0.010554612,elite,1,234,56.12,74.21,2.93,5.87,9.36,12.82,85.04,68.8,55.56,17.95,12.39,3.42,0.85,1.71,6.41,0,5.56,14.96,8.12,0.43,14.53,8.12,3.42,5.98,1.71,19.66,1.71,2.99,7.26,1.71,0.43,5.13,23.93,1.28,11.11,3.42,2.14,2.56,1.28,0,2.14,0,1.71,0,1.71,0.43,0,0.43,0,0,0,0,14.96,4.27,0,0,0,0.43,3.42,10.68,1.71,0,0,6.84,5.98,5.56,0,0.43,1.71,0,0,1.71,0,0,0.85,0.43,0,0,0,0,0.85,0,0,0.43,1.71,0,0,0,0,0,0.43,0,3.85,6.41,0.43,1.28,3.85,0.85,0.43,0,2.56,3.42,6.84,2.99,0,0,0,0,0,22.22,11.97,4.27,0,0,5.56,0.43,0
2024/10/16,Ted Cruz,DBKixIpARkW,Republican,Texas,"I don't serve in the state legislature.  I'm not the governor.  The folks that make the laws here are the state legislature and the governor.  He knows that.  But he's trying to deceive the voters in Texas.  I want to jump in here because I think it's too much.  saying that I made this decision.  He voted to strike down Texas's parental notification law.  He voted to strike down Texas's Pareto consent law.  He voted to legalize late-term abortions, including the eighth and ninth months.  He says he wants to codify Roe v. Wade, but that's not what he voted for.  And I'll tell you what, tonight I suspect he's going to run away from his record on a whole lot of issues.  We have a website. It's called allredfacts.com.  Allredfacts.com.  Every time he gives an answer, just click on allredfacts.com, and we'll show you the exact vote he cast.  Now, as for what the law should be in Texas, that's a decision that will be made by the state legislature.  You know, Congressman Allred is running all sorts of ads.  that as a Congressman,  At no point did he make any reference to his own record.  He desperately wants to hide from the fact.  for incest. Again, asking as a Texan and as a father tonight. So I want to be very clear. If you listen to Congressman Allred's answer.",['*deceiv*'],1,231,0.004329004,"Colin Allred called the border wall racist, and he pledged to tear it down personally.

He voted against the border wall not once, not twice, but three times.

Every time there is a serious measure to secure the border, he votes no.",[],0,42,0.0,0.963111,0.0069987103,0.004231931,0.008137122,elite,0.826456,0.0017920749,0.0042089676,0.05731363,elite,1,234,56.12,74.21,2.93,5.87,9.36,12.82,85.04,68.8,55.56,17.95,12.39,3.42,0.85,1.71,6.41,0,5.56,14.96,8.12,0.43,14.53,8.12,3.42,5.98,1.71,19.66,1.71,2.99,7.26,1.71,0.43,5.13,23.93,1.28,11.11,3.42,2.14,2.56,1.28,0,2.14,0,1.71,0,1.71,0.43,0,0.43,0,0,0,0,14.96,4.27,0,0,0,0.43,3.42,10.68,1.71,0,0,6.84,5.98,5.56,0,0.43,1.71,0,0,1.71,0,0,0.85,0.43,0,0,0,0,0.85,0,0,0.43,1.71,0,0,0,0,0,0.43,0,3.85,6.41,0.43,1.28,3.85,0.85,0.43,0,2.56,3.42,6.84,2.99,0,0,0,0,0,22.22,11.97,4.27,0,0,5.56,0.43,0
2024/10/16,Ted Cruz,DBKjWZwgM9B,Republican,Texas,"He voted in favor of taking $300 billion from Medicare and using it to pay for Kamala Harris's pet project,  using it to pay for health insurance for illegal aliens.  That is driving up the cost.  Just Medicare premiums under Congressman Allred have gone up 20 percent and they are projected to triple.  I will fight to lower premiums and make health care more affordable and give you, the consumer, greater choice.  You know what Congressman Allred also voted in favor of?  Well, you notice once again, Congressman Allred takes no responsibility for his own voting record,  takes no responsibility for the trillions in spending that have driven inflation,  takes no responsibility for the war on Texas energy and LNG and oil and gas.  Instead, what he says is, well, gosh.  He's voted to lower the price of insulin.  Well, so did I.  I voted on the Senate floor to lower the price of insulin to a dollar a vial.  And you know what?  The Democrats blocked that.  I'll tell you, President Trump put in a program to put in place affordable insulin.  As soon as Joe Biden and Kamala Harris came into office, they pulled that out.",[],0,198,0.0,"I voted on the Senate Floor to lower the price of insulin. The Democrats blocked it.

Colin Allred also voted in favor of taking $300 million from Medicare and using it to pay for health insurance for illegal aliens.

Colin Allred is Kamala Harris.",[],0,44,0.0,0.99436885,0.16289262,0.09126494,0.9859461,elite,0.9930207,0.041964784,0.10183898,0.9760779,elite,1,198,75.22,72.07,26.42,42.71,14.14,16.67,87.37,69.7,50.51,12.12,7.58,2.02,0,2.53,2.02,1.01,4.55,11.62,5.56,2.53,16.67,4.55,5.05,6.57,1.52,17.17,4.04,5.05,4.55,0.51,0,4.04,16.67,1.52,5.56,2.02,3.03,0,0,0,0.51,0,4.55,3.03,1.52,0,0,0,0,0,0,0,10.61,3.54,1.52,0,0.51,0,1.01,7.07,0.51,0,0,2.02,5.56,5.56,0,0,10.61,0,0.51,5.05,5.56,0,3.54,3.54,0,0,0,0,0,0,0,0,0,2.02,0,0,0,0,0.51,0,5.56,11.11,0.51,3.03,7.58,0,0,0,1.52,4.04,4.55,1.52,0,0,0,0,0,15.66,6.06,6.57,1.01,0,1.52,0.51,0
2024/10/16,Dave McCormick,DBKjVIYNlrf,Republican,Pennsylvania,"Well, I'm married to an immigrant, so I'm certainly very pro-legal immigrant.  We are a country of immigrants. We're also a country of laws.  And under Biden, Harris and Casey, I mean, this is another career politician,  election year epiphany from Punxsutawney Bob, who comes up every six months before every election.  I mean, under three and a half years of the Biden-Harris administration, there was nothing done on the border.  It was an absolute disaster. Ten million illegal immigrants, people on the terrorist watch list.  The fentanyl crisis has grown. I've got Sheriff Ott here is a good, good friend of mine who lost a son to the wide open borders  that resulted under the weakness and the failure of Casey, Biden and Harris.  And this fentanyl crisis is going absolutely crazy. We've got to secure the border.  Senator Casey just did a commercial where he was standing in front of the wall,  the very wall that he derided and said we didn't need a wall when President Trump came into office.  That's absolute chutzpah. That is a career politician in action.  We need to secure the border. We need to go after the cartels with military.  We need to describe we need to treat them as the terrorist threat they are.  And of course, we need to embrace the fact that we're a country of immigrants.  We can't tolerate hate, but we also can't tolerate a wide open border.  That's that's damaging the security of Americans. Thank you, Mr. McCormick. Thank you.",['politici*'],1,254,0.003937008,"I’m married to an immigrant. We are a country of immigrants — but we are also a country of laws. 

The border has been an absolute disaster under the weakness of Biden-Harris-Casey. 

We’ve got to secure the border.",[],0,38,0.0,0.9938356,0.28568557,0.0917956,0.97550255,elite,0.9244356,0.1084349,0.029436525,0.15671939,elite,1,254,57.19,91.13,49.93,6.58,11.55,20.47,90.94,67.32,54.72,14.57,10.24,2.36,4.72,0.79,0.79,0.79,4.33,16.93,10.63,1.57,12.2,9.45,5.12,6.3,1.57,18.11,3.94,5.12,11.02,5.91,0.39,4.72,20.47,1.18,8.27,1.57,0.39,3.15,0,1.57,1.97,0,6.69,2.36,3.94,1.57,0.79,0.39,0,0.39,0,0,14.57,2.76,0.79,1.18,0.79,0,1.57,11.02,0.79,0.39,0,1.57,5.91,5.91,2.36,0,1.97,0,0,1.57,0.39,0,0.79,0.79,0.79,0,0,0.79,0,0,0,3.15,0,0.79,0,0,0,0,2.36,0,8.27,13.39,0.39,1.97,11.81,0.39,0,0,2.36,5.12,6.69,0.39,0.39,0,0.39,0,0,20.87,9.06,6.3,0,0,4.72,0.79,0
2024/10/16,Ted Cruz,DBKju99gc1w,Republican,Texas,"He voted in favor of taking $300 billion from Medicare and using it to pay for Kamala Harris's pet project,  using it to pay for health insurance for illegal aliens.  That is driving up the cost.  Just Medicare premiums under Congressman Allred have gone up 20 percent and they are projected to triple.  I will fight to lower premiums and make health care more affordable and give you, the consumer, greater choice.  You know what Congressman Allred also voted in favor of?  Well, you notice once again, Congressman Allred takes no responsibility for his own voting record,  takes no responsibility for the trillions in spending that have driven inflation,  takes no responsibility for the war on Texas energy and LNG and oil and gas.  Instead, what he says is, well, gosh.  He's voted to lower the price of insulin.  Well, so did I.  I voted on the Senate floor to lower the price of insulin to a dollar a vial.  And you know what?  The Democrats blocked that.  I'll tell you, President Trump put in a program to put in place affordable insulin.  As soon as Joe Biden and Kamala Harris came into office, they pulled that out.",[],0,198,0.0,"Four times, Colin Allred came out in favor of boys playing in girls’ sports. Go to allredfacts.com to get the truth about his record.

Having boys compete against our daughters is not fair.",['truth*'],1,33,0.03030303,0.99436885,0.16289262,0.09126494,0.9859461,elite,0.02920369,0.01600232,0.009871421,0.0020818124,none,1,198,75.22,72.07,26.42,42.71,14.14,16.67,87.37,69.7,50.51,12.12,7.58,2.02,0,2.53,2.02,1.01,4.55,11.62,5.56,2.53,16.67,4.55,5.05,6.57,1.52,17.17,4.04,5.05,4.55,0.51,0,4.04,16.67,1.52,5.56,2.02,3.03,0,0,0,0.51,0,4.55,3.03,1.52,0,0,0,0,0,0,0,10.61,3.54,1.52,0,0.51,0,1.01,7.07,0.51,0,0,2.02,5.56,5.56,0,0,10.61,0,0.51,5.05,5.56,0,3.54,3.54,0,0,0,0,0,0,0,0,0,2.02,0,0,0,0,0.51,0,5.56,11.11,0.51,3.03,7.58,0,0,0,1.52,4.04,4.55,1.52,0,0,0,0,0,15.66,6.06,6.57,1.01,0,1.52,0.51,0
2024/10/16,Ted Cruz,DBKkog1gA1o,Republican,Texas,"in favor of defunding the police. Let me tell you what a disaster defunding the police had been.  The defund the police movement started in 2019. From 2019 to 2023, let me tell you what happened  to the murder rate. In Houston, it went up 29%. Right here in Dallas, it went up 17%.  In San Antonio, it went up 57%. And my view, you know, Congressman Allred is happy to talk  about those who committed acts of violence on January 6th, but you don't hear him talking  about the Antifa and Black Lives Matter riots that burn cities across this country. If you  commit an act of violence, you should go to jail and there should be no political favoritism  in that regard.  12 years fighting to defend the men and women of law enforcement.  That's why I've been endorsed by the leaders of organizations,  over 44,000 law enforcement officers.  That's why I've been endorsed by Kim Ogg,  the Democrat district attorney in Harris County.  She is the twice-elected Democrat, the chief law enforcement officer in Houston.  She's endorsed me in this race.  Why? Because she wants a senator who will stand with law enforcement,  who will lock up criminals and fight to secure the border.  And unfortunately,  If you assault a police officer, you should go to jail for a very long time.  And by the way, that's true.  Congressman Allred's record on crime has been terrible.  Congressman Allred has voted not once but twice.  So, Gromer, thank you for that question.  Listen, my view is clear.  I think anyone who commits an act of violence should be prosecuted and should go to jail.  You have 90 seconds.  whether I happen to agree with your politics or disagree with your politics.  I've spent...",[],0,295,0.0,"I’ve been endorsed by organizations representing over 44,000 law enforcement officers.

I’ve also been endorsed by Democrat Harris County DA Kim Ogg.

Unfortunately, Colin Allred’s record on crime has been a disaster.",[],0,32,0.0,0.9519903,0.047904357,0.0067482167,0.026302421,elite,0.96371907,0.011047148,0.010963992,0.0068731327,elite,1,295,57,76.38,41.6,7.86,11.35,18.31,88.47,65.76,52.88,15.25,10.17,3.39,0,4.07,1.36,0,5.08,12.2,6.44,4.07,14.58,9.49,4.07,5.42,1.02,18.31,3.39,2.03,9.49,0,0.34,9.15,18.31,0.34,7.8,1.02,1.36,2.03,1.69,0,2.37,0,5.42,2.03,3.39,0.68,0.34,0.34,0,0,0,0,15.93,6.1,1.69,0.68,1.69,0.34,2.03,9.15,0,0,1.36,0.68,3.39,3.39,0,0,2.03,0,0,1.69,0.34,0,0.68,0,0,0,0,0,0,0,0.34,0,0.34,0,0,0,0,0,0.34,0,4.41,12.2,0.34,2.37,9.15,1.02,0.68,0,2.03,5.08,4.41,1.02,0.34,0,0.34,0,0,20.34,9.15,6.44,0.34,0,3.05,1.36,0
2024/10/16,Ted Cruz,DBKk8Ong12j,Republican,Texas,"in favor of defunding the police. Let me tell you what a disaster defunding the police had been.  The defund the police movement started in 2019. From 2019 to 2023, let me tell you what happened  to the murder rate. In Houston, it went up 29%. Right here in Dallas, it went up 17%.  In San Antonio, it went up 57%. And my view, you know, Congressman Allred is happy to talk  about those who committed acts of violence on January 6th, but you don't hear him talking  about the Antifa and Black Lives Matter riots that burn cities across this country. If you  commit an act of violence, you should go to jail and there should be no political favoritism  in that regard.  12 years fighting to defend the men and women of law enforcement.  That's why I've been endorsed by the leaders of organizations,  over 44,000 law enforcement officers.  That's why I've been endorsed by Kim Ogg,  the Democrat district attorney in Harris County.  She is the twice-elected Democrat, the chief law enforcement officer in Houston.  She's endorsed me in this race.  Why? Because she wants a senator who will stand with law enforcement,  who will lock up criminals and fight to secure the border.  And unfortunately,  If you assault a police officer, you should go to jail for a very long time.  And by the way, that's true.  Congressman Allred's record on crime has been terrible.  Congressman Allred has voted not once but twice.  So, Gromer, thank you for that question.  Listen, my view is clear.  I think anyone who commits an act of violence should be prosecuted and should go to jail.  You have 90 seconds.  whether I happen to agree with your politics or disagree with your politics.  I've spent...",[],0,295,0.0,"Colin Allred’s voting record is radical and extreme.

Colin Allred wants to talk about “threats to democracy,” but he voted no on the SAVE Act to prevent illegal aliens from voting in our elections.

Illegal aliens voting in our elections is a threat to our democracy.",[],0,46,0.0,0.9519903,0.047904357,0.0067482167,0.026302421,elite,0.9901856,0.025844082,0.046592593,0.8203291,elite,1,295,57,76.38,41.6,7.86,11.35,18.31,88.47,65.76,52.88,15.25,10.17,3.39,0,4.07,1.36,0,5.08,12.2,6.44,4.07,14.58,9.49,4.07,5.42,1.02,18.31,3.39,2.03,9.49,0,0.34,9.15,18.31,0.34,7.8,1.02,1.36,2.03,1.69,0,2.37,0,5.42,2.03,3.39,0.68,0.34,0.34,0,0,0,0,15.93,6.1,1.69,0.68,1.69,0.34,2.03,9.15,0,0,1.36,0.68,3.39,3.39,0,0,2.03,0,0,1.69,0.34,0,0.68,0,0,0,0,0,0,0,0.34,0,0.34,0,0,0,0,0,0.34,0,4.41,12.2,0.34,2.37,9.15,1.02,0.68,0,2.03,5.08,4.41,1.02,0.34,0,0.34,0,0,20.34,9.15,6.44,0.34,0,3.05,1.36,0
2024/10/16,Ted Cruz,DBKlV4BAV0g,Republican,Texas,"Thank you, Jason. I will say this issue is one of the clearest differences between Congressman  Allred's record and my record.  Flowing over $100 billion to Iran, 90% of the funding for Hamas and Hezbollah comes from Iran.  I'll tell you, Congressman Allred invited a radical imam here in Dallas who calls Zionists monsters  and has compared them to Nazis.  Congressman Allred calls them the very best of North Texas.  I don't support those who engage in anti-Semitic actions,  and I will tell you the funders of the anti-Semitic protest on college campuses  are among Congressman Allred's biggest supporters.  We need clarity. We need to draw a line.  And as for me and my home, we will stand with Israel.  Congressman Allred has consistently lined up against Israel.  At the beginning of the Biden-Harris administration, he urged them to send money to Gaza, even though it would go to Hamas.  He has supported Kamala Harris and Joe Biden.  When President Trump was president, I urged him to pull out of the disastrous Iran nuclear deal.  He did, and it was the single most important national security decision of his entire presidency.  When I was elected 12 years ago, I resolved then to be the leading defender of Israel in the United States Senate.  And I've worked every day to do that, to stand up and fight to support Israel.  I am proud to stand with Israel.  Our position should be that America stands unshakably with Israel.  When President Trump was president, I urged him to move our embassy to Jerusalem.  He did, and I was there the day we opened the embassy in Jerusalem.  I've never seen such celebration.",[],0,279,0.0,"I am proud to stand unshakably with Israel.

I was there the day we opened the U.S. embassy in Jerusalem.

Sadly, Colin Allred has consistently opposed Israel. He urged the administration to send money to Gaza even though he knew it would flow to Hamas.",[],0,45,0.0,0.9745667,0.025314571,0.019296438,0.8273897,elite,0.9709838,0.0025604006,0.013546605,0.18453614,elite,1,279,56.7,69.29,45.96,53.56,13.29,21.51,82.8,64.52,53.76,15.05,12.9,5.38,2.15,1.08,2.51,1.08,2.15,10.75,5.38,2.15,15.05,8.96,3.94,6.09,0.72,15.77,3.58,3.58,10.39,2.87,1.79,6.45,16.13,0.72,5.02,0.72,1.08,1.43,0,0,1.43,0,2.87,2.51,0.36,0.72,0.72,0,0,0,0,0,14.34,5.02,1.79,0.36,0.72,0,2.87,9.32,0,0,0,2.51,6.81,6.09,0.36,0.36,5.73,0.36,0.36,3.58,0.72,0.72,0.36,0.36,0,0.36,0,0,0,0,0,0.72,0,0,0,0,0,0,0.36,0,3.58,10.04,0,1.79,8.6,0.36,0,0,3.58,6.09,2.87,1.43,0,0,0,0,0,16.13,7.53,4.66,0,0,2.15,1.79,0
2024/10/16,Bob Casey,DBKmcCTpKpi,Democratic,Pennsylvania,"We should roll back those big corporate tax breaks they got a couple years ago.  The difference in this race is I want to go after price gouging.  My opponent won't do it.  He doesn't think we should do anything about price gouging.  In fact, he excuses big corporations ripping off families.  I think we should hold them accountable.  Look, across the country, especially in the last several years, prices have been way up.  The cost of food, the cost of household items have skyrocketed.  You have corporations in the two-year period from the middle of 2020 to the middle of 2022.  Corporate profits going up 75 percent, five times the rate of inflation.  So corporations were engaged in price gouging, taking advantage of the pandemic and the inflationary pressures.  And I think we should do something about it.  We should point it out like I have issued reports on it.  Secondly, we should pass price gouging legislation to hold companies accountable.  And thirdly.",[],0,164,0.0,"When profits go up 75%, five times the rate of inflation? We have to act.",[],0,15,0.0,0.98635095,0.08195196,0.97754955,0.009213443,elite,0.017993253,0.0045657,0.042798486,0.0010963723,none,1,164,66.41,80.24,34.03,13.67,10.93,22.56,88.41,73.17,53.66,14.63,9.76,3.05,3.66,0.61,1.22,1.22,4.88,10.98,7.32,3.05,15.24,10.98,3.66,3.05,1.22,18.29,4.88,10.37,4.88,4.27,0.61,0.61,15.85,0,9.15,1.83,0.61,4.27,1.22,0,0.61,0,0.61,0,0.61,0,0,0,0,0,0,0,10.37,0.61,0,0,0,0.61,0,7.93,1.22,0,0,1.22,0.61,0.61,0,0,10.37,0,0.61,4.88,5.49,0,1.22,0.61,0.61,0,0,0,0,0.61,0,0,0.61,1.22,0,0,0,1.22,0,0,10.98,11.59,0.61,2.44,9.15,0.61,0,0,4.27,1.83,1.22,1.22,0,0,0,0,0,15.85,9.15,4.88,0,0,1.22,0.61,0
2024/10/16,Ted Cruz,DBKm4MeAtsX,Republican,Texas,"rated him the most bipartisan member of the Texas delegation.  I've got to say, I found that quite odd, so I went and looked at this group.  Because how can someone...  But yet this group gives him camouflage.  Okay, let me respond.  True or false?  Your first four years in the House, you voted 100% with Nancy Pelosi.  True or false?  Well, let me say on IVF, you can watch the debate on the Senate floor where I tried to pass strong, clear federal legislation protecting IVF.  And the Democrats stood up and objected it cynically.  But I've got to say, there's something Congressman Allred says that he says all the time.  He says this independent group.  who votes 100% with Nancy Pelosi, which is what he did his first four years,  how can he be bipartisan?  How can Colin Allred, Colin Allred voted 100% with Joe Biden and Kamala Harris  their first two years in office.  How could he be called the most bipartisan member?  And then I discovered this group.  Its board consists of a bunch of Democrat donors.  They say on their website, we don't look at votes.  We don't examine every vote.  So he can vote.  He votes exactly like Nancy Pelosi.",[],0,206,0.0,"Colin Allred voted 100% with Nancy Pelosi during his first four years in Congress.

He voted 100% with Joe Biden and Kamala Harris during their first two years in office.

Colin Allred is Kamala Harris.",[],0,35,0.0,0.98022044,0.0021194578,0.013317031,0.08927164,elite,0.01655859,0.002131939,0.001834886,0.0052839494,none,1,206,24.34,80.09,6.36,26.59,9.81,11.17,88.35,72.33,53.4,18.93,13.11,3.88,0.97,1.46,4.85,1.46,5.83,15.05,4.37,4.37,8.74,7.28,5.34,6.31,0.97,19.42,7.77,6.8,4.37,1.94,0.49,1.94,24.76,0.97,15.05,3.4,2.91,3.4,2.91,0.49,3.4,0,1.46,0.97,0.49,0,0,0,0,0,0,0,19.42,6.8,1.94,0,0,0,4.85,13.11,0,0,0,4.85,8.74,8.25,0,0.49,1.94,0,0.49,1.46,0,0,0,0,0,0,0,0,0,0,0,0,0,0.97,0,0,0,0,0.49,1.46,3.88,6.31,1.46,0.97,3.4,1.46,0,0,2.91,5.83,6.31,0,0.49,0,0.49,0,0,20.87,9.22,5.83,1.94,0,2.43,1.46,0
2024/10/16,Dave McCormick,DBKnOq4tudf,Republican,Pennsylvania,one hundred and sixteen thousand people died last year from fentanyl on your watch.  Right. On your watch. That's two Vietnams. Eight years of war in Vietnam. Fifty eight thousand.  So the failure in those weakness that the fact that you and Biden and Harris aren't standing up and taking accountability is is a true disgrace.  And the fact that you're finally taking action doesn't make the failure of action in the past any more palatable.  Worth the bill.,[],0,79,0.0,"116,000 Americans died from fentanyl under Bob Casey’s watch. 

That’s two Vietnams.

The fact that Biden-Harris-Casey aren’t standing up and taking accountability is a true disgrace.",[],0,26,0.0,0.9896263,0.009594986,0.0076802345,0.019737534,elite,0.9908874,0.008389247,0.009179649,0.039457705,elite,1,79,65.25,81.39,38.11,1,8.78,18.99,89.87,72.15,59.49,11.39,5.06,0,0,5.06,0,0,6.33,31.65,8.86,11.39,11.39,7.59,2.53,7.59,2.53,15.19,3.8,15.19,6.33,0,2.53,3.8,18.99,0,5.06,0,1.27,0,1.27,0,1.27,0,3.8,0,3.8,0,0,0,0,0,0,0,8.86,1.27,0,0,0,1.27,0,6.33,0,0,0,0,0,0,0,0,1.27,0,0,0,1.27,0,2.53,1.27,1.27,0,0,1.27,0,0,1.27,0,0,2.53,0,0,0,0,0,0,6.33,11.39,2.53,2.53,6.33,2.53,0,0,6.33,2.53,7.59,0,0,0,0,0,0,16.46,11.39,0,0,0,5.06,0,0
2024/10/16,Ted Cruz,DBKnhT6AucN,Republican,Texas,"60 seconds to respond to that charge there.  Did you vote for it?  Well, let's actually get into it.  You voted against it.  So Congressman Allred is right that there was a bill that was on the floor of the Senate,  and I oppose that bill.  Why?  Because I said at the time that Joe Biden and Kamala Harris are going to flow money  to Gaza and give it to Hamas, but they're going to freeze weapons to Israel.  That's exactly what they did.  And after that, the House of Representatives took up a bill to provide emergency weapons to Israel,  and Congressman Allred voted no.  Understand, every single time, Congressman Allred, right now in this debate,  he is echoing the calls of the enemies of Israel saying cease fire now.  He claims there is nothing else to be done militarily.  I'll tell you, when Israel detonated the pagers against Hezbollah,  it was one of the most targeted and effective military actions we have ever seen.  Congressman Allred is proud to be supported by J Street,  the radical left organization that undermines Israel at every level.  And I've got to say, listen, that's dangerous.  Right now, Kamala Harris and Colin Allred both want the votes of the anti-Semites on college campuses.  I don't want their vote.  And if they threaten Jewish students, they should be arrested.  They should be prosecuted.  They should be expelled.  And if they're from another country, they should be deported.  Senator, that's your time.  But let's...  But let's...",[],0,252,0.0,"Colin Allred voted no on sending emergency weapons to Israel.

He is echoing the calls of the enemies of Israel and is pushing for a ceasefire now.

Colin Allred wants the votes of antisemites on college campuses.",[],0,37,0.0,0.99372077,0.03978974,0.0382654,0.97659653,elite,0.99133193,0.008420682,0.069951564,0.8433304,elite,1,252,22.36,67.92,14.55,12.02,10.96,17.46,86.11,65.87,57.54,16.67,9.52,1.98,1.59,1.59,0.79,3.57,7.14,13.49,5.16,1.19,11.9,13.1,5.16,7.54,1.19,20.63,2.78,2.78,9.13,1.59,0.79,6.75,25,1.98,8.33,0.4,1.19,2.38,0.79,0.79,3.57,0,3.97,1.59,2.38,0.4,0.4,0,0,0,0,0,14.29,5.95,0.4,0,1.59,0,2.78,8.33,0,0,0,0.79,7.94,7.14,0.4,0.4,3.97,0,0,3.17,0.4,0.4,0.4,0.4,0,0.4,0,0,0,0,0,0.4,0.79,1.19,0,0,0,0,0.79,0,5.95,6.35,0.4,0.79,4.37,0.4,0.79,0,4.37,4.76,7.54,1.98,0,0,0,0,0,22.62,9.92,7.14,0.79,0,4.37,0.4,0
2024/10/16,Ted Cruz,DBKn85kAe8D,Republican,Texas,"But let me say, when you talk about bipartisanship and record, let's compare our actual records.  Congressman Allred mentioned the U.S. Chamber of Commerce, where the U.S. Chamber of Commerce has endorsed me in this race  because I've been the leading champion of jobs here in Texas for 12 years.  In six years in the House, Congressman Allred has authored and passed three pieces of legislation, three.  When it comes to housing, nothing is driving up housing costs as powerfully as the 11.5 million illegal immigrants that Congressman Allred and Kamala Harris have let in with their open borders and they want to keep letting in.  In my time in the Senate, I have authored and passed 101 different pieces of legislation,  two different bills to create new interstates, I-14 from West Texas to East Texas,  all the way to the Atlantic Ocean.  That was Raphael Warnock and me, a liberal Democrat, Cruz Warnock.  We passed it.  That's going to produce thousands of new jobs.  I-27, a new interstate that's going to run from Laredo through West Texas,  through the Panhandle, all the way up to Montana.  That was Cruz Lujan, Ben Ray Lujan, a Democrat from New Mexico.  That passed.  That's going to create thousands of jobs.  I authored the legislation to expedite the permitting on four brand-new bridges in South Texas  that is going to create thousands and thousands of jobs for South Texas farmers and ranchers.  The Texas Association of Business refers to my legislation expediting those bridges  as the single most important legislation for Texas-Mexico trade  since the U.S.-Mexico-Canada trade agreement.  Congressman.  Congressman Allred has no record to point to.  Senator, thank you.  To be clear, Congressman.",[],0,281,0.0,"Colin Allred mentioned the U.S. Chamber of Commerce.

They endorsed me. Not him.",[],0,13,0.0,0.98933345,0.4091494,0.12725745,0.98887,elite,0.018269302,0.001511589,0.0047711497,0.002911835,none,1,282,90.46,40.06,49.75,59.13,15.67,25.18,81.56,60.64,48.23,9.57,5.32,2.84,1.06,0.71,0,0.71,4.26,16.67,6.38,5.67,17.73,5.67,1.77,5.67,0.71,13.12,5.67,6.74,6.74,1.42,1.77,4.26,13.48,1.42,3.19,0,1.06,0.35,0,0,1.42,0,3.9,3.19,0.71,0,0,0,0,0,0,0,5.67,2.48,0.71,0.35,0,0,1.42,3.19,0,0,0,0,7.45,7.45,0.71,0,7.8,0,1.06,6.03,2.48,0,0,0,0,0,0,0,0,0,0,0,0.35,0,0,0,0,0,0,1.06,3.55,10.28,0,2.48,8.16,0,0,0,3.55,2.84,3.9,2.84,0,0,0,0,0,19.5,8.87,6.74,0,0,1.77,2.13,0
2024/10/16,Ted Cruz,DBKocMhgSun,Republican,Texas,"grant immediate voting rights to every illegal alien in America,  that would turn Texas blue and every statewide elected official in Texas  would be defeated in the next election,  and number four, pack the U.S. Supreme Court,  that would jeopardize our fundamental rights.  I've spent 12 years fighting every single day to defend jobs and freedom and security.  Congressman Allred wants to destroy what we've got in Texas  because he shares Nancy Pelosi and Kamala Harris' value.  I will fight to keep Texas, Texas.  The stakes in this election are the highest of my lifetime.  We will see the Democrats, number one, strike down every voter integrity law in the country.  Number two, add D.C. and Puerto Rico as states to give them four new Democrat senators.  Number three.  Tonight you have 60 seconds.  Congressman Allred and Kamala Harris are both running on the same radical agenda.  Congressman Allred has pledged to be the 50th vote for Chuck Schumer to end the filibuster,  to end the requirement of 60 votes to pass major legislation.  That means if Congressman Allred is elected,",[],0,181,0.0,"Colin Allred and Kamala Harris are both running on the same radical agenda.

He pledged to eliminate the filibuster if he is elected. This means that Democrats will be able to:

?Strike down voter integrity laws in every state across the country

?Grant voting rights to illegal aliens in every state in America

?Pack the Supreme Court

? Add D.C. and Puerto Rico as states, giving Democrats four more votes in the Senate

His radical agenda will destroy Texas.

In November, vote Republican down the ballot to  Keep Texas, Texas.",[],0,90,0.0,0.983469,0.5481419,0.069075644,0.9907712,right,0.989021,0.19918661,0.052188735,0.9917435,right,1,182,83.25,65.94,15.98,9.61,14,20.88,82.97,58.24,42.31,7.69,4.95,1.65,1.65,0.55,0.55,0.55,2.75,14.84,5.49,5.49,11.54,7.69,0,5.49,0,14.84,6.04,9.89,12.64,2.2,0,10.44,18.13,2.2,4.4,0.55,0.55,2.2,0.55,0,1.1,0,4.4,1.65,2.75,0,0,0,0,0,0,0,8.24,2.75,0,0,1.1,0,0,4.95,0,0,0,0.55,12.64,12.64,1.1,0,3.3,0,0,2.75,0.55,0,0,0,0,0,0,0,0,0,0,0.55,0.55,0.55,0,0,0,0,0.55,0,4.95,7.69,0,1.65,4.95,1.1,0,0,5.49,2.2,3.85,1.65,0,0,0,0,0,15.38,8.24,5.49,0,0,1.65,0,0
2024/10/16,Dave McCormick,DBKp9pONMPk,Republican,Pennsylvania,"I was proud to serve him as commander in chief.  I retired from the Army as a captain after a combat tour in Iraq.  But I've never stopped serving my country.  I'm a seventh generation Pennsylvanian, born and bred.  I'm a businessman.  I'm a political outsider.  That couldn't be more different than Senator Casey was born with a political spoon in his mouth.  He doesn't know how to create jobs.  He doesn't understand the devastating effect of prices on families.  He is a status quo candidate.  He is a weak 30-year incumbent.  Bob Casey didn't change Washington.  Washington changed Bob Casey.  He's for amnesty, open borders, and sanctuary cities.  He's voted for every spending bill that's created this enormous uptick in inflation.  He wants to raise taxes on Pennsylvanians and lower taxes for rich people in California and New York.  He has actually supported males competing in women's sports.  Face it, Bob, you are a liberal.  Bob Casey, he's been given the opportunity,  and he has.  He's failed us.  We need leadership that's going to shake things up,  that support and fight for common sense policies,  reduce inflation, secure our border, keep America safe.  We need leadership that is going to change the direction of our commonwealth and get it back on track.  I'm honored to be here tonight, and I humbly ask for your vote.",[],0,226,0.0,"I retired from the Army as a captain after a combat tour in Iraq, but I’ve never stopped serving my country.

I’m a seventh-generation Pennsylvanian, political outsider, & PA job creator.

Bob Casey is a weak, liberal, 30-year career politician who has failed our commonwealth.",['politici*'],1,45,0.022222222,0.9849776,0.7021965,0.11179674,0.9911758,right,0.98787785,0.53083587,0.027041037,0.9403023,right,1,226,39.96,86.03,18.96,68.97,9.83,21.24,85.4,61.95,48.67,16.81,12.83,3.98,2.21,0.88,5.75,0,3.98,11.95,5.75,0.88,12.39,11.5,1.77,5.75,2.21,20.35,6.19,2.21,11.95,2.65,3.1,6.64,23.45,0.88,7.96,2.21,2.21,1.77,0,0.44,2.21,0,5.75,4.42,1.33,0.44,0.44,0,0,0,0,0,17.26,2.21,0.88,0,0.44,0.44,0.44,14.16,0.44,0,0.44,6.19,5.75,5.75,0,0,4.87,0.44,0,2.21,2.65,0,1.77,0.88,0,0.44,0,0,0,0,0,0.88,0.44,0.44,0,0,0,0.44,0.88,0.88,5.75,7.96,0,0.44,7.08,0,0,0.44,4.87,5.31,8.41,2.21,0,0,0,0,0,23.01,10.18,5.31,0,0,7.08,0.44,0
2024/10/16,Sherrod Brown,DBK0AgBt0eq,Democratic,Ohio,"Just in the last week, I was endorsed by the firefighters event in Cleveland.  I was with 20 Teamsters and I was in Youngstown at the Lordstown plant with probably 50 auto workers talking about how we need to stand up for them.  We saved the pension of 100,000 union workers.  I think too often people think they look at left or right in politics.  To me, politics is a left or right.  It's whose side you go on.  I knew when I got in this race that they would spend tens of millions of dollars because when you stand up for workers and you stand up to special interests, you stand up to Wall Street, you stand up to the companies that outsource jobs, you stand up to the drug companies, they come after you.  There are a lot more of us than there are of them.  And that's why in the end, when you stand up for workers and you stand up to these interest groups, you win a state like Ohio.  I was at the pipe fitter's hall the other day with the painters.  Their endorsement means a lot to me and I get it.  But what really means more is when a painter or a bricklayer turns to another painter or bricklayer in the construction site and tells her, you know, I'm voting for Sherrod Brown because he's the most pro-labor guy.  He fights for workers.  That's how you win elections.  That's why I will win as close as this race is and as much money as they're throwing against me.  I'll win because I stand up for these workers and people know I'm on their side.",[],0,281,0.0,Ohio workers know I’m on their side — that’s why we’re going to win in November.,[],0,16,0.0,0.7788151,0.9717462,0.9671688,0.018469231,centr,0.0068937563,0.9943547,0.2370166,0.039090175,centr,1,281,50.58,90.35,96.98,53.3,17.56,14.95,92.53,72.24,63.35,19.93,15.3,5.69,1.07,4.27,1.07,2.85,4.63,13.88,6.41,1.42,19.22,7.12,5.69,9.25,0,13.52,3.2,3.91,6.76,1.78,1.42,3.56,20.28,0,9.96,3.2,2.49,0.71,2.14,0.36,3.2,0,2.85,2.49,0.36,0,0,0,0,0,0,0,15.66,2.14,1.07,0,0.36,0,0.71,13.88,0,0,0.36,1.07,1.42,1.42,0,0,5.34,0,0,4.27,1.42,0,0.36,0.36,0,0,0,0,0,0,0,0.36,0,0.71,0,0,0,1.42,0.36,0.36,6.05,14.59,0.71,1.07,13.17,0.71,0,0,3.91,1.78,6.05,0.71,0,0,0,0,0,13.52,5.69,3.91,0,0,3.56,0.36,0
2024/10/16,Elissa Slotkin,DBK0uZHA15v,Democratic,Michigan,"And just to be clear, he said shenanigans in, quote, Southeast Michigan, which is Detroit.  Right. We know what that means when he's saying that, you know, look, we have a strong secretary of state.  We believe in our democratic process.  The vast majority of Michiganders just want free and fair elections and they want them to be certified and they want to not be involved in all the drama that we were involved in in 2020.  Most people understand Joe Biden won that election.  And I think I don't fear that we're going to have a problem with our elections because we have responsible clerks and responsible secretary of state who's going to make sure it's implemented well.",[],0,119,0.0,"Michiganders just want a free and fair election, and I'm confident that our hardworking clerks, poll workers, and election officials will do their jobs responsibly, as they have in every election. @MikeRogersforMI used to talk about democracy, but just a couple weeks ago said he was worried about ""shenanigans"" in Southeast Michigan.",[],0,52,0.0,0.079665534,0.94956154,0.0059013874,0.0148004955,centr,0.06394171,0.9554208,0.00545316,0.013950311,centr,1,119,18.12,98.36,9.59,72.85,17,19.33,89.08,75.63,55.46,21.01,14.29,1.68,6.72,0.84,1.68,2.52,6.72,10.92,3.36,0.84,11.76,10.92,3.36,6.72,1.68,24.37,8.4,3.36,11.76,6.72,1.68,3.36,21.85,0.84,12.61,5.04,2.52,2.52,0,0,1.68,0,5.04,4.2,0.84,0.84,0,0.84,0.84,0,0,0,15.13,1.68,0,0,0,0,1.68,13.45,0,0,0,1.68,8.4,8.4,0,0,7.56,0,0,7.56,0,0,0,0,0,0,0,0,0,0,0,0,2.52,0,0,0,0,0.84,0,0,7.56,8.4,2.52,0,5.88,0.84,0,0,0.84,2.52,5.88,5.04,0,0,0,0,0,15.97,5.88,5.88,0,0,4.2,0,0
2024/10/16,Colin Allred,DBLzLkIpror,Democratic,Texas,"Cruz thank you for joining I'm Colin Allred I'm a fourth generation Texan I'm  a husband and a father I was raised here in Dallas by a single mom who's a public  school teacher and I've been shaped by every part of this state my grandfather  was a customs officer in Brownsville that's where my mom and dad were born  The Rays were where I spent a lot of my childhood.  I was captain of the Baylor football team.  The truth is, we don't have to be embarrassed by our son.  We can get a new one.  That's what this election is all about.  That's what I'm asking Texas to give me a chance to do.  in Waco, trained for the NFL draft in Houston. I've served my hometown in Dallas in Congress  the last six years. In that time, I've been the most bipartisan Texan in Congress. I'm the exact  opposite of Senator Cruz, who's the most extreme senator in the United States Senate, maybe the  most extreme in the last 30 years. That's not enough. He's also only focused on himself.  That's how you can go to Cancun when millions of Texans need you and hundreds are dying.",['truth*'],1,200,0.005,"We don’t have to be embarrassed by our Senator, we can get a new one. And on November 5th, we will.",[],0,21,0.0,0.90317374,0.33442524,0.03330434,0.03002611,elite,0.013542572,0.009570382,0.0015355656,0.0018406318,none,1,200,42.65,66.51,59.9,20.23,15.38,14,90,70.5,60,18,13,8,1.5,1.5,1,0,5,22,10,3.5,13,15.5,4.5,3,1,20.5,7.5,8,9.5,5.5,0,4,24,1,4,0.5,0.5,1.5,1,0,1,0,3,1.5,1.5,0.5,0,0.5,0,0,0,0,14.5,3.5,1.5,0.5,0,0,1,11.5,4.5,0,1,3.5,4.5,4.5,0,0,4.5,1,0.5,2.5,0.5,0,0.5,0,0,0,0,0,0,0,0.5,0.5,0,0.5,2,0,0,0,0,0,4,8,0.5,1,7,0,0,0,4.5,6.5,10.5,0,0,0,0,0,0,17.5,6.5,2.5,0,0,8.5,0,0
2024/10/16,Elissa Slotkin,DBL3RegAjNj,Democratic,Michigan,"Stock trading by members of Congress?  No-brainer.  Ban it.  because I'll never put corporate interests ahead of what's right.  I approve this message.  Never taken it, never will.  I'm Alyssa Slotkin.  I've spent my career serving our country in the CIA and the Pentagon.  So when I got to Congress, I was shocked by the influence of money.  So I got to work.  Corporate PAC money?",[],0,66,0.0,"I've spent my career in public service, so when I got to Congress, I was shocked by how deep the influence of money really went. So I got to work. 

Watch our latest ad:",[],0,34,0.0,0.89062256,0.18989132,0.9626341,0.0038207397,left,0.09038267,0.004726947,0.1180923,0.0013817252,none,1,66,12.37,1.92,86.68,42.71,6,25.76,86.36,68.18,53.03,19.7,13.64,12.12,1.52,0,0,0,6.06,9.09,4.55,0,13.64,9.09,9.09,7.58,4.55,19.7,4.55,0,10.61,3.03,1.52,6.06,22.73,4.55,3.03,0,3.03,0,0,0,0,0,3.03,1.52,0,1.52,0,0,0,0,0,0,7.58,3.03,0,0,0,0,1.52,3.03,0,0,0,0,3.03,3.03,0,0,15.15,0,0,10.61,6.06,0,0,0,0,0,0,0,0,0,0,0,0,4.55,0,0,0,0,0,1.52,7.58,6.06,1.52,1.52,3.03,0,0,0,7.58,6.06,3.03,4.55,0,0,0,0,0,27.27,13.64,3.03,3.03,0,6.06,1.52,0
2024/10/16,Dave McCormick,DBMQZB7uDS_,Republican,Pennsylvania,"What's happening in the Middle East comes from weakness.  And we are being tested from our adversaries around the world.  President Biden should support Israel completely.  Israel is in the fight for its life.  It's being attacked by Hezbollah.  It's being attacked by Hamas.  It's being attacked by Iran.  The original sin is the Iran deal where Senator Casey was the deciding vote in 2015.  It gave them $100 billion, which they have used to underwrite terrorist proxies.  That's the root cause of this problem.  And that's what needs to be addressed.  We need to strangle Iran and its ability to support these terrorists.",[],0,104,0.0,"I’m standing with Israel. Bob Casey is standing with antisemitic Summer Lee.

Pennsylvania deserves a Senator with moral clarity.",[],0,19,0.0,0.7537996,0.003455393,0.005301467,0.050778802,elite,0.97828305,0.5094677,0.08093197,0.24047862,elite,1,104,44.86,81.78,4.31,1,8.67,22.12,85.58,66.35,54.81,17.31,4.81,0,2.88,0,0,1.92,12.5,14.42,6.73,2.88,14.42,16.35,2.88,2.88,0,25.96,1.92,0.96,9.62,2.88,0.96,5.77,20.19,0,8.65,0.96,1.92,2.88,0,0.96,0.96,0,10.58,1.92,8.65,0,0,0,0,0,0,0,15.38,8.65,1.92,0,4.81,0.96,0,5.77,0,0,0,0,4.81,4.81,0,0,2.88,0,0,1.92,0,0.96,0,0,0,0,0,0,0,0,0,1.92,0,0,0,0,0,0,0,0,3.85,8.65,0,0.96,8.65,0,0,0,0,3.85,10.58,0,0,0,0,0,0,19.23,11.54,0.96,0,0,5.77,0.96,0
2024/10/16,Colin Allred,DBMXuP4s2yl,Democratic,Texas,"Well, thank you for having me on, Jose.  And, you know, listen, I think that lying Ted was back.  I don't know what else to say.  He has been trying to change his image now in an election year after 12 years of being one of the most extreme senators really in the history of the Senate.  But we're not letting him get away with that.  Because Texans know he is singularly responsible for the abortion ban that we're dealing with here in this state.  That he wants to cut Medicare and Social Security.  That he prevented us from securing the border.  That he hid from the mob that he summoned on January 6th while I was ready to defend my colleagues.  And I'm glad that I had a chance last night to make sure Texans saw that and folks across the country saw it.",[],0,145,0.0,Lyin’ Ted was back last night but he can't fool Texans. We see him for who he is and on November 5th we're going to hold him accountable.,[],0,28,0.0,0.9915159,0.08704033,0.026723003,0.043998796,elite,0.9835892,0.05168617,0.0069148447,0.04358876,elite,1,145,39.7,75.29,34.08,29.53,14.5,12.41,94.48,75.17,61.38,22.07,13.79,4.83,2.07,1.38,5.52,0,8.28,16.55,6.21,2.07,15.17,8.28,4.14,5.52,1.38,17.93,4.83,4.14,6.9,2.76,0.69,3.45,22.07,0,9.66,2.76,2.07,1.38,0.69,0.69,2.07,0,3.45,2.07,1.38,0.69,0.69,0,0,0,0,0,14.48,2.07,0.69,0.69,0,0,1.38,11.03,0.69,0,0,5.52,2.07,2.07,0,0,2.07,0,0,2.07,0,0,1.38,1.38,0,0,0,0,0.69,0,0,0,0.69,0.69,0,0,0,0,2.76,0,8.28,11.03,2.07,0,6.21,2.76,0.69,0,6.9,5.52,5.52,3.45,0,0,0,0,0,13.1,6.9,3.45,0,0,2.76,0,0
2024/10/16,Ruben Gallego,DBMhnWYykCA,Democratic,Arizona,"Hey, it's Ruben, Sydney, and Isla.  We just returned our ballots.  We have 20 days left to the election.  So if you have that ballot, please return it as soon as possible or make a plan to vote on Election Day.  20 days to victory.  Hope to see you there.",[],0,50,0.0,"We just voted. You should too! 

Vote early. Return your ballot. And let’s get it done.",[],0,16,0.0,0.0046204324,0.008752063,0.0031559812,0.0033112452,none,0.004432389,0.017601347,0.0026393535,0.003219049,none,1,50,28.63,98.38,85.71,81.12,8.33,12,94,68,52,16,10,0,6,4,0,0,6,8,4,4,14,6,8,12,0,12,2,6,14,6,4,6,22,0,12,2,2,2,8,0,4,0,4,4,0,2,2,0,0,0,0,0,14,4,2,2,0,0,2,10,0,0,0,0,10,10,0,0,0,0,0,0,0,0,0,0,0,0,0,0,0,0,0,0,2,0,0,0,0,0,0,0,14,10,0,4,8,2,0,0,8,2,2,6,2,2,0,0,0,22,12,8,0,0,2,0,0
2024/10/16,Sherrod Brown,DBMn-ViydZ3,Democratic,Ohio,"At the Ashtabula City Fire Department today, the Department of Homeland Security is wanting to close or at least scale back the Ashtabula Coast Guard.  And the Ashtabula Coast Guard is important for commercial reasons for the city, a lot of tourism, and that's a big part of it.  It's important for safety of boaters, and not just boaters out in the lake, but kayakers on the Ashtabula River.  And it's important for our national security because this is the northern border, and we have stations in Erie, just across the line, and Cleveland on the western end.  And Fairport Harbor, but too many miles between Fairport Harbor and Erie, Pennsylvania, and this is really important.",[],0,116,0.0,"Together with the Ashtabula community, I’m demanding the Administration restore Ashtabula’s Coast Guard Station to full capacity. Its closure and the downsizing of Fairport Harbor are unacceptable.",[],0,27,0.0,0.012538301,0.0042243227,0.002213555,0.0031311545,none,0.058912396,0.8469096,0.0146719385,0.0036601159,none,1,116,84,30.46,49.88,84.51,23.2,25.86,81.9,65.52,53.45,6.9,1.72,0,1.72,0,0,0,5.17,15.52,10.34,0,15.52,6.9,3.45,11.21,0.86,7.76,10.34,6.03,3.45,1.72,0,1.72,15.52,0,7.76,0.86,1.72,0.86,0.86,0.86,4.31,0,4.31,4.31,0,0,0,0,0,0,0,0,3.45,0,0,0,0,0,0,1.72,0,0,0,0,1.72,1.72,0,0,3.45,0.86,0,1.72,0.86,0,0,0,0,0,0,0,0,0,0,0,0.86,0,0,0,0,0,1.72,0,5.17,12.07,0,0,12.07,0,0,0,1.72,0,6.9,0,0,0,0,0,0,16.38,4.31,9.48,0,0,2.59,0,0
2024/10/16,Kari Lake,DBMpl_0BcaF,Republican,Arizona,"Well, he flopped, but I wasn't surprised by that.  I mean, he's been pushing just a complete false narrative fiction about himself in an extreme makeover with the $100 million in ads from him and his friends.  And this was the first chance Arizona got to see him.  Nobody in Arizona knows who he is except for the phony commercials he's putting out.  They don't realize he's the most far-left candidate running this cycle.  He's 100% behind Kamala and Joe Biden.  And his entire story, even his opening story about his childhood, not having a bed until he was 18, is a big, fat lie.  It's fiction.  And I felt the need, Chris, to do the job of the media and inform people because the media has dropped the ball.  I alluded to it in one of my exchanges with him.  You know, his father is a convicted Mexican drug trafficker.  And I don't blame Ruben for that.  But you would think that if you really want to stop that kind of thing from happening,  happening in our country, you would vote to secure the border.  I called him out for despite having that background, even though he just said,  my father dabbled in drug dealing.  I think being a drug trafficker is different than dabbling in drug dealing.  He has supported an open border.  He's empowered the cartels and has been a complete disaster.  And now this week, tomorrow or the next day, his sealed divorce records,  because he walked out on his first wife when she was nine months pregnant,  served her divorce papers a few days.  Before Christmas and ran off.  with the DC lobbyists. So I had to tell people this because the media has been ignoring it.  Can you imagine if that was my background? It would be splashed all over the news.",[],0,308,0.0,"Gallego has been pushing a false narrative about himself with help from his media friends & $100 million in ads.

Our debate was the first real chance that Arizonans got to see him off-script.

They didn't realize he was 100% behind Kamala & Biden. They didn't understand Ruben was the most far-left candidate running this cycle.

Now, they know.",[],0,59,0.0,0.9957236,0.014335298,0.0584179,0.8542608,elite,0.98623973,0.008443622,0.015518234,0.5780158,elite,1,308,29.4,78.1,16.09,16.53,13.39,18.83,88.31,71.75,60.39,19.48,14.29,3.57,0.32,1.62,8.12,0.32,5.19,17.53,7.79,2.6,12.34,11.04,3.9,7.79,1.62,18.83,3.9,4.55,1.62,1.62,0,0,25,0.65,11.69,2.92,0.97,1.95,1.95,0.32,3.9,0,1.95,0.65,0.97,0.32,0,0,0,0,0,0,18.51,4.22,0.32,0,0,0.65,2.27,13.96,1.95,0.32,0.97,8.12,0.97,0.65,0.32,0,1.62,0,0.32,0.97,0,0.32,2.27,2.27,0,0.32,0,0,0.32,0,0,0.97,0.32,0.32,0,0.65,0,0,0.32,0.32,5.19,9.09,0.65,2.27,5.52,0.32,0,0.32,4.55,5.52,6.49,0.32,0,0,0,0,0,17.21,7.14,5.84,0.32,0,2.92,0.97,0
2024/10/16,Eric Hovde,DBMrUoBMc2D,Republican,Wisconsin,"So let's go win this race. Let's go restore this wonderful country.  Because God, another four years of what we've been dealing with, I don't think we'll recognize it.  people on our side to get out and vote.  We need to bring.  that you go to church with or whatever activities you're engaged in.  Just talk to people.  So let's go restore America.  Thanks, everyone.  Have a great day.  The race is going fantastic.  You know, jump ball race.  One pole just came out with me up one point.  Also, if you got five, 10 bucks, send it my way.  We've got to get the message across.  But you're going to need everybody's help.  As I've always said, I'm the tip of the spear, but I can't do it without all of you.  Talk to your friends, your neighbors, your colleagues, people.  uh... how fast time has gone  Spread my content.  Hey, everyone, 20 days left.  I can't believe.  So please.",[],0,161,0.0,"It’s hard to believe there are just 20 days left until VICTORY. But, I need your help…

??Spread our message.
??Volunteer..
??Chip in a few bucks…
???Make your plan to VOTE!

We’ve got a country to SAVE! ????",[],0,38,0.0,0.008458935,0.588579,0.0037645497,0.003113102,centr,0.0033494907,0.49158627,0.0067465804,0.00449986,none,1,161,11.65,98.12,99,94.11,7,14.29,91.3,74.53,55.28,22.98,15.53,4.97,4.97,5.59,0,0,7.45,12.42,3.11,3.73,13.04,11.18,5.59,6.83,1.86,26.71,1.86,4.97,8.7,8.07,0.62,0,24.22,3.11,9.94,3.11,1.24,2.48,1.24,0,4.97,0,5.59,5.59,0,1.24,1.24,0,0,0,0,0,25.47,8.07,1.86,3.73,0,0,3.73,16.77,0,0.62,0,0,0.62,0.62,0,0,3.73,0,0.62,1.24,0.62,1.24,0,0,0,0,0,0,0,0,0,1.24,0,2.48,0,0,0,0.62,0,0,14.29,12.42,0,6.21,8.7,0,0,0,5.59,4.35,6.83,2.48,1.24,0.62,0,0.62,0,32.92,15.53,8.7,0,0,8.7,0,0
2024/10/17,Kari Lake,DBNIRLct3_J,Republican,Arizona,"ever see a step of foot in the U.S. Senate.  It's absolutely critical. If Ruben Gallego were to end up in the U.S. Senate, he would try to sabotage everything President Trump will be trying to do to get us back on track.  This is why President Trump is so eager for me to have a victory.  Our internal polling looks good, but we've got to get out the vote and make sure everybody votes because Ruben Gallego is going to be a disaster.  Even though he's trying to act like he's more moderate, we know from his record of 10 years he called the border wall dumb and stupid.  He called Trump supporters the worst people in the world, and he's wanted to give federal dollars to sanctuary cities.  He's completely America last, and we must not let him.",[],0,140,0.0,"Gallego has a visceral hatred of President Trump & his supporters.

Were he to be elected, Ruben would be the biggest obstacle to passing Trump's incredible Agenda.

That's why Trump has endorsed me from Day One & has never wavered in his support.

I will work with Trump to fix what Ruben has broken.",[],0,54,0.0,0.97936076,0.096627675,0.012023262,0.83301073,elite,0.91068095,0.029171776,0.004936741,0.04466173,elite,1,140,50.4,95.38,1.27,29.89,17.5,15,89.29,70,54.29,13.57,10.71,0.71,3.57,0,6.43,0,2.86,9.29,6.43,0.71,15,12.14,5,6.43,0.71,22.86,5,2.14,11.43,4.29,2.86,5,25,2.14,10.71,0.71,1.43,4.29,0.71,1.43,2.86,0,5,2.86,2.14,0.71,0.71,0,0,0,0,0,17.14,2.86,0,0,0,0.71,1.43,13.57,0,0,0,6.43,6.43,6.43,0,0,0.71,0,0,0,0.71,0,0.71,0,0,0,0,0,0,0,0,1.43,0.71,2.14,0,0,0,0.71,0,0,8.57,12.14,1.43,0.71,8.57,1.43,0,0,2.86,3.57,7.14,3.57,0.71,0,0.71,0,0,16.43,8.57,3.57,0,0,4.29,0,0
2024/10/17,Eric Hovde,DBNIlFEJwEK,Republican,Wisconsin,"I'm Eric Hovde, and I approve this message.  I'd be honored to have your vote.  You have a clear choice in this election. Senator Baldwin is a 38-year career politician.  I'm a businessman and job creator. She supports taxpayer benefits for illegal immigrants.  I'll close the border. Tammy wants to put guys in girls sports and in their bathrooms.  I'll protect our daughters. Senator Baldwin abuses the political system. I'll fight the corruption.","['corrupt*', 'politici*']",2,73,0.02739726,"Wisconsin, you have a clear choice in this election.

I’d be honored to have your vote.",[],0,16,0.0,0.98367786,0.77263206,0.1843423,0.9887474,right,0.004684247,0.06467344,0.0019939078,0.00292739,none,1,73,38.1,83.81,28.97,1,6.64,28.77,87.67,54.79,45.21,19.18,16.44,9.59,1.37,2.74,1.37,1.37,2.74,15.07,8.22,1.37,8.22,13.7,0,4.11,0,17.81,5.48,0,13.7,2.74,1.37,9.59,13.7,0,4.11,1.37,0,2.74,0,0,0,0,9.59,2.74,6.85,0,0,0,0,0,0,0,19.18,5.48,0,0,1.37,2.74,1.37,13.7,1.37,0,4.11,1.37,12.33,12.33,2.74,0,5.48,1.37,0,4.11,1.37,0,0,0,0,0,0,0,0,0,0,0,1.37,0,0,0,0,1.37,1.37,0,4.11,8.22,0,1.37,6.85,0,0,0,0,0,6.85,5.48,0,0,0,0,0,26.03,15.07,1.37,0,0,8.22,1.37,0
2024/10/17,Colin Allred,DBNK5Nbv3Oy,Democratic,Texas,"When he ran for president in 2016, he supported the Personhood Amendment.  You know what that means?  That would make something like IVF illegal, but also ban certain forms of birth control.  You did.  You've been seeing him lie to you for 12 years.  Let's have a senator who doesn't.  And I will always protect IVF, but it was at risk.  No one was thinking that we needed to protect IVF.  until he was singularly responsible for pursuing, by putting in place judges at the district court level,  the circuit court level, and the Supreme Court level, folks who would put at risk this miracle technology.  And you know what? It's not just that.  Because IVF didn't need protecting until he got his way of going after it.",[],0,128,0.0,"Today, in Texas, IVF is at risk because of Ted Cruz. It's time to boot him out of the Senate ??  votesaveamerica.com/senate
#VoteSaveAmerica #Texas #Election #Vote",[],0,26,0.0,0.97354263,0.0037081493,0.0094164675,0.013598189,elite,0.724269,0.02207909,0.011958112,0.012366126,elite,1,128,13.27,93.47,15.38,20.23,10.67,17.97,89.06,69.53,57.03,21.88,12.5,0.78,1.56,3.91,4.69,0,9.38,8.59,3.91,1.56,13.28,10.94,3.91,8.59,3.13,20.31,2.34,1.56,6.25,1.56,0,4.69,25.78,2.34,12.5,3.13,2.34,3.13,0.78,0,3.13,0,1.56,0.78,0.78,0,0,0,0,0,0,0,15.63,2.34,0.78,0,0,0.78,0,13.28,0.78,0,0,4.69,3.91,3.13,0,0.78,0.78,0,0,0.78,0,0,2.34,2.34,0,0.78,0,0,1.56,0,0,1.56,0,0.78,0,0,0,0,3.91,0,6.25,9.38,0,3.13,5.47,0.78,0,0,4.69,7.03,3.13,1.56,0,0,0,0,0,18.75,7.81,5.47,1.56,0,3.91,0,0
2024/10/17,Dave McCormick,DBNLiabN0Gc,Republican,Pennsylvania,"Senator Casey has lied throughout this about my record.  Go to bobcaseylies.com, caseylies.com.  But I just want to say, I'm not going to take any preaching.  from a guy who spent 30 years in public office and hadn't got much done.  went to ranger school, was the honor graduate, went to the 82nd Airborne Division,  went into Iraq in the first wave.  as a guy who went to West Point.  when they look like there would be tens of thousands of casualties,  I'm not going to take any preaching.",[],0,89,0.0,"I’m proud to have served our nation in combat. 

I won’t take any preaching from a dishonest career politician.","['politici*', 'dishonest*']",2,19,0.105263158,0.9182333,0.0039549805,0.0034210223,0.006720601,elite,0.898617,0.024794044,0.0044220695,0.007082498,elite,1,91,79.91,10.68,81.58,20.23,13,12.09,86.81,70.33,52.75,8.79,7.69,4.4,0,0,0,1.1,1.1,13.19,5.49,4.4,18.68,8.79,4.4,4.4,3.3,25.27,4.4,4.4,3.3,0,2.2,1.1,18.68,0,8.79,0,0,2.2,2.2,0,4.4,0,2.2,1.1,1.1,0,0,0,0,0,0,0,10.99,5.49,0,0,0,1.1,3.3,5.49,0,0,0,2.2,1.1,1.1,0,0,6.59,0,0,3.3,1.1,2.2,1.1,0,0,0,0,0,0,0,1.1,0,1.1,3.3,0,0,0,0,0,0,6.59,14.29,1.1,6.59,7.69,1.1,0,0,2.2,9.89,3.3,4.4,0,0,0,0,0,19.78,9.89,6.59,0,0,3.3,0,0
2024/10/17,Kari Lake,DBNWLv-sZtT,Republican,Arizona,"You've got to give these to the public.  They deserve to know.  And we think there's something really, really bad in those records,  which should be revealed this week, possibly in a couple of days.  Lake joins us once again, the GOP candidate for the United States Senate in Arizona. And I think  that something was kind of proven along these lines. Anyway, welcome back. How are you?  He spent almost a million dollars keeping him sealed.  The judge finally said no.  He's been spending almost a million dollars to try to keep his divorce records sealed after he left his wife when she was nine months pregnant, serving her divorce papers just days before Christmas.  I'm really great. It was great to have President Trump here on Sunday. Arizona loves President Trump, loves America First policies. And I knew it, too, Greg, when we had that debate last Wednesday, me and my opponent, when he started the debate with his story, his life story memorized because he couldn't remember it because it's fiction. A lot of the stuff he said was absolute fiction.  I mean, this guy's whole story, we're looking back at his memoir and we've actually got the official records now and we're finding out that half the stuff he's been saying for so long, like his dad left when he was 11. No, his parents got divorced when he was 18. His dad dabbled in drugs. Well, wow. Oops. Looks like his father was an actual convicted felon, Mexican drug trafficker.  I mean, the stories are so out of whack with him.  He's been lying to the people of Arizona.  Every little bit of his story is fabricated to try to win this election. And the people need to know about who he is.",[],0,298,0.0,"Ruben Gallego has been lying to the people of Arizona. 

Every little bit of his story is fabricated to try to win this election, and the people of Arizona deserve to know what kind of man he is before casting their ballot.

He's hiding something bad.",[],0,46,0.0,0.9632374,0.028560743,0.003163509,0.024948308,elite,0.9918196,0.08502462,0.008689428,0.018015323,elite,1,298,16.9,98.26,3.42,67.79,11.92,17.79,90.94,71.48,56.38,20.13,14.09,2.35,2.01,0.67,8.39,0.34,6.04,15.1,5.37,2.35,11.07,9.73,8.72,6.04,1.01,18.12,4.03,6.38,7.38,4.36,1.01,2.01,28.19,1.01,10.74,4.03,1.01,2.01,2.35,1.68,0.34,0.34,4.03,3.36,0.34,1.34,0.67,0.34,0,0,0,0,22.48,5.37,0,0.34,0,0.67,3.36,16.78,3.02,0,1.01,9.06,3.02,2.68,0.34,0,1.68,0,0,0,1.34,0.34,1.01,1.01,0,0,0,0,0.34,0,0,0.34,0,1.01,0,0,0,0.34,0,0,8.05,6.04,0,0.34,4.7,1.01,0.34,0,6.71,6.71,6.04,0,0.34,0,0,0,0.34,19.13,8.05,6.71,0.34,0,4.03,0,0
2024/10/17,Colin Allred,DBNZorwpqGl,Democratic,Texas,"I want to treat our young voters like we do every other voter and meet them where they are, talk about the issues that I know are important to them.  I'm always impressed at how policy-focused many of our young voters are.  They are very informed, and I think they want to hear plans for how you're going to lower the cost of higher education,  lower the cost of getting into a home, make sure that they can get ahead, that when the time comes that they can start a family.  These are things that are, I think, front of mind.",[],0,101,0.0,"From Lubbock to Laredo, Texans are ready to turn the page on Ted Cruz.",[],0,14,0.0,0.0029912116,0.951802,0.075635664,0.005563764,centr,0.0137583455,0.6690022,0.002491193,0.00586738,centr,1,101,24.31,91.75,91.66,80.65,25.25,5.94,95.05,84.16,62.38,22.77,15.84,4.95,2.97,0.99,0,6.93,6.93,16.83,5.94,0,12.87,10.89,7.92,2.97,0,24.75,8.91,3.96,6.93,3.96,2.97,0,26.73,1.98,12.87,6.93,1.98,3.96,0,0,0.99,0,3.96,3.96,0,0,0,0,0,0,0,0,16.83,3.96,0,0,0,0,1.98,12.87,0.99,0,0,0,0.99,0.99,0,0,3.96,0,0.99,0.99,1.98,0,0,0,0,0,0,0,0,0,0,0,1.98,0.99,0,0,0,0,0,0,6.93,12.87,1.98,0.99,9.9,0,0.99,0,5.94,0.99,10.89,4.95,0,0,0,0,0,13.86,3.96,6.93,0,0,1.98,0.99,0
2024/10/17,Sherrod Brown,DBOfGBVNL4t,Democratic,Ohio,"I always look at this through the eyes of Ohio workers.  I was just this week in Lordstown, a town that lost a lot of auto jobs.  We're fighting back.  We've worked together in a way that there are now several hundred jobs there with potential for growth.  So it's taking on those companies that outsource jobs, that push through bad trade agreements.  It's taking on the drug companies.  I don't see politics as left or right.  I see it as whose side you're on.  That's why they're spending literally hundreds of millions of dollars against me.  When you take on the drug companies, when you take on Wall Street, when you take on these companies that outsource jobs, they come after you.  And I knew they would.  We're going to win in spite of that.  They've got their billionaires.  I've got 12 million people in Ohio I fight for.  I'll continue to make that fight.",[],0,156,0.0,I’ll always take on companies that ship jobs overseas and fight back against trade deals that hurt Ohio workers.,[],0,19,0.0,0.93611896,0.83062416,0.98061323,0.015570376,left,0.7119488,0.9090512,0.83149123,0.048076123,left,1,156,23.06,84.23,74.77,4.87,10.4,16.67,96.15,71.79,59.62,24.36,14.74,5.77,1.92,3.21,0,3.21,9.62,16.03,3.85,3.85,17.31,9.62,7.05,5.77,0.64,21.15,1.28,5.77,5.77,3.21,0.64,1.92,18.59,0.64,4.49,0.64,1.28,0.64,1.28,0,1.28,0,5.77,1.92,3.85,1.28,0,1.28,0,0.64,0,0,14.1,3.21,1.28,0,1.92,0,0,10.9,0,0,0,0,0.64,0.64,0,0,10.26,0,0,8.97,1.92,0,1.92,1.28,0,0,0,0,0,0,0,0,0,4.49,0,0,0,0.64,0,0,7.69,11.54,0.64,1.28,8.33,2.56,0,0,5.13,3.85,6.41,2.56,0,0,0,0,0,20.51,9.62,3.21,0,0,7.69,0,0
2024/10/17,Sherrod Brown,DBOl6A1vQUg,Democratic,Ohio,"on the side of Ohioans and Bernie Marino looks out for himself and his rich friends. And that's  the contrast in this race. That's what will win this race when we make that contrast.  My job is to protect people when Wall Street or the drug companies or the oil companies or  the companies that outsource jobs, when they go after people in Ohio, it really is who's  on. And I really don't buy the left or right analysis. I get votes from people,  whether they're Republicans or independents or Democrats. I get votes for a lot from a lot of  people because I stand for them. And I also make the contrast with my opponent. Ohio, as you know,  Claire, passed with 57 percent of the vote abortion rights constitutional amendment last November.  My opponent is, quote, I'm 100 percent pro-life. No exceptions.  Bernie Marino thinks he knows better than the 57 percent.",[],0,154,0.0,"I have the support of Democrats, Republicans and Independents because I stand up for all Ohioans.",[],0,16,0.0,0.96369994,0.9077824,0.9800575,0.036081903,left,0.005281193,0.9892362,0.05789465,0.04735459,none,1,154,33.77,15.05,92.29,39.1,12.83,18.18,88.96,62.34,52.6,16.88,11.69,5.84,0.65,0.65,1.95,1.95,5.19,14.94,7.14,1.95,12.34,6.49,3.9,12.99,1.3,12.99,1.3,3.25,3.9,1.3,1.3,1.3,24.68,0.65,14.29,2.6,1.95,0,3.9,1.3,8.44,0,2.6,1.95,0.65,0,0,0,0,0,0,0,9.09,0,0,0,0,0,0,9.09,0,0.65,0,1.95,3.9,3.9,0,0,5.19,0,0,3.9,1.3,0,1.3,1.3,0,0,0,0,0.65,0,0,0,0,1.95,0,0,0,0.65,0.65,0,10.39,7.14,0,1.3,5.84,0.65,0,0,3.9,0.65,7.79,0.65,0,0,0,0,0,17.53,7.79,5.19,0,0,3.9,0.65,0
2024/10/17,Colin Allred,DBOsSJ-i1ot,Democratic,Texas,"And listening to that clip that you,  those clips you were just playing there,  I'm reminded of how much Ted Cruz was shouting last night.  I think it was because what we were saying  was coming through.  And listen, Texans are ready to turn the page,  and on November 5th, here in, I guess, 20 days,  we're gonna elect a new senator,  one who'll care about all 30 million of us.",[],0,71,0.0,"In less than 3 weeks, Texans will turn the page on Ted Cruz and elect new leadership to represent us in the Senate. Join our team to get it done.",[],0,30,0.0,0.0061614485,0.971322,0.0128066,0.014203458,centr,0.01640158,0.24103436,0.0017226886,0.0050794734,none,1,71,13.7,92.57,85.48,83.63,23.67,12.68,91.55,76.06,61.97,19.72,12.68,4.23,4.23,2.82,0,0,7.04,14.08,2.82,7.04,12.68,14.08,7.04,5.63,0,25.35,4.23,8.45,7.04,4.23,0,2.82,29.58,1.41,7.04,4.23,2.82,0,1.41,0,0,1.41,4.23,4.23,0,0,0,0,0,0,0,0,12.68,4.23,1.41,0,0,0,2.82,8.45,0,0,0,0,2.82,2.82,0,0,1.41,1.41,0,0,0,0,0,0,0,0,0,0,0,0,0,0,0,0,0,0,0,0,0,0,4.23,11.27,1.41,2.82,5.63,0,4.23,0,7.04,7.04,4.23,5.63,1.41,1.41,0,0,0,21.13,4.23,12.68,0,0,4.23,0,0
2024/10/17,Dave McCormick,DBOt14ROeRO,Republican,Pennsylvania,"Versus a guy who was born with a political spoon in his mouth, 30 years in elected office, been too weak to stand up to these crazy liberal policies of his party.  So it's change versus status quo.  they're seeing is a real contrast between a seventh generation of Pennsylvania, a guy  that was born and raised businessman, West Point grad combat vet.",[],0,63,0.0,"Our movement is about change versus the status quo.

Great to be on with @MorningsMaria!",[],0,15,0.0,0.9876863,0.16883393,0.02563918,0.9852734,elite,0.006686067,0.012577806,0.002990502,0.0022389572,none,1,63,87.19,75.96,67.59,6.51,21,15.87,93.65,63.49,49.21,11.11,6.35,0,0,0,3.17,1.59,4.76,15.87,7.94,3.17,17.46,9.52,3.17,3.17,0,14.29,9.52,3.17,11.11,1.59,1.59,7.94,23.81,0,7.94,0,1.59,0,0,1.59,4.76,0,6.35,1.59,3.17,1.59,0,0,0,0,0,0,12.7,1.59,0,0,0,0,0,11.11,0,0,0,6.35,6.35,6.35,0,0,7.94,1.59,0,6.35,1.59,0,3.17,1.59,0,0,0,0,0,0,0,0,0,0,0,0,0,0,0,0,4.76,12.7,0,1.59,9.52,1.59,0,0,7.94,7.94,4.76,0,0,0,0,0,0,14.29,4.76,6.35,0,0,3.17,0,0
2024/10/17,Mike Rogers,DBO-z-MvKB7,Republican,Michigan,"Our schools are failing because Congresswoman Slotkin's failing.  I'm Mike Rogers, and I approve this message.  I'm a dad.  I'll fight to protect our girls' sports for my daughter and every daughter.",[],0,32,0.0,"Only half our kids can read at grade level, and Elissa Slotkin is focused on forcing our daughters to play sports against biological males. 

I’m a dad, who will fight to improve our kids’ education and to protect girl’s sports. Slotkin is just too radical for Michigan.",[],0,47,0.0,0.27086446,0.7182871,0.011111916,0.0031929596,centr,0.96864086,0.74849224,0.11457085,0.91425943,centr,1,32,5.64,87.7,32.54,1.56,8,34.38,90.63,53.13,50,25,21.88,15.63,6.25,0,0,0,3.13,18.75,3.13,0,6.25,12.5,0,9.38,0,15.63,0,3.13,28.13,15.63,6.25,6.25,18.75,3.13,3.13,0,3.13,0,0,0,0,0,3.13,0,3.13,0,0,0,0,0,0,0,25,6.25,0,0,3.13,0,3.13,18.75,9.38,0,9.38,3.13,3.13,3.13,0,0,9.38,3.13,0,6.25,0,0,0,0,0,0,0,0,0,0,0,0,0,0,0,0,0,0,3.13,0,0,0,0,0,0,0,0,0,0,0,9.38,3.13,0,0,0,0,0,31.25,12.5,3.13,0,0,15.63,0,0
2024/10/17,Sherrod Brown,DBPOvndOK0N,Democratic,Ohio,"outspent in these playoffs, three to one by other teams, just like we are. Teams like the Yankees  pay their whiny players hand over fist, million dollar contracts. The Guardian players continue  to win with their grit, their determination, their resilience.  They might be outspent, but they'll never be outworked.  just like our campaign.",[],0,54,0.0,"We might be outspent, but we’ll never be outworked. Just like the @cleguardians.",[],0,13,0.0,0.12926571,0.99059075,0.2083056,0.048239216,centr,0.0074777883,0.023372855,0.0019066583,0.0026491573,none,1,54,55.25,98.75,10.18,77.5,10.8,25.93,81.48,62.96,59.26,16.67,14.81,0,3.7,0,0,11.11,1.85,22.22,3.7,5.56,16.67,9.26,5.56,1.85,1.85,9.26,3.7,7.41,14.81,7.41,3.7,3.7,12.96,1.85,5.56,0,0,0,1.85,0,3.7,0,3.7,3.7,0,0,0,0,0,0,0,0,20.37,5.56,3.7,0,0,0,0,18.52,0,0,0,0,1.85,1.85,0,0,5.56,0,0,1.85,3.7,0,1.85,0,0,0,0,0,0,0,0,0,0,0,0,0,0,1.85,0,0,5.56,3.7,0,0,3.7,0,0,0,3.7,0,1.85,3.7,0,0,0,0,0,22.22,9.26,11.11,0,0,1.85,0,0
2024/10/17,Dave McCormick,DBPYS0MuDtu,Republican,Pennsylvania,"Here's the America I know. As a platoon leader in the 82nd Airborne Division, in my platoon,  I had a young man from rural Alabama. I had an African-American man from Newark. I had a platoon  sergeant from Puerto Rico who was 35 and seemed ancient at the time. I never remember talking  about religion. I never remember talking about politics or party. We were just Americans in  search of protecting one another and protecting our great country. That's my spirit. That's how  I came into this. I'm a problem solver. I want to solve problems. I'm a conservative. If you go to  my website, more than any other candidate in the country, certainly more than Senator Casey,  you will see what I'm for, what I believe in. But as a CEO and as a leader, you've got to find ways  to compromise to get things done. I'm someone who will get things done. Senator Casey, in 18 years  in the Senate, 30 years in elected office, does not have a record he can run on, which is why he's  devoted himself to attacking me. So if you want to talk about civility, we've got to get through  get a new senator in Pennsylvania that can actually work across the aisle and get things  done. Senator Casey has not proven himself to be such a senator. Senator Casey.",[],0,228,0.0,"As a platoon leader in the 82nd Airborne Division, we had Americans from all corners of the country. 

We never talked about politics — we were just Americans working to protect our great country. 

That’s my spirit and what I’ll bring to the Senate.",[],0,44,0.0,0.022442289,0.5297514,0.0096516255,0.009053582,centr,0.0024967385,0.95999885,0.04021344,0.023435058,centr,1,228,40.49,37.53,82.39,39.38,12,20.18,91.67,71.49,58.33,18.42,13.16,7.46,1.32,1.75,1.75,0,5.26,13.16,7.46,2.19,15.79,11.4,5.26,6.14,1.75,21.05,3.07,2.63,9.21,1.75,0.88,6.58,26.32,0.88,13.16,3.95,0.88,1.75,2.63,1.32,4.39,0.88,2.19,1.75,0.44,0,0,0,0,0,0,0,14.04,3.07,0.44,0.44,0.44,0,1.32,10.09,0,0,0,2.63,5.7,4.82,0.44,0.44,3.07,0.44,0,2.19,0,0.44,0,0,0,0,0,0,0,0,0,0,0.88,3.07,1.32,0,0,0,1.32,0,7.46,8.33,0.44,1.32,6.14,0.44,0,0,3.51,6.58,6.58,0.88,0,0,0,0,0,18.42,8.33,5.26,0,0,4.39,0.44,0
2024/10/17,Colin Allred,DBPjRnyNUpf,Democratic,Texas,"Well, thanks, Nicole. Thanks for having me on. And listen, on January 6th, as I said at the debate,  my wife was seven months pregnant, and I thought I was going to have to hold a door  and defend my colleagues while they escaped. And thanks to the Capitol Police, that didn't happen.  And at the same time, Senator Cruz was hiding in a supply closet. And as you said,  I'm glad that he wasn't hurt. But the fact of the matter is that if you are responsible for lying  to folks about the election, going around the country and helping to summon that mob,  and then you are the responsible for the effort to overturn an American presidential election,  then you are not fit to be in a position of authority ever again. And this election is  accountability. And there are a lot of Texans who agree. And you know, my friend Liz Cheney  came here to Texas, and she's campaigned with me, and she's endorsed me. But you know, I think this  is something that she feels strongly about, but a lot of other Texans do too as well. A lot of,  you know, a lot of Texans do too. And I think that's something that she feels strongly about.  True constitutional conservatives who understand  there has to be something bigger than whether or not your side wins an election.",[],0,232,0.0,This election will be Ted Cruz’s accountability for January 6th.,[],0,10,0.0,0.9728496,0.054005124,0.0043318104,0.016214164,elite,0.014000605,0.0021626162,0.002116085,0.0036780706,none,1,232,29.38,45.17,73.33,79.69,16.57,13.79,95.26,73.28,60.34,17.24,12.07,5.17,0,3.45,2.16,0.43,5.17,14.66,7.76,0.86,14.22,9.48,5.6,11.64,1.72,18.53,4.31,3.45,9.05,1.72,0.86,6.47,23.28,0.43,13.79,3.88,0.86,0,2.16,1.29,5.6,0,5.6,4.74,0.86,0.86,0.43,0.43,0,0,0,0,15.52,4.74,2.16,1.29,0,0,2.59,9.91,1.29,0.43,2.16,0.43,4.31,3.88,0.43,0,2.59,0,0.43,2.16,0,0,0.86,0.43,0,0,0,0,0.43,0,0,0.86,0,0,0,0,0,0,0.86,0,3.45,7.76,0.43,1.29,4.31,0.43,0.43,1.29,3.45,3.45,5.6,3.45,0.43,0,0.43,0,0,16.81,6.03,8.19,0,0,2.59,0,0
2024/10/18,Elissa Slotkin,DBRHoBmPGRY,Democratic,Michigan,"You're here because you care about your country and you know it can be better.  We are better than the politics represent right now.  And we want it to be better.  Yesterday, we were in Flint and Clare and Everett and Cadillac and Traverse City.  We've been traveling in an RV, people.  It is campaign season.",[],0,56,0.0,"It’s campaign season, people! Here’s a glimpse at 48 hours on the campaign trail: Flint — Clare — Evart — Cadillac — Traverse City — Mt. Pleasant — Midland. 18 days to go!",[],0,33,0.0,0.022573378,0.9487931,0.010676998,0.009059531,centr,0.024040906,0.0024081888,0.0020542147,0.0043491554,none,1,56,2.35,99,35.49,98.65,9.33,17.86,89.29,75,60.71,19.64,14.29,0,7.14,7.14,0,0,5.36,5.36,3.57,0,8.93,16.07,5.36,14.29,0,25,5.36,0,16.07,7.14,5.36,3.57,26.79,0,10.71,1.79,1.79,3.57,0,0,1.79,0,7.14,7.14,0,0,0,0,0,0,0,0,23.21,3.57,1.79,0,0,0,0,16.07,0,0,0,0,3.57,3.57,0,0,0,0,0,0,0,0,0,0,0,0,0,0,0,0,0,0,1.79,0,0,0,0,0,0,0,16.07,10.71,0,1.79,8.93,0,0,0,5.36,7.14,8.93,0,0,0,0,0,0,17.86,10.71,3.57,0,0,3.57,0,0
2024/10/18,Ted Cruz,DBRans_JcEe,Republican,Texas,"Iran, if Iran's America's greatest enemy, why did you give them $100 billion?  Answer, I hate Donald Trump.  How are you different from Joe Biden?  What would you do differently than Joe Biden?  Her answer, I hate Donald Trump.  She has no answer to anything.  Kamala is a true believer. She believes this nonsense. And so I watched that debate and Kamala has one answer to every question. And her one answer is, I hate Donald Trump. So whatever the question, immigration, why do we have 11 and a half million people invading this country? Answer, I hate Donald Trump.  You know, I'm not. She is, number one, an ideologue. She is hard, hard left. Her voting  record was literally to the left of Bernie Sanders and Elizabeth Warren. Now, I served  with Bernie and Elizabeth. There ain't much room to their left.  She is very different from Joe Biden in one respect.  Biden is basically a puppet.",[],0,158,0.0,"Kamala Harris is a true believer. 

She is to the left of Elizabeth Warren and Bernie Sanders. 

When I watched her interview with Bret Baier, she couldn’t offer substantive answers to his questions. 

She could only answer that she hates Donald Trump.",[],0,42,0.0,0.988897,0.03426824,0.022011368,0.9807515,elite,0.84788644,0.003059041,0.001383244,0.15224577,elite,1,158,10.77,58.89,38.11,4.97,7.9,15.82,81.01,66.46,55.06,17.72,13.92,4.43,0.63,2.53,5.06,1.27,3.8,13.92,3.8,5.06,6.33,10.76,6.33,6.33,1.9,17.09,5.06,6.33,1.9,0.63,0,1.27,25.95,1.27,15.19,7.59,1.9,0.63,2.53,0,4.43,0,4.43,1.27,3.16,2.53,0,2.53,0,2.53,0,0,19.62,8.86,0.63,0,1.27,0.63,5.7,10.76,0,0,5.06,0,1.27,1.27,0,0,0.63,0,0.63,0,0,0,0,0,0,0,0,0,0,0,0,0,0,0,0,0,0,0,0,0,4.43,6.96,0.63,0,5.06,0.63,0,1.27,0.63,2.53,8.86,0,0,0,0,0,0,24.05,10.13,8.23,2.53,0,2.53,0.63,0
2024/10/18,Sherrod Brown,DBRg5EVs5lu,Democratic,Ohio,"What our mission today is not to move back, but our mission is to move forward.  And my commitment to you is to continue those kinds of efforts.  So let's work really hard.",[],0,33,0.0,I’m committed to moving our state forward for all Ohioans.,[],0,10,0.0,0.0034807636,0.041540943,0.0024259652,0.00178136,none,0.002523567,0.97174937,0.030756928,0.017517434,centr,1,33,6.68,86.82,98.58,,11,18.18,93.94,69.7,60.61,21.21,15.15,3.03,9.09,3.03,0,0,6.06,12.12,0,0,15.15,12.12,6.06,9.09,3.03,18.18,3.03,0,18.18,12.12,9.09,0,30.3,0,12.12,0,0,0,0,3.03,9.09,0,0,0,0,0,0,0,0,0,0,0,15.15,3.03,0,0,0,0,0,12.12,0,0,0,0,0,0,0,0,6.06,0,0,6.06,0,0,0,0,0,0,0,0,0,0,0,0,0,0,0,0,0,0,0,0,9.09,15.15,0,6.06,6.06,0,0,3.03,6.06,0,15.15,0,0,0,0,0,0,15.15,9.09,3.03,0,0,3.03,0,0
2024/10/18,Colin Allred,DBRltWQs_rp,Democratic,Texas,"Listen, I know what it's like to grow up and struggle.  I was raised by a single mom who's a public school teacher.  That's why I've always been so focused on lowering folks' costs,  whether that's capping the cost of insulin for folks on Medicare at $35 a month  or trying to lower the cost of child care or housing.  And what's Ted Cruz's plan?",[],0,65,0.0,"Growing up, my mom sometimes worked two jobs to make ends meet. I know what it’s like for families. 

When I'm in the Senate, I'll work to lower costs for Texans and put money back into your pocket.",[],0,38,0.0,0.008394243,0.94948965,0.9035911,0.00875433,centr,0.009183583,0.9585034,0.6806086,0.0124440845,centr,1,65,53.56,49.21,73.25,6.78,16.25,13.85,95.38,72.31,55.38,13.85,6.15,4.62,0,0,0,0,7.69,12.31,7.69,3.08,16.92,12.31,4.62,9.23,0,20,4.62,7.69,6.15,1.54,3.08,1.54,26.15,1.54,10.77,3.08,1.54,1.54,3.08,0,4.62,0,1.54,0,1.54,0,0,0,0,0,0,0,10.77,0,0,0,0,0,0,10.77,7.69,0,1.54,0,0,0,0,0,12.31,0,1.54,6.15,4.62,0,3.08,3.08,0,0,0,0,0,0,0,0,0,0,0,0,0,0,0,0,4.62,10.77,3.08,1.54,6.15,0,1.54,0,3.08,4.62,7.69,1.54,0,0,0,0,0,23.08,4.62,3.08,1.54,0,12.31,1.54,0
2024/10/18,Ted Cruz,DBRoj-exliV,Republican,Texas,"their policies are a disaster. And so what they do is they lie. Look, I'm seeing the same thing.  I had a debate this week with Colin Allred, the entire debate, just like Kamala Harris. He's  trying to pretend that he hasn't been a hard left liberal, that he hasn't supported open borders,  that he hasn't voted to defund the police, that he hasn't opposed oil and gas and energy.  And he's running over a hundred million dollars of ads lying to the people of Texas. I'll tell  you, Laura, I'm getting massively outspent. And so I want to encourage your viewers,  please come to TedCruz.org, TedCruz.org right now, because this race is a one or two point race,  and we are seeing a hundred million dollars come in. And the only way we're surviving  is millions of people are coming to TedCruz.org and giving 25 or 50 or a hundred bucks or even  more. And that lets us communicate the truth. It's what Donald Trump is doing,  pointing out that his policies work, securing the border, unleashing the economy, and their  policies are a disaster. So I'm grateful.  For the folks that go to TedCruz.org.",['truth*'],1,196,0.005102041,"In my debate with Colin Allred, he tried to pretend that he wasn’t a hard-left liberal who has supported shutting down reliable energy, letting boys play in girls’ sports, or open borders.

Go to tedcruz.org to help me combat Colin Allred’s lies.",[],0,42,0.0,0.99005145,0.052674282,0.0070153694,0.77125895,elite,0.990777,0.039363846,0.028229915,0.98219395,elite,1,200,19.3,60.87,13.33,34.28,15.38,18,85,69.5,57.5,18,11.5,3,2,1,3.5,2,6.5,19.5,8.5,5,8,12.5,3,9,2,21,3,6.5,4.5,2.5,1,1,18.5,1,6.5,0,0.5,1,2,0,4.5,0,2,1.5,0.5,0.5,0.5,0,0,0,0,0,15.5,5.5,1.5,0.5,0.5,0,3,10,0.5,0,0,3.5,1,1,0,0,4.5,0,0,2.5,2,0,0.5,0.5,0,0.5,0,0,0,0,0,0,0.5,0.5,0,0,0,0,0.5,0,5.5,9.5,1.5,2.5,5.5,2,0,0.5,1,1.5,10.5,0.5,0,0,0,0,0,22.5,8.5,8,0,0,6,0,0
2024/10/18,Kari Lake,DBRsNXbJqyH,Republican,Arizona,"State your name and the outlet that you're with if you would and then let me know what your question is  Let's start. Would we have any questions over here, sir? What's your name in the back?  to take some questions on that if anybody has questions and you know the the policy on this um  It eventually will collapse if we don't start having families.  And so I think it's really important to support families.  I think it's a national security issue and an economic security issue.  We've got to start having families so that we have future Americans.  We can't just keep importing.  that my opponent wants, and before he would give raises to our military,  he put out a letter demanding that we pay for sex change operations  for women in the military and their families.  That's wasteful tax dollars. We don't want that.  Kamala Harris has done the same thing, demanding that people who are in prison,  prisoners and illegal immigrants who are behind bars,  that we, the taxpayer, pay for these sex change operations.  They're so, for some reason, they're just so focused on that.  It's really crazy. I don't understand it.  But also, we're going to stop paying for people to come over illegally  and pay for their housing and their EBT cards with thousands of dollars.  That's going to save us hundreds of millions of dollars.  We're going to stop funding the trafficking of human beings coming in.  So that's going to save us.  By the time we stop this insanity at the border  with the people pouring across and the invasion,  we're going to save billions of dollars.  We're going to stop sending money to Ukraine  for awareness.  We're going to stop the war that's already lost.  We're going to bring the two sides to the negotiating table  and negotiate peace.  So we're not going to have to spend money and billions of dollars,  hundreds of billions that my opponent has supported,  even going so far as to wave the Ukrainian flag on the floor of Congress.  I find that to be so un-American.  It's really shocking.  So we're going to cut a lot of the absolute insane cost  that these Democrats, Kamala Harris, Joe Biden,  and Ruben Gallego have heaped onto our budget  and we're going to cut a lot of the absolute insane cost  that these Democrats, Kamala Harris, Joe Biden,  and Ruben Gallego have heaped onto our budget.  But we're also going to watch as we bring back manufacturing.  And that's going to bring back good, high-paying jobs  for moms and dads to be out there working.  And that's going to bring us more tax revenue.  So we have to invest in families, guys.  If we don't do it, we're done as a country.  Right now, the birth rate has dropped to 1.5 per woman.  It used to be, when I was a young adult, it was 2.5.  And when I was a kid, it was even higher than that.  We were watching our population.  populations. We've seen how that's not working in Europe and it's definitely  not working here with this invasion on our border.  Well, we're going to have to cut a lot of waste.  I mean, a couple of things.  When President Trump wins, we're going to watch this economy grow so quickly.  We're going to have to grow our way out of it, and we're going to have to cut our way.  There's so much wasteful spending out there.  I mean, I can think of, I'll just throw a few things out that are very wasteful.  One of the things that...",[],0,606,0.0,"We can't just keep importing populations. We've got to start having families so that we have future Americans. 

I think it's a national security issue and an economic security issue. 

Instead of focusing on the pet projects of the radical left like sex operations and funding endless wars, we must start reshoring manufacturing to create more jobs, and investing in the American family",[],0,63,0.0,0.99282974,0.21520892,0.04779265,0.96614486,elite,0.986579,0.34649953,0.0948216,0.99567324,elite,1,606,20.58,97.75,44.28,22.28,13.47,14.85,91.58,70.3,59.08,19.31,11.22,2.15,6.6,0.99,0.33,0.83,8.09,15.18,5.28,1.82,15.18,12.54,6.27,8.42,1.32,22.44,2.97,4.46,10.73,7.59,0.66,2.48,19.14,0,7.1,2.64,0.83,1.16,1.65,0.66,1.98,0,2.81,1.32,1.16,0.5,0.17,0,0,0,0,0,14.69,1.82,0.33,0.17,0,0,0.5,12.87,1.16,0,0.5,0.83,1.65,1.49,0.5,0,5.94,0.17,0.17,1.82,3.96,0,0.66,0.33,0,0.17,0.17,0,0.33,0,0,1.65,0.33,0.33,0,0,0,0,0.83,0,8.75,9.24,0.83,1.98,6.44,0.66,0,0,3.63,2.31,8.42,8.58,0.17,0,0,0.17,0,20.63,7.76,5.45,0.33,0,6.77,0.33,0
2024/10/18,Kari Lake,DBRsoIOBne6,Republican,Arizona,"I saw the story on that.  I haven't watched the entire video.  And you know that I'm a really big supporter of our law enforcement.  And they don't always get everything right.  That's true.  They're human beings.  And it's unfortunate when a mistake is made.  And I believe in due process for our officers.  But really, I want to focus on the crime that's on our streets.  We have an increase in assaults that's happening, an increase in rape, an increase in murder.  No, instead he started marching to defund the police,  marching next to people holding signs  that said the most horrible things  about our brave men and women in law enforcement.  He actually called the police racist  and he called them the bad guys.  I know the difference between a criminal and a cop, okay?  And Ruben Gallego doesn't.  Anybody who wants to defund the police  and take away qualified immunity,  which is that protection that our officers has,  has no business being in office.  And so we're gonna fully fund our police  he wants to defund them.  I wanna defend our police and fund them.  When our cities were burning in the summer of 2020, when in Minneapolis, literally, rioters burned down a police precinct,  they were tipping over cop cars, throwing things at police.  During all of that, you would think that my opponent would be adult enough to say, wait a minute, this is wrong.  This behavior is wrong.  an increase in crimes in our stores.  I've been in stores before when my kids were little  and watching shoplifting happening right in front of our eyes.  It's really scary to be in a situation like that.  And we don't want to have to have our stores have everything locked up anymore.  We want quality of life back.  We want to make sure that if someone's committing a crime on the street,  that there's law and order.  There are consequences from actions.  And so I want to make sure that our police are fully staffed  and that we are fully funding them.  My opponent pushed legislation to defund the police.  Let that sink in.",[],0,358,0.0,"I know the difference between a criminal and a cop, and Ruben Gallego doesn't

Ruben Gallego wants to Defund The Police.

I want to defend the police AND fund them.",[],0,30,0.0,0.951441,0.1482691,0.00854282,0.009433211,elite,0.9647445,0.026229382,0.0024371662,0.046710435,elite,1,358,28.57,94.49,19.63,2.82,11.93,16.2,91.62,71.79,58.1,19.83,12.29,3.35,5.03,0.56,1.12,1.96,7.54,17.32,6.7,0.28,13.13,10.06,5.31,6.98,1.68,18.16,4.47,3.07,11.17,5.31,0.28,5.59,22.63,1.4,10.06,1.12,0.56,3.07,1.4,1.96,1.96,0,3.07,0.28,2.79,0.56,0,0.56,0.28,0,0,0,17.88,3.63,0,0,0.84,1.4,1.4,13.69,1.12,0,0.28,1.68,0.84,0.28,0.28,0.28,3.63,0.56,0,1.12,2.23,0,1.68,0.28,0,0,0,0,0.28,0.56,0.28,0.56,2.23,1.12,0,1.12,0,0,0.56,0,4.47,10.34,1.96,0.84,6.98,1.12,0,0,3.35,4.19,6.15,2.79,0.84,0.56,0.28,0,0,17.32,8.1,4.75,0.28,0,4.19,0,0
2024/10/18,Kari Lake,DBRtGBMh4PX,Republican,Arizona,"And you and the media think it's no big deal.  You haven't even covered it.  that not one of you guys dug into that.  He was the first one to start talking about his divorce.  And when a reporter said,  I would like to fact-check what he said  and went to look for the divorce records,  which almost in every case are public,  And I had so many really strange messages from many of you yesterday that came into our campaign office.  from probably 2,500,  And she calls me, and I think she's going to be calling me about some cute little outfit she might have found.  I think that's a pretty big deal.  I'm not sure why I should apologize.  I didn't walk out on anybody.  I didn't leave my spouse.  It tells me a lot about the character of that man.  She had no idea it was coming.  And so that reporter started digging and said, I'd like to find out why these are sealed.  And a judge agreed because he's running for public office.  They should not be sealed.  Trying to get these records was a reporter  There's nothing here.  You said that.  This is a nothing burger.  What's the big deal?  What's the big deal?  If I had something that revealed such a massive character flaw like that, you guys would be all over it.  And she's crying.  A man walks out on his wife, serves her divorce papers, broadsides her.  She has no idea this is coming.  He found out they were sealed.  in a vulnerable state.  I don't know what the...  I think actually he probably should apologize  for his behavior.  And it's unfortunate that...  3,000 miles away.  It's really sad. It's despicable.  The media is so in bed with the Democrats right now.  It's really shocking.  I think there's a time for soul-searching, and the time is now, guys.  Hit her like a ton of bricks.  She had to go in and deliver that baby alone.  and says that her husband is leaving her.  She's just a few days away from giving birth,  serves her with divorce papers right before Christmas.  I'm sorry that you guys don't think that's a big deal.  I just imagine that happened to my daughter if she was pregnant  and we're days away from expecting our grandbaby.  you know nobody's really been covering this it's unfortunate i found out that the person",[],0,404,0.0,"I have nothing to apologize to Ruben Gallego for.

I'm not the one who walked out on my wife when she was just days before giving birth & then demanded she pay his Attorney fees.

The media is telling me his records were a nothing burger. I think they said a lot about Ruben's character.

Ruben blindsided his first wife. She had no idea the divorce was coming. He walked out the door & let her deliver that baby alone.

It says so much about our media that they will defend a man for acting like that.",[],0,97,0.0,0.97168046,0.007017309,0.0039133956,0.019222254,elite,0.96944773,0.0023308485,0.017160287,0.011251986,elite,1,404,7.15,72.76,19.42,23.35,9.62,13.61,92.57,78.22,63.86,23.76,14.11,5.2,0.74,1.98,5.69,0.5,9.65,17.08,5.94,0.99,11.14,13.12,6.68,5.94,3.47,23.02,5.45,5.2,3.22,1.73,0.25,1.24,28.71,1.49,13.12,3.47,0.74,2.23,3.71,1.73,1.73,0,2.48,1.24,0.99,1.73,0.99,0.5,0,0,0.5,0,17.33,3.71,0.74,0.5,0,0.5,2.23,13.37,2.48,0,4.21,3.71,0.5,0.5,0,0,2.97,0,0.25,2.48,0,0.25,0.5,0.25,0,0,0,0,0.25,0.25,0,0.5,0.5,0.5,0,0,0,0,0,0.74,6.93,8.17,0.5,2.48,5.45,0.74,0,0,2.97,6.68,8.42,0.99,0,0,0,0,0,21.53,10.64,3.47,0.5,0,6.44,0.5,0
2024/10/18,Kari Lake,DBRtYEFpJTz,Republican,Arizona,"and you're doing a disservice to the people of our state.  It saddens me because it used to be a decent outlet.  Now it's not even suitable to potty train a dog on.  And Ron, I really would hope that you would care more about your reputation.  And maybe it's time to go independent, Ron, and actually do some real journalism.  You guys really concentrate a lot on this, and then you write a story that I can't stop talking about it.  So I'll help you, Ron, so that you don't have to write that headline,  and I will ask if you have any questions about my policy to help put families first,  because my opponent, where is the...  Alright, I'll give Ron another one.  Anybody over here who hasn't asked a question?  Your op-ed reporter has an obsession with me that is unhealthy.  We want to make sure everything's run lawfully, Ron.  And, you know, you guys...  My opponent is really despicable,  and I don't ever see you guys talking about the fact that he's anti-police,  that he wants to defund the police, that he's for open borders.  I don't ever see you talking about the fact that he wants puberty blockers  and surgeries for minors.  It's just so lopsided.  And, Ron, your outlet is one of the most least respected outlets,  I think, in journalistic history.  You've written 20 hit pieces on me in a row,  20.",[],0,239,0.0,"The state of the Arizona media saddens me. 

My opponent is anti-police. He's for open borders, & he wants puberty blockers & surgeries for minors. 

Instead of reporting on any of that, I have places like AZCentral turning out 20 hit pieces on me in a row whenever I move a muscle.

I wish our vaunted fourth estate cared more about reporting the news than carrying Ruben Gallego's water.",[],0,69,0.0,0.9932619,0.06841812,0.007915289,0.14947867,elite,0.99197656,0.12027106,0.0787908,0.9881269,elite,1,239,6.64,82.79,23.98,25.64,14.06,16.32,88.28,75.31,62.76,23.01,15.06,5.86,0.84,6.28,1.67,0,7.95,17.15,5.86,2.09,10.04,10.88,8.79,7.11,2.51,20.92,4.6,4.18,3.35,2.09,0,1.26,24.69,1.26,12.13,2.51,1.26,2.93,2.93,2.09,2.51,0,3.77,2.09,1.67,0.84,0.42,0.42,0,0,0.42,0,18.83,7.11,1.67,0,0,0.84,4.18,11.72,0.42,0,0,2.93,0,0,0,0,1.26,0,0,1.26,0,0,1.26,0.84,0.42,0,0,0,0,0,0,0,1.67,0,0.84,0,0,0,0,0.84,5.44,6.69,1.67,1.26,3.35,0.84,0,0,3.35,2.09,8.79,3.35,0.42,0,0.42,0,0,24.69,8.37,8.79,0.42,0,6.28,0.84,0
2024/10/18,Kari Lake,DBRtf-BB-oF,Republican,Arizona,"I think we're done.  Thank you very...  Oh, I didn't give it to this lovely lady.  What's your name?  Well, I talked a little bit about it,  and we're going to start bringing down the cost of energy right away,  working on that.  Energy, we're talking about gasoline prices, bring that down.  And it takes energy to produce things, to produce foods.  It takes energy to transport food.  That's going to bring down the cost of a lot right away.  But what she wants to do will end up with Soviet-era...  Bread lines.  We will end up having food lines, and we will have empty store shelves.  The profit margin in the grocery business is actually very low.  And so it's astounding that that's her idea,  and I don't think there's anybody who supports that.  I mean, if you want to see what it looks like to live in a communist country,  it's going to look a lot like what we saw when we were kids  watching the lines of people waiting to get food.  It's a terrible idea for what she wants to do.  So we're going to work to bring prices down in a way that's more sound economics.  Anybody else have a question?  Okay, thank you everybody.  I appreciate your time today.  We're not going to do what Kamala Harris wants to do.",[],0,226,0.0,"How do we bring down the cost of food?

We can start by bringing down the cost of energy. It takes energy to produce things to produce foods. It takes energy to transport food.

Making America Energy Dominant Again will go a long way toward making it Affordable again.

These price controls that Gallego & Kamala support are Soviet. We'll end up with breadlines & empty shelves.

I'm running for Senate because I refuse to let my kids grow up in a communist country.",[],0,84,0.0,0.9464455,0.0045578964,0.007854008,0.033029575,elite,0.97297835,0.022868402,0.014004688,0.18306665,elite,1,226,30.05,92.13,53.37,39.57,10.76,11.06,94.69,76.55,59.29,22.12,10.62,2.65,3.98,2.21,1.33,0,11.5,11.5,5.31,0,16.37,12.39,4.87,4.42,1.33,26.11,3.54,4.87,4.87,3.98,0.88,0,22.12,0.44,8.41,3.1,0,1.77,1.77,0.44,2.21,0,3.1,2.21,0.88,0.88,0.44,0.44,0,0,0,0,16.37,5.31,1.33,1.33,0,0,2.21,11.06,0,0,1.77,0,0.44,0.44,0,0,5.31,0,0,2.65,3.54,0,3.1,0,0,0,0,0,0,2.65,0,0,1.77,1.33,0.44,0,0,0.44,0,0,10.62,13.27,0.88,1.77,8.85,2.21,0.44,0,3.1,2.21,10.62,7.08,0.88,0,0.44,0.44,0,23.45,10.18,5.31,0.88,0,6.64,0.44,0
2024/10/18,Sherrod Brown,DBRwGhDOrUd,Democratic,Ohio,"Bernie, use your connection.  Work on them.  Get them to change their mind, please.  Cleveland Browns.  Let's respect the great tradition of  Hey, Bernie Marino, I heard your biggest campaign donors are moving the Browns out of Cleveland.  Let's put politics aside.  I asked my opponent, Bernie Marino, to join me.  I grew up in Northeast Ohio.  I don't want the Browns to leave.  I know what it means to the city.  I know what it means to small business downtown.  I know what it means to fans.  I know what it means to workers.  So let's respect the workers.  Let's respect the city.  Jim Brown and Bobby Mitchell and Frank Ryan and Wooten and Hickerson and Shafrat  and Bernie Kosar, let's respect that tradition. For gosh sakes, stay in Cleveland.  Should be in Cleveland.",[],0,135,0.0,@Berniemorenoforohio should call on the Haslams to keep the @ClevelandBrowns where they belong — in Cleveland.,[],0,16,0.0,0.0945001,0.83081347,0.012813485,0.0075146304,centr,0.009403493,0.005704265,0.0026113032,0.0023703757,none,1,135,44.1,77.41,84.46,91.78,7.5,17.04,79.26,63.7,45.93,21.48,14.81,7.41,3.7,1.48,0,2.22,6.67,8.15,4.44,0,11.85,6.67,0.74,5.19,0.74,20.74,2.96,1.48,12.59,5.93,0.74,5.93,15.56,0,9.63,5.93,1.48,1.48,0,0,0,0,5.19,5.19,0,0,0,0,0,0,0,0,17.78,6.67,4.44,0.74,0,0,1.48,9.63,0,0,0,0,1.48,1.48,0,0,2.96,0,0,2.96,0.74,0,0,0,0,0,0,0,0,0,0,0,0.74,0.74,0,0,0,0,0,0,8.89,12.59,0,2.22,8.89,0.74,0.74,0,0.74,2.22,8.15,0,0.74,0.74,0,0,0,23.7,13.33,5.93,0,0,4.44,0,0
2024/10/18,Sherrod Brown,DBSBWKkv3RZ,Democratic,Ohio,"to lose him elected officials in Congress.  or claiming it was too expensive and we ought to reassess this.  And our answer was...  It's never too expensive to send them to war, only too expensive to take care of them when they come back.  Our job is to represent that.",[],0,50,0.0,"Over 40,000 Ohio veterans are getting the healthcare they deserve through the Sergeant First Class Heath Robinson PACT Act.

I’ll always fight for our veterans and their families — that is our duty.",[],0,33,0.0,0.0033962473,0.027535321,0.0025113702,0.002262331,none,0.0053932364,0.9772554,0.74868137,0.03817131,centr,1,50,5.22,98.38,13.33,4.56,10,18,98,84,64,22,14,0,6,0,2,6,8,8,0,0,16,10,12,8,2,22,10,0,16,6,2,8,22,2,8,2,0,2,2,0,2,0,6,2,4,0,0,0,0,0,0,0,20,6,2,0,0,0,2,14,0,0,0,2,4,4,0,0,10,0,0,4,6,0,0,0,0,0,0,0,0,0,0,0,0,2,0,0,0,0,2,0,6,6,0,2,6,0,0,0,4,4,4,0,0,0,0,0,0,18,14,2,0,0,2,0,0
2024/10/19,Eric Hovde,DBSXOtjpVA5,Republican,Wisconsin,"I entered into this race because I love my country.  I love America.  We've been blessed to live in this wonderful country.  But our country's gone in the wrong direction.  You can stay with Senator Baldwin, who's been in Washington for 26 years.  Do you think you're better off than you were four years ago or even 26 years ago?  I think it's time for a change.  I promise you I will work hard on your behalf and I'd be honored to have your vote.",[],0,85,0.0,"I entered into this race for one reason: I love my country.

Wisconsin, I would be honored to have your vote",[],0,21,0.0,0.007812879,0.5975331,0.004168561,0.004392522,centr,0.0023937274,0.34087375,0.002865924,0.004500573,none,1,85,10.73,87.81,99,95.42,10.63,16.47,94.12,76.47,60,24.71,21.18,9.41,2.35,8.24,0,0,3.53,10.59,2.35,3.53,14.12,15.29,3.53,5.88,0,22.35,5.88,4.71,8.24,2.35,3.53,2.35,28.24,0,11.76,2.35,2.35,2.35,1.18,1.18,3.53,0,8.24,7.06,1.18,3.53,3.53,0,0,0,0,0,22.35,8.24,0,0,0,2.35,0,11.76,0,0,0,0,2.35,2.35,0,0,2.35,0,0,1.18,0,1.18,1.18,0,0,0,0,0,0,0,0,0,0,0,0,0,0,0,0,0,16.47,14.12,0,2.35,10.59,0,0,1.18,8.24,9.41,4.71,1.18,0,0,0,0,0,17.65,8.24,1.18,1.18,0,7.06,0,0
2024/10/19,Mike Rogers,DBSgARKx4xH,Republican,Michigan,"We're going to stand up for police officers who have been treated.  Yeah, you bet.  And come November, we're going to have their back.  We're going to stand up for the men and women who are serving in our military today  and are ready for a commander-in-chief.  And we will have their back.  Let's work together to do this.  We are going to stand up for Detroiters who have been neglected by the Democratic Party year in and year out.  We are going to have their back.  We are going to have the backs of every mom who is struggling,  for every girl who turns around and sees a male in their locker room.  We are going to stand up for the people who work every day.  We're going to stand up for the auto industry.  We're going to say no to EV mandates and yes to prosperity.  We, in November, are going to say we have your back.  God bless you. Get to work. Let's get it done.",[],0,169,0.0,"Police officers who have been vilified, members of our military desperate for new leadership, parents struggling to make ends meet, auto workers suffering the results of EV mandates, female athletes who want a safe space to compete, and Michiganders all across the state who deserve honest representation in Washington, DC — President Trump and I will HAVE YOUR BACK! 18 days to go, let’s get this done! ????",[],0,68,0.0,0.06032669,0.995978,0.8619308,0.065498605,centr,0.018688671,0.99709773,0.7986831,0.12442753,centr,1,169,53.56,99,51.62,57.22,10.56,8.88,95.27,69.23,60.95,17.75,16.57,0,8.88,1.78,0,2.37,1.18,10.65,4.14,0,20.12,15.98,1.18,4.14,0.59,26.63,1.18,3.55,15.38,11.24,1.18,2.96,18.34,2.96,0.59,0,0,0,0.59,0,0,0,4.73,3.55,1.18,0,0,0,0,0,0,0,25.44,4.73,1.18,1.18,0,0,1.18,21.3,0.59,0,1.78,1.18,2.37,2.37,0,0,6.51,0.59,0.59,2.96,0.59,1.78,0,0,0,0,0,0,0,0,0,0,0,1.18,0,0,0,0,0,0,14.79,14.79,0.59,1.18,13.02,0.59,0,0,4.14,1.78,10.65,12.43,1.18,0,1.18,0,0,17.75,9.47,2.96,0,0,4.14,1.18,0
2024/10/19,Colin Allred,DBSr2ARocLh,Democratic,Texas,"Well, I think in part they are just now, I think, recognizing the objective reality of what we've known for months in Texas,  which is that this is an incredibly close race.  But we are building a broad coalition, one that includes, of course, Democrats, yes, but also independents and Republicans.  Every single day I talk to a Texan who's telling me that they've never voted for a Democrat before,  but they're getting involved with my campaign.  I was here campaigning with Liz Cheney not long ago in Dallas.  My friend Adam Kinzinger has been helping out.  We're building a broad coalition, and it's one that I think believes in our state and also in our democracy and our Constitution.  And it's one that's going to kick Ted Cruz out of office.",[],0,132,0.0,"We’re building a broad coalition of Democrats, Independents, and yes Republicans, that will beat Ted Cruz on November 5th. Join our team.",[],0,22,0.0,0.013345344,0.49487042,0.0028873878,0.0054400433,none,0.0048959297,0.041609656,0.0020315952,0.0031875384,none,1,132,12.37,49.07,98.58,30.55,18.86,17.42,87.12,75.76,61.36,21.21,13.64,6.06,4.55,0,0,2.27,7.58,16.67,4.55,3.03,12.88,11.36,6.82,8.33,1.52,20.45,3.79,6.82,9.09,7.58,0,1.52,31.06,2.27,12.12,4.55,0,0,0,2.27,5.3,0,2.27,1.52,0.76,0,0,0,0,0,0,0,13.64,5.3,2.27,0,0,0,1.52,9.85,0,0.76,0,0,7.58,7.58,0,0,0.76,0,0,0.76,0,0,0,0,0,0,0,0,0,0,0,0,0,0.76,0,0,0,0,0,0,7.58,9.85,0,0.76,9.09,0,0,0,4.55,5.3,10.61,1.52,0.76,0,0.76,0,0,19.7,5.3,8.33,0,0,6.06,0,0
2024/10/19,Colin Allred,DBTwGVPiQC3,Democratic,Texas,"But then on January 6th, we had a shared experience that I think solidified that.  Yeah, if you told me, you know, seven years ago when I first ran for Congress that I'd be campaigning for Senate with Liz Cheney, I would have thought that something had gone horribly wrong.  And I guess you could maybe say that that is what happened.  But we were friends in the Congress and before she left.  And we were friends before January 6th.  And we've remained pretty close since then.  And I think that, you know, what her support is about is, yes, our friendship, but also that she understands that we cannot have someone who is as much of a danger to our republic as Ted Cruz still in the United States Senate.  That there are certain things that if you do when you're in public office, when you're given the high honor and privilege of representing an entire state, that if you use that high honor and privilege to undermine the foundations of our democracy, that you cannot then come back into office.  Or if you do, then you are going to continue to be a threat, but also we'll get more of that.",[],0,203,0.0,"Texans deserve leaders who put country over party. Though @liz__cheney and I may not agree on everything, we do agree that Texans can't afford six more years of a Senator who is a threat to our democracy.",[],0,37,0.0,0.0775254,0.0032073352,0.0019096595,0.0022808374,none,0.579729,0.9668472,0.017660795,0.07949816,elite,1,203,1.81,96.58,81.96,20.23,22.56,13.3,96.06,81.28,67.98,25.12,15.27,3.45,4.43,5.42,1.48,0,9.85,16.26,3.94,1.97,10.84,12.32,5.91,14.78,0.99,21.18,6.4,3.94,11.82,6.4,0.99,4.43,27.59,0.49,13.3,3.45,0.99,2.46,4.93,0,5.42,0,3.94,1.97,1.97,0,0,0,0,0,0,0,18.72,5.42,0.99,0,0.99,1.48,0.99,13.79,0,1.48,1.48,0,4.43,4.43,0,0,2.46,0,0,2.46,0,0,0,0,0,0,0,0,0,0,0,0,0,0.49,0,0,0,0,0.99,0,7.88,6.9,0,1.48,5.91,0,0,0,7.39,5.91,5.42,1.48,0.99,0,0.99,0,0,14.29,4.43,7.39,0,0,2.46,0,0
2024/10/19,Eric Hovde,DBUbTQdogUS,Republican,Wisconsin,"The one thing you have perfected in Washington is your ability to lie.  Senator Baldwin, I could care less about your personal life,  but when your partner is investing in companies that you're overseeing and you're not disclosing that,  that is an absolute conflict of interest.  Senator Baldwin goes back and votes for the deal that lifted the sanctions that funded the terrorism,  and that's why we're in this war today.  She's trying to take credit.  for doing something against fentanyl when it was Senator Tim Scott's bill.  He said Senator Baldwin offered no amendment and hadn't talked to her for two years.  Thank you, Mr.  Our country's gone in the wrong direction.  Senator Baldwin, who's been in Washington for 26 years,  do you think you're better off than you were four years ago or even 26 years ago?  I think it's time for a change.  I promise you I will work hard on your behalf and I'd be honored to have your vote.",[],0,164,0.0,"Today’s feature presentation:

Highlights from Friday night’s debate. 

Enjoy! ??",[],0,10,0.0,0.99555475,0.0074112564,0.087842524,0.03583243,elite,0.010583977,0.0034006725,0.0021831112,0.0037816006,none,1,164,13.52,96.14,51.25,37.8,16.4,20.12,92.68,70.73,57.32,21.34,14.63,3.05,1.22,7.93,1.83,0,6.71,15.24,4.27,2.44,12.2,14.02,4.27,6.1,1.83,21.34,3.66,4.88,10.98,1.83,3.66,5.49,30.49,1.83,10.37,1.83,1.22,1.83,1.22,0.61,3.66,0,6.1,3.66,2.44,0,0,0,0,0,0,0,21.34,8.54,2.44,1.22,0.61,1.22,2.44,12.8,0,0,1.22,1.22,5.49,5.49,0,0,3.66,0,0,2.44,1.83,0,0.61,0.61,0.61,0,0,0.61,0,0,0,0,0,0.61,0,0,0,0,0,0,9.15,7.32,0.61,1.83,4.88,0,0,0.61,6.71,7.93,7.93,0.61,0,0,0,0,0,18.29,6.1,4.27,0.61,0,7.32,0,0
2024/10/19,Bob Casey,DBUcvk4skW5,Democratic,Pennsylvania,"This is a very close race.  And the principal reason for that is...  that was set up just for him.  And that super PAC, one super PAC set up for one candidate,  has already outspent my entire campaign.  So I'd ask folks, if you want to help us beat those billionaires,  and by the way, they're out-of-state billionaires,  like the guy they're supporting,  please go to bobcasey.com.  This guy has a small group of billionaires that have funded a huge super PAC.",[],0,82,0.0,"A single super PAC funded by David McCormick’s out-of-state billionaire backers has outspent my entire campaign. 

Chip in today to help us fight to the finish:
https://secure.actblue.com/donate/casey-social?refcode=tw-20241019-rpc",[],0,27,0.0,0.8698305,0.0067989193,0.38878655,0.008013112,elite,0.96899724,0.017662788,0.9466636,0.008596,elite,1,83,41.85,91.63,6.2,89.13,13.83,13.25,84.34,71.08,59.04,16.87,8.43,2.41,1.2,1.2,1.2,2.41,8.43,22.89,7.23,6.02,12.05,10.84,4.82,6.02,0,14.46,8.43,9.64,3.61,2.41,0,1.2,16.87,0,4.82,1.2,1.2,2.41,1.2,0,1.2,0,4.82,4.82,0,0,0,0,0,0,0,0,16.87,4.82,2.41,1.2,0,0,1.2,12.05,1.2,0,0,3.61,2.41,2.41,0,0,1.2,0,0,0,1.2,0,0,0,0,0,0,0,0,0,0,0,1.2,0,0,0,0,0,0,0,4.82,6.02,0,1.2,6.02,0,0,0,1.2,3.61,7.23,0,0,0,0,0,0,25.3,10.84,8.43,0,0,3.61,2.41,0
2024/10/19,Dave McCormick,DBUmGZyuTCk,Republican,Pennsylvania,"He's a 30-year career politician.  When the bullets start flying, Bob Casey ducks.  And when there's a vote to vote, he votes 100% of the time for the radical liberal agenda.  of Casey and Biden. So we need new leadership in the Senate to put in place common sense  policies under President Trump to get our country back on track.  My opponent, I mean, my opponent was born with a political spoon in his mouth.",['politici*'],1,75,0.013333333,"When the bullets start flying, Bob Casey ducks. 

I won’t.",[],0,10,0.0,0.9886966,0.10884765,0.06671105,0.9911267,right,0.021388419,0.0034474535,0.002469984,0.0028001093,none,1,75,87.58,82.98,79.53,39.67,12.5,14.67,82.67,58.67,45.33,10.67,10.67,4,2.67,0,4,0,0,14.67,9.33,2.67,16,4,5.33,6.67,0,12,5.33,0,9.33,2.67,0,6.67,13.33,0,4,2.67,0,1.33,0,0,0,0,1.33,1.33,0,0,0,0,0,0,0,0,10.67,0,0,0,0,0,0,9.33,0,0,0,4,12,12,0,0,2.67,0,0,2.67,0,0,1.33,0,0,0,0,0,0,0,0,1.33,0,1.33,0,0,0,0,0,0,10.67,14.67,0,2.67,10.67,0,0,1.33,8,2.67,2.67,0,0,0,0,0,0,18.67,8,5.33,0,0,2.67,2.67,0
2024/10/20,Eric Hovde,DBUzcMyMI0p,Republican,Wisconsin,"But Senator Baldwin constantly goes and says, I would have voted against this and that.  And the reason why I would have voted against a lot of these issues is really simple.  It's because we're breaking our country apart financially.  We're driving ourselves off a cliff.  That's why inflation got ignited.  That's why the price of your food has gone up, the price of your rent, your health care, your car insurance,  because of this reckless spending that she's been engaging in.",[],0,82,0.0,"One of the most shocking things about last night’s debate - apart from Senator Baldwin brushing off voters’ concerns about her conflicts of interest - was that there were no questions at all about high prices and inflation. 

Wisconsinites who are struggling deserve better.",[],0,44,0.0,0.99477154,0.041408524,0.032085326,0.10313596,elite,0.9575453,0.9867743,0.5222999,0.09759554,elite,1,82,7.71,96.14,26.35,20.23,13.67,21.95,91.46,75.61,60.98,23.17,13.41,2.44,4.88,4.88,1.22,0,9.76,20.73,6.1,0,10.98,15.85,6.1,7.32,0,25.61,2.44,3.66,6.1,4.88,0,1.22,31.71,0,15.85,1.22,7.32,2.44,0,1.22,4.88,0,2.44,1.22,1.22,0,0,0,0,0,0,0,14.63,2.44,1.22,0,0,0,1.22,10.98,0,0,1.22,0,4.88,3.66,0,1.22,7.32,0,0,0,7.32,0,2.44,1.22,0,0,0,0,0,1.22,0,0,0,1.22,0,0,0,0,2.44,0,4.88,8.54,0,3.66,4.88,0,0,0,1.22,4.88,12.2,0,0,0,0,0,0,20.73,7.32,6.1,0,0,7.32,0,0
2024/10/20,Dave McCormick,DBU4yZFtBYc,Republican,Pennsylvania,"But we need to fight, fight, fight for the next 17 days.  No sleep.  Take our country back.  Thank you, Mr. President.  We're going to win this.  First time today, I just heard this an hour or two ago.  Good news.  First public poll that says McCormick's in the lead over Casey.",[],0,52,0.0,"Our commonwealth wants change — and it’s showing.

But our hard work isn’t over yet. 

We are going to earn every single vote.",[],0,23,0.0,0.007340436,0.009028539,0.0026482136,0.0020999538,none,0.004838955,0.96516156,0.009863976,0.014137997,centr,1,52,64.84,93.13,81.58,20.23,6.5,5.77,94.23,63.46,46.15,15.38,9.62,1.92,5.77,1.92,0,0,5.77,21.15,5.77,7.69,9.62,1.92,3.85,3.85,1.92,13.46,7.69,9.62,11.54,5.77,3.85,3.85,25,1.92,7.69,0,1.92,1.92,1.92,0,3.85,0,11.54,5.77,5.77,1.92,1.92,0,0,0,0,0,25,13.46,1.92,3.85,5.77,0,5.77,11.54,0,0,0,1.92,1.92,1.92,0,0,0,0,0,0,0,0,1.92,0,0,0,0,0,0,0,0,1.92,0,1.92,0,0,0,1.92,0,0,17.31,9.62,0,0,7.69,0,1.92,0,11.54,3.85,5.77,3.85,0,0,0,0,0,28.85,17.31,7.69,0,0,3.85,0,0
2024/10/20,Colin Allred,DBU668OP9wT,Democratic,Texas,"I had so much help. That's why I believe so strongly in this state and who we are and what we can do.  If we get leadership that can bring us together around our shared values, spending all your time pitting us against each other.  I had a coach once say, have you ever seen a turtle on a fence post?  You know it didn't get there on its own?  So this is what we need to do, El Paso Democrats.  I need you to volunteer.  You can visit ElPasoDemocrats.com.  I am so excited.  the way Sandra Cruz does.  Ted Cruz is so out of touch.  Folks every day, they work with folks who they disagree with.  They don't just come in and say,  oh, you know, we disagree, I can't get anything done today.  They still got to find a way.  But we've gotten to this habit of electing folks  who think that if they don't get everything they want,  then they're just not going to be a part of anything.  When we beat Ted Cruz, we're going to make this a thing of the past.  That's what we're going to do.",[],0,193,0.0,El Paso is ready for a new Senator and together we’re going to win. ????,[],0,15,0.0,0.9466141,0.21260415,0.016262785,0.006954454,elite,0.0031686001,0.9158886,0.010326403,0.013852388,none,1,194,2.83,98.09,34.87,27.02,11.41,8.76,90.72,78.35,64.43,26.29,17.53,3.09,6.19,3.09,0,3.61,8.76,12.89,4.12,0.52,10.31,13.4,7.22,6.7,2.58,26.29,2.06,3.09,10.82,7.73,0.52,2.58,26.8,2.06,12.37,2.58,1.03,3.61,2.06,0,4.64,0,2.58,1.55,1.03,0.52,0.52,0,0,0,0,0,21.13,4.64,1.03,0,1.03,0,1.03,16.49,1.55,0,0,0,1.03,1.03,0,0,1.55,0,0,1.03,0.52,0,0,0,0,0,0,0,0,0,0,1.03,0.52,3.09,0,0,0,0,0,0,10.31,6.19,0,1.03,4.12,0.52,0,0.52,4.12,4.64,8.76,3.09,0.52,0,0,0.52,0,19.59,8.25,5.15,1.03,0,5.15,0,0
2024/10/20,Dave McCormick,DBU6-68tMku,Republican,Pennsylvania,"Well, Mr. President, it all comes down to Pennsylvania.  It all comes down to the Keystone State.  We've got to put you back in the White House so we can have strength and common sense policies  to fight back on this crazy liberal agenda, the weakness of Kamala Harris that is taking us over the cliff.  So we're with you, Mr. President, 100%.  He's weak and he's voted 100% with the crazy liberal agenda of Biden-Harris.  We've got to send Bob Casey home.  We're going to fight for you, but we also got to get a majority in the Senate.  so we can put those common sense policies in place and that's why we've got to retire  bob casey 30-year career politician",['politici*'],1,122,0.008196721,"Bob Casey is a weak, 30-year career politician who votes 98% of the time with Harris’s radical agenda. 

It’s time for change!",['politici*'],1,22,0.045454545,0.98498315,0.20462602,0.032129444,0.9824929,elite,0.99571615,0.026383933,0.0334296,0.88371927,elite,1,122,52.99,99,14.52,6.23,15.25,10.66,87.7,67.21,51.64,16.39,11.48,0,7.38,2.46,1.64,0,4.92,10.66,5.74,2.46,16.39,9.84,4.92,6.56,0,20.49,4.92,2.46,13.11,7.38,0,5.74,14.75,1.64,4.92,1.64,0.82,1.64,0,0,0.82,0,6.56,1.64,3.28,1.64,0,0,0,0,0,0,16.39,3.28,0,1.64,1.64,0,0,14.75,0,0,0,3.28,5.74,5.74,0,0,3.28,0,1.64,1.64,0,0,0.82,0.82,0,0,0,0,0,0,0,0,0,4.92,0,0,0,0,0,0,4.1,13.93,0,3.28,9.84,0.82,0,1.64,0,3.28,8.2,1.64,0,0,0,0,0,22.13,7.38,4.92,0,0,6.56,3.28,0
2024/10/20,Colin Allred,DBWNHQUPc60,Democratic,Texas,"When it comes to home ownership and lowering the cost of housing, this is something that is incredibly important to me and that I hear from folks all the time about.  In my family, my mom rented a house from my aunt, who was her sister, for over 20 years until I helped her buy it when I was in the NFL.  And so I recognize how difficult it can be when there's housing supply is so short and when the cost of housing gets to be so high.  And here, I think we have to address the supply issue first, which is that we have to make sure that we are building much more housing and that we are building affordable housing that's connected to our to our neighborhoods and communities and doing it in a way that allows us to increase that overall supply.  While we know the demand is going to continue to increase.  And so that's what I've been focused on in my time in Congress. I look forward to working on that in the Senate as well.",[],0,182,0.0,"You shouldn’t have to play in the NFL to buy a house. 

From lowering housing costs to making sure you can afford your groceries, I’ll work in the Senate so Texas families can have a little bit of relief and can achieve their version of the American dream.",[],0,48,0.0,0.0012737578,0.15075484,0.013588777,0.0018015021,none,0.010660207,0.9835918,0.9139729,0.038307574,centr,1,182,12.29,79.51,78.82,35.85,26,14.84,97.8,77.47,65.38,22.53,12.64,6.59,4.4,0,1.1,0,9.89,17.58,4.95,1.1,15.38,10.99,7.69,10.99,0,17.58,4.95,5.49,10.99,7.69,0.55,2.75,20.88,0.55,6.04,2.2,1.1,0.55,0.55,0.55,0.55,0,2.2,1.65,0.55,0,0,0,0,0,0,0,11.54,1.1,0.55,0,0,0,0,9.89,2.75,0,2.75,0,1.1,1.1,0,0,10.44,0.55,4.4,2.75,2.75,0,0,0,0,0,0,0,0,0,0,2.2,0,1.1,0,0,0,0,0,0,4.95,11.54,2.2,0.55,8.79,0.55,0.55,0,5.49,3.3,7.14,4.4,0,0,0,0,0,9.34,3.85,3.3,0,0,2.2,0,0
2024/10/20,Sherrod Brown,DBWV0ZKq-La,Democratic,Ohio,"And I came across a different translation called the Poverty and Justice Bible, and it goes like this.  When I was hungry and fed, when I was thirsty, he gave me a drink.  What you did for those who were overlooked or ignored, you did for me.  I remember being taught, when I was hungry, you fed me.  When I was thirsty, you gave me a drink.  And then it goes on to say what you did for the least of these,  you did for me.  And I remember thinking.  almost never talk about my faith, but I grew up a Lutheran in Mansfield.  And it's such a different meaning.  And it's really what, to me, what Christianity is.  For years, Jesus wouldn't have said that you're worth more than she is.",[],0,132,0.0,My faith guides me in everything I do.,[],0,8,0.0,0.0035513733,0.52408457,0.15040651,0.0030335896,centr,0.0019373344,0.020526791,0.0028998703,0.0033437298,none,1,132,1.92,20.56,93.6,12.34,12,12.88,98.48,88.64,70.45,28.03,18.94,11.36,0,5.3,1.52,0,9.09,10.61,5.3,0,11.36,12.88,6.06,12.12,1.52,25.76,5.3,2.27,1.52,0,0,1.52,29.55,0.76,9.09,3.03,0,0.76,1.52,0.76,3.79,1.52,2.27,0.76,1.52,0,0,0,0,0,0,0,13.64,6.06,0,0,0,0.76,3.03,7.58,0,0,0.76,0.76,1.52,0.76,0.76,0,6.06,0,0,0.76,1.52,3.79,6.06,0,0,0,0,0,0,6.06,0,3.03,0,0,3.79,0,0,0,0,0,4.55,6.82,1.52,2.27,3.03,0,0,0,5.3,15.91,5.3,0,0,0,0,0,0,20.45,8.33,9.09,0,0,3.03,0,0
2024/10/20,Mike Rogers,DBWeiNTPcbo,Republican,Michigan,"And I hate to say this. I've seen this movie before, and it's the same people who are in the national security positions today for Biden that were there during Obama.  And there was also a massive leak back then on Israeli plans to take out the nuclear sites in Iran.  And the reason they do that, they have this odd love affair with Iran in this administration.  And I think it has engulfed the Middle East in fighting, number one.  And number two, they continue to try to degrade our military capability of one of our best allies in the region, which is Israel.  It is I hope they investigate it fully. But again, this is now to me, you know, once this can happen,  this is now a pattern of activity to undermine Israel's ability to defend itself.  And I think that's as about as serious an event as you can get.  Pretty, pretty good guess. You know, and what's the interesting thing is we're seeing this in other Senate races. Wisconsin, they're coming out showing Trump's Trump's face in a Democrat ad. Same with Casey in Pennsylvania. I think this tells you their candidate, Kamala Harris, is imploding.  People are starting to understand that she just really doesn't know what in the heck she's doing. And that progressive agenda is going to kill states like Michigan, banning gas cars and gas stoves and allowing biological males to compete against our daughters.  All of those things they've been promoting and voting on until election season. Now they have, you know, I call it campaign conversion where they think, well, there's we've got to go a different direction and they're the ones to get it done.  So we're.  I mean, our race is right where we need them to be. If they're starting to talk about Donald Trump, I think we're going to win.  Well, and our internals even have it closer, candidly.  Two things.  One, we have, I think, an unprecedented ground game in the state, probably the best in the country.  Just last weekend, we hit 40,000 doors across the state of Michigan.  Huge impact.  That's what's keeping us in the race, talking about real issues.  The EV mandate is going to kill the auto company.  Just think about the EV mandates that have already happened.  And remember, there's a five-year planning cycle for these automobiles.  Stellantis just announced 2,400 layoffs.  General Motors, 1,000 layoffs.  Ford said they had to charge off, which means they lost $5 billion in their EV division.  People don't want to buy the car that Kamala Harris and my opponent,  Alyssa Slotkin, are trying to make you have to buy.  And so that is having a tremendous negative impact here.  We've lost 29,000 manufacturing jobs just in the last four years here in the state of Michigan.  It's bad.  And brutal.  And so I know they come back at election time and say, no, no, no, we're the moderate.  No, by the way, I talked to Donald Trump on an occasion.  This is about as serious an economic problem for our people here in Michigan who are having a hard time buying groceries than I've ever seen.  And so people get it.  The autoworker coalition for the Democrats falling apart.  The Arab Muslim coalition for the Democrats falling apart.  And black males are coming over to the Republican Party in numbers we just haven't ever seen before.  Best of luck.  Thank you all.  Thanks.  Great to see you.  when it comes to somebody who's now fighting a two-front war, which is Israel.",[],0,600,0.0,"I joined Fox & Friends this morning to discuss the state of the race in Michigan, and why President Trump and I are well-positioned to pull off big wins on Election Day!",[],0,32,0.0,0.99362963,0.011345897,0.011041476,0.847397,elite,0.006874265,0.005139721,0.002493954,0.0032925976,none,1,600,33.53,82.98,74.02,20.23,12,15.83,88.83,69.83,56.17,17.17,10.17,2.5,2.83,1.33,0.33,2.67,7,14,6.5,2.17,13.5,10.17,7.17,6.5,1.17,19.5,5,2.67,8.17,3.67,2.17,2.5,23,1.33,9.17,3.5,0.83,1.17,1.17,0.5,2.5,0.17,4.33,2.17,2.17,0.83,0.5,0.33,0,0.17,0,0,13.83,4,0.83,0.33,1,0,1.67,10,0.17,0,0.5,0.5,4,2.5,0.83,0.67,3.33,1,0.17,1.33,0.67,0.17,1,0,0,0,0,0,0,0.5,0.33,0.83,0.33,1.5,0,0.17,0,0.17,0.33,0.33,9.83,9.83,0,1.33,8.5,1,0,0.17,4.83,3.5,7.83,1.83,0,0,0,0,0,21,8.33,7.5,0,0,4.67,0.5,0
2024/10/20,Dave McCormick,DBXTqzyNhBh,Republican,Pennsylvania,"combat tour in Iraq, and then came back to Pittsburgh and helped run a great company  and create hundreds of jobs.  So I've lived the American dream.  My wife is an immigrant from Cairo, Egypt, came to America, Dina Powell.  My mom was from Punxsutawney, and I like to say that because Punxsutawney Bob is my opponent who only comes out every six years.  And I went to West Point, played football, wrestled, grew up working on a family farm, wrestled at West Point, went to the 82nd Airborne Division.  I know we got some 82nd guys here.  He comes out of his hole for a few months, right?  So we both, and we want to make sure that, we got six kids.  That's not as many as him, but we got a lot of kids, right?  Congratulations.  Congratulations.  That's a lot.  We want to make sure the American Dream's available for our kids,  make sure that freedom, the First Amendment, the Second Amendment,  are protected, our Constitution's protected,  and save the America we all love for our kids.  And this guy's leading the charge.  Thank you, sir.  I appreciate it.  Thank you.  This guy has lived the American dream.  I've lived the American dream.  I was born in Washington County.  I grew up in, my dad was from Indiana County.",[],0,221,0.0,Elon Musk and I are fighting to save the America we love for our kids and yours.,[],0,17,0.0,0.002456378,0.07340499,0.0043474548,0.008313251,none,0.002218317,0.683271,0.01656749,0.00693123,centr,1,221,66.72,92.66,49.85,81.96,10.52,14.93,86.88,66.06,50.68,16.29,12.67,5.43,4.52,0.9,1.36,0,3.62,17.65,6.79,2.71,12.67,4.98,1.81,6.79,0.45,17.65,3.17,6.33,9.5,7.69,1.36,0.9,11.76,0.9,3.17,0.9,0.45,0.9,0,0,0.9,0,4.98,4.52,0.45,1.81,1.81,0,0,0,0,0,16.74,4.07,2.71,2.26,0,0,1.36,12.67,3.62,0,0.9,3.62,3.62,1.81,2.26,0,2.26,0.9,0,1.36,0,0,1.36,0,0,0,0,0,0,0,0,0,0.9,1.36,0,0,0,0,1.36,0.45,7.24,13.12,2.71,3.17,8.14,0,0,0,1.81,7.69,3.62,2.71,0,0,0,0,0,23.08,8.6,10.41,0.9,0,3.17,0,0
2024/10/21,Dave McCormick,DBXh5CoNzIS,Republican,Pennsylvania,"and save our country for our kids.  Thank you very much.  to not only put up signs,  But tell 10 people and tell 10 people and get Republicans out to vote, get independents out to vote, get conservative Democrats out to vote.",[],0,42,0.0,"It’s time for NEW leadership in Washington.?

Get out and VOTE!",[],0,11,0.0,0.009155389,0.20920369,0.0016061763,0.0035043426,none,0.016953502,0.05910386,0.0017873275,0.002409917,none,1,42,85.89,93.83,72.58,57.46,14,11.9,97.62,64.29,47.62,7.14,7.14,0,4.76,2.38,0,0,0,4.76,0,4.76,21.43,0,4.76,9.52,2.38,16.67,4.76,2.38,7.14,7.14,0,0,7.14,0,7.14,0,0,0,0,0,7.14,0,2.38,2.38,0,0,0,0,0,0,0,0,23.81,7.14,2.38,2.38,0,0,7.14,14.29,4.76,0,0,0,16.67,16.67,0,0,0,0,0,0,0,0,0,0,0,0,0,0,0,0,0,0,0,7.14,0,0,0,0,4.76,0,23.81,14.29,0,2.38,11.9,0,0,0,0,0,0,0,0,0,0,0,0,14.29,7.14,7.14,0,0,0,0,0
2024/10/21,Bob Casey,DBY2koUpVXi,Democratic,Pennsylvania,"Here's what everyone needs to do, even if you think you're already registered.  Head to IWillVote.com to check if you're registered to vote, register to vote, request a vote-by-mail ballot,  find your voting location for Election Day and where you can drop off your vote-by-mail ballot, and learn more about voting.  I hope everyone will take a moment to confirm you're registered for the upcoming election.  And after that, text three friends and make sure they confirm their registration, too.  For Election Day, Teresa and I love to head to the polls first thing in the morning to see democracy at work.  And don't forget to thank your poll workers for their efforts to ensure that we have a fair and safe election and can exercise our right to vote.  Finally, make your plan to vote.  Hi everybody, Bob Casey here. Today's an important deadline. It's the final day you can register to vote in Pennsylvania.",[],0,156,0.0,"Today is the final day to register to vote in Pennsylvania.

This race is close — and every vote matters.

Make sure you’re registered to vote and make your voice heard:
http://iwillvote.com/pa",[],0,32,0.0,0.0020637873,0.14375988,0.0058989404,0.002437442,none,0.002037652,0.22115159,0.0077960393,0.0027979692,none,1,157,51.93,99,16.43,91.18,15.7,20.38,91.72,67.52,53.5,15.92,10.83,1.27,1.27,6.37,0,1.91,5.1,12.74,5.1,1.27,15.29,7.64,5.1,7.01,0.64,16.56,4.46,3.82,7.64,1.91,1.91,3.82,21.66,1.91,8.28,2.55,0.64,3.18,1.91,0,1.27,0.64,5.1,5.1,0,0.64,0.64,0,0,0,0,0,15.92,3.18,0.64,1.91,0,0,1.91,12.74,0,0.64,0,0,8.92,8.92,0,0,6.37,0,0,6.37,0,0,1.27,0,0,0,0,0,0,0,0,0.64,0.64,0.64,0,0,0,0,0.64,0,10.19,7.64,2.55,0.64,3.18,0.64,0,0,7.01,0.64,7.64,3.82,0,0,0,0,0,20.38,7.01,6.37,0,0,4.46,2.55,0
2024/10/21,Mike Rogers,DBXfxAAvzha,Republican,Michigan,"Our people here are hurting.  And so when you talk like that, you're not connecting to anyone.  They want to bring in a big entertainment person, and you have 30 minutes of a great singer.  That's wonderful.  That isn't going to put food on your table.  Again, I'm not sure she might want to listen, actually, to some of what the president's proposing, what we as Republicans are proposing.  We're going to shut down the EV mandates that is destroying the American automobile industry as we know it today.  And you can see it in the layoffs. You can see it in the fact that people don't want to buy these things.  They're still pushing this agenda and the gas prices are high.  So when the president talks about cutting your gas prices, when he talks about more American manufacturing, which we must have,  China's at about 30 percent of manufacturing GDP in the world.  We've dropped down to 18 percent. He's he promises to flip that.  That's optimism. And people who are working for a living take it for what it is, optimism.  He said he's going to cut your electric bill in half because we're going to do an energy independence plan when we take the Senate and he becomes president.  You start doing the math on all of this. This is that is optimism.  That is going to impact your wallet. I didn't know what she said.  I'm not sure exactly what question she answered in any of that.  And that's what I think are worrying people here in Michigan and around the country.  She says she has a plan. I've not seen it. I haven't heard about it.  She says she's optimistic. We don't know what that means.  Listen, when you're hurting. And again, I was I worked on the assembly line.  When somebody walks in and gets that pink slip standing next to you, not only is that that a crush to that family,  it's also sends a wave of anxiety into your own family.  That is really hard to unwind.  I'm not sure exactly what that means.  It was really just shocking to me how far away she was from the issues impacting average Michigan citizens.  If you notice, she didn't say a thing about it.  She attacked Trump.  She attacked.  And remember, he was president.  People understand that their lives economically were much better.  We weren't in three wars.  Your 401K was bigger.  Your economic opportunities were larger.  Your gas prices were about half.  Your bread and egg prices were almost half.  I mean, this is unbelievable to me.  And now I get why our numbers are moving the way they are.  I hope she continues to talk like that.  We're going to have a better, that chance gets better and better every day going into November.  Yeah, well, I say welcome to Michigan, Madam Vice President, where in the last four years,  we've lost almost 30,000 manufacturing jobs. In the last jobs report that just came out,  another 9,500 manufacturing jobs, much related to the automobile companies, per EV mandates,  banning gasoline engines, pushing people to have to drive electric vehicles. We've just now  announced 2,400 layoffs at Stellantis, 1,000 layoffs at General Motors. Ford Motor Company  lost $5 billion in trying to comply with the EV mandates given them by Harris and my opponent  Slotkin. And it is absolutely working against the average worker. So I'm glad they're bringing very  multi-millionaire entertainers to come in. If they think that that is going to connect with  people who have just lost their jobs, just got a job, they're going to be able to come in and  just get a job. And I think that's going to be a very, very good thing. And I think that's going to  a pink slip and are struggling to put food on their table. This is exactly why they're losing  in a state like Michigan.",[],0,659,0.0,"Kamala finally realized that Michigan families are suffering thanks to her and Slotkin’s policies, if only they would actually do something to help our families.",[],0,25,0.0,0.981685,0.89886826,0.03377276,0.23693249,elite,0.9713757,0.8821179,0.027616868,0.28840563,elite,1,659,17.61,90.35,30.61,30.57,11.56,15.48,93.93,74.2,58.12,21.4,12.59,2.88,2.12,2.73,2.88,1.67,8.8,13.81,5.01,1.82,12.9,11.23,6.83,5.31,1.97,23.37,4.55,4.55,6.83,2.58,1.97,2.28,24.58,0.3,10.77,2.88,1.06,1.37,2.58,1.52,2.12,0.15,4.86,2.73,1.97,2.28,1.52,0.61,0.3,0,0,0,16.08,3.19,0,0.3,0.3,0,1.82,12.44,0.3,0,1.97,1.06,2.43,1.52,0.3,0.61,4.86,0.3,0,3.34,1.21,0,1.21,0,0,0,0,0,0,0.61,0,0.3,0.61,1.21,0,0,0,0.15,0.15,0,8.04,10.32,0.46,2.58,6.22,0.76,0.46,0.46,2.88,4.7,9.56,4.4,0.3,0,0.3,0,0,19.73,8.65,5.46,0,0,5.31,0.3,0
2024/10/21,Mike Rogers,DBY-H8JvIz_,Republican,Michigan,"Yeah. And here's the thing. They're already having this impact. These have been in place.  So they do it two ways. They give you EPA emissions at the tailpipe that the only way a producer of a car can make it is it has to be electric, number one.  And then the government, the federal government, is fining companies for you and I, Trey, buying a pickup truck or an SUV.  If they get certain out of how many sales you get and what those emissions are, they're fining these companies.  Last figure I saw all the all across the big three, nine billion dollars.  And so there when they say there's no mandate, what they're doing is punishing these companies.  Twenty four hundred layoffs at Stellantis, a thousand layoffs at General Motors.  Ford Motor Company said they lost five billion dollars in their EV unit, which means they're shutting down lines and they're going to be layoffs real soon.  This has a huge negative impact for the state of Michigan.  The rest of the country might catch a cold on something like this.  We're going to get pneumonia in the very fact that they're voting to ban gas cars and and gas stoves.  Well, first of all, people are having a hard time affording groceries, Trey.  I mean, I talked to a woman the other night who works part-time.  Her husband works full-time.  They have four kids.  Their budget still isn't making it.  They're going to the food pantry the last two or three days of the month.  People are getting crushed by these prices.  Secondly, it's illegal immigration.  We've had illegals sexually assault a girl in Oakland County and actually several cases in Oakland County.  One in my home county of Livingston murdered a woman in Kent County by an illegal immigrant.  I mean, we have this constant and growing illegal immigrant crime problem in Michigan and the sheer cost of it.  Think about this, Trey.  $450 million that the federal government has spent housing, giving debit cards and all of the nonsense to illegals,  that's enough money to pay for every Michigan state trooper and every Michigan teacher for 15 years.  So they get all that, and then you add EB mandates and what China's doing to us,  and I think the recipe here is for a big Michigan win in November.  Thanks, Trey. And rogersforsenate.com, any of your viewers want to get involved in a state that will make the difference, this is it, rogersforsenate.com. Thank you, sir.  You know, 100 percent, and I'll go through them quickly if we can, supported the Afghan withdrawal that was absolutely disastrous, embarrassing and unnecessarily cost the lives of 13 members of our U.S. military.  I think this is going to leave a mark for us for decades, unfortunately.  Then you look at their decisions to go after Saudi Arabia and say, hey, we're not going to let you go after the Houthis.  She was a part of that decision.  Then the Houthis coming off the terrorist list.  She was part of that decision.  Then allowing Iran to sell oil into the market that gave them access to billions of dollars that has now entangled us in the Middle East.  That money went to Hezbollah.  It went to Hamas.  It went to the Houthis.  It went to other Shia-based militia groups across the Middle East.  And it is causing huge problems.  And they just keep doubling down.  They just keep saying, no, no, no, we've got to keep talking to Iran.  That's the solution.  Iran is the problem.  And my argument, Trey, is if you don't understand that by now and you've spent your career believing that, well, we shouldn't give you a promotion to the Senate.  doing these EV mandates is having a tremendous negative impact today. It's not even hypothetical  anymore. We're losing jobs today because the government wants to tell you what kind of car to drive.",[],0,661,0.0,"People are having a hard time affording their groceries, violent crime thanks to an open southern border is devastating communities, and job-destroying EV mandates are crushing Michigan.

Come November 5th, we’ll Get America Back on Track!",[],0,36,0.0,0.9905205,0.027557034,0.05402353,0.92612624,elite,0.9469744,0.91625583,0.14790894,0.9914374,elite,1,663,47.16,84.09,34.93,11.1,12.75,18.55,88.54,71.64,56.41,16.29,9.2,1.51,1.81,2.11,0.45,3.17,7.09,18.85,7.69,3.62,11.76,9.05,4.07,6.18,1.36,18.55,4.98,7.54,5.58,2.26,0.9,2.41,21.42,1.96,8.75,2.11,1.51,0.75,1.36,0.9,2.41,0,3.62,1.36,2.26,0.3,0,0.3,0,0.15,0,0,13.12,3.32,0.45,0.45,0.45,0,1.66,9.65,0.15,0,0.9,0.3,3.47,2.71,0.3,0.75,5.43,0,0.6,2.26,2.56,0,1.06,0.45,0.15,0.15,0,0,0,0.3,0.15,0,0.3,1.36,0,0.15,0,0.3,0.15,0,7.54,7.39,0.15,1.66,5.43,0.6,0,0.3,4.07,3.02,7.09,2.71,0.45,0.15,0.3,0,0,18.85,8.45,6.18,0,0,3.62,0.6,0
2024/10/21,Elissa Slotkin,DBZRucXgGje,Democratic,Michigan,"And we know in Michigan, we can at least as do as well as Georgia.  So let's do it.  Run through the tape.",[],0,23,0.0,"Thank you @jonossoff for joining me aboard Pork Chop 3 to talk about what it takes to win tough races. If we all come together and do a little bit extra, we’re going to win this thing. 

Sign up for a shift contacting voters today: https://www.mobilize.us/2024mivictory/",[],0,46,0.0,0.006039777,0.004585263,0.0024493912,0.0035076109,none,0.00490806,0.04412172,0.0025713793,0.0020124163,none,1,23,8.37,99,4.38,84.9,7.67,13.04,86.96,82.61,78.26,17.39,13.04,0,13.04,0,0,0,4.35,8.7,4.35,0,26.09,17.39,8.7,21.74,0,21.74,4.35,4.35,13.04,13.04,0,0,13.04,0,8.7,4.35,0,4.35,0,0,0,0,4.35,4.35,0,0,0,0,0,0,0,0,13.04,0,0,0,0,0,0,13.04,0,0,0,0,0,0,0,0,0,0,0,0,0,0,0,0,0,0,0,0,0,0,0,0,0,0,0,0,0,0,0,0,4.35,8.7,0,4.35,4.35,0,0,0,0,0,8.7,0,0,0,0,0,0,21.74,13.04,4.35,0,0,4.35,0,0
2024/10/21,Dave McCormick,DBZWXP5yQqD,Republican,Pennsylvania,"And anti-business is these huge regulations that are stifling.  Not everybody needs to go to college.  They just have to have the skills to have a great career in the American dream.  What the Democratic Party is running on now is not only anti-business, it's anti-success.  businesses, whether it's dairy farms or SpaceX, and everything. I mean, fracking. I mean,  you don't have to ban fracking to ban fracking. You just have red tape and bureaucracy and all  sorts of stipulations that make it impossible to succeed. And on the personal success side,  we need to give every single kid the opportunity.  With great schools to be everything they can be,  our school system needs to be totally renovated  to give everybody an opportunity.  Not everybody.",[],0,126,0.0,"Bob Casey and his liberal friends are anti-success.?

We need new leaders in Washington who will:?

?? Support small businesses

?? Expand school choice

?? Recognize that not everybody needs a four-year college degree to be successful",[],0,37,0.0,0.98438567,0.14161794,0.01033992,0.8595,elite,0.9819281,0.5993778,0.08683348,0.96581763,elite,1,126,33.38,54.27,5.94,93.93,11.45,23.81,88.89,69.84,57.94,15.87,6.35,1.59,1.59,1.59,0,1.59,9.52,11.11,5.56,0.79,12.7,11.9,3.97,5.56,3.17,18.25,7.14,3.17,7.14,2.38,3.97,0.79,24.6,5.56,11.9,1.59,0.79,3.17,1.59,0.79,4.76,0,5.56,5.56,0,0,0,0,0,0,0,0,11.11,2.38,0,0,0,0,0,8.73,0,0,0,0,2.38,1.59,0.79,0,7.14,0.79,0.79,5.56,0.79,0,0.79,0,0,0,0,0,0,0.79,0,3.97,0,0,1.59,0,0,3.17,0,0,11.9,3.97,0,1.59,2.38,0.79,0,0,0.79,0,11.11,1.59,0,0,0,0,0,19.05,8.73,5.56,0,0,2.38,2.38,0
2024/10/21,Colin Allred,DBZowlVCnMF,Democratic,Texas,"Hey everybody, we just voted early at my childhood polling place at Fretz Park.  It was so fun and so easy.  The line was incredibly long and it was exciting for me because I've come a long way.  I was raised about three blocks away from where we voted this morning by a single mom  in a house that she rented for over 20 years.  And it was incredibly humbling to have a chance to at least get two votes, I think.  Yeah.  A podi najcet sene.  Yeah, go down and vote.  Go to mytexasvotes.com, make a plan, and vote.",[],0,100,0.0,"Aly and I just voted early here in Dallas! A story like mine, the son of a single mom running to serve Texas in the Senate, is only possible in our great state.

Together, we are going to fire Ted Cruz, but I need your help, so go vote early! ???",[],0,51,0.0,0.0018645285,0.10144564,0.014546463,0.002511914,none,0.0031533153,0.8960613,0.026712045,0.012655509,centr,1,101,58.1,63.5,91.66,67.03,11.22,9.9,91.09,75.25,57.43,13.86,7.92,4.95,1.98,0,0.99,0,5.94,13.86,6.93,3.96,14.85,6.93,6.93,7.92,0,14.85,7.92,6.93,4.95,2.97,0.99,0.99,19.8,0.99,6.93,1.98,1.98,0,0.99,1.98,0,0,2.97,2.97,0,1.98,1.98,0,0,0,0,0,7.92,0.99,0,0,0,0,0.99,6.93,2.97,0,1.98,0,4.95,4.95,0,0,2.97,0.99,0.99,0,0.99,0,0,0,0,0,0,0,0,0,0,0,0,0.99,0,0,0,0,0,0,13.86,13.86,0,3.96,12.87,0,0,0,2.97,8.91,0,0.99,2.97,0.99,1.98,0,0,15.84,9.9,4.95,0,0,0.99,0,0
2024/10/22,Colin Allred,DBaaQYxMm0g,Democratic,Texas,"this abortion ban in Texas has been horrific.  But also, as I felt in that debate, and I've been feeling for some time,  And there have been so many brave Texas women and Texas families who have come forward and  told their stories, Amanda Zyrowski and Kate Cox and Lauren Miller and Dr. Austin Dennard  and Taylor Edwards.  And I could keep going, because there are so many stories, and they are so incredibly  powerful.  And we're going to continue to hold Ted Cruz accountable for being responsible for this  abortion ban here.  Ted Cruz is simply too small for Texas.  You know, everything's bigger in Texas, and he's too small for our state.  His vision for us is too small.  And that's why we're going to turn the page.  But we need folks' help, and I hope folks will go to ColinAlward.com and get involved.",[],0,146,0.0,"Everything is bigger in Texas, but Ted Cruz and his extreme vision are too small for our state. In 15 days, we’re turning the page on him.",[],0,27,0.0,0.6550461,0.75970906,0.07689714,0.0050702947,centr,0.9761712,0.07127412,0.014496009,0.03810599,none,1,147,3.72,90.06,17.29,29.39,16.33,13.61,81.63,69.39,55.78,13.61,10.2,2.72,3.4,0.68,1.36,1.36,3.4,7.48,0.68,0,9.52,12.24,8.84,15.65,0,21.77,6.8,4.76,5.44,4.76,0,0.68,21.09,0.68,8.84,2.04,2.04,2.04,0.68,1.36,1.36,0,4.76,2.72,2.04,1.36,0.68,0.68,0.68,0,0,0,14.97,4.08,0.68,0,0,0.68,2.72,10.2,2.04,0,0.68,1.36,0,0,0,0,0.68,0,0,0.68,0,0,1.36,1.36,0,0,0,0,1.36,0,0,0.68,0.68,0.68,0,0,0,0,0,0,8.16,9.52,0,2.72,6.12,0.68,0,1.36,1.36,4.08,6.12,4.76,0,0,0,0,0,18.37,7.48,6.12,0,0,4.76,0,0
2024/10/22,Colin Allred,DBbS6bQv7Qk,Democratic,Texas,"Can't take his time and answer.  No, no, you can't have my time.  I'm Colin Allred.  I'm a fourth-generation Texan.  I'm a husband and a father.  I was raised here in Dallas by a single mom who's a public school teacher.  And I've been shaped by every part of this state.  He talks tough, but he never shows up.  We have a phrase for this in Texas, all hat and no cattle.  This is a pattern for him.  He's never there for us when we need him.  When the lights went out in the energy capital of the world, he went to Cancun.  On January 6th, when a mob was storming the capital, he was hiding in a supply closet.  And when the toughest border security bill in a generation came up in the United States Senate, he took it down.  So to every Texas woman at home.  Because you're a threat to democracy.  and every Texas family watching this,  understand that when Ted Cruz says he's pro-life,  he doesn't mean yours.  At the same time, after he'd gone around the country lying about the election,  when that mob came, Senator Cruz was hiding in a supply closet.  This election is his accountability.  If Senator Cruz is telling you something that doesn't match what you're seeing from others,  then it's probably because he's lying.  Senator Cruz just looked into a camera and lied to Texans.  I don't want to be a former NFL linebacker to recognize a Hail Mary when you see one.  You know, when Ted Cruz starts talking about team sports, you've got to watch out  because the only position he ever played was left out.  And I'm not trying to be mean, Senator, but just sit this one out, please.  This is not freedom.  I trust Texas women to make their own health care decisions.  Senator Cruz treats our border communities like he's going on some kind of a safari.  He comes down, he puts on his outdoor clothes, he tries to look tough,  and he goes back to Washington and does nothing to help.  What I think is that folks should not be discriminated against.  And what Senator Cruz should try to explain to you is why he thinks they should.  I know where I was and I know where he was.  I took off my suit jacket and I was prepared to defend the house floor from the mob.  The truth is, we don't have to be embarrassed by our senator.  We can get a new one.  That's what this election is all about.  That's what I'm asking Texans to give me a chance to do.  You can't be for the mob on January 6th and for the officers.  You can't.  And it's not funny.",['truth*'],1,460,0.002173913,"Texans need a Senator we can count on. One who will fight to create jobs, protect Social Security and Medicare, secure the border and restore abortion access.

Ted Cruz doesn’t care about any of that, he only cares about himself. And together we are going to fire him.",[],0,48,0.0,0.9908745,0.67691606,0.062326267,0.21444346,elite,0.98139936,0.6922285,0.12494718,0.072382525,elite,1,460,22.01,70.35,40.1,32.27,11.79,11.09,91.09,73.26,60.87,18.7,13.48,3.91,1.52,2.39,5,0.43,5.22,15.43,7.17,1.52,13.26,12.39,5.22,6.96,3.91,22.39,2.61,2.83,7.83,3.26,0.65,3.91,26.96,3.04,10.22,2.61,1.09,2.61,0.87,0,3.7,0,1.74,1.3,0.43,0.43,0.22,0.22,0,0,0,0,16.74,3.7,0.87,0.22,0.43,0,1.52,12.83,1.09,0,0.65,5.43,3.04,3.04,0,0,2.39,0.65,0.87,0.87,0,0,0.43,0.22,0,0,0,0,0,0,0,0.22,0.22,1.09,0.43,0,0,0,0.87,0,6.52,11.09,0.65,2.17,7.17,1.96,0,0,4.78,4.78,9.57,0.65,0,0,0,0,0,19.78,8.48,5,0,0,5.87,0.43,0
2024/10/22,Dave McCormick,DBbyuzJOJfr,Republican,Pennsylvania,"duty, honor, country.  Let's make a change.  The United States Military Academy, West Point.  duty, honor, country. That's my commitment.  And we've got to make a change.  Bob Casey's had 18 years, and he's never made a difference.  He's too weak.  I'm Dave McCormick. Our country is stuck.  It gave me the code I live by.  I'm Dave McCormick. I approve this message.  I'll go hard every day.  When I screw up, I'll own it.",[],0,75,0.0,Let’s make a change.,[],0,4,0.0,0.8670463,0.07878969,0.002987349,0.0062194737,elite,0.005281817,0.0033836914,0.0031983594,0.0029813475,none,1,75,5.78,19.67,98.82,39.67,5,14.67,89.33,64,45.33,24,18.67,12,4,0,2.67,0,5.33,13.33,6.67,1.33,4,14.67,4,4,1.33,26.67,4,4,13.33,5.33,4,5.33,30.67,2.67,8,0,6.67,0,0,0,1.33,0,4,2.67,1.33,0,0,0,0,0,0,0,20,9.33,0,0,0,5.33,1.33,6.67,0,0,0,2.67,4,4,0,0,2.67,0,0,2.67,0,0,2.67,1.33,0,0,0,0,0,0,0,0,0,1.33,0,0,0,0,0,0,16,12,0,1.33,10.67,0,0,1.33,8,6.67,9.33,2.67,0,0,0,0,0,42.67,20,9.33,0,0,13.33,0,0
2024/10/22,Mike Rogers,DBcEn1vPDpy,Republican,Michigan,"I'm Mike Rogers. I approve this message. I've always stood up to China, and I'll stop Slotkin's China deal.",[],0,19,0.0,"I’ve always stood up to China, and I’ll stop Slotkin’s China deal.",[],0,12,0.0,0.2503948,0.0032651627,0.009257668,0.0072655627,none,0.3980606,0.0016805353,0.016821366,0.006347731,none,1,19,2.68,1,99,,6.33,15.79,73.68,57.89,47.37,26.32,21.05,21.05,0,0,0,0,5.26,5.26,0,0,10.53,15.79,5.26,5.26,0,26.32,0,0,5.26,0,0,5.26,26.32,5.26,0,0,0,0,0,0,0,0,0,0,0,0,0,0,0,0,0,0,5.26,5.26,0,0,0,0,5.26,0,0,0,0,0,0,0,0,0,5.26,0,0,5.26,0,0,0,0,0,0,0,0,0,0,0,0,0,0,0,0,0,0,0,0,5.26,10.53,0,0,10.53,0,0,0,10.53,10.53,5.26,5.26,0,0,0,0,0,42.11,15.79,5.26,0,0,21.05,0,0
2024/10/22,Eric Hovde,DBcNsVBpX9X,Republican,Wisconsin,"It's time to restore America, everyone.  Let's save our great country.  Now, it's two weeks left.  We need everybody to get out there, grab your friends, grab your family members, your neighbors,  the people you go to school or play sports with or go to church with.  Get them out voting. Get them on our side.  Let's go do it.  Early voting started today.  Both my wife and I got out.  We got our stickers.  We voted.",[],0,77,0.0,"Don’t leave this election to chance. 

VOTE, VOTE, VOTE! ????

Find your polling location: http://hovde24.com/cy0xgigj",[],0,15,0.0,0.0034201741,0.7792268,0.00820488,0.004276848,centr,0.006018662,0.02604275,0.0025189633,0.0030390513,none,1,77,23.77,99,97.09,61.07,7,12.99,96.1,75.32,51.95,27.27,20.78,2.6,10.39,5.19,0,2.6,6.49,12.99,1.3,1.3,12.99,6.49,2.6,3.9,0,25.97,2.6,3.9,18.18,18.18,0,0,20.78,2.6,3.9,0,0,1.3,2.6,0,2.6,0,2.6,2.6,0,0,0,0,0,0,0,0,31.17,0,0,0,0,0,0,29.87,2.6,1.3,1.3,0,3.9,3.9,0,0,6.49,2.6,1.3,1.3,0,1.3,2.6,0,0,0,0,0,0,0,0,1.3,0,9.09,0,0,0,0,1.3,0,24.68,15.58,0,3.9,12.99,0,0,2.6,7.79,2.6,7.79,0,0,0,0,0,0,27.27,14.29,7.79,0,0,5.19,0,0
2024/10/22,Kari Lake,DBcaY7TSESQ,Republican,Arizona,"Hey, Yuma, it's Carrie Lake, and we are on the way to Yuma.  We're going to be there at 4 o'clock.  We're meeting everyone at the county recorder's office because we're going to vote early.  We are so ready to get those votes in and make sure we are.  just stacking up the votes, banking the votes before Election Day.  So join us at 4 o'clock at the County Reporter's Office,  and we have a whole night of great events planned.  We'd love to meet with you and talk to you.  Can't wait to see you.  Bye-bye.",[],0,97,0.0,"See you SOON, Yuma! ?? 
LET’S VOTE EARLY! ???",[],0,9,0.0,0.0073253023,0.006430214,0.0030909965,0.0033367418,none,0.010015145,0.0045042555,0.0022765908,0.0032289221,none,1,97,53.32,99,14.83,91.57,10.78,9.28,89.69,69.07,54.64,15.46,12.37,0,9.28,3.09,0,0,3.09,7.22,6.19,2.06,17.53,10.31,4.12,8.25,1.03,19.59,3.09,4.12,13.4,11.34,1.03,1.03,17.53,1.03,3.09,1.03,1.03,1.03,0,0,1.03,0,5.15,5.15,0,2.06,2.06,0,0,0,0,0,18.56,4.12,0,0,0,0,3.09,14.43,0,0,0,0,5.15,5.15,0,0,5.15,0,0,5.15,1.03,0,0,0,0,0,0,0,0,0,0,0,0,1.03,0,0,0,0,0,0,10.31,7.22,2.06,0,4.12,1.03,0,0,7.22,1.03,8.25,9.28,1.03,1.03,0,0,0,25.77,9.28,5.15,0,0,10.31,1.03,0
2024/10/23,Dave McCormick,DBclc_ntu-H,Republican,Pennsylvania,"I'm headed to a TV interview right now in Pittsburgh and then out to Butler County to meet with small business owners  and then have an opportunity to be on hand and knee tonight.  So busy days, couldn't be more excited.  and demand.  crisis we got to deal with harm reduction supply  uh... headed into the home stretch could be more excited about it  Diet Coke keeping me going.  Got one from Chick-fil-A today.  It's probably five or six so far.  Another busy day on the campaign trail.  14 days to go.  Started in Pittsburgh, went to Westmoreland County.  Spend some time at a fentanyl testing center.  We've got to deal with this.  It's a national.",[],0,116,0.0,"A lot of diet cokes keeping us fueled up for stops in Westmoreland and Butler! 

14 days until victory, PA. Let’s get the job done ??????",[],0,26,0.0,0.012244256,0.0031127941,0.003383,0.003450394,none,0.025307484,0.0039527216,0.0030380243,0.0032629862,none,1,116,76.81,45.17,92,60.88,8.92,18.1,93.1,68.97,50,7.76,3.45,1.72,1.72,0,0,0,4.31,12.07,5.17,3.45,17.24,8.62,4.31,7.76,0.86,19.83,6.03,9.48,5.17,1.72,0.86,2.59,16.38,0,4.31,0,0,1.72,1.72,0,1.72,0,6.03,4.31,1.72,1.72,1.72,0,0,0,0,0,6.03,2.59,0,0,0,0,0.86,3.45,0,0,0,0.86,1.72,0.86,0,0.86,7.76,0.86,0.86,5.17,1.72,0,4.31,1.72,0.86,0.86,0,0.86,0,0.86,0,0.86,0,2.59,0,0,0,0.86,1.72,0,7.76,11.21,0,4.31,9.48,0,0,0,10.34,2.59,4.31,0.86,0.86,0,0,0.86,0,20.69,12.93,1.72,0,0,4.31,1.72,0
2024/10/23,Mike Rogers,DBct3jQPJvw,Republican,Michigan,"You know, all of their policies, Sean, has given you higher gas prices, higher grocery prices.  Here in Michigan, they voted for EV mandates.  My favorite was my opponent went about six weeks ago on the House floor of the United States Congress,  voted for EV mandates, and then came home and ran and added, said, I'm not for EV mandates.  I have never seen such dishonesty in my life that I have in this campaign.  They're all trying to be Republicans today.  Now they're for no spending.  Now they're not for EV mandates.  Now they're going to be tough on the border.  Listen, this tells you that their campaigns are imploding.  And people in Michigan know that their grocery prices, their gas prices, their housing prices,  the fact that we had 2,400 layoffs at Stellantis, 1,000 at General Motors,  Ford lost $5 billion because of this crazy EV mandate coming out of Washington and Democrats,  is costing them their future.  And so that's why I think we're winning, Sean.  And I think people.  Are starting to get the fact that no matter what they're saying on TV,  that's not what they're doing in Washington, D.C.",['dishonest*'],1,196,0.005102041,"I just joined Sean Hannity to discuss the state of our race, why all eyes are on Michigan, and exposed the radical record of Congresswoman Slotkin. 

With just two weeks until Election Day, I need your help to get across the finish line. Join our movement at RogersForSenate.com",[],0,48,0.0,0.99318933,0.466348,0.011920086,0.30336618,elite,0.73948926,0.030067736,0.002032477,0.06679248,elite,1,197,18.41,66.88,68.74,26.91,15.15,15.74,88.32,71.57,53.81,19.8,13.71,4.06,1.02,1.52,0,7.11,6.09,15.74,2.54,2.54,12.18,10.66,4.57,5.08,3.05,22.84,3.55,5.58,3.55,1.02,1.02,1.52,23.86,2.54,5.58,2.03,1.02,0.51,0,0,1.52,0,2.03,1.02,0.51,0.51,0,0,0,0,0,0,14.21,3.05,0,0,0,0.51,1.52,10.66,0,0,0,0,7.61,7.11,0,0.51,6.6,0.51,1.52,1.02,3.55,0,1.02,0,0,0,0,0,0,1.02,0,0,0,0.51,0,0,0,0.51,0,0,8.12,9.14,0.51,2.03,6.6,0.51,0.51,0,5.08,6.6,9.64,1.52,0,0,0,0,0,23.35,7.11,10.66,0,0,5.08,0.51,0
2024/10/23,Bernie Moreno,DBczc6yt8m7,Republican,Ohio,"All right, Bernie Marino, we're watching Ohio very, very closely.  No, he hides from Joe Biden and then he now hides from Kamala Harris.  Although, by the way, Sean, remember, he wanted to be Kamala Harris's vice president in 2019.  And now he can't run far enough from her.  He runs ads with President Trump in it.  Look, the reality is this guy, like Kamala Harris, is a complete fraud.  He's not who he says he is because he can't run on his actual record.  You have it scrolling down on your screen.  Can you imagine having to run on that record?  You'd get slaughtered in a campaign.  So all he has is available to him is to lie.  We're not letting him get away with it, which is why we're going to win this race.  Well, the actual technical number is 98% of the time, Sean, but 100% of the time when it mattered.  And more importantly, when President Trump was in the White House,  Sherrod Brown voted against him 100% of the time when it mattered.  Look, I was at a school today visiting a kindergarten, first grade, second grade charter school  that just opened here in Columbus.  A little six-year-old boy raised his hand and said, I know that man, that's Bernie Marino.  And I also know Sherrod Brown is too liberal for Ohio.  So if a six-year-old gets it, I think the people of Ohio get it.  It's time to get rid of this 50-year politician.  Put an outsider in there, a business person that actually knows how to get things done  is always going to put the interests of the American people first.",['politici*'],1,278,0.003597122,"2 weeks until Election Day, and we have all the momentum!

Go to berniemoreno.com and help us retire Sherrod Brown.",[],0,20,0.0,0.99409556,0.059505444,0.007901642,0.24746814,elite,0.010753195,0.012772193,0.0020733224,0.0031970765,none,1,278,34.15,81.22,14.25,24.84,13.9,13.31,88.85,69.06,57.55,16.55,10.07,1.44,1.08,1.44,5.76,0,6.47,14.39,6.47,3.6,12.59,9.35,7.55,5.76,1.8,17.63,4.68,3.96,3.6,1.08,0.36,2.16,21.94,1.44,8.63,2.52,1.08,1.44,0.36,0.36,3.6,0.36,1.8,1.08,0.72,0,0,0,0,0,0,0,14.39,2.52,0,0,0.36,0.36,0.72,11.87,0,0,0.36,6.47,2.88,2.16,0.36,0.36,2.52,0,0.36,2.16,0.36,0,0.72,0,0,0,0,0,0,0,0.36,0.72,0.36,2.16,0,0.72,0,0.36,0.72,0.36,8.27,10.79,1.44,2.52,5.04,2.88,0,0,4.32,2.88,9.71,1.44,0,0,0,0,0,22.3,6.83,8.63,0.36,0,3.6,2.88,0
2024/10/23,Kari Lake,DBc_fwXp1IF,Republican,Arizona,"Hey, Arizona. Contrary to popular belief, I'm not the one driving this bus on our tour.  I'd like to introduce you to the pilot and co-pilot of the Make Arizona Grand Again bus tour.  We're having a great time, and I need you to go out and vote.  Vote early and get your mail-in ballots turned in right away.  Let's make Arizona grand again and make America great again.",[],0,69,0.0,I’d like to introduce to you to the “Pilot & Co-Pilot” of our #MakeArizonaGrandAgain Bus Tour… ?? ??,[],0,18,0.0,0.0046215155,0.05758655,0.0022930892,0.00295457,none,0.014338284,0.0033704832,0.0021881172,0.0036906025,none,1,69,51.87,89.9,65.33,99,11.5,14.49,82.61,68.12,47.83,14.49,13.04,4.35,4.35,4.35,0,0,1.45,10.14,5.8,0,13.04,7.25,4.35,7.25,1.45,17.39,8.7,0,4.35,4.35,0,0,27.54,2.9,13.04,1.45,4.35,4.35,0,0,1.45,0,8.7,8.7,0,2.9,2.9,0,0,0,0,0,11.59,1.45,0,0,0,0,1.45,8.7,0,0,0,0,4.35,4.35,0,0,0,0,0,0,0,0,0,0,0,0,0,0,0,0,0,1.45,2.9,1.45,0,0,0,0,0,0,17.39,8.7,0,4.35,5.8,0,0,0,7.25,1.45,4.35,0,1.45,1.45,0,0,0,21.74,8.7,4.35,0,0,5.8,2.9,0
2024/10/23,Dave McCormick,DBeHonPOfN3,Republican,Pennsylvania,"Yeah, this is ground zero. The Keystone State, you see it at the presidential race and you also see it in the Senate race.  I mean, President Trump has great momentum.  It's the race between strength and common sense policies versus the weakness of Kamala Harris in this radical San Francisco liberal agenda.  For me, my race has moved a lot. There's a huge momentum. I can feel a movement.  For those who want to learn more about me or support my campaign, it's DaveMcCormickPA.com.  And the race is really between a seventh generation Pennsylvanian, a West Point grad, a combat vet from the 82nd Airborne Division,  and someone who's a business guy and a political outsider versus a career politician.  Bob Casey has been in elected office 30 years, 18 years in the Senate.  He's weak and he's adopted this radical liberal agenda and voted 99 percent of the time with Biden and Harris.  So he's voted for wide open borders. He's voted for sanctuary cities, voted or supported defunding.  The police, he's been in lockstep with all this reckless spending that's created this huge skyrocketing prices.  And he's even supported biological males competing in women's sports.  So this is a guy who's lost touch with Pennsylvania.  And I think people are now seeing this race as a race between change and the status quo.  And I think that's why it's closed and why the momentum and the wins at my back.",['politici*'],1,243,0.004115226,"I’m a seventh-generation Pennsylvanian, West Point Grad, and political outsider running against a 30-year career politician who’s out of touch with our commonwealth.

It’s time for a change. Great to be on with @seanhannity!",['politici*'],1,34,0.029411765,0.9827519,0.5335538,0.07232969,0.9933762,right,0.7459031,0.9566676,0.024920555,0.08724057,none,1,244,50.51,59.57,40.56,31.5,13.56,19.26,86.89,66.39,51.64,14.75,8.2,3.69,0,0.82,2.46,0,6.56,17.21,9.84,2.46,10.66,9.84,4.1,8.2,0,17.21,6.97,4.92,7.38,0,1.64,6.15,21.31,0.41,7.38,2.46,1.23,0.82,1.23,0.41,2.05,0,4.92,2.87,2.05,0,0,0,0,0,0,0,11.07,2.46,1.23,0,0,0,0,8.2,0,0,0.41,3.69,6.97,6.97,0,0,3.28,0.41,0,2.05,1.23,0,1.23,1.23,0,0.82,0,0,0,0,0,0,0.41,0,0,0,0,0,0.41,0.41,5.74,11.89,0,2.05,7.38,1.23,0,1.23,2.46,4.1,9.84,0,0.41,0,0.41,0,0,18.44,7.79,4.51,0,0,6.15,0,0
2024/10/23,Bob Casey,DBeN2BxsttT,Democratic,Pennsylvania,"bat from 1971 series. I wish my little league teammates could see me holding this bat.  Oh, there it is, yeah.  Yeah.  You can see Clemente holding the pen.  Yeah.  Look how big his hand is.  Oh, they're giant.  The amazing thing about Clemente is how big a bat he is.  I wish my little-age humans could see me holding this bat.  So he uses that.  How are you?  Good to see you.  Good to be back here.",[],0,78,0.0,This visit to the @theclementemuseum was a special one.,[],0,9,0.0,0.028330596,0.0036661269,0.0024945412,0.0026498213,none,0.0056755133,0.00316723,0.0026086173,0.0035576338,none,1,78,5.91,86.44,1,79.29,5.57,10.26,87.18,76.92,51.28,23.08,16.67,7.69,0,3.85,3.85,1.28,6.41,11.54,3.85,1.28,5.13,12.82,8.97,1.28,0,23.08,7.69,7.69,2.56,2.56,0,0,19.23,0,11.54,3.85,5.13,6.41,0,0,0,0,3.85,3.85,0,3.85,3.85,0,0,0,0,0,12.82,1.28,1.28,0,0,0,0,12.82,0,0,0,3.85,0,0,0,0,0,0,0,0,0,0,1.28,0,0,0,0,0,0,0,0,0,2.56,0,0,0,0,0,0,0,14.1,10.26,1.28,0,3.85,6.41,0,0,0,0,10.26,2.56,6.41,0,3.85,2.56,0,24.36,16.67,3.85,1.28,0,1.28,1.28,0
2024/10/23,Eric Hovde,DBeRaFPp-Oi,Republican,Wisconsin,"Washington is corrupt. Senator Baldwin says she fights against Wall Street, and yet she lives with a Wall Street executive and gets all this money from Wall Street.  She says she's standing up to Big Pharma and Big Tech, but look at the money she rakes in from Big Pharma, Big Tech, and their executives.  Senator Baldwin doesn't work for you. She works for them.  Hi, I'm Eric Hovde. I approve this message. I'm not taking their special interest money. I'll only work for you.",['corrupt*'],1,85,0.011764706,NEW AD: It’s time to END the corruption. It’s time for change.,['corrupt*'],1,12,0.083333333,0.98800826,0.03484643,0.9834449,0.01764143,elite,0.90663034,0.046868935,0.11737656,0.0023188211,elite,1,85,33.03,67.61,17.36,9.05,9.44,16.47,89.41,64.71,48.24,20,17.65,4.71,0,2.35,7.06,3.53,2.35,8.24,2.35,0,12.94,7.06,2.35,5.88,2.35,16.47,8.24,5.88,9.41,0,3.53,5.88,17.65,1.18,4.71,0,0,1.18,1.18,0,3.53,0,3.53,1.18,2.35,0,0,0,0,0,0,0,20,7.06,0,1.18,1.18,1.18,4.71,12.94,0,0,7.06,0,5.88,3.53,0,2.35,9.41,0,0,5.88,3.53,0,1.18,0,0,0,0,0,0,0,0,0,0,2.35,0,0,0,0,0,0,12.94,12.94,1.18,0,11.76,1.18,0,0,1.18,0,11.76,1.18,0,0,0,0,0,22.35,10.59,5.88,0,0,5.88,0,0
2024/10/23,Sherrod Brown,DBemP6LqCuF,Democratic,Ohio,"canary in a birdcage. Mine workers used to take a canary down to the mines when they  didn't have a union strong enough or a government that cared enough to help them.  He was really on his own.  I wear that pin signifies to me that workers are the center of what we should fight for in government.  I don't know that Democrats around the country have focused on that the way that we should.  And workers, that symbol also means to me that 100 years ago, Wall Street didn't come to us and say, hey, I think we should start Social Security and take care of seniors.  We fought for it.  We demanded it.  We got it.  The polluters didn't come to us and say, it's time to clean up Lake Erie.  I want to help.  We had to force them, demand it, and make it happen.  We didn't create Medicare because the health insurance interests wanted to help us.  Civil rights didn't happen because a bunch of Southern segregationist senators said it's time to give them the vote.  I wear, when I have a suit on, I wear a pin.  It's a...",[],0,194,0.0,"""Workers are the center of what we should fight for in government."" - @sherrod 
#PodSaveAmerica #CrookedMedia #Unions",[],0,17,0.0,0.71426594,0.9567024,0.968217,0.01212555,left,0.5359849,0.8560987,0.36348158,0.01063883,none,1,194,32.14,70.03,45.7,76.25,12.13,11.34,93.81,74.23,57.73,22.68,13.92,5.15,5.67,0,1.03,2.06,8.76,13.92,7.73,0.52,12.89,8.76,3.09,5.67,3.09,22.16,3.09,2.06,13.92,7.73,0.52,5.67,20.1,0,10.82,1.55,2.58,2.58,0.52,0.52,3.09,0,4.64,4.12,0.52,0,0,0,0,0,0,0,18.04,6.19,2.58,0,1.03,0,2.06,10.82,0,0,0,1.03,3.61,3.61,0,0,2.06,0,0,1.55,0.52,0,1.03,1.03,0,0,0,0,0,0,0,1.03,1.03,1.55,1.03,1.03,0,0,1.03,1.03,8.25,7.73,1.03,1.03,6.7,0,0,0,3.61,7.73,3.61,0,0.52,0.52,0,0,0,18.56,9.28,4.64,0,0,4.64,0,0
2024/10/23,Bob Casey,DBexm1FpKt3,Democratic,Pennsylvania,"is a jack of all trades, a multitasker par excellence.  The first one is a food item.  Well, I think I can combine this into two food groups,  beer and cookies.  Lots of options on cookies, but India Pale Ale beer.  And there are lots of breweries in Pennsylvania.  I'm not gonna pick one.  And you can see it's a lot of reading, so you could be on that island for a while.  So if I'm on a desert island alone, I would need a lot of help.  So I would call the person who  Okay. Usually on a beach in America or on a desert island, most Americans are reading the history of Pennsylvania.  That's what I would want on the desert island.  That, of course, is my wife, Therese.",[],0,131,0.0,"What three items would you bring if you were stuck on an island????

Here are my top three.",[],0,18,0.0,0.013287428,0.0063750953,0.0015859116,0.004024194,none,0.009093347,0.0044582584,0.0028738135,0.0030857215,none,1,131,51.61,17.33,11.32,30.64,10.92,12.21,85.5,67.18,60.31,12.98,8.4,6.11,0,1.53,0,0,4.58,19.85,9.92,3.05,13.74,12.98,5.34,7.63,0.76,18.32,3.82,7.63,2.29,1.53,0.76,0,22.9,0.76,12.98,0.76,0,6.11,3.05,1.53,3.82,0,2.29,1.53,0.76,0,0,0,0,0,0,0,6.87,1.53,0.76,0,0,0,0.76,4.58,0.76,0,0.76,0,0,0,0,0,2.29,0.76,0,1.53,0.76,0,5.34,0,0,0,0,2.29,0,5.34,0,0.76,0.76,0,0,0,0,0,0,0,3.05,6.11,0,0.76,3.82,1.53,0,0,2.29,0.76,8.4,0.76,1.53,0.76,0.76,0,0,19.85,9.16,7.63,0,0,3.05,0,0
2024/10/23,Colin Allred,DBe5QEuoxtm,Democratic,Texas,"Yeah, I'm not really interested in our past. I'm interested in our future.  And the fact is, is that Ted Cruz is too small for Texas.  I've been endorsed by every major editorial board in our state.  We had a debate the other night where I think I exposed him for what he is.  We are working right now and seeing already fantastic early voting turnout.  And we don't have to have a senator who goes to Cancun when we need them most or who takes away a fundamental right from Texas women.  And this is not who we are. I'm a fourth generation Texan and I know who we are.  And so this is an election about our future. And on November 5th, we're going to turn the page and beat Ted Cruz.",[],0,134,0.0,"Ted Cruz can try to hide, but Texans know who he really is. He's too small for Texas, and on November 5th, we're going to fire him.",[],0,27,0.0,0.9007254,0.93031824,0.3938833,0.36386237,centr,0.9724087,0.48225212,0.009763994,0.089554064,none,1,134,8.02,95.13,59.19,67.25,12.18,10.45,88.81,75.37,63.43,21.64,18.66,5.22,8.21,0,1.49,0.75,2.99,14.93,5.97,1.49,9.7,13.43,5.22,8.21,2.24,20.9,7.46,3.73,10.45,8.21,0.75,1.49,26.87,0.75,5.97,1.49,0,0.75,2.24,1.49,2.24,0,2.99,2.99,0,0.75,0.75,0,0,0,0,0,15.67,1.49,0.75,0,0,0,0.75,14.18,0,0,0.75,1.49,2.24,2.24,0,0,1.49,0,0,1.49,0,0,0,0,0,0,0,0,0,0,0,0.75,0,0.75,1.49,0,0,0,0,1.49,5.97,7.46,1.49,1.49,3.73,0.75,0,0,7.46,3.73,13.43,2.99,0.75,0,0.75,0,0,14.93,8.21,2.24,0,0,4.48,0,0
2024/10/23,Colin Allred,DBe-CJ3uWVs,Democratic,Texas,"Hey Texas, I have somebody I want you to meet.",[],0,10,0.0,"Clear eyes, full hearts, can’t lose… beat Cruz!",[],0,8,0.0,0.009800405,0.0030101817,0.0025613108,0.0036395108,none,0.028249625,0.0055532865,0.0019528861,0.0033661213,none,1,10,3.8,89.5,7.03,99,10,10,90,90,60,40,30,20,0,10,0,0,10,0,0,0,10,10,0,0,0,30,0,0,0,0,0,0,20,0,20,0,0,10,10,0,0,0,10,10,0,0,0,0,0,0,0,0,40,20,0,0,0,0,10,20,0,0,0,0,0,0,0,0,0,0,0,0,0,0,0,0,0,0,0,0,0,0,0,0,10,0,0,0,0,0,0,0,30,0,0,0,0,0,0,0,0,0,0,0,10,10,0,0,0,20,10,10,0,0,0,0,0
2024/10/23,Kari Lake,DBe-TZsy_4E,Republican,Arizona,"I don't owe any...  And I have vowed to them we're going to do everything to protect them.  will help in any way possible.  busing him in from San Diego.  It is the worst thing I've ever seen happen in my lifetime in this country.  We're sick and tired of it.  And this crap is going to stop.  Entity back east, I don't know any.  made an app to bring people here illegally.  And I'm ready to get in there and go to work.  And I don't know.  You know, the buses, if they can bring them in, they can certainly bring them out.  And when we're done with our campaign, I'm happy to take our tour bus here  and turn it into a bus where we load it up with people who invaded our country  and send them back home.  And I will do everything in my power to make it come to an end.  And I look forward to it.  It's going to be fun.  putting them up in four-star hotels and in apartment complexes and kicking Americans out.  It's absolutely disgusting.  It's treasonous.  bringing them in over the app.  And frankly, we're pissed off.  Any lobbyist, any money, Ruben Gag was sleeping with a lobbyist.  I'm not.  government  And it is the biggest insult to the people of this country and the people of Arizona.  And I'm going to stand up and fight these bastards every step of the way.  And I know President Trump is as well.  coming people over, coming over every night, 75, 100 people every night.  If that doesn't make your blood boil, I don't know what will.  There's an app out there for people in all these different countries.  You just go on that app and say, I want to come to America,  and they'll facilitate you coming here illegally.  That way you don't have to come through and we don't have to get the video of it.  consultant money i don't know anybody any favors except for the people of this state",[],0,341,0.0,Watch until the very end…,[],0,5,0.0,0.946273,0.7790712,0.055650223,0.8925742,elite,0.0045229928,0.004846435,0.00224252,0.0036222083,none,1,341,27.77,67.54,96.95,3.32,10.66,11.73,93.26,74.19,61.58,19.94,12.61,4.99,2.64,1.47,0.29,2.93,7.33,11.73,4.11,0.88,16.42,10.56,4.11,7.62,2.64,21.41,2.93,1.76,5.57,2.93,0.29,2.35,19.94,2.05,8.21,1.76,0.88,0.88,2.93,0.88,1.47,0,5.87,1.47,3.81,2.35,0.59,1.76,0,0.88,0,1.17,15.84,4.11,0.59,0,0.88,0.29,0.29,10.85,0,0,0,0.29,2.93,1.76,0,1.17,2.35,0.29,0.59,0.59,0.88,0,0.88,0,0,0,0,0,0,0,0,0,0.29,0.88,1.17,0,0.88,0,0.29,0,14.08,17.6,0.29,4.69,14.66,0.59,0,0,2.05,1.47,8.21,4.4,0.29,0,0.29,0,0,20.53,9.68,4.11,0,0,6.45,0.29,0
2024/10/23,Eric Hovde,DBfC0HNpdJz,Republican,Wisconsin,"I'm going to run until I collapse over the finish line.  On to victory.  And you know what's really cool driving around?  Seeing all the Trump up-dee signs everywhere.  And, uh...  Getting ready to go give a speech.  We're up in northern Wisconsin in Polk County.  Well, the bus tour is well underway.  Bombing every part of the state. We'll be going non-stop for the last 13 days.",[],0,68,0.0,Checking in from the road. The momentum is undeniable all over our state. 13 days until VICTORY! ????,[],0,18,0.0,0.03841633,0.003940631,0.0017822946,0.004251142,none,0.0066011003,0.016960273,0.0018190581,0.002770445,none,1,68,84.92,66.03,98.96,85.53,6.8,14.71,82.35,66.18,50,8.82,7.35,2.94,2.94,1.47,0,0,1.47,11.76,8.82,1.47,17.65,8.82,7.35,4.41,0,19.12,2.94,5.88,7.35,2.94,2.94,2.94,23.53,4.41,4.41,1.47,0,0,0,1.47,1.47,0,7.35,5.88,1.47,0,0,0,0,0,0,0,7.35,2.94,0,0,0,0,1.47,4.41,0,0,0,0,0,0,0,0,0,0,0,0,0,0,0,0,0,0,0,0,0,0,0,0,0,1.47,0,0,0,0,0,0,4.41,20.59,0,5.88,13.24,1.47,0,1.47,5.88,0,7.35,8.82,1.47,0,0,1.47,0,29.41,16.18,2.94,1.47,0,5.88,2.94,0
2024/10/24,Dave McCormick,DBfJqzQtw4I,Republican,Pennsylvania,"And I've got a tough race myself.  Bob Casey has never faced anybody like Dave McCormick.  Captain of the wrestling team at West Point, then went on to serve his country in combat,  went into business, phenomenally successful, created an awful lot of jobs here in Pennsylvania.  He's the kind of Republican that can win general elections in Pennsylvania.",[],0,59,0.0,"Bob Casey is in the race of his life, and he knows it.

In 13 days, we are going to win PA and change the direction of our country.

CONTRIBUTE TODAY: davemccormickpa.com",[],0,32,0.0,0.005654922,0.021527126,0.003517831,0.0024972316,none,0.008428593,0.0100931395,0.002546615,0.002284609,none,1,59,89.52,40.06,53.8,45.75,14.75,23.73,81.36,61.02,45.76,10.17,6.78,3.39,0,0,3.39,0,3.39,11.86,6.78,0,18.64,6.78,3.39,3.39,1.69,13.56,8.47,1.69,10.17,1.69,5.08,3.39,13.56,1.69,5.08,0,0,1.69,1.69,0,1.69,0,8.47,5.08,3.39,3.39,0,1.69,0,0,0,0,8.47,1.69,1.69,0,0,0,0,6.78,0,0,0,3.39,5.08,5.08,0,0,3.39,0,0,3.39,1.69,0,0,0,0,0,0,0,0,0,0,0,0,1.69,0,0,0,3.39,0,1.69,5.08,15.25,0,3.39,11.86,0,0,0,3.39,6.78,5.08,0,0,0,0,0,0,16.95,6.78,6.78,0,0,3.39,0,0
2024/10/24,Colin Allred,DBfRqi6vbyh,Democratic,Texas,"And that also is triggering a backlash.  And so we are doing our work in terms of organizing.  And there are literally tens of thousands of doors that are being knocked on and phone calls that are being made.  And that's important.  But it's also true that Texans are waking up to the fact that their vote must be so powerful that they're trying to stop you from doing it.  And so that's what I think we're going to see in this election.  We're already seeing signs of it in the early voting.  It's going to continue, I think, through Election Day.  Houston and Harris County are certainly not going to be held down by these folks.  And we're looking forward to making sure we get folks out to vote.  Well, it's actually Harris County, Joy, but the point is right, right?  And which is that it's been a focus for so long because it's our biggest, most diverse county.  And what we're already seeing in the early voting numbers is that Texans are saying, you're not going to stop me from voting.  When I first got involved with voting rights, and I was doing that long before I ran for office,  the conversation was much different because the attacks on the right to vote were much more subtle at that time.  Now they're pretty much openly saying that we don't think certain folks should be voting.",[],0,237,0.0,Texans: your vote is so powerful. Don't let anyone stop you from making your voice heard. Head to colinallred.com/vote to make your plan to vote today.,[],0,26,0.0,0.0067357984,0.88625133,0.007706156,0.00898193,centr,0.0038181543,0.8533376,0.0066585373,0.0055231904,centr,1,237,7.17,69.54,38.11,20.23,15.8,12.24,92.41,78.48,62.87,18.99,8.44,2.53,3.8,0.84,0,1.27,10.55,14.35,3.8,0.84,13.08,16.46,6.33,9.7,1.27,27.85,8.02,5.06,7.17,3.8,0.84,2.53,27.85,0,9.7,1.69,1.69,1.69,0.42,1.69,2.95,0,2.53,1.27,1.27,0.42,0.42,0,0,0,0,0,9.7,2.53,0,0,0.84,0,1.69,7.17,1.27,0,0,0,4.64,4.22,0,0.42,1.27,0,0,1.27,0,0,0,0,0,0,0,0,0,0,0,0,0,0.84,0,0,0,0,0,0,6.33,8.86,1.27,0.84,5.06,1.69,0,0,5.06,4.22,11.39,3.38,0,0,0,0,0,16.88,5.91,4.22,0.42,0,6.33,0,0
2024/10/24,Sherrod Brown,DBfalAwvuS7,Democratic,Ohio,"Well, there's the contrast is clear. I fought for the dignity of work my whole career.  My opponent, Bernie Marino, is he stiffed his own workers out of four hundred thousand dollars in overtime.  Then he destroyed the evidence that the court demanded and to pay them back.  And how do you trust somebody that stiffs his own workers to look out for workers in Ohio?  Now, Martin saw today in Gahanna and saw in Columbus going to see in Dayton and Cincinnati and Cleveland the incredible enthusiasm of so many volunteers.  Part of that is abortion rights. Bernie Marino wants a national abortion ban.  No exceptions. I fought for issue one last fall.  The constitutional amendment for abortion rights. Fifty seven percent of Ohioans agree with me.  And Bernie thinks he knows better. So this contrast is really clear.  And in Martin, because of what's in his core and in his gut and in his heart,  helps us get that message across.",[],0,163,0.0,"I’m proud to have Martin Sheen by my side this week.

He knows Ohioans are ready for us to continue our fight for the Dignity of Work.",[],0,27,0.0,0.88531524,0.90091354,0.12076443,0.019094158,centr,0.008110868,0.9791555,0.02460202,0.014578427,centr,1,163,66.22,65.38,34.68,37.92,10.87,20.86,86.5,66.26,53.37,14.11,9.82,3.07,0.61,0.61,4.91,0.61,4.29,16.56,4.29,3.68,15.95,4.29,4.29,7.98,0.61,11.04,4.29,7.36,8.59,1.84,1.23,5.52,14.72,0.61,7.36,2.45,1.23,0.61,0.61,0.61,2.45,0,6.13,3.68,2.45,0.61,0.61,0,0,0,0,0,14.11,4.91,1.23,0,1.23,0.61,0.61,9.2,0,0,0,4.91,0,0,0,0,4.91,0,0,3.68,1.84,0,3.07,1.84,0,0,0,0,1.84,0,0,0,0.61,0.61,0,0,0,0.61,0,0,7.36,11.66,0.61,0.61,9.2,2.45,0,0,3.68,2.45,7.36,1.84,0.61,0,0.61,0,0,14.11,8.59,3.68,0.61,0,1.23,0,0
2024/10/24,Colin Allred,DBguPvgPb7W,Democratic,Texas,"I've talked to young women who've talked about, told me how they have a plan to leave the state with their friends if they have to.  I mean, these are the conversations that are going on here in Texas.  And this is on Ted Cruz.  And this is his abortion ban.  He is uniquely responsible for it here in Texas because of his career working towards this.  The federal level putting judges on the courts to do this, but also at the state level backing extreme legislators, you know, calling for and cheering on the Dobbs decision.",[],0,97,0.0,This is the reality of Ted Cruz’s extreme abortion ban.,[],0,10,0.0,0.7822895,0.004458185,0.07726347,0.01014889,elite,0.20202756,0.001073268,0.00939051,0.004247849,none,1,97,56.41,64.43,60.51,10.11,16.17,16.49,87.63,72.16,59.79,17.53,10.31,3.09,0,1.03,3.09,3.09,7.22,16.49,7.22,0,17.53,9.28,5.15,7.22,0,16.49,5.15,0,4.12,1.03,2.06,1.03,20.62,0,10.31,5.15,3.09,0,1.03,0,3.09,0,3.09,1.03,2.06,1.03,1.03,0,0,0,0,0,14.43,5.15,0,0,0,1.03,4.12,9.28,0,1.03,1.03,3.09,2.06,2.06,0,0,3.09,0,0,3.09,0,0,1.03,1.03,0,0,0,0,1.03,0,0,2.06,0,0,0,0,0,0,0,0,7.22,10.31,0,3.09,7.22,0,0,0,1.03,4.12,5.15,4.12,0,0,0,0,0,13.4,6.19,5.15,0,0,2.06,0,0
2024/10/24,Eric Hovde,DBhDrxDSU14,Republican,Wisconsin,"I love my country. That's why I made the decision to get in this race nine months ago. I need you  to call your friends, your neighbors, your colleagues. We've got to restore our great  country. We will win in November. We will restore America and make this country great again.",[],0,51,0.0,"Who’s ready to WIN?

EricHovde.com/vote ????",[],0,6,0.0,0.0025141863,0.48037922,0.004000191,0.0032897068,none,0.009635395,0.010721357,0.0026798511,0.002279914,none,1,51,10.19,99,90.94,99,8.5,21.57,92.16,70.59,54.9,29.41,23.53,7.84,7.84,7.84,0,0,5.88,19.61,1.96,1.96,9.8,7.84,5.88,1.96,0,17.65,3.92,3.92,15.69,13.73,1.96,0,25.49,0,9.8,1.96,5.88,1.96,0,0,0,0,7.84,7.84,0,1.96,1.96,0,0,0,0,0,31.37,3.92,0,0,0,0,1.96,21.57,0,1.96,0,0,0,0,0,0,3.92,0,1.96,1.96,0,0,0,0,0,0,0,0,0,0,0,1.96,0,3.92,0,0,0,1.96,0,0,21.57,9.8,0,0,9.8,0,0,0,7.84,5.88,1.96,3.92,0,0,0,0,0,19.61,11.76,3.92,0,0,3.92,0,0
2024/10/24,Colin Allred,DBhJRr2v1x2,Democratic,Texas,"It's not being done by him.  done by other people.  When the rubber meets the road, and you have to actually pass a bill to help Texans and to help Americans, he's not there.  Whether it's the Chips and Science Act that John Cornyn helped us pass, that really no state is benefiting more from than Texas, Ted Cruz votes against it.  Then he wants to show up later at semiconductor manufacturers and talk about the work that we're doing at the federal level.  Well, he's a free rider there.",[],0,90,0.0,"Ted Cruz can try to take credit for the CHIPS Act, but Texans know the truth about his record: he didn’t vote for it. I did. Texans deserve a Senator who will actually invest in jobs in our state.",['truth*'],1,39,0.025641026,0.9861617,0.077129476,0.07612741,0.03252006,elite,0.6975545,0.9347031,0.018193256,0.03164452,elite,1,90,27.51,53.33,14.22,99,15,10,84.44,71.11,61.11,14.44,7.78,0,2.22,1.11,4.44,0,6.67,14.44,7.78,0,14.44,12.22,7.78,8.89,3.33,18.89,5.56,1.11,6.67,5.56,1.11,0,24.44,1.11,10,0,0,1.11,0,2.22,6.67,0,7.78,7.78,0,0,0,0,0,0,0,0,14.44,5.56,3.33,0,0,0,1.11,8.89,0,0,0,4.44,2.22,2.22,0,0,3.33,0,0,3.33,0,0,0,0,0,0,0,0,0,0,0,2.22,1.11,0,0,0,0,1.11,0,1.11,8.89,8.89,0,2.22,5.56,1.11,0,0,3.33,3.33,8.89,3.33,0,0,0,0,0,17.78,6.67,5.56,0,0,5.56,0,0
2024/10/24,Dave McCormick,DBhKZq9SnC6,Republican,Pennsylvania,"basically telling a Pennsylvania McDonald's franchisee that he's to blame for high prices.  And this week, Bob Casey decided to further twist the knife.  The very next day, Senator Casey sent a letter to the CEO of McDonald's attacking McDonald's for high prices.  I wonder if there's a connection between President Trump's visit and the attacks by Senator Casey.  It was a vindictive move to score political points, attacking small businesses and employees instead of accepting the responsibility.  This was after President Trump's visit.",[],0,84,0.0,Attacking PA small business owners instead of taking responsibility for the inflation he created shows you that Bob Casey has been in DC way too long.,[],0,26,0.0,0.99357706,0.04198722,0.03157853,0.016628074,elite,0.9961442,0.13569373,0.015278859,0.15951507,elite,1,84,91.07,54.27,56.69,1,14,29.76,86.9,60.71,42.86,7.14,2.38,1.19,0,0,1.19,0,4.76,14.29,10.71,0,13.1,4.76,4.76,5.95,0,10.71,7.14,5.95,10.71,0,0,10.71,13.1,0,5.95,2.38,1.19,0,2.38,0,2.38,0,7.14,1.19,5.95,1.19,0,1.19,0,1.19,0,0,16.67,9.52,0,0,4.76,1.19,1.19,5.95,0,0,0,1.19,5.95,5.95,0,0,8.33,0,0,5.95,3.57,0,3.57,0,0,0,0,0,0,3.57,0,0,0,1.19,0,0,0,0,0,1.19,5.95,9.52,0,2.38,7.14,0,0,0,4.76,4.76,2.38,0,0,0,0,0,0,19.05,7.14,3.57,0,0,8.33,0,0
2024/10/24,Elissa Slotkin,DBhbwL1g58Q,Democratic,Michigan,"We are in a 10-year period of political...  Engaged citizens who do a little bit more than they're used to doing, they say, oh my gosh, I got to help my country.  And they get involved.  They do some volunteer work.  They come to an event.  They engage.  instability in the United States of America. Historians will write  We need to wear our patriotism on our sleeves.  You are all here.  You're not here for your health, right?  You are here because you want your country to be better, because we want to get past  this period of zero sum politics where we can't even discuss, you know, uh, kind of,  you know, chicken coop policy with our neighbors because of politics, right?  This is not how it's always going to be.  and then principled leaders ready to receive the ball  and do something about it.  engaged citizens, and principled leaders.  books about this time, but it will not be forever.  And the way that we get through it every single time,  every single period of our history is two things.",[],0,181,0.0,The way that we get through political instability *every single time* is with engaged citizens and principled leaders.,[],0,18,0.0,0.024973677,0.9849836,0.011189473,0.031132065,centr,0.0038540526,0.87892777,0.005171434,0.008311596,centr,1,181,17.8,99,38.94,35.94,11.31,17.13,93.92,71.27,59.12,20.44,14.92,1.66,4.97,4.42,0,3.31,5.52,14.36,3.31,2.76,11.6,9.94,4.97,6.08,2.21,18.23,3.31,6.63,9.94,6.08,1.1,2.76,23.76,2.76,10.5,1.66,2.76,2.21,1.66,0,3.31,0,1.1,1.1,0,0,0,0,0,0,0,0,21.55,4.42,1.1,0,0,1.66,1.66,16.02,0,0,0,0,4.97,4.97,0,0,2.76,0,0.55,2.21,0,0,1.1,0.55,0,0,0,0,0,0.55,0,0.55,1.1,2.76,0,0,0,0,0,0.55,9.94,5.52,0,0.55,5.52,0,0,0,6.08,2.21,4.97,3.31,1.1,0,0,1.1,0,20.44,8.84,7.73,1.1,0,2.21,0.55,0
2024/10/24,Kari Lake,DBhhJs9oT-N,Republican,Arizona,"And I know the people of this country are ready for it.  So I've been really trying to stay out of telling people how to vote.  When President Trump gets into office, no matter what we vote on,  I want to see border security. I know that in January of 25, border security is coming.  come hell or high water.  No matter what we do, we are going to have border of security.  I think that the people of this country and this state are smart enough to vote, to read the propositions and vote the right way.",[],0,98,0.0,"We cannot let the destruction caused by Harris & Gallego's open border continue.

Come hell or high water, when I'm in the Senate and President Trump is in the White House, we WILL secure the border.",[],0,36,0.0,0.007936469,0.93738514,0.0060685338,0.0101907365,centr,0.98808193,0.1145901,0.045852512,0.92007124,none,1,98,50.71,46.09,93.64,51.68,14,9.18,96.94,70.41,55.1,16.33,8.16,5.1,3.06,0,0,0,8.16,12.24,4.08,1.02,16.33,8.16,4.08,6.12,2.04,21.43,4.08,1.02,5.1,3.06,1.02,1.02,22.45,2.04,11.22,4.08,1.02,2.04,1.02,1.02,1.02,0,3.06,2.04,0,0,0,0,0,0,0,1.02,10.2,1.02,0,0,0,0,1.02,7.14,0,0,0,0,5.1,5.1,0,0,2.04,0,0,1.02,0,1.02,0,0,0,0,0,0,0,0,0,0,1.02,1.02,0,1.02,0,0,3.06,0,17.35,14.29,0,2.04,13.27,1.02,0,0,3.06,2.04,5.1,2.04,0,0,0,0,0,13.27,7.14,5.1,0,0,1.02,0,0
2024/10/25,Bernie Moreno,DBhwP3dNeCv,Republican,Ohio,"Well, the problem with that approach is that he has a record.  He has a record in which we've lost 200,000 manufacturing jobs.  This guy's the grim reaper for corporations here in Ohio.  If he shows up in a factory, it's probably because it closed.  What I'm going to do is the opposite, Laura.  I'm going to make certain that we bring companies here that provide opportunity to people,  allow them to live a good life where they can own a home, own a car,  and live a life that's free of a government that's intrusive to them.  That's the difference between me and my opponent.  He's all talk, no action.  We're going to get things done.  That's what I've done my entire life in the private sector.  It's why I'm running, Laura, because we need people in Washington, D.C.,  who know how to get things done and how business works.  Well, again, thanks to a lot of support, people going on BernieMarino.com.  We're knocking on 150,000 doors a week.  We have a ballot-chasing operation.  We have a great ground game.  We've registered new voters.  And so far, Laura, over two weeks of early voting, we're leading.  There's more Republicans voting early in Ohio than Democrats,  but we need the support so that we can get back on TV  and fight him back on the airways where he's swamping us.  Well, remember, he wanted to be her vice presidential nominee in 2019 because the two of them were the most liberal senators in America.  So he hasn't changed.  What happens is he just pretends to be a moderate.  He has President Trump in his ads.  He wants you to believe he's bipartisan.  But, Laura, what's different this time is thanks to our ability to raise money, we've got him on the ropes.  We need more.  We need all your viewers to go on BernieMarino.com and help us because he's spending a fortune here to try to convince people he's something he's not.",[],0,332,0.0,"Sherrod Brown is lying to Ohioans because he can’t defend his own radical record.

In 12 days, we will send him into retirement. Help us get across the finish line at berniemoreno.com.",[],0,32,0.0,0.97620004,0.6461116,0.495907,0.033205647,elite,0.9934941,0.013066941,0.010668761,0.3362833,elite,1,335,23.77,96.85,13.1,67.25,12.88,17.01,91.64,73.13,57.91,21.19,14.63,2.09,5.07,0.6,5.37,1.19,6.57,14.63,7.16,1.49,12.24,12.84,5.37,5.07,0.9,24.18,5.37,3.28,9.25,5.37,1.49,2.69,25.37,0.9,11.04,1.79,2.99,2.69,0.9,0,2.99,0.3,5.37,4.18,1.19,0.6,0.3,0.3,0,0,0.3,0,18.81,3.58,1.79,0.6,0.3,0,0.9,14.33,0,0,0.3,5.37,3.58,2.99,0,0.6,4.78,0.6,0.3,2.99,1.19,0,0.9,0,0,0,0,0,0,0,0.3,1.19,0.6,1.19,0,0,0,0.6,0,0,10.15,10.75,0,2.39,8.36,0.3,0,0,2.39,3.88,10.15,2.39,0,0,0,0,0,24.48,8.96,7.46,0,0,7.76,0.3,0
2024/10/25,Kari Lake,DBh6tczPMzt,Republican,Arizona,"I guess Bill Clinton never changes, right?  Well, look, I'm a middle-aged mom, so anybody who gives me a compliment, I'm flattered.  But I'm happily married, Laura, and I'm probably too young for him.  And frankly, I don't want to get on Hillary Clinton's bad side.  That's a dangerous place to be.  100 percent. They know President Trump made our border safe.  They know I'll do the same. Go to Carrie Lake dot com. See where I stand on all the issues.  I want to put America first and make our state safe, secure and affordable again.  Well, he just lies. I mean, he comes right out and now he's trying to say he's for the border wall when he called it the dumb, stupid border wall and said he would never, ever, ever build it.  And he has voted to have open borders every step of the way.  We just came from the border. We were in Yuma 24 hours ago.  And they still have this huge area where about 100 people, 75 people a night come in.  And the federal government has put up a banner there basically telling them to go to the CB1 app and telling them how to get housing and where to go.  It's insane. We're paying for that. The federal government put that app together.  But I will tell you this. In January of 25, when President Trump is elected, when I'm elected in the Senate, we're going to use that CBP1 app and we're going to use it the other way.  We're going to find out who came in and we're going to send them back to their homeland, Laura, because in order to save our homeland,  they got to go back to theirs.  Truly, our country depends. I mean, we won't have a country if we have to do any more of these these people who are trying to destroy us.  You know, my internal polling looks much closer and better. I know what the polling is by talking to the people and the people are very active right now.  They're activated to vote for Trump and me, and they're learning finally a little bit more about Ruben Gallego.  The media hasn't covered him well. He spent one hundred million dollars doing an extreme makeover,  trying to paint himself into a moderate when he's the most radical left member of Congress that nobody's ever heard of.  He's voted with Kamala and Joe a hundred percent of the time.",[],0,417,0.0,"It was wonderful to sit down with Laura Ingraham tonight to talk about the state of the Arizona Senate race and our urgent need to secure our border.

We MUST WIN & I need your help to do it. 

Fuel Our Fight! ??
KariLake.com/Donate",[],0,44,0.0,0.98345906,0.07293699,0.008701631,0.81371796,elite,0.0031464875,0.13005139,0.004719989,0.0039279466,none,1,417,25.66,89.04,69.07,23.25,13.03,14.15,91.85,74.1,57.31,18.23,14.39,4.08,3.36,0.48,3.12,2.64,3.84,13.19,6.47,2.88,11.99,9.35,8.15,6.47,1.44,21.34,6.24,4.32,7.91,4.56,0.96,2.4,22.06,1.92,8.39,2.4,2.16,1.44,1.44,0.48,1.44,0,3.12,1.68,1.44,0.24,0,0.24,0,0,0,0,16.31,2.88,0.24,0,0,0.24,1.68,12.95,0.48,0,0.24,3.12,4.08,3.36,0,0.72,1.44,0,0.24,0.24,0.96,0,0,0,0,0,0,0,0,0,0,0.48,0.48,0.72,0,0,0,0,1.2,0,11.03,12.47,0.24,2.88,9.83,0.72,0.24,0,4.8,2.88,7.67,3.12,0,0,0,0,0,19.9,7.43,6.24,0.24,0,5.76,0.24,0
2024/10/25,Eric Hovde,DBjM8mwsYgO,Republican,Wisconsin,"I will only be your senator. I will never be bought and owned by special interests.  And how about big tech? She says she's standing up to big tech.  What has she ever done to stand up to big tech?  She's taking millions from big tech.  She takes it hand over fist.  She says she's running, fighting against Wall Street.  She's taken massive amounts of money from Wall Street.  She says she's fighting against big pharma  and rising drug prices.  Look at what drug prices have done under her.  And look at how much money she's taken from big pharma.  I'm not taking special interest money.",[],0,106,0.0,"As your Senator, I work for YOU. 

I will NEVER be bought and owned by special interests like Tammy Baldwin.",[],0,20,0.0,0.98787594,0.035408344,0.98110664,0.01840714,elite,0.7059477,0.94382125,0.83115596,0.01704277,elite,1,106,20.65,72.6,5.76,10.8,8.15,13.21,96.23,75.47,52.83,17.92,15.09,2.83,0,0.94,11.32,0,2.83,3.77,0,0.94,16.04,14.15,5.66,3.77,1.89,25.47,10.38,11.32,1.89,0,0,1.89,24.53,1.89,4.72,1.89,1.89,0,0,0,2.83,0,2.83,0.94,1.89,0,0,0,0,0,0,0,16.98,4.72,0,0,1.89,0,2.83,12.26,0,0,11.32,0,4.72,0.94,0,3.77,5.66,0,0,0,5.66,0,2.83,1.89,0,0,0,0,0,0,0,0,0,5.66,0,0,0,0,0,0.94,13.21,14.15,2.83,1.89,9.43,1.89,0,0,1.89,5.66,11.32,1.89,0,0,0,0,0,19.81,10.38,0.94,1.89,0,6.6,0,0
2024/10/25,Sherrod Brown,DBjPdrNMaaU,Democratic,Ohio,"Good to see you.  How's it going?  Good to see you.  Thank you.  She was so right!  A long time friend of ours, Martin Sheen's in town.  Let me hear it for you, Sharon.",[],0,34,0.0,"Felt the energy in Gahanna. 

Let’s do this.",[],0,8,0.0,0.023024289,0.0050197733,0.0021894607,0.0033486485,none,0.0038460316,0.006637358,0.0025448243,0.003943908,none,1,34,29.85,99,26.78,99,4.86,0,91.18,73.53,52.94,26.47,20.59,2.94,2.94,11.76,2.94,0,5.88,2.94,2.94,0,14.71,5.88,5.88,2.94,0,23.53,2.94,2.94,5.88,5.88,0,0,8.82,0,2.94,2.94,2.94,0,0,0,0,0,8.82,8.82,0,5.88,5.88,0,0,0,0,0,26.47,2.94,2.94,2.94,0,0,2.94,23.53,0,2.94,2.94,0,0,0,0,0,0,0,0,0,0,0,0,0,0,0,0,0,0,0,0,0,0,0,0,0,0,0,0,0,23.53,17.65,0,2.94,5.88,5.88,2.94,0,2.94,2.94,2.94,2.94,0,0,0,0,0,32.35,14.71,5.88,2.94,2.94,5.88,0,0
2024/10/25,Colin Allred,DBjVdGBhnh8,Democratic,Texas,"Molly, we've had 20% of Texas OBGYNs who are saying they're planning on leaving the state,  13% saying they're planning on retiring early.  Among folks who are residencies to be OBGYNs in Texas,  many of them are saying they're not going to practice in Texas.  This is a crisis for us.  It already is.  We're not talking about what's coming.  We're talking about what's happening right now.  And if you want to start a family in Texas, it has become dangerous,  and it's becoming much more difficult.  And as somebody who, my wife and I, we've had two boys here in Dallas in the last five years,  I can tell you this is just not what anybody wants.  And so this is what we have to do is we have to talk about this on the national stage  because what Ted Cruz has done to women and families in Texas,  he does want to do nationally whatever he says.  Everybody knows this.  He spent his entire career on this.  When he ran for president, he went further and was saying that we should ban things like IVF  and certain forms of birth control.  So this is what we have to stand up to.  We've seen an enormous spike in infant death.  We've had a 56% increase in our maternal mortality rate.",[],0,221,0.0,"We've seen deadly consequences as a direct result of Ted Cruz's dangerous abortion ban. And on November 5, he's going to find out what happens when you mess with Texas women.",[],0,31,0.0,0.7627269,0.62326765,0.37659284,0.008608114,elite,0.9585733,0.12022235,0.095648,0.009567977,elite,1,221,8.83,99,9.4,7.85,14.73,13.12,91.86,78.28,62.9,23.53,13.57,1.36,5.43,0.9,2.71,1.81,9.95,10.41,3.17,2.26,14.93,16.74,4.52,6.33,1.36,27.6,4.98,4.52,8.6,6.79,1.36,0.45,25.34,0.45,8.14,1.36,0.45,2.26,1.36,0,1.81,0,1.36,0,1.36,0,0,0,0,0,0,0,21.72,4.07,0,0,0,0,4.07,17.65,2.71,0,1.36,3.17,0.45,0.45,0,0,2.26,0,0.45,1.36,0.45,0,1.81,0.9,0,0,0,0,0.9,0,0.9,3.17,1.36,0,0,0,0,0,0.9,0,3.62,8.14,0,1.81,6.33,0.45,0,0,3.17,6.33,11.31,4.98,0,0,0,0,0,18.1,6.79,4.52,0,0,5.43,1.36,0
2024/10/25,Kari Lake,DBkE1kPP4oS,Republican,Arizona,"to us by actually looking at how you could bring down costs. But why haven't you done that, Ruben?  He wants to act like he's bipartisan. He's voted with Kamala Harris and Joe Biden 100% of the time,  printing money like it's going out of style. And that's why your dollar is only worth 75 cents.  The price of everything has gone up. The price of eggs up over 100%. Nobody can afford housing  anymore. His vote caused a disaster. That is what this gentleman did, sold us out.",[],0,89,0.0,"Ruben Gallego talks like he's bipartisan. 

He's voted with Kamala and Biden 100% of the time, printing money like it's going out of style.

That's why EVERYTHING is more expensive now.

Ruben Gallego sold us out and caused this disaster. 

A vote for Kari Lake will reverse it.",[],0,48,0.0,0.99697363,0.03711253,0.027667098,0.334028,elite,0.99590236,0.01306054,0.035659213,0.6575881,elite,1,89,35.81,94.61,3.15,,8.9,10.11,88.76,77.53,61.8,19.1,10.11,0,2.25,3.37,4.49,0,8.99,11.24,4.49,3.37,19.1,13.48,6.74,3.37,2.25,22.47,2.25,5.62,2.25,2.25,0,0,28.09,2.25,11.24,1.12,4.49,3.37,0,1.12,2.25,0,0,0,0,0,0,0,0,0,0,0,13.48,3.37,1.12,1.12,0,0,0,11.24,0,0,0,5.62,3.37,3.37,0,0,10.11,0,1.12,0,8.99,0,1.12,0,0,0,0,0,0,1.12,0,0,1.12,0,0,0,0,0,0,0,7.87,11.24,0,3.37,6.74,1.12,0,0,2.25,6.74,10.11,2.25,0,0,0,0,0,22.47,10.11,3.37,1.12,0,5.62,2.25,0
2024/10/26,Ted Cruz,DBkb0gsp5Jo,Republican,Texas,"Well, look, it illustrates just how the entire world has gotten more dangerous.  The incredible weakness of Joe Biden, Kamala Harris as commander in chief.  Look, when Donald Trump was president, we had peace and prosperity. In fact, we had peace  flowering in the Middle East and the Abraham Accords being signed. Now, we've had Israel at  war for over a year. We had October 7th. And I got to say, this was funded by Joe Biden and Kamala  Harris. They gave over $100 billion to Iran. And right now, what the president should say that Joe  Biden has not said is America stands unequivocally with Israel, period, the end. That's what we  should say. And you know what? When Donald Trump is reelected, that's what he's going to say.",[],0,130,0.0,"Rockets are currently flying all across the Middle East. 

This violence is a direct result of Joe Biden and Kamala Harris’s disastrous foreign policy. They have made the world immeasurably more dangerous for Americans and for our allies.

What Biden-Harris officials should be saying tonight, but won’t, is that America stands unequivocally with Israel.",[],0,54,0.0,0.993403,0.02061333,0.0205972,0.8924932,elite,0.9926851,0.012462101,0.006305291,0.47949907,elite,1,130,27.08,94.52,17.99,30.73,10.83,12.31,80,65.38,52.31,13.85,6.92,0.77,3.85,0.77,0.77,0.77,6.92,10.77,5.38,2.31,10,13.08,5.38,6.92,0.77,22.31,5.38,3.85,10,3.85,0,6.15,23.85,0,3.85,1.54,0.77,1.54,0,0,0.77,0,5.38,3.08,2.31,0,0,0,0,0,0,0,14.62,4.62,0,0,0,0,3.85,10,0,0,0,0.77,4.62,4.62,0,0,0.77,0,0,0,0.77,0,0,0,0,0,0,0,0,0,0,0,0,1.54,0,0,0,0,0.77,0,6.15,7.69,1.54,0,6.15,1.54,0,0,6.15,8.46,6.92,1.54,0,0,0,0,0,22.31,8.46,9.23,0.77,0,3.08,0.77,0
2024/10/26,Colin Allred,DBkn0Ygsrxd,Democratic,Texas,"We're going to make Roe v. Wade the law of the land again.  The point is, there shouldn't have been a mob.  That's what you gotta do.  That's what's gotta happen.  the public school teacher.  Because we need the only former NFL linebacker in the room.  For all the Texas families.  We're coming to Texas and we're shining a light on what's happening to Texas families and Texas women.  We got 10 days to knock on doors.  We gotta make sure Kamala Harris is the next president of the United States.  I will protect your fundamental rights.  I will bring us together around our shared values.  I'll remind us that we have more in common than what divides us.  We might have come here on different ships, but we're in the same boat now.  We're all Texans.  12 years is long enough.  I know many of y'all probably know where you were on January 6th.  I know where I was.  Can you imagine having the privilege and the responsibility of representing our great state,  and a crisis hits our state, and you think, I need to go check out the Ritz-Carlton in Cancun?  And when we do, it won't be a win for me or for a party.  It'll be a win for our state.  Y'all ready?  Because I know there are heroes out here right now.  who went to work maybe for one or two jobs like my mom used to do.  after he'd gone around the country lying about the election.  Ted Cruz was hiding in a supply closet.  And what do we do?  There shouldn't have been one.  And if you summon one, and you run for United States Senate, you've got to lose your job.  We gotta make sure we send Ted Cruz packing.  Everybody's like, what you gonna do, Colin?  Can you imagine that?  I'll tell you what, if you did and you ran for office again, you gotta lose your job.  He's too small for Texas.  In 10 days!  of what they've gone through here in this state.  And there's a mob at the door.  And he's too small for Texas because when 30 million Texans were relying on him.  who are looking for a senator is looking out for them.  I will never abandon you when you need me most.  My time in Congress, I've been the exact opposite of Ted Cruz.  Here's what we're gonna do, Texas.  You wouldn't do it.  We're going to beat Ted Cruz.  If your neighbor needed help in a crisis, you would go check on them.  I was on the House floor doing my job.  Took off my suit jacket and I was prepared to defend the house floor from that mob.  We're all Americans.  We have to have a leader who understands that.  The exact roots.  after he'd been the objector to the results in Arizona.  I don't want him to get hurt by the mob.  So I took off my suit jacket.  For all the Texas families.  But there's nothing I can do.  You know, it shouldn't be lost on us.  And so I relied on my community, on my teachers and my coaches, folks who went above and beyond for me.  They poured themselves into me.  Because of them, I became captain of the football team at Baylor, was a linebacker in the NFL,  became a civil rights lawyer, and have served us in Congress for the last six years.  Whatever happens, I love you.  You know, Allie and I have been blessed with two healthy babies in Dallas in the last five years.  I can't imagine.  Can you imagine that?  And so here's what we gotta do, Texas.  Make phone calls!  They locked all the doors.  When you lose an election, you think, you know what, I'm going to try and overturn that election.  Hey, let's give it up for Amanda and Josh.  And I know you're hoping that your elected officials are working as hard as you are.  That's what we elect people to do.  because Ted Cruz thinks he knows better.  No more of this!  If at one of our appointments the doctor comes in and says there's a problem with the baby, or with my wife,  In God's grace.  For all the Texas families,  All right, let's do it, Texas.  God bless you.  May God bless the great state of Texas.  when the lights went out.  I went to public school in Texas, I'm not just gonna sit there.  if you are singularly responsible  Listen, I'm Congressman Colin Allred.  telling their own personal story.  There's one thing I know for sure after that debate.  You know what small people do?  I was raised by a single mother.  And we don't pay our teachers enough.  In 10 days, we're going to beat Ted Cruz.  for taking away a fundamental freedom from Texas women.  It's too small!  Thank you, Amanda and Josh.  It's that everything is bigger in Texas, but Ted Cruz is too small for Texas.  who dropped their kids off at school,  I don't know if y'all saw the debate the other night.  For all the families.  because you think you know better than sexist women and their families and their doctors.  And you put in place this abortion ban, and you celebrate this abortion ban.  You introduce at the national level five times a nationwide abortion ban.  Then you have to lose your job.  Hey Houston, how you doing?  I never forgot the folks who gave me a chance.  I've been the most bipartisan Texan in Congress because that's how you get things done.  He decided to go to Cancun.  Because I never forgot where I came from.  We're all Texas women.  I texted my wife, Allie, who was seven months pregnant with our son, Cameron.  So here's what we're gonna do.  That's not who we are.  There's one thing I know about us as Texans, and I'm a fourth-generation Texan.  It's that we believe in freedom.  that they were just up here.  But Ted Cruz has been all about himself for too long.  We bar the doors the president walks through to deliver the State of the Union with furniture that we usually use to hold paper.  I remember when...  I believe in a very different Texas than Ted Cruz does.  And I want to thank Vice President Harris.",[],0,1061,0.0,"Everything is bigger in Texas except for Ted Cruz. He’s too small for our state.

Let’s beat him on November 5th.",[],0,21,0.0,0.3209021,0.96801645,0.08858378,0.03531781,centr,0.24950822,0.010485414,0.0023803895,0.0069363452,none,1,1061,19.71,97.23,59.97,29.09,9.39,10.93,90.67,74.55,60.98,21.02,16.31,5.09,4.05,4.43,0.85,1.13,4.71,13.95,6.13,1.98,13.1,12.44,5.28,6.79,1.51,22.34,4.34,4.62,9.61,5.84,1.13,2.73,23.47,1.79,9.52,2.73,1.6,1.7,1.51,0,2.36,0.38,3.49,2.07,1.41,0.38,0.28,0.09,0,0,0,0,17.53,2.83,0.47,0.47,0,0.19,1.13,14.89,1.51,0,0.75,0.94,1.98,1.89,0,0.09,4.15,0.47,0.57,2.36,0.09,0.66,0.75,0.66,0,0.09,0,0,0.38,0,0,1.51,0.28,0.75,0,0.19,0,0.19,0.75,0.19,6.88,9.71,0.85,1.98,6.69,0.75,0.09,0.19,3.2,4.71,6.6,3.58,1.13,1.13,0,0,0,21.11,9.71,4.34,0.75,0.38,5.75,0.19,0
2024/10/26,Kari Lake,DBk4agEPC_b,Republican,Arizona,"Democrats, independents, and republicans are united to save our country. Do you know that?  Who's got three friends?  Well, the Democrats are coming over to the America First side.  That's a true story.  How many of you have one friend?  There's always that one who's got one friend.  You've got to vote early.  We cannot wait until Election Day, guys.  How many of you, this is your first time voting?  All right, if you've got one friend or 10 friends,  in the next 11 days, you've got to reach out and talk to them.  You guys.  Where? Where's a Democrat? Right there.  We got a Democrat. Welcome in.  I don't think so.  You're not tuning into MSDNC, right?  are voting in the most historic election in this entire history of our country.  You're probably not even tuning into Fox or the local stations.  That's not where you're getting your information online.  They want us to think that it's Democrats versus Republicans.  And you've got to be very discerning about where the information is coming from.  This country is so united.  I'm going to tell you this because I've been around for 55 years.  I've never seen our country more united.  First of all, you're not listening to the mainstream media, right?  You're not tuning in to CNN, are you?  You better have three.  We need more than three votes for you.  This is amazing.  You're voting in the most historic election.  I'm so excited for you.  I'm so excited for our country.  I know the people are with us.  The biggest lie is that we're 50-50.  How many of you used to be Democrat, used to be anti-Trump?  Wow, look at this.  Keep your hands up.  How many of you were brainwashed into being anti-Trump?  Raise your hands.  This is amazing, and you're no longer brainwashed.  You've woken up.  All right, that's not bad.  All right, let's change it up a little bit.  How many of you have five friends?  you have 10 friends.  All right, we're getting there.  Wait, keep your hands up.  Oh my gosh, keep your hands up.",[],0,351,0.0,"The biggest lie that the media is trying to sell us is that this country is divided.

I've been all across this country and talked to people from all walks of life across Arizona, I've never seen our country more united. Democrats, independents, and Republicans are united to save our country.

We're going to prove it on November 5th.",[],0,59,0.0,0.2023956,0.026632277,0.0011271467,0.0052664075,none,0.30276844,0.9243585,0.021748811,0.014314641,none,1,351,13.59,99,85.43,65.14,6.88,12.82,97.15,76.35,61.82,20.23,15.67,2.28,3.42,8.83,0,0.57,4.56,18.23,3.99,4.56,13.39,14.81,6.55,3.99,2.85,24.5,6.55,9.4,8.26,6.55,0.28,1.42,25.64,2.28,9.4,3.42,2.56,0.85,1.14,0,3.7,0,4.27,3.42,0.57,1.99,1.14,0.57,0,0,0,0,19.66,1.99,0,0.28,0,0,0.85,16.24,0,1.99,0,0.57,5.13,4.84,0,0.28,0,0,0,0,0,0,1.42,0,0,0,0,0,0,0,0,0.28,0.28,2.56,0,0,0,0,0.28,0,11.68,11.97,0.28,1.14,9.97,0.57,1.14,0,4.27,4.56,9.69,0.57,0.57,0,0,0.28,0.28,29.34,11.11,5.7,3.42,0,8.26,0.85,0
2024/10/26,Kari Lake,DBk4hmftDy1,Republican,Arizona,"Nothing worked.  The machines didn't work, the printers didn't work. If we wait until election day,  We're going to stop the invasion at the border.  We are going to fully fund our police.  If somebody asks you, what is the best class I should be taking here at ASU?  Have you voted and have you voted early?  If somebody asks you, hey, what's the weather going to be like tomorrow?  Your answer is, did you vote early?  So we have safe streets and you guys can walk all through Tempe no matter what time, a day or night, and not have to worry.  And we're going to make sure that we are pushing people who've invaded our country back home to their homeland.  Are you okay with that?  In the next 11 days, our goal is to get people to vote early.  We cannot afford a traffic jam on election day like we had in 2022.  Do you guys realize what happened in 22, right?  And then we're going to save our country.  We are going to secure the border.  How many more people have woken up between 2020 and now?  After COVID, after Ukraine, after Afghanistan, after an open border,  we've got millions of Americans who've woken up.  We have a massive group of Americans who are ready to vote for our country.  And it's going to be massive.  But we have to get out and vote, and you've got to vote early.  I need you to vote early.  How many of you are willing to vote early?  Okay, that's fine.  We got one.  That's fine.  I need you to vote early, though.  Get your friends out.  If you've got 10 friends, get them to vote.  If somebody asks you, hey, what's the best restaurant in Tempe?  The answer to that is, have you voted and have you voted early?  How many of you are going to vote election day?  We're not going to win this. We're not going to save our republic. So we've got to vote early.",[],0,340,0.0,"We've learned our lessons from 2022.

If we wait until election day, ANYTHING can happen.

To save our Republic, we're going to vote early.

And here's what we're going to do when we win.

We're going to stop the invasion at the border, and we're going to fully fund our police. 

We'll Make America Safe Again.",[],0,56,0.0,0.015347498,0.12697004,0.00400265,0.021630833,none,0.011697534,0.09517774,0.003982573,0.023586359,none,1,340,23.98,99,63.35,37.12,9.71,10.59,95,73.82,57.06,18.53,14.12,0.88,6.76,5.59,0,0.59,4.41,10.88,4.12,2.06,14.41,13.24,2.65,7.65,2.35,25,7.35,4.12,11.18,7.35,2.06,1.76,27.06,0.88,8.82,1.76,0.88,1.47,2.65,0.29,4.12,0,1.76,1.47,0.29,0.29,0,0.29,0.29,0,0,0,19.71,2.35,0,0,0.29,0,2.06,16.47,0,0.59,0,0.59,5.59,5.59,0,0,2.06,0.29,0.29,1.18,0.29,0,1.18,0.29,0.29,0,0,0,0,0.29,0,1.76,0,2.94,0,0.29,0,0.59,1.18,0,14.41,7.35,0.59,0.59,6.18,0,0,0,7.94,4.71,8.53,8.53,1.18,0.59,0.59,0,0,21.76,7.06,6.18,3.24,0,5.29,0,0
2024/10/26,Kari Lake,DBk4pOitnh9,Republican,Arizona,"But in order to save our homeland and our loved ones,  we've got to send these people who invaded our country back to their homeland  and back to their loved ones.  And we're going to start that in January of 25.  They asked me, they said, who's going to fill the jobs?  All these people who've come in and taken the jobs.  I said, you know who's going to, we're going to have Americans fill the jobs.  And then we're going to have, you know what, when Vivek's talking about it,  we're going to downsize the federal government.  We are going to have tens of thousands of federal government workers who are out of work,  and we are going to usher them into the jobs that are opened up.  That's perfect.  They're going to have plenty of jobs to find.  We're the most compassionate people in the world here in America.  I always say this.  The largest repatriation operation this country's ever seen.  Somebody said tonight, I was talking to the European media.  Are you okay with that?",[],0,178,0.0,"Americans are so compassionate, we take on so many of the world's problems, but it's about time we show compassion for the people who are struggling here at home.

To save our homeland and our loved ones, we've got got send these people who invaded our country back to their homelands and back to their loved ones. 

We need to put Americans First.",[],0,63,0.0,0.025080377,0.69125324,0.076176874,0.2236955,centr,0.008682968,0.99125975,0.7921353,0.11040375,centr,1,178,42.36,99,57.08,80.32,12.71,14.04,93.82,70.79,57.87,21.91,15.73,2.25,6.18,1.69,0,3.37,6.18,14.04,5.06,1.12,16.85,11.24,2.81,5.06,0,25.28,3.93,2.81,12.36,8.99,0.56,2.81,18.54,1.69,3.37,1.69,0,0,0.56,0.56,0.56,0,3.93,3.93,0,0,0,0,0,0,0,0,24.16,5.06,0.56,0,0.56,0,3.93,18.54,2.25,0,0,0,2.81,2.25,0.56,0,5.06,0,0,5.06,0,0,0,0,0,0,0,0,0,0,0,0,0,1.12,0,1.69,0,0,0.56,0,11.8,11.24,0,0.56,10.11,0.56,0,0,3.93,5.06,7.87,10.11,0.56,0,0.56,0,0,20.79,6.74,5.62,1.12,0,7.3,0,0
2024/10/26,Kari Lake,DBk4yRmvEl2,Republican,Arizona,"And I want to speak to the people who are 25 years, 30 years, and younger.  I want you to think of your biggest dream, and then I want you to make it 10 times bigger than that.  Guys, our brightest days are ahead of us.  I truly believe that.  Vote, vote, vote, vote.  Thank you, Tempe.  I love you so much.  Thank you for being here.  Thank you.  That is what is available to you when you get out and vote for Donald Trump.  We are going to save our country.  We're going to get that man in the White House.  We're going to get me in the Senate.  We're going to save our country.  Let's go Tempe.  Let's go ASU.  Vote Republican.  Vote, vote, vote.  I want you to dream big.",[],0,133,0.0,"I believe America's brightest days are ahead.

That's why I want our young Americans to dream BIG.

When you get out & vote to return President Trump to the White House & send Kari Lake to the Senate, we're going to get to work saving our country & making those BIG dreams a reality.",[],0,54,0.0,0.003781969,0.63783234,0.0071868333,0.0034304075,centr,0.0032106938,0.95603263,0.038350567,0.008598535,centr,1,133,22.98,99,49.46,67.6,7,6.02,96.24,73.68,54.14,25.56,21.05,5.26,7.52,7.52,0,0,4.51,9.02,2.26,2.26,14.29,8.27,3.01,6.02,0,23.31,6.02,5.26,8.27,7.52,0,0.75,19.55,0,6.77,1.5,0.75,3.01,0,0.75,0.75,0,3.01,3.01,0,0.75,0.75,0,0,0,0,0,23.31,3.76,2.26,2.26,0,0,3.01,18.05,0,0,0,1.5,8.27,8.27,0,0,0.75,0,0.75,0,0,0,0,0,0,0,0,0,0,0,0,0,3.01,2.26,0,0,0,0,1.5,0,15.04,7.52,0,1.5,6.02,1.5,0,0,6.02,0,7.52,6.77,0,0,0,0,0,25.56,14.29,7.52,0,0,3.76,0,0
2024/10/26,Colin Allred,DBl5I7BhklN,Democratic,Texas,"13% are considering retiring early.  And more of the residents who are here are planning on not practicing here to be OB-GYNs.  We're going to have a huge shortage of folks to actually serve as OB-GYNs in our state.  This is—we're at the beginning of feeling the impacts of this extreme ban.  And we have to reverse it now.  And by beating Ted Cruz, we're going to make Roe v. Wade the law of the land again.  We're going to restore freedom to Texas women.  They really are. And, you know, it's the Houston Chronicle that I was reporting on that in 26,000 Texas women have been forced to give birth to their rapist child.  It's these individual stories that have gotten the traction and gotten the coverage.  And also because these incredibly strong women came forward and also filed a lawsuit or lawsuits to challenge these laws that it's put it in front of people.  And, you know, Lawrence, over the course of this campaign, I've come in front of a lot of Texans who don't realize how extreme this ban is.  You know, they think that there is an exception for rape or incest. No, there's not.  I think there's an exception for the health of the mother. It's not for the health of the mother.  It's for the life of the mother, which is an incredibly narrow exception.  And who is making that determination? It's lawyers, not doctors.  And this is outrageous. You know, 20 percent of OBGYNs in Texas are considering leaving the state.",[],0,258,0.0,"Under Ted Cruz’s abortion ban:

- 35k Texans were forced to flee the state for abortion care
- 26k Texans forced to give birth to their rapist’s child
- Pregnancy-related deaths rose by 56%

This isn’t freedom, and in 10 days, we will fire Ted Cruz.",[],0,46,0.0,0.6557382,0.63421094,0.37748665,0.004042984,elite,0.64425623,0.002011993,0.0060963575,0.008271836,elite,1,259,41.76,78.68,61.24,9.18,11.77,16.6,90.35,69.88,58.69,16.22,7.34,1.16,2.32,1.54,0,1.16,8.88,15.44,8.49,1.16,14.67,12.36,5.41,6.18,2.32,21.24,3.09,1.93,8.49,3.47,1.54,3.47,25.48,0.39,11.97,4.63,2.32,0,0.77,1.54,3.86,0,3.47,1.16,2.32,0,0,0,0,0,0,0,13.13,2.32,0,0,0.39,0.77,0.39,10.42,1.93,0,2.32,0,0.39,0.39,0,0,2.7,0,0.39,2.32,0,0,2.32,1.16,0,0,0,0,1.16,0,0,0.77,0,0.77,0.39,0,0,0,0,0,6.56,8.11,0,1.54,6.56,0,0,0.39,1.93,2.7,10.42,3.47,0,0,0,0,0,20.08,8.11,5.02,0.39,0,5.41,1.16,0
2024/10/26,Sherrod Brown,DBl67hXPeIc,Democratic,Ohio,"These are the best volunteers who are knocking on doors, who are making such a difference,  who are organizing new workers, nurses' aides and all that.  And so I just wanted Martin to meet you and you to meet Martin.",[],0,40,0.0,"Thank you to all the hardworking volunteers in Columbus, and across the state, who are going to call and knock our way to victory.",[],0,24,0.0,0.0075877723,0.96810496,0.014270017,0.0120994225,centr,0.0057000048,0.98578507,0.02507097,0.026716195,centr,1,40,11.36,99,15.38,90.5,20,12.5,95,80,60,20,15,2.5,0,5,0,0,5,15,5,0,7.5,10,5,10,0,25,5,2.5,5,0,2.5,2.5,25,2.5,10,2.5,2.5,2.5,0,0,2.5,0,10,7.5,2.5,0,0,0,0,0,0,0,27.5,7.5,2.5,0,0,0,0,20,0,0,0,0,0,0,0,0,5,0,0,5,0,0,2.5,2.5,0,0,0,0,0,0,0,0,2.5,0,0,0,0,0,0,0,7.5,5,0,2.5,2.5,0,0,0,2.5,2.5,10,0,0,0,0,0,0,15,5,7.5,0,0,2.5,0,0
2024/10/26,Bob Casey,DBl7yEHNgEC,Democratic,Pennsylvania,"We're so grateful Patty Murray's here at Lavery Brewing in Erie, Pennsylvania.  Boss Bevy?  Yeah.  Okay, it's Boss Bevy.  Okay.  Keep that in.  Don't edit that out.  Cheers, Patty.  Cheers.  Thanks for being here.  Workers' rights, you led the PRO Act.  My opponent, he's wrong in a couple ways.  Number one is he doesn't believe we should hold companies accountable for price gouging.  He's also wrong to continue to reward these big companies with more tax breaks.  So I guess we have to drink more beer here.  Let's see, number two.  Cheers.  Protecting the Right to Organize Act.  If the Republicans get the majority,  See, women's rights.  If the other side wins, that's not going to happen.  No way that passes.  in the aftermath of the Dobbs decision.  If we prevail in my race and we have a majority,  we can restore the protections of Roe v. Wade.  Every lager.  Okay.  Okay, let's try it.",[],0,155,0.0,"Last week, @teampattymurray and I shared some beers and talked about the stakes of this election at family-owned Lavery Brewing Co.",[],0,21,0.0,0.9544492,0.06461422,0.9267849,0.003494288,elite,0.0053546517,0.0043232036,0.003247093,0.002681456,none,1,155,47.39,84.42,14.37,79.59,5.74,14.19,85.16,65.16,47.74,14.19,9.68,1.94,5.16,0.65,1.94,0,4.52,14.84,6.45,1.29,10.97,9.68,3.87,4.52,2.58,17.42,7.74,7.74,11.61,5.16,1.94,4.52,18.06,1.94,9.03,2.58,0.65,1.94,2.58,0,3.23,0,6.45,5.16,1.29,2.58,2.58,0,0,0,0,0,12.9,1.94,0.65,0.65,0,1.29,0.65,10.32,0,0,0.65,1.94,0.65,0.65,0,0,5.81,0,0,4.52,1.29,0,1.29,0,0,0,0,0.65,0,1.29,0,1.29,0,0.65,0,0,0,0.65,1.29,0,10.32,8.39,0,0.65,6.45,1.29,0,0,1.29,0.65,7.74,2.58,3.23,0,3.23,0,0,32.26,16.77,7.1,0.65,0,7.74,0,0
2024/10/26,Sherrod Brown,DBmQbz2unGM,Democratic,Ohio,"because a bunch of Southern segregationist senators had time to give him the vote.  to us and say, hey, I think we should start Social Security, take care of seniors.  We fought for it.  We demanded it.  We got it.  The polluters didn't come to us and say, it's time to clean up Lake Erie.  I want to help.  We had to force them, demand it, and make it happen.  We didn't create Medicare.  A hundred years ago, Wall Street didn't come to...  because the health insurance interest wanted to help us. Civil rights didn't happen.",[],0,96,0.0,"As Martin Luther King Jr. said, “Human progress never rolls in on wheels of inevitability.”",[],0,15,0.0,0.7004136,0.0492583,0.7297908,0.005904177,left,0.0039591757,0.007112146,0.0025460094,0.0036068198,none,1,96,37.3,92.97,39.59,83,8,13.54,94.79,73.96,51.04,19.79,13.54,2.08,9.38,0,1.04,1.04,6.25,7.29,5.21,1.04,12.5,8.33,1.04,5.21,4.17,26.04,3.13,3.13,16.67,11.46,1.04,4.17,21.88,0,12.5,1.04,4.17,3.13,0,0,4.17,0,4.17,4.17,0,0,0,0,0,0,0,0,21.88,8.33,3.13,0,1.04,0,3.13,12.5,0,0,0,1.04,4.17,4.17,0,0,1.04,0,0,0,1.04,0,2.08,2.08,0,0,0,0,0,0,0,2.08,2.08,2.08,0,0,0,0,2.08,1.04,11.46,6.25,0,2.08,6.25,0,0,0,5.21,10.42,2.08,0,1.04,1.04,0,0,0,27.08,14.58,7.29,0,0,5.21,0,0
2024/10/26,Ted Cruz,DBmUoBjSLa3,Republican,Texas,"Well, you had both presidential candidates in Texas.  I was with President Trump today in Texas.  He gave a fantastic press conference focused on the human tragedy of the border invasion  and illegal immigration, focused on the victims of illegal immigrants, people like Jocelyn  Nongare, the beautiful 12-year-old girl raped and murdered by illegal aliens, released by  Joe Biden and Kamala Harris.",[],0,62,0.0,"I was with President Trump in Texas. He gave a fantastic press conference focused on the victims of Joe Biden and Kamala Harris’s open border.

Texans cannot afford another four years of Democrats in power. The human cost of the border crisis is too high.",[],0,45,0.0,0.89913535,0.52643573,0.035343558,0.9477024,right,0.953776,0.75938684,0.051189557,0.962551,right,1,62,97.63,98.45,3.43,1,20.67,33.87,80.65,50,40.32,4.84,4.84,1.61,0,1.61,1.61,0,0,9.68,8.06,1.61,16.13,3.23,1.61,4.84,0,4.84,8.06,1.61,9.68,0,0,9.68,6.45,0,0,0,0,0,0,0,0,0,16.13,4.84,11.29,3.23,1.61,1.61,0,0,1.61,0,22.58,4.84,0,0,3.23,0,0,16.13,0,0,1.61,1.61,9.68,9.68,3.23,0,1.61,0,0,1.61,0,0,3.23,0,0,0,0,0,1.61,0,1.61,0,0,0,0,0,0,0,0,0,8.06,9.68,3.23,0,6.45,0,0,0,1.61,4.84,1.61,0,0,0,0,0,0,16.13,4.84,8.06,0,0,0,3.23,0
2024/10/26,Colin Allred,DBmWjw6vV-C,Democratic,Texas,"That's right. Amanda and Josh are friends of mine.  And I do want to just note, Allie, that it's very difficult to tell a personal story in any setting.  It's incredibly difficult to go out there in front of 30,000 people in a stadium with millions of people watching on TV and talk about the worst moment in your life.  And the bravery that that shows and the commitment that that shows to make sure that other Texans don't have to go through what you went through is, to me, something we should all be pointing to as saying,  if these women and these families are willing to go through this, if they're willing to step out and talk about their most difficult moments, then what can we do in our personal capacity as knocking on doors or making phone calls or going to my website at ColinAllred.com?  What can we do to make sure this doesn't happen anymore?  Because if they're doing that, then we certainly are being called by them as fellow Americans and as Texans to get involved, too.  And so I think it has to be a rallying cry, and I think it is.  There are so many people who have told me.  There's so many people who have told me.  There's so many people who have told me.  I was just telling you, Ali, this is something that is happening in Texas because this is not who we are.  And folks are understanding that we can change this by beating Ted Cruz in this election.  And folks are understanding that we can change this by beating Ted Cruz in this election.",[],0,276,0.0,"Amanda and Josh Zurawski are so brave for sharing their story, but this never should have happened to them. It did because of Ted Cruz’s cruel abortion ban.

Together we will change that and restore reproductive freedom in Texas.",[],0,39,0.0,0.0034646974,0.81838506,0.024145879,0.0039111865,centr,0.14354303,0.61329424,0.48519835,0.0028897512,centr,1,277,8.09,82.76,44.29,1.93,19.79,15.16,91.34,77.26,65.34,21.3,10.47,3.61,2.89,1.08,0,1.44,10.83,14.08,2.17,0.72,15.16,13.36,6.14,10.47,1.08,22.38,4.69,2.17,5.78,4.33,0.36,1.44,21.66,0.36,11.91,1.44,1.81,2.17,2.89,1.81,2.53,0,2.89,0,2.89,0.36,0,0.36,0,0,0.36,0,16.25,4.69,0,0,0,0,4.33,11.19,1.08,0.36,0.36,0,1.81,0.72,0,1.08,0.36,0.36,0,0,0,0,0,0,0,0,0,0,0,0,0,0,0.36,0.36,0.72,0,0,0,0,0,7.58,10.11,1.81,2.17,7.22,0.36,0,0,2.53,2.17,9.39,3.25,0,0,0,0,0,13.36,4.69,4.69,0.72,0,3.25,0,0
2024/10/26,Mike Rogers,DBmbKXnv79i,Republican,Michigan,"Hey, Mike Rogers here.  Listen, we just got out of the Trump rally.  We are off doing some tailgating at the Michigan-Michigan state game.  I can't think of a more important thing for you to do today than to go vote.  It's the first day of early voting.  The earlier we all vote, the earlier we bank those votes,  the more resources we can spend on getting people who are still on the fence.  So get out, vote, grab a neighbor, grab 10 neighbors,  and let's get this thing done.  We are so close.",[],0,94,0.0,"MICHIGAN: Today is the first day of early in-person voting! It’s so important that you bank your vote early if you’re able. Make sure you head to the polls on or before November 5th — and take a couple of friends with you! 

10 days to go, let’s Get America Back on Track!",[],0,53,0.0,0.0050067483,0.07176506,0.002908156,0.0021337597,none,0.0025917618,0.07092266,0.003963121,0.0024562927,none,1,94,58.19,98.95,21.81,35.29,11.75,9.57,91.49,78.72,59.57,15.96,10.64,1.06,7.45,1.06,0,0,5.32,17.02,9.57,2.13,13.83,10.64,5.32,4.26,1.06,22.34,8.51,6.38,9.57,9.57,0,0,17.02,1.06,4.26,1.06,0,2.13,0,0,2.13,0,1.06,1.06,0,0,0,0,0,0,0,0,13.83,1.06,0,0,0,0,1.06,12.77,0,0,0,0,5.32,5.32,0,0,6.38,1.06,2.13,2.13,2.13,0,2.13,0,0,0,0,0,0,0,0,0,0,6.38,0,0,0,0,0,0,12.77,8.51,1.06,1.06,5.32,0,1.06,2.13,5.32,3.19,8.51,0,1.06,1.06,0,0,0,21.28,8.51,8.51,0,0,3.19,1.06,0
2024/10/26,Sherrod Brown,DBmePbztwIX,Democratic,Ohio,"There has been more money spent against me in this race than any race in the history of the United States, except for the President.  And they know how good you are.  Thank you.",[],0,34,0.0,Always good to be back in Dayton.,[],0,7,0.0,0.10814769,0.03108945,0.0020905929,0.0023324615,none,0.0029912428,0.009997077,0.0026042552,0.0037496435,none,1,34,79.1,73.71,97.97,95.42,11.33,8.82,94.12,76.47,67.65,14.71,11.76,2.94,0,5.88,0,2.94,2.94,17.65,8.82,0,20.59,8.82,5.88,5.88,0,17.65,2.94,2.94,2.94,0,0,2.94,32.35,0,17.65,5.88,2.94,0,2.94,0,8.82,0,5.88,5.88,0,2.94,2.94,0,0,0,0,0,14.71,2.94,2.94,2.94,0,0,2.94,11.76,0,0,0,0,8.82,8.82,0,0,5.88,0,0,0,5.88,0,0,0,0,0,0,0,0,0,0,0,0,0,0,0,0,0,0,0,8.82,8.82,0,0,8.82,0,0,0,2.94,8.82,5.88,0,0,0,0,0,0,11.76,8.82,2.94,0,0,0,0,0
2024/10/26,Mike Rogers,DBmzr4pPAn5,Republican,Michigan,"Listen, we've had a great day campaigning. People are fired up.  We are going to win this thing on November 5th.  And today I say, go blue.  at the Michigan-Michigan State game.",[],0,32,0.0,Don’t listen to Kristi… Go Blue!,[],0,6,0.0,0.0058737798,0.11838025,0.0014408029,0.0062367036,none,0.28198397,0.0029822418,0.0012656166,0.0151216155,none,1,32,62.1,94.84,75.23,96.74,6.4,9.38,93.75,68.75,50,15.63,9.38,3.13,6.25,0,0,0,6.25,12.5,6.25,3.13,12.5,12.5,0,3.13,0,25,9.38,6.25,15.63,6.25,3.13,6.25,21.88,0,0,0,0,0,0,0,0,0,6.25,6.25,0,0,0,0,0,0,0,0,15.63,6.25,0,0,0,0,3.13,9.38,0,0,0,0,3.13,3.13,0,0,6.25,3.13,0,3.13,0,0,0,0,0,0,0,0,0,0,0,0,0,0,0,0,0,3.13,0,0,15.63,12.5,3.13,3.13,6.25,3.13,3.13,0,9.38,6.25,9.38,6.25,0,0,0,0,0,28.13,15.63,6.25,0,0,3.13,3.13,0
2024/10/27,Sherrod Brown,DBm073sSwNp,Democratic,Ohio,"Bernie Murillo thinks he knows better, so he wants a, when you said he wants a 100%  abortion ban, 100% pro-life, wants an abortion ban, he also said no exceptions for rape,  incest, or the health of the woman, or the life of the woman.  People don't feel like they're well represented and they don't want to send somebody to Washington.  It's going to sort of arrogantly dismiss what the voters want, and abortion is that, but  certainly on other issues.",[],0,81,0.0,Bernie Moreno thinks he knows better than Ohioans.,[],0,8,0.0,0.8937366,0.8675378,0.017560307,0.020486081,elite,0.9376388,0.5120647,0.010366135,0.5220348,elite,1,81,44.1,75.13,1,2.93,27,14.81,88.89,69.14,53.09,13.58,8.64,0,0,1.23,4.94,2.47,4.94,13.58,9.88,2.47,11.11,6.17,6.17,9.88,3.7,22.22,2.47,0,2.47,0,1.23,1.23,33.33,1.23,22.22,3.7,0,6.17,6.17,1.23,6.17,0,7.41,2.47,4.94,0,0,0,0,0,0,0,19.75,3.7,0,0,1.23,0,2.47,14.81,1.23,0,2.47,4.94,0,0,0,0,0,0,0,0,0,0,7.41,4.94,0,0,0,0,6.17,0,0,0,6.17,0,0,0,0,0,0,0,7.41,1.23,0,0,0,0,0,1.23,1.23,3.7,13.58,6.17,0,0,0,0,0,24.69,3.7,12.35,0,0,4.94,3.7,0
2024/10/27,Colin Allred,DBnQfsvqWOu,Democratic,Texas,"It's more powerful than me.  We believe in the fundamental promise that if you work hard and play by the rules, you should be able to take care of your family, buy a home, join a union, send your kids off to school, and retire with dignity.  We can get a new one.  And we don't have to be embarrassed by our senator.  In my Texas, we believe that we...  We believe in the freedom to make your own health care decisions, including access to an abortion.",[],0,87,0.0,"Only 10 days until Election Day. Vote, y’all! ???

What we do between now and Nov. 5th could change the future of our state. It’s time to get off the couch, and get to the polls. Visit http://mytexasvotes.com to make your plan to vote.",[],0,44,0.0,0.026506599,0.97384584,0.3511098,0.008208265,centr,0.0032760655,0.055573132,0.0031042546,0.0032314998,none,1,87,74.08,99,16,94.86,14.5,14.94,97.7,73.56,57.47,19.54,16.09,2.3,8.05,5.75,0,0,3.45,18.39,8.05,1.15,17.24,6.9,0,5.75,1.15,18.39,5.75,2.3,18.39,11.49,2.3,4.6,13.79,0,11.49,4.6,1.15,2.3,1.15,1.15,2.3,0,10.34,8.05,2.3,1.15,0,1.15,0,0,0,0,21.84,5.75,2.3,0,0,1.15,0,16.09,1.15,0,0,0,1.15,1.15,0,0,6.9,1.15,1.15,3.45,1.15,0,2.3,2.3,0,0,0,0,1.15,0,0,0,0,3.45,2.3,0,0,0,0,0,8.05,5.75,0,0,4.6,0,0,1.15,1.15,0,4.6,0,0,0,0,0,0,19.54,9.2,8.05,0,0,2.3,0,0
2024/10/27,Colin Allred,DBoOuxwKiIt,Democratic,Texas,Because you're a threat to democracy.  And for the officers.  You can't.  You can't be for the mob on January 6th.,[],0,21,0.0,"There's nothing funny about the violent mob that attacked our nation’s Capitol on January 6, Ted.",[],0,16,0.0,0.7501818,0.008060427,0.0024343366,0.0043492196,elite,0.011371713,0.0037793268,0.0021597894,0.0033197543,none,1,21,42.52,99,1,1,5.25,19.05,100,76.19,76.19,14.29,14.29,0,0,14.29,0,0,0,19.05,14.29,4.76,19.05,19.05,0,9.52,9.52,19.05,4.76,4.76,9.52,0,0,9.52,23.81,0,14.29,0,4.76,9.52,0,0,9.52,0,4.76,0,4.76,0,0,0,0,0,0,0,28.57,4.76,0,0,4.76,0,0,23.81,0,0,0,0,4.76,4.76,0,0,0,0,0,0,0,0,0,0,0,0,0,0,0,0,0,0,0,0,0,0,0,0,4.76,0,0,0,0,0,0,0,0,0,4.76,0,14.29,0,0,0,0,0,0,33.33,19.05,0,0,0,14.29,0,0
2024/10/28,Colin Allred,DBpyFIBSqgJ,Democratic,Texas,"For all the families who are looking for a senator who's looking out for them,  I will never abandon you when you need me most.  And I know you're hoping that your elected officials are working as hard as you are.  But Ted Cruz has been all about himself for too long.  12 years is long enough.  We're all Americans. We have to have a leader who understands that.  Because I know there are heroes out here right now who dropped their kids off at school,  who went to work maybe for one or two jobs like my mom used to do.  In 10 days, we're going to beat Ted Cruz.  I will protect your fundamental rights.  I will bring us together around our shared values.  I'll remind us that we have more in common than what divides us.  We might have come here on different ships, but we're in the same boat now.  We're all Texans.",[],0,157,0.0,"Texans deserve a Senator who unites us, not divides us. We know the perfect guy. You can find him at colinallred.com.",[],0,21,0.0,0.31036973,0.9946949,0.6685629,0.063354164,centr,0.018981583,0.95759445,0.010208698,0.035228472,centr,1,157,8.83,99,80.86,28.76,12.08,11.46,92.99,79.62,64.97,23.57,21.02,5.1,7.01,3.82,0.64,1.27,2.55,13.38,2.55,2.55,14.65,14.65,7.01,5.73,0.64,24.2,7.01,8.28,14.01,9.55,1.27,3.18,28.03,3.18,10.19,1.91,1.27,1.27,2.55,0,3.82,0.64,1.91,1.27,0.64,0.64,0.64,0,0,0,0,0,20.38,1.91,0,0,0,0.64,0,19.11,1.27,0,0.64,0.64,1.27,1.27,0,0,3.18,0,0,3.18,0,0,0,0,0,0,0,0,0,0,0,1.91,0.64,0,0,0.64,0,0,0.64,1.27,12.74,12.1,1.27,2.55,7.64,1.91,0,0.64,3.82,3.18,9.55,6.37,0,0,0,0,0,15.29,8.28,2.55,0,0,4.46,0,0
2024/10/28,Bernie Moreno,DBqzh5TO2z5,Republican,Ohio,"Yeah, J.D.'s great. You know, the one element that really shows in that interview is that President Trump made a brilliant choice in selecting J.D. Vance.  He's a good friend. He's a great senator. He's going to make an amazing vice president.  You saw him dissect the fake news. Look, people are sick and tired of seeing activists who pretend to be journalists.  These people aren't interviewing J.D. Vance. They're trying to engage him in a silly argument.  J.D. highlighted that. And I think that's one of the main reasons why you're going to see J.D. and President Trump reelected in eight days.  Well, you got to remember, two or three years ago, Lawrence, nobody knew who that guy was.  I was a business guy my whole life.  So name ID was very low.  President Trump is very well known, very popular in Ohio.  I think we're going to do well.  I mean, the polls were tied in my primary and I won by 18 points.  So I think we're going to have a good victory.  We're working really hard.  We go to every corner of Ohio every single day.  My opponent is old and tired, barely does any events.  Look, this guy's been in elected office for 50 years.  He ran for the first time when Richard Nixon was in the White House.  We're going to win this race.  We're going to win it by a decent margin.  Thank you. Now your viewers can find that at BernieMarino.com. So if they can go on there and help out, that'd be fantastic.  Yeah, absolutely, because the answer is unequivocally no.  You see the high prices of the grocery store, fast food, the cost of insurance, the cost of housing,  affordability of a car today is impossible, the business I was in.  So objectively, in every measure, economically it's bad, but also instability around the world.  We see what's going on at the border.  Everything is objectively a disaster.  What you saw last night is an optimistic, positive, and patriotic President Trump  laying out an agenda that's going to fix these things over the next four years.",[],0,356,0.0,"Thanks to Kamala Harris and Sherrod Brown, Ohioans are worse off today than they were under President Trump.

There are 8 days left in this race and we have all the momentum. Go to berniemoreno.com and help us retire Sherrod Brown.",[],0,41,0.0,0.8826355,0.12233753,0.0027957656,0.016825963,elite,0.041980505,0.27281162,0.0025417781,0.015321426,none,1,363,43.45,85.91,36.74,59.08,9.55,14.33,87.05,68.6,51.79,15.43,9.92,3.03,1.93,2.2,1.65,0.55,5.51,15.43,7.44,2.48,11.02,10.74,5.51,4.68,0.83,20.66,6.61,5.51,7.16,2.48,1.65,3.31,23.14,2.2,8.54,3.31,1.38,1.1,1.1,0.83,1.38,0.28,6.34,4.41,1.93,3.03,1.38,1.65,0,0.28,0,0,13.22,2.75,0.55,0.28,0.28,0.83,1.65,9.92,0,0.28,0,2.48,2.2,1.93,0,0.28,4.13,0,0.55,1.93,2.2,0,1.1,0.28,0,0,0,0,0,0.83,0,0,0,0.28,0,0,1.1,0.83,0.28,0,9.37,9.92,0.55,1.38,6.06,2.75,0,0.28,3.86,4.13,7.71,4.13,0.83,0,0.83,0,0,23.97,12.4,6.61,0,0,4.96,0,0
2024/10/28,Elissa Slotkin,DBq0TiGPNHJ,Democratic,Michigan,"I'm Alyssa Slotkin.  It's been a long campaign.  So let's cut through the noise.  I want to be your senator because I understand what it means to serve.  Three tours in Iraq alongside the military, working for two presidents, one from each party.  And I know what it means to be tested, fighting the insurance companies when my mom battled cancer.  Look, no one knows the future.  What I can tell you is I will always say what I mean and mean what I say.  That's who I am.  It's why I'm asking for your vote and why I approve this final message.",[],0,103,0.0,"With just 8 days until Election Day, please watch our final (!) ad of this campaign.",[],0,16,0.0,0.002476312,0.2915892,0.0069751777,0.001497558,none,0.00880613,0.006325363,0.001837312,0.0026795848,none,1,103,3.91,24.5,77.76,4.8,10.3,15.53,93.2,76.7,60.19,28.16,16.5,11.65,0.97,2.91,0,0,11.65,13.59,4.85,2.91,7.77,12.62,4.85,5.83,0.97,27.18,1.94,3.88,9.71,2.91,0.97,5.83,29.13,2.91,11.65,6.8,2.91,1.94,0,0,0,0,3.88,0.97,2.91,0,0,0,0,0,0,0,14.56,8.74,0,0,1.94,0,4.85,5.83,0.97,0,0.97,0,4.85,4.85,0,0,4.85,0.97,0,2.91,0.97,0,0.97,0.97,0.97,0,0,0,0,0,0,0,0.97,0,0,0,0,0,0.97,0,4.85,3.88,0.97,0,1.94,0.97,0.97,0,3.88,2.91,11.65,1.94,0,0,0,0,0,19.42,9.71,3.88,0,0,5.83,0,0
2024/10/28,Bob Casey,DBrFXdZqOHw,Democratic,Pennsylvania,"We got some work to do.  giving both of us both information and insight.  when the most powerful people in the world,  the billionaires and people like them,  they get huge tax breaks,  the middle class gets the crumbs,  and we're just supposed to be happy with that.  I'm not going to tolerate that.  Thank you, Donald.  but also some assignments.",[],0,61,0.0,"We have two choices in this election, and only one will ensure that our families get the support they deserve.",[],0,20,0.0,0.76738846,0.9448097,0.96896476,0.010517914,left,0.0033661916,0.9842892,0.38580662,0.015361214,none,1,61,35.92,95.74,11.41,71.67,10.17,11.48,95.08,75.41,60.66,14.75,11.48,1.64,4.92,1.64,0,3.28,3.28,21.31,8.2,1.64,9.84,8.2,4.92,9.84,1.64,19.67,6.56,11.48,11.48,4.92,1.64,4.92,18.03,0,11.48,4.92,0,3.28,0,0,3.28,0,3.28,3.28,0,1.64,1.64,0,0,0,0,0,14.75,1.64,1.64,1.64,0,0,1.64,13.11,0,0,0,0,0,0,0,0,4.92,0,0,3.28,1.64,0,0,0,0,0,0,0,0,0,0,0,0,4.92,0,0,0,0,0,0,8.2,3.28,0,0,3.28,0,0,0,1.64,0,4.92,6.56,0,0,0,0,0,21.31,9.84,8.2,0,0,3.28,0,0
2024/10/28,Bob Casey,DBrK28QC99j,Democratic,Pennsylvania,And we're going to take something out of the tax code.  that unfortunately is still the law of the land.  that big companies get a tax break for busting unions.  We've got to change the tax code to remove that provision.,[],0,41,0.0,"Thank you for your kind words and ongoing support, Darrin.

I’ll always fight for our unions.",[],0,16,0.0,0.9840657,0.03557528,0.98446006,0.010953965,left,0.0046430756,0.29813436,0.0060500507,0.0016479125,none,1,41,89.52,94.33,2.54,,10.25,12.2,90.24,63.41,53.66,14.63,4.88,0,4.88,0,0,0,9.76,19.51,12.2,0,17.07,7.32,4.88,2.44,0,17.07,2.44,2.44,9.76,7.32,0,2.44,12.2,0,4.88,0,2.44,0,2.44,0,0,0,0,0,0,0,0,0,0,0,0,0,7.32,0,0,0,0,0,0,7.32,0,0,0,0,0,0,0,0,17.07,0,0,9.76,7.32,0,0,0,0,0,0,0,0,0,0,0,0,7.32,0,0,0,0,0,0,14.63,4.88,0,0,4.88,0,0,0,2.44,2.44,4.88,4.88,0,0,0,0,0,14.63,9.76,0,0,0,4.88,0,0
2024/10/28,Mike Rogers,DBrSQF9vpfl,Republican,Michigan,"The stakes are huge. The Cook Political Report has us as a toss-up, and I'll tell you, our internal polling has us tied going into this last week.  So we think we're in the right kind of that poll position to get this thing done.  And it is a big deal, and the reason is the government mandates telling our car companies what kind of cars they need to buy  and what kind of cars we're going to have to buy is having a tremendous impact here in Michigan.  The rest of the country might get a cold on this issue. We're going to get pneumonia.  Forty percent less labor in building an EV automobile, according to the CEO of Ford.  And it is having a huge negative impact.  2,400 layoffs at Stellantis, 1,000 layoffs at General Motors.  Ford charged off, Maria, $5 billion.  And so these things tend to matter here in Michigan for people who are wondering if they're going to have a job next year or not.  I do. I really do. All of our independents are starting to break our way.  We've done a massive ground campaign here in the state of Michigan.  And you can find out about that at Rogers for Senate dot com.  Love to have you on board in this. This is going to come right down to the wire.  It's going to be close, but we're going to win because independents are coming over and we have all these diverse coalitions starting to come in.  And, you know, Trump brought something like 10 or 12 imams on stage in Oakland County.  And that is a really critical voting bloc.  Hey, Maria, it's great to be here.  Is that going to be enough?  Thanks for having us.  I think he's up. Our internal polling has the president is up in Michigan, which is great news.  As I said, independents are moving our way. I tell you what, I think there is an under polling issue here in a state like Michigan.  I think it's other states as well that you're going to see some surprises on November 5th.  You know, it's, you know, four years or six months of really negative and false campaign ads can't make up for four years of bad policy.  And families here in Michigan are hurting because of that policy.  And he's talking about a reciprocal tariff here.  So if somebody else is charging us whatever, 25%, we're going to charge 25%.  That's just about fairness here.  And I think that's really, really important.  That's why we're going to win this race next week.  Well, first of all, a public official should not be signing a nondisclosure agreement.  That kind of goes against the grain of transparency for your constituents.  But part of this agreement, that company, it's a Chinese Communist-connected, Chinese  Party, Communist-connected company, got over a billion dollars in cash and prizes from  the people of the state of Michigan to build a factory, think of this, the logic of this,  in a place that doesn't want it, to force our car companies to buy these products, to  build a car that they don't want to build, and by the way, they don't have a customer  base, they don't want to buy them.  And so none of this makes sense to the average Michigan citizen.  So why a nondisclosure agreement?  Why did you sign it?  What's in those deals that you don't want to talk about?  And that's really concerning to a lot of people.  So you get north of Lansing in Michigan, this is a hot, hot topic.  And if you get close to the southeast where we actually build a lot of these cars, the  autoworkers, the teamsters, this is why they're coming over to our campaign.  They understand this is not the right direction for the future of the country.  We just skipped right past hybrid vehicles, which would mean we could keep automobile,  you know, UAW workers, we could keep teamsters hauling cars.  All of these things are starting to play in in this last week of the election.  And people are saying, man, we're just not better off than we were four years  ago.  Our groceries are higher.  The border's a mess.  Internationally, it's chaos.  And oh, by the way, they're trying to take our jobs right here at home.  I do. There's a reason that these polling numbers, when the Teamsters took a poll internally, it was 60-40 Donald Trump.  When the UAW, they didn't really take that same kind of poll.  What we're finding is they're doing rallies at plants by former UAW members,  and they're coming back saying, hey, it's about 60-40 of these folks leaving the plant and giving thumbs up, taking signs.  So I do think something's up.  They know that something's going on, and it's not good for their future and their economic future.  And, oh, by the way, add all the other problems, high gas, high groceries, all of the other things that came with it.  And people are saying, hey, we have to have a change.  That's why I think this is going to change, and that's why we're going to win this election next month.",[],0,874,0.0,"It was great to join Maria Bartiromo this morning to talk about the state of the race here in Michigan, why so many different coalitions of voters are joining our movement and the NDA that Elissa Slotkin refuses to release herself from.",[],0,42,0.0,0.89900506,0.07312745,0.09423509,0.009656057,elite,0.4030725,0.004571811,0.0024905165,0.0022473468,none,1,874,39.97,83.88,53.02,34.75,13.87,14.07,90.39,71.4,57.67,17.39,8.7,1.37,3.66,1.6,0.23,1.72,8.7,15.9,6.86,1.95,14.65,11.33,5.38,5.84,1.49,20.25,4.92,4.69,6.64,4.46,0.69,1.49,24.03,0.8,11.9,2.52,1.95,1.37,2.29,1.03,3.66,0,2.75,1.83,0.8,0.57,0.23,0.23,0,0,0,0,12.36,2.86,0.69,0.11,0,0.11,1.6,9.5,0.23,0,0,0.34,3.55,2.29,0.23,1.03,3.32,0.23,0.11,1.95,1.03,0.11,0.69,0.11,0.11,0,0,0,0,0.34,0,0.69,0.46,1.6,0.23,0.11,0,0.46,0,0.11,8.35,9.84,0.11,1.37,8.01,0.23,0,0.57,3.2,1.49,8.24,4,0.57,0.34,0,0.23,0,21.17,6.75,7.89,0.46,0,5.15,0.92,0
2024/10/28,Tammy Baldwin,DBrSpVGRVAl,Democratic,Wisconsin,"Unbelievable. I was actually there when he said that. That was during our debate.  You know who is an expert on the Farm Bill? The Wisconsin Farm Bureau.  I was proud to receive their endorsement.  I'm the first Democrat in nearly 20 years to have received that endorsement.  This is absolutely outrageous.  Eric Hovde has a proposal that would cut Social Security benefits.  These are earned benefits.  By $500 a month, $6,000 per year.  It is so clear that this multimillionaire doesn't know the lives of real working people  who pay into Social Security with every paycheck.  I was raised by my grandparents.  I learned at a very young age the value of Medicare and Social Security,  and I'm going to fight to make sure that they are stronger and last for generations to come.  Tell that to people in Milwaukee where there are 70,000 lead pipes going into people's homes.  We have children facing lead poisoning.  This is why I fought so hard in the infrastructure bill to make sure that we provided the resources to get the lead out of our drinking water systems.  It is so clear to me that Eric Havry spends so much time in California that he doesn't know the real challenges facing communities in Wisconsin.  Absolutely not. You know, it almost looks like some new wave trend happening in California. He  asked, let's really see who's from Wisconsin. It's obvious who the Wisconsinite is here. That's me.  He's obviously very defensive about people associating him with his $3 billion California  bank, his $7 million Laguna Beach, California home. And the fact that he's been named among  the more influential residents of Orange County three years in a row. You know, Wisconsin,  we have a green County. We have a Brown County. We do not have an Orange County, Wisconsin.",[],0,306,0.0,"We asked Sen. @TammyBaldwinWI to watch clips of her Republican opponent — California mega-millionaire Eric Hovde — and give her unfiltered reaction. Here’s how it went ?? 

Follow @couriernewsroom for all the news and analysis you need to survive the 2024 election ????",[],0,43,0.0,0.9196088,0.966989,0.83542913,0.029182788,centr,0.13482858,0.0013600949,0.0040002097,0.003250513,none,1,306,37.99,87.01,26.78,44.74,10.93,17.65,88.24,69.61,54.25,17.97,11.44,3.27,2.61,0.98,2.61,0.65,6.54,16.34,6.54,3.27,11.76,10.13,6.54,2.94,1.31,17.65,7.52,4.25,7.19,3.59,2.61,2.29,22.22,0.33,7.19,1.96,1.31,0.33,0.65,2.61,0.33,0,3.59,2.61,0.98,0.33,0.33,0,0,0,0,0,15.69,4.25,0.65,0,0.65,0.33,1.31,10.46,0.33,0,0,2.94,0.33,0.33,0,0,3.59,0.33,0.98,1.31,1.31,0,1.31,0.65,0,0,0,0,0,0.33,0,0,0,1.31,0.98,0,0,0.98,0.98,0,8.17,11.44,1.31,1.31,6.86,1.96,0,0.33,3.92,4.25,7.52,2.61,0.65,0,0.65,0,0,17.65,8.82,3.59,0.33,0,3.59,1.31,0
2024/10/28,Kari Lake,DBrcDMXAtRO,Republican,Arizona,"But honest to God, if we don't get out there and vote and save this country  and get Donald Trump in and get America first patriots like Carrie Lake for U.S. Senate,  you're not going to have the freedoms.  And I don't care what they say.  They can call me a monster.  If I'm a monster, I'm a monster fighting for my kids.  I'm fighting for your generation.  You're not going to have this country.  And I'm really worried about you.  I'm in this not because it's fun, because they drag me down.  I had 20 hit pieces in the Arizona Republic in like three days.  20 hit pieces in a row.  We've got to save you guys.  I'm standing here.  I want to lift you up right now, but I'm really nervous about your future.",[],0,136,0.0,"The media makes me out to be a monster. If I'm a monster, then I'm a monster fighting for my kids, fighting for the next generation. 

This has always been about securing a better future for America.

If we don't get out & vote for Donald Trump & Patriots like Kari Lake for Senate, we're not going to have our freedoms. We won't have much of a country left to fight for.

So, let the fake news call me whatever they want. I won’t back down.",[],0,86,0.0,0.020255173,0.8755016,0.02204108,0.007967104,centr,0.060371067,0.7084991,0.0060152593,0.007457014,centr,1,136,10.53,31.82,97.2,3.78,10.46,13.24,92.65,72.06,61.76,22.06,18.38,9.56,1.47,5.15,0,2.21,3.68,10.29,4.41,2.94,14.71,12.5,5.15,8.82,3.68,19.12,3.68,3.68,2.21,1.47,0,0.74,23.53,0,11.03,0,1.47,1.47,1.47,1.47,5.88,0,6.62,2.21,4.41,2.21,0.74,1.47,1.47,0,0,0,16.91,4.41,0,0,1.47,1.47,1.47,11.03,1.47,0,0,0.74,2.94,2.94,0,0,1.47,0.74,0,0,0,0.74,0,0,0,0,0,0,0,0,0,0,0.74,2.94,0,0,1.47,0,1.47,0,12.5,11.03,0,1.47,10.29,0,0,0,2.94,1.47,10.29,3.68,0,0,0,0,0,24.26,11.03,3.68,0,0,9.56,0,0
2024/10/28,Ruben Gallego,DBrcgU8S0rM,Democratic,Arizona,"Well, I can take care of you.  I'll take care of it. Come on.  Go home and vote. I got this.  Alright, who's next?  Who's next? Get over here.  I tell you how to vote, you tell me how to cut.",[],0,41,0.0,Let’s cut to the chase. GET OUT AND VOTE!,[],0,9,0.0,0.012605936,0.0051481784,0.002252611,0.0029475817,none,0.008368071,0.011608348,0.0023803727,0.0033535026,none,1,41,4.45,80.24,99,98.92,4.56,2.44,97.56,90.24,60.98,29.27,24.39,12.2,0,7.32,0,0,4.88,2.44,0,0,14.63,9.76,12.2,2.44,0,34.15,7.32,0,0,0,0,0,19.51,0,7.32,4.88,4.88,2.44,0,0,0,0,7.32,7.32,0,0,0,0,0,0,0,0,21.95,9.76,4.88,0,0,0,4.88,12.2,0,0,0,0,4.88,4.88,0,0,2.44,0,2.44,0,0,0,0,0,0,0,0,0,0,0,0,0,0,9.76,0,0,0,0,0,0,14.63,12.2,0,4.88,12.2,0,0,0,4.88,0,7.32,2.44,2.44,0,2.44,0,0,36.59,17.07,7.32,4.88,0,7.32,0,0
2024/10/28,Elissa Slotkin,DBrdF2qAtUG,Democratic,Michigan,"And every single day including just this today  We I was dropping off a couple of yard signs and it's just a we were in Warren and it was just Trump sign Trump sign  Trump sign and we come across a family that is like we just wanted to put something up  We'll put it close to the house. So it doesn't get stolen right the act of bravery  She pulls the door shut, steps down the stoop,  gets out of earshot of the family and says,  But we got to run through the tape.  First of all, as what Liz Cheney said the other day,  no one gets to know what happens inside the voting booth.  Keep repeating that to people.  You knock on a woman's door,  So we're seeing signs of the secret women's vote everywhere.  And I want you and you all in Rochester and Rochester Hills  are in a great position to amplify  that secret women's vote.  I'm the only open-minded person on this block, right?  And you say, that's what the woman five doors down just told me.  Like, they're there.  These women are making an act of bravery by even talking to us.  But the anecdotal things are now becoming like a mountain of information.  We have, who's seen or have heard of this movement to put stickers and post-its and notes on the back of the stalls, right?  So this is getting to women where, quite literally, the men cannot go or should not go.  And it says, hey, your vote is private.  You don't have to tell anybody, but vote like your daughter's life is on the line, right?  So we know that's going on, and you can make those at home and put them up wherever you go, right?  She brought them.  Okay, they're in the bathroom of the house of the community center here.  Good.  The other thing we're seeing is people do what I saw in my first race, the pull and step.  I'm not alone.  So the secret woman's vote is a real thing in this election.  of them putting out a sign allows all the other people in that neighborhood  who don't feel like they can be the first one to actually say, I'm not alone.",[],0,379,0.0,There’s a phenomenon I’ve been hearing about on the trail: the secret women’s vote here in Michigan.,[],0,17,0.0,0.008071328,0.23213378,0.005674606,0.0030402348,none,0.007853633,0.004388101,0.0030251357,0.0067399954,none,1,379,45.05,90.95,60.08,31.07,16.48,9.5,90.77,75.99,61.74,17.41,10.03,2.11,2.9,2.37,0.53,1.58,7.39,16.36,8.71,1.58,14.51,9.23,5.54,7.12,2.11,20.58,3.96,3.69,4.49,3.96,0,0.53,20.84,2.37,7.92,1.06,0.79,1.58,1.32,0.53,3.17,0,1.32,1.06,0.26,0.26,0.26,0,0,0,0,0,17.41,3.96,0,0,0,0.26,2.37,12.66,0.79,0,2.64,0.26,1.85,1.85,0,0,1.06,0,1.06,0,0,0,0,0,0,0,0,0,0,0,0,0,0.53,1.58,0.53,0,0,0,0,0.26,11.08,14.51,0,4.75,9.23,1.06,0.26,0.26,1.32,2.9,9.5,0.53,0.53,0.26,0.26,0,0,17.68,5.01,5.8,1.06,0,5.28,0.53,0
2024/10/28,Colin Allred,DBrdlqgvL06,Democratic,Texas,"Well, this is not about our past. It's about our future. This is a different election, a different time.  And to be quite honest, Senator Cruz has continued to show how he should not be placed in a position of authority for six more years.  With going to Cancun when we needed him most, that's happened since the last election.  We're trying to overturn the last presidential election with being uniquely responsible for this abortion ban that we have here in Texas.  We're taking down a bipartisan border bill that no state would have benefited more from than Texas.  And I'm also a different opponent on the most bipartisan section in Congress.  I've got a record of winning in tough races, and we're going to beat Ted Cruz on November 5th.  Honestly, I leave that to my team.  To me, we're way past polling.  We've had hundreds of thousands of votes already banked, and this is a time where Texans are voting right now.  And what Texans need to know and what folks watching this need to know is that they can go to ColinAllRed.com,  get involved with us, knock on doors, make phone calls, turn out the vote, contribute to our campaign.  This is how we win down the final stretch, is that we have built a machine that we can now turn out this vote,  but it takes all of us and every single person getting involved.  So for anyone watching this who understands how important this race is, I hope you'll do that.",[],0,256,0.0,"In 8 days, we are going to beat Ted Cruz.",[],0,10,0.0,0.569344,0.007769699,0.002774611,0.005222047,elite,0.0117736645,0.003648591,0.0026633611,0.0026623202,none,1,257,31.39,86.35,51.22,50.04,17.13,15.95,90.66,75.49,60.31,18.68,10.12,2.33,5.84,0.39,0.78,0.39,8.56,17.9,5.06,1.95,14.79,12.06,5.84,5.06,1.17,21.01,7.78,5.06,10.89,6.23,1.17,3.5,26.85,1.17,11.28,2.33,2.33,3.5,1.17,0.39,3.11,0,3.5,2.72,0.78,0.39,0.39,0,0,0,0,0,11.67,2.72,1.56,0,0,0.39,0.39,9.34,0.39,0,0,0.78,5.84,5.06,0,0.78,1.17,0,0,1.17,0.39,0,0.39,0.39,0,0,0,0,0.39,0,0,1.17,0.39,1.95,0,0,0,1.17,0,0,8.56,9.34,0.78,1.95,6.61,1.17,0,0,6.23,3.5,8.56,2.72,0,0,0,0,0,16.34,6.23,6.23,0,0,3.89,0,0
2024/10/28,Kari Lake,DBrdseTKuVn,Republican,Arizona,"Every night we still see hundreds, sometimes up to hundreds of illegals coming across right here in the Yuma sector, right where the border wall ends, turning themselves in.  We're getting word from Border Patrol agents that I've spoken to who cannot be here with me today because of their jobs.  They can't come out and speak publicly that between 75 and 100 are coming in every night and turning themselves in.  You all know about this problem because you've been covering it for so long.  And just a couple of miles down the road in San Luis, every night you've got the cartels working their ladder groups, their ladder gangs and crews where they're sending dozens of people over the wall.  And basically our Border Patrol is stuck just processing more people.  And we have a better way.  We have a better way.  And we've got to get back to the policies that President Trump had, that we're working, that we're keeping us safe.  We've seen an incredible surge in people coming here illegally.  And it's not stopping.  We're using our Border Patrol resources.  To help illegals come into our country illegally.  And that's not why we have Border Patrol.  And I know from talking to the good men and women in Border Patrol, they are sick and tired of it.",[],0,222,0.0,"Under Biden, Harris & Gallego, We've seen an incredible surge in people coming here illegally, & it's not stopping. 

Instead of being America’s first line of defense, we've effectively turned border patrol into a travel agency.

That's not their job. I've spoken to many of our Border Agents, & they're sick & tired of it.",[],0,55,0.0,0.11147596,0.45452452,0.030144155,0.11175845,none,0.9787274,0.76587796,0.061101884,0.69578516,centr,1,222,28.95,99,96.22,20.23,14.8,14.41,92.34,72.97,57.21,17.57,13.06,1.35,6.31,1.35,0,3.6,4.5,14.41,4.95,2.25,13.51,10.36,5.41,7.21,1.8,20.72,4.5,4.95,11.71,7.66,1.8,2.25,17.57,1.8,5.41,0.9,1.8,0.9,0.45,0,1.8,0,6.31,3.15,3.15,1.8,0.45,1.35,0,0,0,0,18.92,2.7,0.9,0,0,0,1.8,15.77,0,0,0.45,0.45,0.45,0.45,0,0,2.7,0,0,2.7,0,0,0,0,0,0,0,0,0,0,0,0,0,1.8,0,0,1.35,0,0.45,0,13.96,20.27,0,3.15,18.47,0.9,0,0,3.15,4.05,5.86,0,0,0,0,0,0,16.22,6.76,3.6,0,0,5.86,0,0
2024/10/28,Kari Lake,DBrd3oJpppZ,Republican,Arizona,"busting people into Yuma.  Working areas like this at night and dealing with the processing of people here illegally,  we have the gotaways coming in, and that's what keeps me up at night.  The gotaways are people who are the most dangerous coming in,  the ones who don't want to be detected, who don't want to be processed.  These are the members of the cartel.  These are the drug traffickers.  These are the child sex traffickers.  These are the human smugglers, the rapists, the felons, the criminals, and the terrorists,  which should terrify all of us, the thought of the terrorists that are here in our country.  And my opponent supports every little bit of it.  We just found out this last couple of days, Supervisor Jim Desmond with San Diego County said,  in order to improve the optics in California, the Kamala Harris administration,  rubber-stamped by my opponent Ruben Gallego, is now actually  from the San Diego County sector into Yuma and letting them out here or putting them on airplanes heading to places outside of Arizona and in Arizona.  And it's got to stop.  In the open areas, they're still basically completely unmanned.  So when we've got our Border Patrol busy.",[],0,203,0.0,"To improve the optics in California, the Biden/Harris administration, rubber-stamped by Ruben Gallego, is bussing people from the San Diego County border sector into Yuma, releasing them on the streets or putting them on airplanes & sending them across the country.

They're playing an immigration shell game on the American people.

I’ve had enough of their games. I know the American people have too.",[],0,64,0.0,0.98788935,0.03791183,0.013804799,0.52852756,elite,0.9968644,0.30719045,0.057805944,0.9458456,elite,1,203,75.67,87.65,64.7,4.68,16.92,20.69,82.27,68.47,57.14,13.3,7.39,1.48,2.96,0,0,1.48,5.91,17.24,9.85,0,16.26,8.87,5.42,4.93,0.99,15.76,4.43,3.45,6.4,3.45,0.99,1.97,17.73,0.99,4.43,0.99,0,1.48,0.49,0.99,0.99,0,3.94,0.99,2.96,0.49,0,0.49,0.49,0,0,0,11.82,1.97,0,0,0,0.99,0.49,9.85,0,0,0,0,0.99,0.99,0,0,2.46,0,0,2.46,0,0,1.48,0.49,0,0,0,0,0.99,0,0,0,0.99,0.99,0,0,0,0,0.49,0,8.87,13.79,0.49,2.46,11.82,0.49,0,0,3.94,1.48,7.88,0.49,0,0,0,0,0,17.24,5.91,7.88,0,0,2.96,0.49,0
2024/10/28,Kari Lake,DBrgNJxhfmO,Republican,Arizona,"into our country in the past three and a half years.  We're sending them back to their loved ones, back to their homeland,  so that we can save our homeland.  And then we're going to work on getting the...  criminal gangs out and sending them back to their country as well.  We are going to finish the wall. We are going to repatriate these people who've poured in,  unvetted.",[],0,69,0.0,"When you vote Kari Lake for Senate:

?We're going to finish the wall. 
?We're going to send the unvetted people who Biden/Harris & Gallego allowed to pour into our country over the past three & a half years back to their homelands.
?We're going to kick the criminal gangs out & go on offense against the Cartels.",[],0,57,0.0,0.049733154,0.587172,0.08213413,0.47827756,centr,0.9606261,0.18968399,0.022286862,0.92724967,none,1,69,51.87,99,55.19,84.9,11.5,14.49,92.75,69.57,57.97,20.29,17.39,0,10.14,0,0,7.25,2.9,17.39,5.8,1.45,17.39,7.25,2.9,8.7,0,17.39,4.35,4.35,17.39,14.49,2.9,0,13.04,0,1.45,0,0,1.45,0,0,0,0,4.35,4.35,0,0,0,0,0,0,0,0,27.54,1.45,0,0,0,1.45,0,23.19,2.9,0,0,0,0,0,0,0,1.45,0,0,1.45,0,0,0,0,0,0,0,0,0,0,0,0,0,1.45,0,0,0,0,1.45,0,14.49,14.49,0,0,14.49,0,0,0,5.8,2.9,7.25,8.7,0,0,0,0,0,20.29,11.59,4.35,0,0,4.35,0,0
2024/10/28,Kari Lake,DBrhLJViwfG,Republican,Arizona,"The healthcare system has so many levels of bureaucracy that  Pay for the symptoms.  Push it forward.  Push it forward.  Yeah, push it forward.  Push it out.  Somebody else will deal with it.  Kick the can.  You might die when we don't have to pay.  And so I just appreciate your service to our country.  I'm sorry for all of the things that you had to endure when you got back.  I want to be your voice back in DC.  I want to take these problems so that you don't have to worry and you have a voice for you back there.  so many weeks or so many days to get into a doctor.  They deserve better.  And that's something I want to see change in Washington, D.C.  But I want to hear from you guys.  and said if you have to wait  They should all be out of jobs.  Well, I'm so happy to hear that.  And I'm sorry that.  Well, and it seems like D.C. always wants to, Washington, D.C. always wants to.  You were talking a little bit about the VA health care system.  Absolutely.  And it's gotten so big that the bloat has just gotten almost dangerous where the bureaucrats are running the show.  These were, these are not entitlement, I mean these were earned.  Hey everybody, I'm here with Dave, Mike, and Rod, three veterans, heroes.  They served our nation, they served our country, and I'm just honored that you're here talking  about some of the issues that you're facing because our veterans...  you had to wait that long.  I mean, rather than, so typical of the government,  rather than fix the problem.  It'll be cheaper in the long run.  Well, I'm glad you're feeling better.  Is it okay now?  Why don't we talk...  I'm not going to be representing the lobbyists.  Actually, I don't care if the lobbyists hate me.  I want to make it so that you don't have to go back and fight for your rights.  Fight for...  I'm happy to hear that.  and give that choice back to the Veterans.  If they want to go to the VA, that's great.  But if that's not the best fit for them,  you know, are willing to lay down their lives for our country.  And when they come home and as they get older,  they go to the VA hospital perhaps, and they don't get the best treatment.  try to knock on the door of a lawmaker.  Why did you have to wait 14 years to get that surgery?  It seems that the VA  Yes.  And it's really appalling that you had to wait that long.  So I'm so glad you're off it. That gives people hope that they can get off it.  VA health care. The first instinct is to cut Social Security or Medicare.  You know, their first instinct is to go after and cut.  When did you finally get the surgery?  Tell us a little bit about you.  What are your kind of frustrations with the federal government?  From what I'm hearing from other veterans, sometimes they just give up.  They just say it's...  Really?  In Arizona.  and the VA system can't accommodate you,  then you need to, you get to go somewhere else.  Yeah.  oh, you're not really truly living, are you?  A lot of times you hear it's just impossible to get off of it.  the things that you've earned, that you served our country, fought for this country,  and I want to make sure that you're treated properly as veterans and respected.  That's one class of people I wouldn't mind seeing on the other point.  You guys go learn to code.  Bedbound for 11 months?  Yes, ma'am.  Because they wouldn't do the surgery?  Yes, ma'am.  that you shouldn't have had to and I want to help turn this government around.  I don't know about you, I'm tired of begging for my freedoms.  There you go.  I'm tired of begging for our inalienable rights.  working against us.  We're going to restore those freedoms and rights, restore the Constitution,  get the government off our back, and I want to be your voice there.  So thank you so much.  How about these are the things that were heard?  and really all over the country, and they just say,  Thank you guys.  would give them choices. It'll be cheaper in the long run.  So we need to make some serious changes.  Yeah, and I'm 100%.  can't go through so many hoops and then they suffer.  Tell us a little bit about where you served and what are some of the issues you have?  the systems that are actually helping people.  I hope they're embarrassed.  We need to make sure that there's choice and I think President Trump introduced that.  cut where it's hurting the true patriots and the true people who fought for this country  and did everything right.  And then people who haven't done anything are being thrown in jail.  Absolutely.  You're right. It does seem very upside down.  Well, we need to definitely, I call it defanging the federal government,  because it seems as if they've been...  Our lives are busy. Our lives are already difficult. I don't have time to go to DC and...  And how about we cut some of the waste?  There's a ton of waste.  We can start cutting true waste and not going after.  Well, let's get some attention on it.  It's starting in January of 25, and I talk to people all over the state.",[],0,921,0.0,"WATCH: Kari Lake's Veterans Roundtable ????

Thank you to all our veterans for your sacrifices and strength. Kari Lake is committed to working tirelessly to ensure that each of you receives the support, respect, and resources you deserve. #VeteransForKari",[],0,39,0.0,0.80424553,0.95978343,0.54823864,0.015109689,centr,0.0045206547,0.98322624,0.4761494,0.029096073,centr,1,924,10.49,89.38,50.45,32.21,9.06,12.45,93.07,78.46,60.61,21.32,13.31,3.68,2.38,4.76,0,2.27,8.01,13.53,5.19,0.87,12.55,11.15,8.12,8.23,2.06,23.48,5.19,3.79,5.09,2.6,1.08,1.41,23.92,1.19,12.12,2.06,1.19,3.14,2.71,1.19,2.71,0,4.76,2.81,1.95,1.73,0.76,0.97,0.11,0.22,0,0,15.69,3.9,1.19,0.43,0.43,0.43,1.41,11.26,0,0,0.22,0.32,1.3,1.3,0,0,2.49,0,0.11,1.73,0.65,0,2.06,1.41,0.65,0,0,0,0,0,0.11,1.95,1.41,1.73,0.87,0,0.43,0.22,0.22,0,9.63,9.74,0.54,2.49,6.82,0.32,0.65,0.11,3.57,3.57,8.77,2.27,1.19,0.11,0.97,0.11,0,23.92,11.47,5.19,1.19,0,5.95,0.11,0
2024/10/29,Eric Hovde,DBsCFc3oDVx,Republican,Wisconsin,"to restore the American dream  Now, Senator Baldwin, who's been a lifelong politician, 38 years in politics, 26 years in Washington, has been a big part of this problem.  to change America. Remember, before the 20 election, we're going to change America.  Well, they sure have, and it sure hasn't been for the better.  What do President Trump and I want?  And I'm telling you, we need change.  and grow our free market capitalist system that made us the wealthiest country in the history of mankind?  and to make America great again.  You think, what does President Trump and I want?  Kamala Harris and Senator Baldwin want?  We want to preserve.  We've got a lot of problems.  We've got a broken health care system where the costs continue to rise  and access to care continues to fall.  We have a shortage of affordable housing for young people.  The litany of problems are extensive.  And the choices could not be more different.",['politici*'],1,161,0.00621118,"The stakes in this election could not be higher, and the choice could not be more clear. 

It’s time for change.",[],0,21,0.0,0.3108651,0.017989023,0.0008097687,0.0099318605,none,0.0031311393,0.043141786,0.0033181373,0.0017550628,none,1,161,60.52,89.33,40.32,69.1,10.06,21.74,89.44,67.7,48.45,12.42,9.32,1.86,4.97,1.24,0,0.62,3.11,10.56,8.07,1.86,11.8,10.56,2.48,6.21,1.24,21.12,7.45,4.35,10.56,4.97,0.62,4.97,25.47,0,13.04,1.86,3.11,3.73,0,0,2.48,0.62,4.35,3.73,0.62,0,0,0,0,0,0,0,11.8,1.86,1.24,0,0,0,0.62,9.32,0,0,0,0,5.59,4.97,0.62,0,3.73,0,0.62,0,3.11,0,0.62,0.62,0,0,0,0,0,0,0,0.62,2.48,1.24,0.62,0,0,0,0,0,11.8,5.59,0,1.24,4.97,0,0,0,8.07,4.97,5.59,1.24,0,0,0,0,0,20.5,7.45,6.83,2.48,0,3.73,0,0
2024/10/29,Colin Allred,DBsF0DzvfNv,Democratic,Texas,"I'm gonna have to get my son out.  Not sure.  He's eight.  And you know who he told me to vote for?  You.  You got the youth vote.  Yeah, that's right.  I know.  Who are you voting for?  We're trying to flip the script.  Yeah.  Gotta get out the boat.  He's the real star and he's on TV every 15 minutes. I'm like once a week at best  Alright brother, we got your vote!  My wife ain't gonna believe it, man.  Calling already?  Yeah.  Thank you.  Real quick.  You know you can be whatever you want to be, right?  Yeah.  Yeah.  You can be whatever you want to be.  You just got to work hard.  You can do it.  Right?  Right?  All right.  Give me a hug.  Appreciate you.  All right.  Appreciate you.  Thank you.  Hey everybody, I'm here in historic Third Ward,  knocking on doors, and I brought a special friend.  What's up y'all, how you feeling?  My name is Jason George, you may have seen me on TV,  but today I'm hanging out in Texas here,  knocking on doors with my man Colin Allred because",[],0,187,0.0,"If you get a knock on your door, it might be me and @jasonwinstongeorge getting out the vote in your neighborhood! ???",[],0,22,0.0,0.021523783,0.012698551,0.0019761126,0.0024019126,none,0.01185878,0.004837093,0.0019627623,0.0033407535,none,1,187,14.56,99,54.32,44.23,5.19,10.16,94.12,78.07,57.75,25.13,21.39,6.95,1.07,10.16,2.14,0,3.74,10.16,3.74,2.14,12.3,13.9,3.74,2.67,1.07,26.2,4.81,4.28,4.81,3.21,1.6,0,26.74,2.14,11.76,4.28,1.07,3.21,1.6,1.07,1.07,0,3.74,2.67,1.07,1.07,1.07,0,0,0,0,0,24.06,4.81,2.14,1.07,0,0,2.14,19.25,1.6,1.6,0.53,4.81,3.21,2.14,0,1.07,1.6,1.07,0,0.53,0,0,0,0,0,0,0,0,0,0,0,1.6,1.07,2.67,0,0,0,0,0,0,14.97,9.09,0,1.6,5.88,0.53,0,1.07,4.28,2.67,9.63,3.21,5.35,2.14,3.21,0,0,31.02,14.44,5.88,3.74,0.53,6.42,0,0
2024/10/29,Colin Allred,DBsMkvSobf7,Democratic,Texas,I believe in our public education system here in Texas.  Ted Cruz wants to take that away.  That's incredibly important for our rural communities.  We've had a lot of hospitals closing in rural Texas.  That's partly because we have the highest uninsured rate in the country.  I want to expand health care coverage and lower costs.  Ted Cruz is responsible partly for where we are right now.  And so I think his policies have been terrible for Abilene and for rural Texas.,[],0,82,0.0,"From Abilene to Alamo, I will fight for Texans across our great state.",[],0,13,0.0,0.72329557,0.06573749,0.035574112,0.006732485,elite,0.006019027,0.9255783,0.011051754,0.04055625,none,1,82,34.12,91.94,51.25,37.8,10.25,19.51,86.59,74.39,52.44,14.63,10.98,3.66,6.1,0,1.22,0,3.66,10.98,3.66,0,14.63,10.98,8.54,6.1,0,18.29,12.2,6.1,7.32,7.32,0,0,20.73,0,10.98,2.44,2.44,2.44,2.44,1.22,0,0,3.66,2.44,1.22,1.22,0,1.22,0,0,0,0,10.98,1.22,1.22,0,0,0,0,8.54,0,0,0,1.22,0,0,0,0,4.88,0,0,2.44,2.44,0,2.44,2.44,1.22,0,0,0,0,0,0,0,2.44,1.22,0,0,0,0,0,0,8.54,14.63,0,1.22,13.41,0,0,0,1.22,3.66,7.32,1.22,0,0,0,0,0,13.41,9.76,0,0,0,3.66,0,0
2024/10/29,Sherrod Brown,DBsPEStIB2z,Democratic,Ohio,"He's been hiding from Ohioans the whole election.  He always thinks he knows better.  He's one of those kind of candidates.  His own staff clearly doesn't trust him to go out and talk to people and answer questions.  I fight for the dignity of work.  He stiffs his employees and then refuses to talk about it or his staff steps between him and the question.  He doesn't seem to want to answer questions from much of anybody.  When he does, he gets in trouble.  So he doesn't really want to ask answer questions about voting.  Ohioans voting 57 percent for abortion rights.  About how he stiffed his employees out of their overtime, $400,000 worth, how he shredded documents.  When you're that out of step with the public, the only way to win is to spend a whole lot of money.  There's been more money against me in this race than any Senate race in history.  And so it's going to be a very close race.",[],0,165,0.0,"Bernie Moreno's solution to being caught calling Ohio women ""a little crazy""? Buying a device that distorts audio of his events.",[],0,21,0.0,0.99426055,0.28031963,0.06457001,0.024171116,elite,0.9533211,0.0024102184,0.007054694,0.019768385,elite,1,165,48.76,93.08,9.55,13.71,11.79,14.55,94.55,69.7,58.18,16.36,12.73,1.21,0,0.61,10.3,0.61,3.64,12.12,4.24,1.82,19.39,7.27,7.88,7.27,1.82,15.76,4.24,4.24,5.45,0.61,1.82,3.03,26.06,1.82,15.15,7.27,1.21,1.21,7.27,1.82,1.82,0,4.24,1.82,2.42,0,0,0,0,0,0,0,22.42,6.67,0,0,1.21,0.61,4.24,15.76,0,0,0,10.3,3.03,3.03,0,0,6.06,0,0,3.64,3.03,0,0.61,0.61,0,0,0,0,0.61,0,0,0,1.21,0.61,0,0,0,0.61,1.21,0,7.27,8.48,0,1.82,6.67,0.61,0,0,3.64,1.82,7.27,1.21,0,0,0,0,0,16.97,8.48,3.03,0,0,4.85,0.61,0
2024/10/29,Kari Lake,DBsaJlsiSWz,Republican,Arizona,"That was proven yesterday.  And the people are struggling economically in New York.  And it's just a real mess.  And everywhere we went, whether it was an Uber driver or a taxi driver, they would say, oh, they would figure out who I was.  And they would say, oh, my gosh, we miss Trump so bad.  We got to get Trump in office.  We have to turn this around.  And the city is in disarray.  Crime is up.  You don't feel safe walking on the streets.  There's lines of people there illegally.  They're staying in four-star hotels.  So I think New York is much more MAGA than anyone would believe.  Oh, I had so many people who were there texting me and they said it's just electric inside.  And we were watching a bit of it yesterday.  Of course, I'm busy on the campaign trail here in Arizona.  But I'm not surprised at all.  I've been to New York several times in the past few months, actually.",[],0,167,0.0,"President Trump's rally in Madison Square Garden was something special.

I've always said New York is much more #MAGA than anyone would believe.

Yesterday, The America First Movement proved it.",[],0,30,0.0,0.026431378,0.7442786,0.011990375,0.027310686,centr,0.010276655,0.010081541,0.001980185,0.0033603609,none,1,167,14.46,68.07,94.52,20.23,9.28,12.57,90.42,77.84,61.08,16.77,12.57,4.79,2.99,0.6,0,2.99,4.19,11.38,5.39,0.6,11.98,14.37,7.19,8.38,1.2,22.16,7.78,5.39,4.79,2.99,0,1.8,30.54,1.2,12.57,3.59,0,2.4,1.2,2.99,2.99,0,5.39,2.4,2.4,1.2,0,0.6,0,0,0,0,14.37,2.99,0,0,0,0,2.4,10.18,0,0,0,0,1.2,0.6,0,0.6,1.2,0,0,0.6,0.6,0,0,0,0,0,0,0,0,0,0,1.2,0,1.2,0,0,0,0,0.6,0.6,5.99,14.37,1.2,1.8,10.78,0.6,0,0.6,5.39,7.78,7.19,1.2,1.8,0,0,1.8,0,22.16,10.78,5.99,0,0,4.79,0.6,0
2024/10/29,Kari Lake,DBsaUZNsWpI,Republican,Arizona,"people pouring across illegally, fentanyl pouring into our communities, killing our young people.  for the good people of this country.  destroy the housing market, and the mortgage rate shot up to now about 8%.  It's impossible for a young person to get ahead, get a down payment, and buy a house right now.  Instead of living the American dream, our young people are wondering if they're going to have to live in a small apartment  with two or three or four roommates for the rest of their life.  So we have the plans.  We are going to put America first.  We're going to secure the border, bring back that strong Trump economy, energy independence,  a great quality education for our kids so they're ready to tackle the jobs that are out there when they get out of school.  And we're going to bring peace and prosperity, not war and poverty.  I'm looking forward to President Trump getting in office and joining him in Washington, D.C., in the U.S. Senate  and making sure that we accomplish all of those things and more.  the worst people in the world.  Can you imagine?  They helped...  And now he wants to represent the people of this state, and he's called more than half of us the worst people in the world.  He's called them dumb, all these different names.  You know, they don't have a plan, because if they did, in the case of Kamala Harris, that plan would have been rolled out four years ago.  But instead, what happened four years ago is when they got into office three and a half years ago, they rolled out the opposite.  They rolled out the beginning of the destruction of America.  They opened up the border.  They coddled the cartels, empowered the cartels, left Americans dealing with.  I'm feeling the same thing here in Arizona with my radical, radical opponent.  You know, he's called Trump voters.",[],0,321,0.0,"Biden/Harris & Gallego inherited a secure border & a prosperous economy & ripped them wide open.

They've never acted in our best interest, Ruben said, ""Trump voters are the worst people in the world.""

People who hate us can't represent us.

President Trump & I want to put America First. We want peace & prosperity, not war & poverty.

We're asking for your vote to do it.",[],0,67,0.0,0.95950335,0.7677588,0.054058224,0.9687338,right,0.9646797,0.55815995,0.008788409,0.43604565,none,1,322,70.06,93.04,82.61,16.68,14.64,16.15,92.24,69.88,54.97,14.29,10.56,0.93,3.11,0.93,1.55,4.04,3.73,16.15,9.01,2.48,14.91,6.83,4.97,6.83,0.62,16.15,6.21,5.9,9.32,4.66,1.86,2.8,20.81,0.62,9.01,2.48,0.31,0.93,1.55,0,4.66,0,4.66,2.17,2.48,0.31,0.31,0,0,0,0,0,17.39,3.11,0.31,0,0.31,0.31,0.93,13.66,0.62,0.31,0,1.55,1.86,1.55,0.31,0,5.28,0,1.55,2.17,1.86,0,1.24,0.31,0.31,0,0,0.31,0,0,0.31,0.62,0.31,1.55,0.93,0,0,0,0.31,0.31,11.8,14.29,0.62,2.17,10.87,0.31,0,0.31,4.66,4.35,6.52,4.97,0,0,0,0,0,19.88,8.39,7.45,0.31,0,3.42,0.31,0
2024/10/29,Kari Lake,DBsgFamMje9,Republican,Arizona,"I'm actually thinking you meant to ask me about the issues that people cared about.  And people care about our wide open border.  They care that 21 million people have poured in to your city, to my city, all across this country.  Do you think people care if you're willing to accept the results?  I did just explain that. I've put out a lot, I've talked a lot about this, and I just explained that I'm running for federal office.  So I explained how I voted, I'm running for federal office.  So which office you're running for?  Really quickly, though, Caitlin, Caitlin, I was just Caitlin. I was just in New York City. I believe that's where you are broadcasting live from tonight. The streets aren't safe anymore. The subways aren't safe anymore. I care about the border and we're going to make sure we we're going to make sure we secure the border.  I don't think that we'll ever be able to afford a home in our generation  because the housing prices have soared, especially in the past four years.  They've gone up 35% in Arizona.  I did vote early. I did vote early. And I planned to my husband plans to vote early. My daughter voted early. My son will be voting on Election Day. I've never changed my position. I've always said vote however you're comfortable. I do wish we had Election Day, but we don't. So we have to vote in that way. And we're going to make sure that we get everybody out to vote.  And if you look at the stats, I don't know if you've covered this yet because it doesn't go in the Democrats direction, but we are seeing a huge turnout right now in Republicans voting early. It's incredible what we're seeing here on the ground.  And at this rate.  abortion on this issue.  Well, I think what you meant to ask is, Carrie, things are really tough right now.  And I know that people that are watching tonight.  ports of entry.  And Caitlin, it doesn't help that we've had 21 million people here that have poured across  the border.  Why are we looking backward?  I'm looking forward, Caitlin.  I already know what your head like.  I voted for the law that we have.  The current law is 15 weeks, and it provides abortion up to 15 weeks.  But the beauty of this is that the people of Arizona get to decide.  We get the choice in this, and my opponent wants to take that choice away from us,  drag it back to some back room with Chuck Schumer,  and decide what the law is here in Arizona.  And the people of Arizona get to decide.  They'll either decide to keep the current law or go with his proposition.  And the one thing I will tell the folks in Arizona that are watching tonight  is that when I am in the U.S. Senate, I will not vote for a federal abortion ban.  I believe it should fall into the people of the state to decide,  nor will I vote for federal dollars to go toward abortion.  But I will, Caitlin, do everything in my power to make sure that we are pushing laws that help women.  We want to make sure we have women's health care.  We want to make sure that women, if they want to keep their babies, know that there's help and options.  I heard of a statistic that broke my heart the other day,  that 60% of women who have an abortion would have not had that abortion  if they would have known there was a little bit of financial.  Yes, because in the federal office, we're not going to decide that, Caitlin.  But I'm really concerned more about, I'm concerned just as much about the children that are going missing, the women that are being raped.  And I wish the media cared about them.  I haven't heard a lot of questions being asked of my opponent or Kamala Harris about the 325,000 children who've gone missing.  I haven't heard a lot of questions coming from the mainstream media about the women who are being killed at the hands of people here who are murderers and rapists.  I was in New York City.  Well, your opponent, of course, voted for the Lake and Riley Act.  I don't really think those voters exist.  I actually look at the good polling, our internal polling, which shows I'm ahead a little bit, and this is a tied-up race.  So I'm actually looking forward to the election.  It's going to be a voter turnout election.  And right now we're seeing a great turnout with Republicans, much higher than Democrats right now.  And then we're going to see people show up on Election Day as well.  But what I really want to do is get to securing our border, bringing back a strong economy, making our streets safe in New York, in Phoenix, in Scottsdale, in Flagstaff.  I do believe in exceptions for rape and incest and the life of a mother.  Unfortunately, the other proposition really, I believe, goes too far.  It really takes it right up until nine months in some circumstances.  But again, the people of Arizona are going to decide, and I'm going to live with whatever.  i want to secure the border i want a strong economy i want schools that are  teaching our kids lessons that actually help them get ahead  my opponent has done an extreme makeover  he's we voted for open borders he's voted against the border wall he called  trump supporters  domini called trump supporters and republicans the worst people in the  world but i think he's also both of the city i know but i'm telling you i'm  about to explain this he's also voted for  defunding the police he's done an extreme makeover  Well, no, it's just that I know what office I'm running for.  I'm running for a federal office.  This has been sent back to the state.  And while I appreciate that you're concerned about this,  I know many women are concerned about it.  I'm a woman.  I have a daughter.  I came from a family of eight girls, so I understand the issue of women.  I want to make sure that women have options and affordable health care.  And women do care about this, but they also care about being able to afford groceries.  They care about the fact that not too far from here,  just a few hours south of where I'm sitting right now,  we have a wide open border and people are coming in.  Women care about the concern of World War III starting up.  You know, I was just at the border a couple of days ago,  and it breaks my heart because this little shoe right here I picked up,  it was probably the shoe that a little two- or three-year-old boy wore.  Thank you, Caitlin. Appreciate you having me on.  I care about them.  You've asked zero questions about inflation and the cost of living.  In Arizona, we can't afford to live anymore.  We have the fastest growing rent prices in the country in three of our cities.  So you're not going to answer the question.  passed a law to push for over-the-counter birth control pills and birth control so that women never have to be without that,  and they can actually get that birth control in a much easier form, much cheaper, so they don't have to make that choice.  Hold up, Caitlin. We've had 10 questions probably, and you've had all of them being about elections or abortion.  And while those are big issues.  You know what, Caitlin?  You've seen thousands of interviews from me.  I've answered that a million times.  I'm looking forward.  You've actually yet to answer the question.  They decide it's not going to be up to the U.S. senator in this state.  And my opponent has spent $40 million trying to lie to the people and saying that it is up to the U.S. Senate.  And it's not. It's up to we the people.  So whatever people decide in Arizona, I will respect.  or emotional health.  And if that's the case, we're failing.  I'm really proud of the Republicans in our state, Caitlin,  because what we're trying to do is prevent women from ever having to make that choice,  and we are the ones, Republicans in Arizona, who...  Caitlin, hold up, hold up.  The media can't get over it.  You say I can't get over it, and it looks like you can't.  No, listen, I want to see.  Caitlin, I'm looking forward to what is coming up.  I'm looking forward to November 5th and this huge election.  And the people of our state are caring about what's coming up, what's going forward.  How are we going to make sure we secure the border?  What can we as Republicans do to make sure we bring back that thriving economy  where we have record low unemployment?  So you're not going to say whether or not you want to.  I don't think I said that.  They are worried about that, and it doesn't help.  First of all, I want to go back to a question you just answered.  I have not changed my position on early voting.  We have to vote for the entire season.  He came on your show and you never interrupted him once.  And I'm here to tell you we have a lot of issues as women we care about.  I care deeply about the little boy who was possibly wearing this shoe when he crossed our border who's now missing.  I worry about where he is right now.  I worry about the people who are sex trafficked into our country and across our border.  And most importantly, one of the most important issues I worry about is the weapon of mass destruction pouring across our border.  It's called fentanyl and it's killing about 100,000 young people about your age every year.  I'm worried about your generation.  I have kids that are probably about your age.  And they've told me my son just came home from college the other day and he said, Mom.  I've answered them before.  It's just sitting there at the border.  And I thought to myself, there's 325,000 children that have been trafficked across our border,  many of them sex trafficked, that have been lost.  Can I stop?  I think what you meant to ask is how can we get through this difficult time where people are pouring across our border and people can't afford to live right now?  I know that you're probably doing OK.  You probably have a pretty good salary.  I once sat in the chair like you did.  But people are really struggling right now.  I've talked to so many parents, dozens of parents who've lost somebody about your age or younger, a child from fentanyl.  They're no longer willing to have our border be wide open.  I'm glad you asked about the election.  I'm looking forward to November 5th.  We're seeing a huge turnout in voters here in Arizona, Democrats, Independents and Republicans.  Well, I want to make sure our elections are run properly, and I'm still in litigation, so I don't want to speak to that.  But I do want to look forward, and it's so funny that the media – Caitlin, hold up. Hold up.",[],0,1910,0.0,"WATCH: Kari Lake's Full Interview With CNN… Notice ZERO Questions On Economy and Border… ?? 

Kari is laser-focused on solving the issues that matter the most to Arizonans.

DONATE: KariLake.com/Donate",[],0,30,0.0,0.03664677,0.38233325,0.007466726,0.039268427,none,0.005752313,0.93225217,0.011282531,0.02249661,centr,1,1909,20.02,67.38,89.7,37.57,13.17,14.56,93.4,75.85,59.4,19.64,13.51,6.23,3.14,2.1,0.63,1.05,6.13,13.99,5.87,1.52,13.46,11.63,7.6,6.23,1.89,23.73,5.03,4.03,5.97,3.98,0.52,1.47,25.09,0.94,10.74,3.4,0.79,1.73,1.78,0.94,3.2,0,4.4,2.67,1.47,0.94,0.42,0.26,0.26,0,0,0,14.98,3.77,1.31,0.05,0.26,0.05,1.78,10.74,0.79,0,1.05,0.89,2.72,2.72,0,0,1.52,0,0.21,0.68,0.68,0,1.99,1,0.1,0,0,0.1,1,0.05,0.16,0.42,0.89,0.63,0.16,0,0,0,0.42,0,8.43,12.47,1.36,1.73,8.8,1.15,0.21,0,4.09,4.98,7.7,3.56,0.1,0,0.1,0,0,19.28,7.6,5.34,0.42,0,5.45,0.47,0
2024/10/29,Colin Allred,DBtYGK-vOCN,Democratic,Texas,"who spoke  Well, thanks for having me on, Lawrence.  That event was incredible.  Houston was on fire.  And we were talking about the stories of Texas women.  and sexist families.  And I just want to note that I was introduced by Amanda and Josh Zyrowski.",[],0,45,0.0,"Ted Cruz thinks that he knows better than Texas women, but on November 5th they’re going to prove him wrong.",[],0,20,0.0,0.0028236157,0.022225993,0.0051374026,0.0025317047,none,0.73308414,0.7817554,0.042148422,0.013696897,centr,1,45,27.51,66.21,1,85.84,7.5,17.78,80,68.89,57.78,15.56,11.11,6.67,2.22,0,0,0,4.44,6.67,2.22,0,15.56,11.11,6.67,8.89,0,20,2.22,0,6.67,4.44,0,2.22,15.56,0,4.44,0,0,2.22,0,0,0,0,8.89,6.67,2.22,0,0,0,0,0,0,0,20,11.11,2.22,2.22,0,2.22,8.89,8.89,2.22,0,2.22,0,0,0,0,0,0,0,0,0,0,0,0,0,0,0,0,0,0,0,0,0,2.22,0,0,0,0,0,0,0,0,0,0,0,0,0,0,0,0,11.11,0,0,0,0,0,0,0,17.78,13.33,4.44,0,0,0,0,0
2024/10/29,Colin Allred,DBtg9W-xRx2,Democratic,Texas,"This November, we're going to shock the world.",[],0,8,0.0,One week until we shock the world.,[],0,7,0.0,0.021608707,0.0067029325,0.0016635568,0.002065181,none,0.038319588,0.003379616,0.0022559112,0.003132767,none,1,8,62.1,99,89.39,1,8,12.5,100,50,50,25,12.5,0,12.5,0,0,0,12.5,25,12.5,0,12.5,12.5,0,0,0,25,0,0,12.5,12.5,0,0,25,0,0,0,0,0,0,0,0,0,12.5,0,12.5,0,0,0,0,0,0,0,12.5,0,0,0,0,0,0,12.5,0,0,0,0,0,0,0,0,0,0,0,0,0,0,0,0,0,0,0,0,0,0,0,0,0,0,0,0,0,0,0,0,0,12.5,0,0,12.5,0,0,0,12.5,0,12.5,25,0,0,0,0,0,37.5,12.5,12.5,0,0,12.5,0,0
2024/10/29,Dave McCormick,DBtu3IKO2sE,Republican,Pennsylvania,"98%. He's voted for sanctuary cities.  a guy who's doing this for one reason.  I grew up in Bloomsburg, my folks had a farm, I baled hay, I trimmed Christmas tree.  Anybody been to Bloomsburg and remember the McGee Hotel?  I was a busboy at the McGee Hotel, right?  I was a paperboy.  I wrestled.  I played football.  And wrestling took me...  One reason, right?  And he's voted 98% of the time with the radical liberal agenda of Biden and Harris.  One reason.  That's why I'm doing this.  Seventh generation Pennsylvanian.  He's voted for all the reckless spending.  He's voted for biological men competing in women's sports.  Does this sound like Pennsylvania to you?  And he's running against.",[],0,118,0.0,"Duty. Honor. Country.

That’s why I’m running for the U.S. Senate.",[],0,11,0.0,0.9904214,0.1717332,0.08114735,0.9941199,right,0.0021830602,0.04877653,0.0027549854,0.0031918716,none,1,118,51.39,50.15,41.6,31.93,6.21,19.49,83.05,65.25,54.24,18.64,14.41,8.47,0,0.85,4.24,0,4.24,16.1,7.63,5.08,12.71,12.71,0.85,4.24,0,21.19,3.39,4.24,0.85,0,0.85,0.85,25.42,0.85,5.93,3.39,3.39,0,0.85,0,0.85,0.85,2.54,1.69,0.85,0,0,0,0,0,0,0,11.02,0,0,0,0,0,0,10.17,0.85,0,0.85,5.93,5.08,5.08,0,0,4.24,2.54,0,0,0.85,0.85,0,0,0,0,0,0,0,0,0,0,0,0.85,0,0,0,0,0.85,0,3.39,6.78,0,0.85,5.08,0,0.85,0,2.54,10.17,7.63,0,0,0,0,0,0,31.36,14.41,4.24,3.39,0,7.63,1.69,0
2024/10/29,Eric Hovde,DBtv7_pK6Wp,Republican,Wisconsin,"This election is so consequential.  We cannot do it without you.  You have to help us get over that finish line.  I've got to ask you, not only do you have to get out and vote,  let's get out there, talk to your friends,  and take this country back and restore America.",[],0,52,0.0,"We are down to ONE WEEK to go.

Momentum is on our side. Wisconsin is hungry for change.

We are going to WIN this race.",[],0,25,0.0,0.006968707,0.13674164,0.0018715612,0.0017688097,none,0.00507815,0.9425405,0.009526768,0.009925743,centr,1,52,1.84,99,70.92,49.66,13,13.46,96.15,75,61.54,25,17.31,1.92,5.77,9.62,0,0,7.69,7.69,0,0,15.38,15.38,7.69,7.69,3.85,28.85,1.92,0,13.46,9.62,1.92,1.92,17.31,0,7.69,0,1.92,1.92,0,0,5.77,0,1.92,1.92,0,0,0,0,0,0,0,0,25,5.77,1.92,0,0,0,3.85,17.31,0,1.92,0,0,3.85,3.85,0,0,0,0,0,0,0,0,0,0,0,0,0,0,0,0,0,7.69,0,9.62,0,0,0,0,1.92,0,19.23,13.46,0,0,13.46,0,0,0,1.92,1.92,5.77,7.69,0,0,0,0,0,19.23,7.69,7.69,0,0,3.85,0,0
2024/10/29,Kari Lake,DBt1DDVsxiO,Republican,Arizona,"if we continue along this destructive path that the Democrats have put us on.  the greatest, greatest years in our history.  I really believe that.  I believe the future is incredibly bright.  We're at a crossroads of, as Ronald Reagan said, a thousand years of darkness.  We can sit back. Everyone's got to get out and vote. President Trump is up. I'm up.  But we have to get out.  out of this world bright, but we have to get through the next eight days, and that's going  to require everybody out there to get out and vote. If you vote early in your state, vote early.  If you're here in Arizona, vote early. Take a friend, call a friend, call all of your contacts,  get them out to vote. We have got to make it too big to rig, and we're actually doing a pretty  good job of that right now in Arizona, and we're looking good here. Our internal polling shows me up.  and bringing back  But we need to make sure we get out and vote.  We can't look at internal polling and then say, well.  and just an American spirit that will propel us into the next years and decades.  It's absolutely huge. I mean, he is the great inventor of our time, the great visionary of our time.  And for him, who's I mean, think about it.  He's almost seen the future because he's been able to bring us such great inventions that have brought us into the future.  For him to say the future is not good if we don't get President Trump and and MAGA Republicans in office.  So we got it. We got to make this happen.  President Trump needs the Senate.  He needs the House to accomplish all of these great things he wants to accomplish for our country,  like that secure border, that strong economy.",[],0,314,0.0,"We are on the verge of accomplishing great things for America. President Trump & I need your VOTE to do it.

It's not enough to win the White House.

Trump needs the Senate. He needs Congress to help him deliver us a secure border. A strong economy & bring back an American spirit that will propel our country to great heights.",[],0,61,0.0,0.09319749,0.058865685,0.0011771573,0.0031541502,none,0.004737536,0.08219734,0.0026012866,0.0025682466,none,1,314,42.34,98.69,57.13,74.85,11.21,13.38,94.59,75.8,58.28,19.43,13.38,1.91,7.32,1.27,2.23,0.32,6.05,13.38,5.73,0.64,15.92,7.96,4.78,7.64,0.96,18.79,5.73,3.5,11.78,7.96,1.91,1.91,22.61,1.27,8.92,1.59,0.96,1.91,1.91,1.27,2.87,0,5.41,4.46,0.96,1.27,1.27,0,0,0,0,0,16.56,2.55,0,0,0,0,1.59,13.69,0,0.64,0,2.23,5.1,4.14,0.32,0.64,1.91,0,0.32,1.27,0.32,0,0,0,0,0,0,0,0,0,0,3.5,0.32,3.5,0,0,0,0,0.32,0.64,15.61,13.06,0.96,1.27,9.24,1.91,0,0,6.37,1.59,6.69,5.41,0.32,0,0.32,0,0,19.11,8.92,6.05,0,0,4.14,0,0
2024/10/29,Kari Lake,DBt1hVct-Gq,Republican,Arizona,"You know, I can't imagine any American out there wants an open border once the cartels controlling are.  Yeah, I mean, this is such basic stuff.  I mean, I'm sitting here.  My husband's in the room with me here.  I love him.  I don't agree with everything that he agrees with.  You know, we don't agree on everything, but we are moving toward a common vision.  And that's what President Trump offers.  You don't have to agree 100 percent with them.  That's impossible.  I think we agree on 95% of everything, maybe even more.  Donald J. Trump, and I think in Arizona, I know they're going to vote for Carrie Lake for U.S. Senate as well.  And we're going to get to work immediately rolling up our shirt sleeves and going to work to get the business of the American people accomplished and turn things around.  our borders. I really don't believe there's any American who wants that. I think all Americans  want to have voter election integrity. They want to make sure there's no fraud. I would think they  would want that. I would think the majority of Americans want to make sure when we send our  children to school, they're getting a really solid education for the money we're pouring into it,  not an indoctrination. I think the vast majority of Americans believe that. Sure, there's a sliver  who are so radicalized they don't. But I really believe the vast majority. And I think the vast  majority are going to go out and they're going to vote for the man you see on your screen there,  that incredible leader.  But I think as Americans, we actually agree.  I'm going to say something probably pretty radical here.  I would take all Americans, even the Democrats and the Republicans.  I think even as all Americans, we agree on probably 80 percent.  I think the people who are more in our camp that are voting Republican for Donald Trump.",[],0,328,0.0,"The biggest lie the media tries to sell us is that we're divided.

We agree on FAR more than we disagree about.

A secure border, a strong economy, & a solid education. These things are common sense.

That's why the vast majority are going to vote Trump for President & Kari Lake for Senate to solve the problems affecting ALL Americans.",[],0,61,0.0,0.020100307,0.944291,0.01072241,0.08088939,centr,0.24538259,0.9683744,0.036499716,0.03868487,centr,1,328,21.81,70.17,68.21,37.8,11.31,15.85,92.38,76.83,58.54,21.04,15.85,7.01,3.66,1.52,0.61,2.13,5.18,12.8,5.49,1.22,12.8,9.15,7.62,4.88,2.44,22.26,4.27,4.57,7.01,4.27,0.91,1.83,23.48,2.13,14.33,5.79,0.3,3.35,2.13,1.22,1.83,0,1.22,1.22,0,0.3,0.3,0,0,0,0,0,14.63,3.35,0,0,0,0.3,0.3,11.28,0.91,0,0,1.22,4.57,3.66,0.91,0,2.74,0,0.3,2.13,0.61,0,0,0,0,0,0,0,0,0,0,0,1.83,1.22,0.61,0,0,0,0,0,8.23,10.67,1.22,1.22,7.93,0.61,0,0,0.91,0,8.54,5.49,2.13,0,2.13,0,0,20.43,9.45,4.88,0,0,5.79,0.3,0
2024/10/29,Ruben Gallego,DBt6KUfyVE4,Democratic,Arizona,"Well, I think the difference between me and Carrie Lake is I approach this from an Arizona perspective, not a Democratic perspective, not a Republican perspective.  So, you know, working with our community leaders, our border mayors, this is why I've been endorsed by more border mayors than Carrie Lake has.  We've been supported, are being supported by the largest police union in the state because they know that we're going to work in a bipartisan manner and not just play politics with the border.  Remember, there was a good border security compromise bill by the most conservative Republicans and Democrats together, and she rejected it.  Why? Not because there was a better bill coming, but because she needed the border problem.  She needed to continue to do this to the point where, you know, we had one mayor who started the campaign with her and is now endorsing us because they understand that I'm here to actually get the work done.  She's been to Mar-a-Lago more than she has to the border.  And in Arizona, Arizona voters understand that.  And they.  Want someone who's going to take the border seriously and not to use it, just use it as a political football like Carrie Lake has.",[],0,207,0.0,"There’s a reason I’ve been endorsed by more border mayors than Kari Lake.

They want a leader who’s focused on securing the border, not a talking point.",[],0,27,0.0,0.98099315,0.6624378,0.024463404,0.23606108,elite,0.021049827,0.091323264,0.0021378705,0.0038375114,none,1,207,29.48,77.85,44.75,73.14,18.82,21.74,92.27,71.01,60.39,16.43,11.59,2.42,2.9,0.97,2.9,1.45,4.83,14.49,8.7,0.48,11.59,10.63,6.28,8.21,2.42,19.81,3.38,2.42,9.66,4.35,1.93,3.38,27.05,0,16.43,4.83,3.86,1.45,0.48,0.97,4.35,0.48,4.35,3.86,0.48,0.48,0.48,0,0,0,0,0,15.94,3.86,2.9,0,0.48,0,0,12.08,0,0,2.9,0,5.8,5.8,0,0,2.9,0.97,0,1.93,0,0,0.97,0.97,0,0.97,0,0,0,0,0,1.93,0.48,0.97,0,0,0,0,0.97,0,5.8,8.21,0,0.97,7.73,0,0,0,1.45,6.28,5.31,2.9,0,0,0,0,0,16.43,4.83,7.25,0.48,0,2.9,0.97,0
2024/10/29,Colin Allred,DBuBCnYPcH0,Democratic,Texas,"You know what I mean?  Because I was raised by a single mother.  And I played football.  And so, listen, the folks who I grew up around, you just can't get away with that kind of nonsense.  You know?  If somebody starts saying something, you've got to say something else.  Like, hey, it's not funny.  Alright, alright, how y'all doing?  Don't interrupt me and don't be over there chuckling.  So make a plan to vote.  Make sure you get your friends to vote.  When we come out to vote, when we fight.  If you take away a woman's right to choose, you gotta lose your job.  If you go to Cancun when 30 million people are freezing in the dark, you gotta lose your job.  Did I win or lose?  Let's go win, and I appreciate y'all.  Not one who goes to Cancun when we need him most.  I know that's right.  Come on now.  Y'all gonna make a plan to vote? We starting on Monday, early voting.  That's right, we won.  We won.  You know, I had a good time calling him out on his BS.  My goodness, thank y'all so much.  You got a great crowd.  I'm good to see y'all.  Did y'all watch the debate?  The man is a living legend, y'all.  Give it up for him.  And if you're trying to cut taxes for the rich so you can make it harder on working folks, you've got to lose your job.  And listen, we got so much to fight for in this election.  We need a senator who cares about all 30 million of us.  So listen, y'all, we got like 17 days, okay?  And then listen, when we talk about something serious, we're talking about something serious.  Hey listen, give it up for Jim Clyburn.  And you know what? If you just act like you think you know better than everybody,  you don't need to represent us, you don't need to show up for us,  then get out of the way and let someone else do the job, right?",[],0,344,0.0,"Back on Oct. 19, we had an unforgettable night at Clay and Reecie Live: Beyond the Mic in Houston, Texas, with over 650 people at the Community Collective! We were joined by none other than Rep. James Clyburn and Rep. Colin Allred, who’s running to unseat Ted Cruz and bring change to the Lone Star State! ?? 

Early voting in Texas ends on Nov. 1—make your voice heard and VOTE today! Let’s make history, Texas! ?????

#EarlyVoting #VoteTexas #BeyondTheMic #ColinAllred #FlipTexas #MakeHistory #Election2024 #YourVoiceMatters #TexasPolitics",[],0,85,0.0,0.97416216,0.91370094,0.4307103,0.031918902,elite,0.008088545,0.02749249,0.0023026865,0.0024444133,none,1,344,13.51,99,53.52,66.06,9.05,8.72,97.09,81.69,60.17,23.84,18.9,3.2,4.36,9.3,1.16,0,4.94,9.3,4.36,1.74,13.66,7.27,7.27,8.72,2.03,25,4.94,2.62,9.59,4.94,3.78,0.87,26.45,0.58,13.08,3.78,1.45,2.03,4.07,0.58,3.2,0,6.69,4.65,1.74,1.45,1.16,0,0,0,0,0.29,23.26,4.36,0.87,0.29,0.58,0,2.33,18.9,0.87,0.29,0.58,1.45,2.03,2.03,0,0,3.2,1.16,0,1.45,0.58,0,0.87,0,0,0,0,0,0,0.58,0,1.74,0,2.91,0,0,0,1.16,1.16,0,14.53,9.59,2.33,1.74,5.81,1.16,1.45,0,4.07,2.91,6.1,2.03,2.62,1.74,0.87,0,0,26.16,8.43,8.43,2.62,0,6.69,0,0
2024/10/29,Colin Allred,DBuHdyqOORc,Democratic,Texas,"I'm Colin Allred, and I approve this message.  Because we don't need talk on the border.  We need action.",[],0,19,0.0,"Ted Cruz has had 12 years to secure our border and yet he's done nothing. He even blocked the bipartisan border bill. He's all talk and no action.

Texans deserve better, and I'm ready to deliver.",[],0,36,0.0,0.006701609,0.0084189065,0.002446435,0.0025420636,none,0.97646797,0.8389775,0.03308783,0.0997375,centr,1,19,2.68,70.59,8.42,,6.33,15.79,89.47,73.68,52.63,26.32,21.05,10.53,10.53,0,0,0,5.26,10.53,5.26,0,5.26,10.53,0,10.53,5.26,31.58,0,0,15.79,10.53,0,5.26,26.32,0,15.79,0,5.26,10.53,0,0,0,0,0,0,0,0,0,0,0,0,0,0,21.05,10.53,0,0,0,0,10.53,10.53,0,0,0,0,0,0,0,0,0,0,0,0,0,0,0,0,0,0,0,0,0,0,0,10.53,0,0,0,0,0,0,0,0,15.79,10.53,0,5.26,5.26,0,0,0,0,0,10.53,0,0,0,0,0,0,31.58,15.79,5.26,0,0,10.53,0,0
2024/10/29,Sherrod Brown,DBuI2YJy2Mn,Democratic,Ohio,"Politics to me is not so much left or right, it's who's side you're on.  And the reason they're spending $200 million is I take on the drug companies and I hold Wall Street accountable and I stand up for workers and unions.  I take on the railroads when they committed a disaster in East Palestine.  And the contrast is clear on abortion rights.  No matter how liberal or conservative, in the end, they want to know who's on their side.  And I think when they go to vote, in their own minds, they understand that I'm on their side on all these issues.",[],0,104,0.0,"Ohioans know I’m on their side. Whether they’re a Democrat, a Republican, or an Independent, I will always stand up for them.",[],0,22,0.0,0.769263,0.9093342,0.93359876,0.010542836,left,0.0035023731,0.9885393,0.10469732,0.030228822,none,1,104,28.53,45.74,98.89,20.23,17.33,14.42,96.15,69.23,57.69,20.19,17.31,6.73,0,0.96,0,7.69,2.88,13.46,5.77,1.92,14.42,8.65,3.85,9.62,1.92,17.31,2.88,2.88,5.77,0.96,0.96,3.85,26.92,1.92,13.46,4.81,1.92,0.96,4.81,0,3.85,0,1.92,0.96,0.96,0,0,0,0,0,0,0,13.46,0,0,0,0,0,0,12.5,0,0,0,0,3.85,3.85,0,0,3.85,0,0,2.88,0.96,0,1.92,1.92,0,0,0,0,0.96,0,0,0,0.96,1.92,0,0,0,0,0.96,0,6.73,12.5,0,0.96,12.5,0,0,0,2.88,0,8.65,0,0,0,0,0,0,17.31,5.77,4.81,0,0,5.77,0.96,0
2024/10/29,Colin Allred,DBuSQxsgPuc,Democratic,Texas,"We deserve a senator whose team is Texas.  an independent or Republican, but I want to serve you in the United States Senate.  It's official. I'm on the balance. We're going to get set through.  I want every Texan to know.  The race for U.S. Senate is heating up.  With recent polls showing a close race.  And there was a poll today that actually showed me leading in the race.  If you're a Ted Cruz supporter, it's too close for comfort.  Republican Senator Ted Cruz says members of his own party are voting against him.  There's a lot of people in the GOP that are embarrassed by Ted Cruz.  You can't be for the mob on January 6th and for the officers.  You can't.  And it's not funny.  And while I will be the Democratic nominee,  This November, we're going to shock the world.  We're going to beat Ted Cruz.  Zero threat to democracy.  Hey, Houston, how you doing?  One year from now, on Election Day 2024, Texans will go to the polls and replace Ted Cruz with a senator who actually cares about all 30 million of us.",[],0,189,0.0,"TEXAS: Election Day is one week away and we need all hands on deck to win this race! 
Time to get off the sidelines and into the game to help us beat Ted Cruz ?? colinallred.com",[],0,36,0.0,0.80549836,0.4695137,0.0056534503,0.017382383,elite,0.015788645,0.035398014,0.0021602036,0.0020613591,none,1,189,66.04,80.61,24.32,27.21,9.45,15.87,86.77,65.08,55.03,13.23,10.05,2.65,2.65,2.65,1.06,0,3.17,14.29,8.99,3.17,14.81,11.11,4.23,4.76,1.59,17.99,3.7,4.76,10.58,4.76,0.53,5.82,22.22,1.06,7.94,1.06,0.53,2.65,1.06,1.06,4.23,0,3.7,2.12,1.59,1.59,1.06,0.53,0,0,0,0,14.29,4.23,1.06,0,0.53,0.53,1.06,10.58,0,0,0,1.06,7.94,7.94,0,0,0.53,0.53,0,0,0,0,0,0,0,0,0,0,0,0,0,0,1.06,0.53,0,0,0,0,0.53,0,6.35,6.88,0,0.53,5.29,1.06,0,0.53,4.23,1.06,10.05,4.23,0.53,0.53,0,0,0,21.69,11.11,4.23,0.53,0,5.82,0,0
2024/10/29,Sherrod Brown,DBuV2PoyJCS,Democratic,Ohio,"While I've spent my career fighting for workers, my opponent has made it clear he only looks out for himself and his rich friends.  by cracking down on the chemical suppliers in China.  where you live, what kind of work you do.  get the health care they deserve.  But while my opponent may have the special interests in the millionaires and the billionaires on his side,  He mocked Ohio women for caring about their right to make their own health care decisions.  Ohioans know I'll always be on their side. I'll always fight for Ohio workers.  and the drug traffickers in Mexico.  of 100,000 Ohioans.  to leading the fight to ensure that Ohio veterans exposed to toxic burn pits.  on this issue with 57% of the vote.  from passing the Butch Lewis Act, saving the pensions.  And despite Ohioans making their voices clear,  Elections come down to one question.  It's not left or right, it's whose side are you on.  Working across the aisle to protect Ohio families and law enforcement from dangerous fentanyl.  Absolute pro-life, no exception.  I mean all Ohioans, no matter who you are.  he would overturn the will of Ohioans by voting for a national abortion ban.  He doesn't have all of you.  So why should Ohio workers trust him to fight for them?  Those are the stakes in this race.  He stole overtime wages from his own employees.  after Wall Street gambled away their retirement.",[],0,240,0.0,7 days until we win.,[],0,5,0.0,0.9601733,0.9658848,0.9733444,0.09452775,left,0.0066910954,0.003932083,0.0024663177,0.0035187786,none,1,240,70.17,82.66,15.38,8.55,10.43,19.58,87.08,64.58,53.33,16.25,12.92,2.92,0,2.08,4.17,2.92,3.33,15,5.83,2.08,17.08,7.08,2.92,4.58,1.67,14.17,4.17,2.5,6.67,1.25,1.25,4.58,16.67,2.5,7.92,1.67,1.67,1.25,1.25,0,2.5,0,5.42,2.08,3.33,0,0,0,0,0,0,0,17.5,4.58,1.25,0,1.67,0.42,0.42,12.92,0.42,0.42,0.42,4.17,1.25,1.25,0,0,6.67,0,0,5,2.92,0,2.92,2.5,0.42,0,0,0.42,0.42,0,0,0,0,0.83,0.83,0,0,0,1.67,0.42,6.67,9.17,0.83,0.83,7.5,0.42,0,0,2.5,2.08,3.75,1.67,0,0,0,0,0,16.67,9.17,3.75,0.42,0,2.5,0.83,0
2024/10/29,Bob Casey,DBuYfLVhtYx,Democratic,Pennsylvania,"Yeah, they went through a lot just to get to that point.  families to have.  I mean, it's as if there's a miracle and they're knocking the legs out from under a miracle.  I mean, it's just outrageous.  that anyone would question efforts to protect IVF and make it possible for",[],0,51,0.0,"Our family knows the importance of IVF firsthand.

I will never stop fighting to ensure all families can access this miracle.",[],0,21,0.0,0.94153076,0.014438133,0.0066826288,0.0035342046,elite,0.0012067902,0.36179966,0.053326536,0.0022907122,none,1,51,46.7,51.75,60.65,1,10.2,19.61,92.16,78.43,64.71,19.61,7.84,3.92,0,0,0,3.92,11.76,13.73,7.84,0,19.61,11.76,5.88,7.84,0,19.61,3.92,1.96,3.92,1.96,1.96,0,21.57,0,15.69,5.88,1.96,1.96,7.84,0,1.96,0,3.92,0,3.92,0,0,0,0,0,0,0,11.76,3.92,0,0,0,1.96,1.96,7.84,1.96,0,0,0,0,0,0,0,1.96,0,0,1.96,0,0,1.96,0,0,0,0,0,0,0,0,0,0,1.96,0,0,0,0,1.96,0,11.76,9.8,0,3.92,5.88,0,0,0,0,1.96,7.84,0,1.96,0,1.96,0,0,21.57,7.84,5.88,0,0,7.84,0,0
2024/10/29,Bob Casey,DBuhE9Wsrlg,Democratic,Pennsylvania,"Hey Pennsylvania, you know what to do.",[],0,7,0.0,"We’ve got one week until Election Day. 
Pennsylvania, you know what to do. 

bobcasey.com/vote",[],0,14,0.0,0.026297221,0.002556649,0.0017138305,0.0034675782,none,0.0064171487,0.012162783,0.0016914256,0.004320975,none,1,7,18.12,99,24.32,,7,14.29,85.71,85.71,57.14,28.57,14.29,0,0,14.29,0,0,14.29,0,0,0,14.29,14.29,0,0,0,28.57,0,0,0,0,0,0,14.29,0,14.29,14.29,0,0,0,0,0,0,0,0,0,0,0,0,0,0,0,0,28.57,14.29,0,0,0,0,14.29,14.29,0,0,0,0,0,0,0,0,0,0,0,0,0,0,0,0,0,0,0,0,0,0,0,0,0,0,0,0,0,0,0,0,28.57,0,0,0,0,0,0,0,0,0,0,0,14.29,14.29,0,0,0,28.57,14.29,14.29,0,0,0,0,0
2024/10/30,Colin Allred,DBu6pM7v37r,Democratic,Texas,"But I can't imagine if the doctor would come in and said there's a problem with the baby or a problem with Allie,  but there's nothing I can do because Ted Cruz thinks he knows better.  So to every Texas woman at home, and every Texas family watching this,  understand that when Ted Cruz says he's pro-life, he doesn't mean yours.  or to the 26,000 Texas women who have been forced to give birth to their rapist child  under this law that you call perfectly reasonable.  It's not.  This is not freedom.  I trust Texas women to make their own health care decisions.  You know, Allie and I had two baby boys here in Dallas in the last five years.  You're scared the entire time.  You don't know what they're going to say.  That's not who we are as Texans.  When I'm in the United States Senate, we'll restore a woman's right to choose.  We'll make Roe v. Wade the law of the land again.  And we'll make these stories of seeing these horrific experiences going on all over our state something of the past.  That's my commitment to Texans.  It's not pro-life to deny women care so long that they can't have children anymore.  It's not pro-life to force a victim of rape to carry their rapist's baby.  It's not pro-life that our maternal mortality rate has skyrocketed up by 56%.  That's not pro-life, Senator.  Cruz just looked into a camera and lied to Texans about my position. Let's be  very clear, you should look into the camera and speak to Kate Cox, who's  watching right now, and explain to her why you said that this law that you said  is perfectly reasonable, why she was forced to leave her two children behind  and flee our state to get the care that she needed. Or look into the camera and  talk to Amanda Zyrowski, who's watching right now, and explain to her why it's  perfectly reasonable.  Exceptions like rape and assault.  that because she had a complication in her pregnancy  and was denied care so long  that she may never be able to have children of her own.  I want to be very clear to the people of Texas.  I support the protections and the restrictions under Roe.  But Senator Cruz just called himself pro-life.  You're not.",[],0,388,0.0,There’s a stark difference between me and Ted Cruz. He fought to take away reproductive freedom. I have and will always fight to protect and restore it.,[],0,27,0.0,0.9481344,0.73780024,0.37199298,0.01754153,elite,0.11546441,0.004510876,0.0050884383,0.002590271,none,1,388,16.06,86.59,31.5,27.02,13.86,13.4,89.69,72.16,58.25,18.81,12.37,2.32,2.06,2.32,3.35,1.29,6.44,14.95,5.41,1.29,12.37,11.6,6.19,7.22,3.61,21.91,2.58,2.84,8.25,2.84,1.55,4.12,28.09,1.29,14.43,3.87,3.61,1.8,1.55,0.77,4.64,0,4.64,2.58,2.06,0.52,0,0.52,0.52,0,0,0,21.39,6.7,1.29,0,0.77,0.52,3.09,15.21,1.55,0,3.87,1.29,1.29,1.29,0,0,0.52,0,0.26,0.26,0,0,2.06,0.77,0,0,0,0,1.29,0,0.26,0.26,0.26,0.26,0,0,0,0,0.52,0,8.25,8.51,1.29,1.29,5.67,1.8,0,0,2.84,3.61,8.51,1.8,0,0,0,0,0,19.59,7.22,3.61,0,0,6.96,1.8,0
2024/10/30,Colin Allred,DBvylfou4Zn,Democratic,Texas,"We just had an event with Beyonce in town in Houston.  Thank you, Mr. President. I appreciate you.  We're doing great. We're doing great.  We had a great debate the other day.  Folks are voting. It looks really good.  All right, man.  Hang in there.  Take care.  I appreciate you Mr. President.",[],0,52,0.0,"Thank you President @barackobama for your words of inspiration. Together, we are bringing hope and change back to the Lone Star State on November 5th.",[],0,25,0.0,0.010652888,0.0048136413,0.0021225987,0.0034241257,none,0.0046118833,0.07512457,0.0031296858,0.0018564697,none,1,52,26.1,99,70.92,99,4.33,11.54,94.23,71.15,51.92,19.23,17.31,3.85,7.69,5.77,0,0,1.92,9.62,5.77,0,7.69,13.46,5.77,0,0,25,7.69,3.85,11.54,7.69,0,3.85,21.15,1.92,7.69,3.85,0,0,0,1.92,1.92,0,15.38,15.38,0,5.77,5.77,0,0,0,0,0,36.54,13.46,7.69,5.77,0,0,3.85,26.92,1.92,0,0,5.77,5.77,5.77,0,0,0,0,0,0,0,0,0,0,0,0,0,0,0,0,0,0,0,1.92,0,0,0,0,0,0,13.46,11.54,0,0,9.62,1.92,0,0,1.92,3.85,7.69,0,0,0,0,0,0,34.62,26.92,3.85,0,0,3.85,0,0
2024/10/30,Sherrod Brown,DBwAUm4Mxxu,Democratic,Ohio,"And the one line that I love in this letter, there's many things, but Dr. King said,  human progress never rolls in on wheels of inevitability.  Alright!  Dr. King's letter from Birmingham, J.O.A.  Every April.  I go to the center floor and I read.",[],0,44,0.0,"The “Dignity of Work” was a phrase Rev. Dr. Martin Luther King Jr. returned to time and time again, and it has guided everything I do. He understood the deep connection between workers’ rights and civil rights. 

Thank you to @nationalactionnetwork for being leaders in this fight for ALL Ohioans.",[],0,50,0.0,0.0054695467,0.0054989224,0.002291,0.0034312925,none,0.0024840012,0.79842186,0.022530084,0.0029739353,centr,1,46,66.69,18.24,99,53.96,9.2,8.7,82.61,58.7,50,13.04,6.52,6.52,0,0,0,0,6.52,15.22,6.52,0,13.04,2.17,6.52,6.52,2.17,8.7,6.52,4.35,6.52,0,2.17,4.35,17.39,8.7,4.35,0,0,0,0,2.17,2.17,0,2.17,2.17,0,2.17,2.17,0,0,0,0,0,10.87,4.35,0,0,0,0,2.17,6.52,0,0,0,4.35,0,0,0,0,0,0,0,0,0,0,0,0,0,0,0,0,0,0,0,0,0,0,0,0,0,0,0,0,4.35,17.39,0,4.35,15.22,0,0,0,6.52,2.17,2.17,0,2.17,0,2.17,0,0,32.61,17.39,8.7,0,2.17,4.35,0,0
2024/10/30,Elissa Slotkin,DBwFm8Yg4vu,Democratic,Michigan,"I think the issue of choice here in Michigan, even though we did our job in 2022, we codified Roe v. Wade in our Constitution.  You know, we voted on it here.  I think the issue of choice continues, one, because there has been no stop in the other side of the aisle pushing constant anti-choice initiatives constantly.  I mean, I voted 15 times, I think, in the past year and a half to block those things.  Real fear of a national ban, depending on who gets in.  But it's also a stand in for a bigger set of issues.  It's just the fundamental question of do you trust women?  And if you're willing to take away this right, what are the other rights you're willing to take away from women and from other people?  So it kind of represents something bigger than just the issue of Roe v. Wade.  It's a it's a stand in. And, you know, in Michigan, we live right next to Indiana.  And, you know, if you're driving to Chicago for a concert, you literally have a set of rights on one side of the dirt.  And a totally different set of rights on the other side of the dirt on this, you know, visible line.  So we feel it very acutely here.  It's still a very live issue in the state and I think in the country.",[],0,233,0.0,"The issue of abortion is incredibly important in Michigan, but it's also a stand-in for a bigger set of issues: If you're willing to take away this right, what are the other rights you're willing to take away?

It’s a fundamental issue of trust.",[],0,44,0.0,0.8034987,0.009762413,0.013799881,0.0060314094,elite,0.009807506,0.0031248457,0.0024429136,0.0031498815,none,1,233,65.91,83.56,95.49,15.44,13.71,12.45,87.55,72.1,59.66,15.88,9.87,2.58,3,3.86,0,0,6.01,15.02,9.87,1.72,15.88,6.01,7.73,6.87,0.43,12.88,6.87,2.58,5.15,3.43,0.43,1.29,23.18,0.43,13.3,5.58,0.86,0,3,0.86,4.29,0,0.43,0,0.43,0.43,0,0.43,0.43,0,0,0,9.87,0.86,0,0,0,0,0.43,8.58,0,0,0.86,0,0.86,0.86,0,0,3,2.15,0,0.86,0,0,2.58,0,0,0,0,0,0,1.72,0,0,0,2.15,0,0,0,0,0,0,9.44,12.88,0,0.86,11.16,0.43,0,0.43,3,2.15,6.01,0,0,0,0,0,0,18.88,6.44,7.73,0.86,0,3.43,0.43,0
2024/10/30,Sherrod Brown,DBwODYYS8Pb,Democratic,Ohio,"And who bestow.  More control over your work schedule means higher wages.  That's why carrying a union card is so important.  It doesn't matter whether you make candy or whether you make a car.  As we celebrate Halloween, as we mark Halloween,  these are Smarties to get union made.  So to close off this candy salad,  we have Dum Dums made in Ohio.  $400,000 to employees, overtime wages.  He destroyed the evidence when a judge ordered him to pay.  That's the difference between the dignity of work and somebody who cares about himself  and about his rich friends.  Hi, I'm Sheriff Brown. Today, we're going to make a candy salad, if you will,  made up of Union Made Candies. First, I'm throwing in Union Made Candies Jolly Rancher.  In so many ways, it's job protection, it's better benefits.  I'm going to add Sauerbach kids.  You know my opponent's about, he was a car dealer.  Enjoy union-made candy and thank you for fighting for the negative work.  We know what your union card means.  It means...  uh we recognize i've always recognized when i talk about the dignity of work that carrying a union  card  made by Spengler Candies in Northwest Ohio and in Bryan and Williams County.  Teamsters workers made these dum-dums.  They made them for years.  They now make another one that I don't have with me today.  They make Bitterhoney.  And it's those Teamsters whose pension we saved  because union workers fought together, stuck together,  worked with me and with others to protect their union.  So we'll close.  So happy Halloween.",[],0,263,0.0,Thank a union member for your Halloween candy.,[],0,8,0.0,0.710366,0.77006644,0.81970793,0.0043368004,left,0.015614591,0.008334123,0.0019893441,0.0037781764,none,1,263,24.94,94.92,37.4,92.64,10.12,20.53,90.87,66.16,49.81,20.53,14.07,3.42,3.04,2.66,1.9,1.9,6.46,11.03,4.18,1.14,12.17,6.84,5.32,8.37,0.76,18.63,4.94,3.42,14.07,8.75,2.66,3.04,23.57,0.38,12.55,3.04,6.08,0,1.14,0,2.66,0,7.6,6.46,1.14,1.52,1.52,0,0,0,0,0,17.49,4.56,1.52,0.76,0.76,1.14,1.14,13.69,0,0.38,0,1.9,0.76,0,0,0.76,6.46,0.38,0,5.32,2.28,0,3.42,0,0,0,0,0,0,3.42,0,0,0,0.38,0.76,0,0,0.38,1.14,0,9.13,6.08,0,0.76,4.94,0.38,0,0,3.42,6.08,7.98,2.28,0.38,0,0,0.38,0,22.81,10.65,5.7,0,0,5.32,1.14,0
2024/10/30,Bob Casey,DBwUqpYoDd8,Democratic,Pennsylvania,And his life was taken far too soon.  That's why Bob Casey's Sturdy Act means the world to us.  His bipartisan law sets strict new safety standards  to prevent furniture tip-overs.  We know because Charlie was just two when a dresser tipped over and killed him instantly.  I'm Bob Casey and I approve this message.,[],0,55,0.0,"Stories like that of Brett and Jenny, who lost their two-year-old son Charlie when a dresser overturned and fell on him, are why I fought so hard to pass the STURDY Act.

I will never stop fighting to keep our children safe.",[],0,42,0.0,0.0023558538,0.05199149,0.0064731888,0.0019394653,none,0.0027007805,0.906904,0.46889782,0.0055391057,centr,1,55,8.65,86.82,25.81,47.86,11,20,81.82,65.45,49.09,16.36,12.73,3.64,3.64,0,5.45,0,3.64,12.73,3.64,1.82,5.45,7.27,10.91,9.09,0,16.36,7.27,1.82,10.91,3.64,0,7.27,23.64,0,7.27,3.64,3.64,0,0,0,0,0,5.45,3.64,1.82,0,0,0,0,0,0,0,16.36,5.45,1.82,0,1.82,0,1.82,9.09,0,0,0,5.45,1.82,1.82,0,0,3.64,0,3.64,0,0,0,1.82,0,0,0,0,0,0,0,1.82,0,0,1.82,0,0,0,0,3.64,0,3.64,5.45,0,0,5.45,0,0,0,7.27,9.09,5.45,1.82,0,0,0,0,0,16.36,9.09,0,0,0,5.45,1.82,0
2024/10/30,Eric Hovde,DBwZIdwvihr,Republican,Wisconsin,"And then say, if you're not,  cash payments to illegals and providing them housing when our veterans are on the streets.  all the loss of life to fentanyl.  Talk to them. Bring them over to our side.  If they're in the middle, just ask them questions.  Ask them, are you happy with our open border?  Are you happy with...  Are you happy that we're bankrupting our future?  Ask them those questions.  see the poll numbers, the momentum's on our side. President Trump and I are at the tips of the  spears. But I'll tell you, we can't do it without all of you.  Let them answer them.  It's time for change.  I'm, thank you.  Are you happy that we're giving?  I need all of your votes, but what I also need you to do is you all are people of influence.  You have friends, you have family members, you have colleagues, you have people you go to church with,  or go hunting or fishing with, or whatever you do.",[],0,169,0.0,"You are all people of influence.

Ask your friends, neighbors & colleagues: Are they happy with where our country is headed? If they’re not, tell them:

It’s time for change.",[],0,30,0.0,0.24428442,0.87329155,0.015451986,0.41116813,centr,0.0030871509,0.47297955,0.004462595,0.002330935,none,1,169,8.21,99,60.09,47.12,9.39,12.43,95.86,79.29,65.09,27.22,23.08,2.96,4.73,10.06,0,5.33,4.14,11.83,4.14,0,13.02,13.61,2.37,7.69,1.18,23.67,4.14,2.96,9.47,7.69,0,1.78,25.44,2.37,10.06,1.78,1.18,1.78,4.14,0,5.92,0,4.14,2.96,1.18,2.37,2.37,0,0,0,0,0,31.36,5.92,0.59,0.59,0,0,4.73,24.85,0.59,0.59,0,0,1.18,1.18,0,0,4.14,0,0.59,1.78,1.78,0.59,0.59,0.59,0.59,0,0,0.59,0,0,0,1.18,0,0,0,0,0,0,0.59,0,11.24,6.51,0,1.78,5.33,0.59,0,0,3.55,0,8.88,1.18,0,0,0,0,0,24.85,10.06,7.69,1.78,0,5.33,0,0
2024/10/30,Mike Rogers,DBwhMU0SNvS,Republican,Michigan,"Senator Scott has made huge inroads, huge waves here.  He is making a difference here in the state of Michigan.  Now we need you to make a difference in the state of Michigan.  get your friends even crazy uncle earl we all got one grab them get them to the pole amen let's do it",[],0,55,0.0,"I had a great day in Detroit yesterday with my good friend, Mike Rogers! Michigan, it’s time to vote for your values, vote for your future, and, most importantly, vote for the future of your children. Let’s Get America Back on Track!

VOTE @MikeRogersForMI!",[],0,44,0.0,0.009989073,0.013566846,0.0018354675,0.002425341,none,0.0039547835,0.95207345,0.010052629,0.015409626,centr,1,55,66.59,99,9.55,,13.75,12.73,85.45,72.73,52.73,16.36,14.55,0,5.45,3.64,1.82,3.64,1.82,14.55,9.09,1.82,10.91,7.27,7.27,0,0,21.82,5.45,7.27,9.09,7.27,0,1.82,20,1.82,10.91,0,5.45,1.82,0,0,3.64,0,1.82,0,0,1.82,0,0,0,0,0,0,18.18,0,0,0,0,0,0,18.18,1.82,1.82,0,3.64,1.82,1.82,0,0,1.82,0,0,0,0,1.82,1.82,0,0,0,0,0,0,0,0,1.82,0,7.27,0,0,0,0,0,0,14.55,10.91,0,1.82,7.27,0,0,1.82,1.82,1.82,7.27,0,0,0,0,0,0,9.09,5.45,1.82,0,0,1.82,0,0
2024/10/30,Elissa Slotkin,DBwoTKYA-9z,Democratic,Michigan,"The issue of the next generation of vehicles, of electric vehicles, of hybrid vehicles became this political issue.  And again, in Michigan, like we don't care what you want to drive, but we want to make the next generation of vehicles.  And that plant that you're talking about, the Grand River plant, which I represent right now, it's being converted into an electric vehicle plant.  It's going to save, you know, 650 jobs and add another 50.  And if you're standing in front of those guys of local, you know, 652 UAW and we're talking about their jobs.  I do not understand this idea from the other side of the aisle for my opponent that, you know, China's eating our lunch on electric vehicles.  So we should just accept that and not invest in making those vehicles here.  And I think it's in the last few days, it's certainly come to people's notice that a big loan of 450 plus million dollars was given to Tesla years ago.  Right.  To help.  To help them get started.  And so why not GM?  Why not Ford?  Why not our, you know, Detroit based makers here?  So it's become a political issue.  I don't really understand the approach of the other side.  I'm on Team America, not Team China when it comes to building the next generation of vehicles.",[],0,226,0.0,"In Michigan, we don't care what kind of car you want to drive, but we DO care about making the next generation of vehicles. I dare @mikerogersformi to stand in front of UAW Local 652 from the Grand River plant in Lansing and tell them he’s okay letting China eat our lunch when it comes to building that next generation of vehicles.",[],0,62,0.0,0.7792108,0.0961425,0.0057673235,0.008932786,elite,0.9907314,0.75781655,0.115251005,0.36540407,elite,1,226,37.4,53.27,90.12,47.03,13.29,15.49,86.73,70.8,54.87,17.26,9.29,2.65,2.65,3.1,0,0.88,7.96,13.72,5.75,2.21,14.16,6.19,7.08,6.64,3.54,17.7,4.87,3.98,5.31,4.42,0,0.88,27.43,0,16.37,3.98,2.65,1.33,1.33,1.33,5.75,0,1.77,1.77,0,0,0,0,0,0,0,0,10.18,2.65,1.77,0,0,0,0.88,8.41,0,0,0,0.44,2.21,0.88,0,1.33,2.21,0,0,1.33,1.33,0,0.88,0,0,0,0,0,0,0.88,0,0,0.88,0.88,0,0,0.88,0,0.44,0,7.96,7.52,0.44,1.77,6.19,0,0,0,6.19,2.21,4.87,0.88,0,0,0,0,0,21.24,6.19,7.96,1.33,0,5.75,0,0
2024/10/30,Bob Casey,DBw2UpAhtBY,Democratic,Pennsylvania,"Get out and vote, please.  Yeah, Bob Casey.  Yeah, Bob Casey.  Bob Casey?  Yeah, Bob Casey.  Bob Casey!  Yes, Bob Casey.  Calvert.  Calvert.  Please.",[],0,24,0.0,"Yes, it’s Bob Casey. 

bobcasey.com/vote",[],0,5,0.0,0.0071623167,0.009015788,0.0017652216,0.004158096,none,0.008463535,0.0033269944,0.0020652125,0.004879829,none,1,24,89.52,,1,,2.4,8.33,41.67,29.17,8.33,0,0,0,0,0,0,0,0,0,0,0,4.17,0,0,4.17,0,4.17,0,0,0,0,0,0,4.17,4.17,0,0,0,0,0,0,0,0,0,0,0,0,0,0,0,0,0,0,8.33,8.33,8.33,8.33,0,0,0,0,0,0,0,0,4.17,4.17,0,0,0,0,0,0,0,0,0,0,0,0,0,0,0,0,0,0,0,4.17,0,0,0,0,0,0,12.5,4.17,0,0,4.17,0,0,0,0,0,0,0,16.67,0,16.67,0,0,62.5,33.33,20.83,4.17,4.17,0,0,0
2024/10/30,Dave McCormick,DBxDKbnuVmb,Republican,Pennsylvania,"doing a couple of events in southeast Pennsylvania.  We're now in Allegheny County in Pittsburgh.  We're headed to Warrendale for a big rally.  Nikki, thanks so much.  We're great friends, and you're great to be here with.  Thank you, Nikki. Thank you.  I'm honored today to have Nikki Haley come into campaign with Dina and me and the great Commonwealth of Pennsylvania.  We spent the morning.",[],0,66,0.0,"Awesome to have @NikkiHaley in the Keystone State! ????

6 days to go — chip in here to help us get through the final stretch ???? Davemccormickpa.com",[],0,27,0.0,0.016434466,0.007238056,0.001863793,0.0043296497,none,0.00964977,0.008502688,0.0022300654,0.0029391395,none,1,66,63.17,99,79.84,99,7.33,16.67,78.79,69.7,53.03,13.64,13.64,3.03,6.06,4.55,0,0,0,7.58,6.06,0,18.18,12.12,4.55,6.06,0,21.21,7.58,4.55,10.61,7.58,1.52,1.52,13.64,0,0,0,0,0,0,0,0,0,10.61,10.61,0,0,0,0,0,0,0,0,19.7,7.58,4.55,4.55,0,1.52,4.55,12.12,0,1.52,0,0,1.52,1.52,0,0,1.52,0,0,0,1.52,0,0,0,0,0,0,0,0,0,0,0,0,0,0,0,0,0,0,0,15.15,12.12,0,3.03,12.12,0,0,0,4.55,1.52,10.61,0,0,0,0,0,0,25.76,13.64,4.55,0,0,7.58,0,0
2024/10/30,Bob Casey,DBxF1e3MgRB,Democratic,Pennsylvania,"I've been looking for the map that leads me home.  That map is the map.  Some of you are knocking on doors, most of you are, writing postcards, making phone calls, contributing.  of the Commonwealth of Pennsylvania.  is doing something already. You're here tonight.  He's helping us get there.  Are you ready to win this Senate race?  We've got to keep working like you all are.  So many people here, every one of you.  Bruce Springsteen!  That map he knows.  When Bruce says,  So we got some work to do.  There's a line in that song, We Take Care of Our Own.  And the reason he's here tonight.",[],0,108,0.0,"We take care of our own in the Commonwealth of Pennsylvania.

Thank you, @springsteen and @BarackObama, for an incredible night in Philly.",[],0,22,0.0,0.0054935766,0.8587676,0.004597574,0.0070308847,centr,0.008748638,0.026449278,0.0017359488,0.0041388036,none,1,108,16.08,99,46.17,64,7.2,12.96,92.59,72.22,61.11,20.37,14.81,1.85,4.63,5.56,2.78,0,5.56,16.67,4.63,0.93,12.04,13.89,8.33,3.7,0,25.93,1.85,6.48,11.11,5.56,3.7,2.78,22.22,1.85,4.63,1.85,2.78,0,0.93,0,0,0,4.63,3.7,0.93,0,0,0,0,0,0,0,19.44,5.56,2.78,0,0,0,2.78,13.89,0,0,0,2.78,1.85,0.93,0,0.93,3.7,0.93,0.93,1.85,0,0,0,0,0,0,0,0,0,0,0,0,0,3.7,0,0,0,0.93,0,1.85,8.33,15.74,1.85,0.93,12.04,1.85,0.93,0,3.7,3.7,11.11,1.85,0,0,0,0,0,25.93,12.04,6.48,0.93,0.93,5.56,0,0
2024/10/31,Bernie Moreno,DByb8DaOLur,Republican,Ohio,"Tired of binge-watching Sherrod Brown ads?  He's run for office 18 times over the last 50 years.  But what do we have to show for it?  I'm Bernie Marino.  We can keep watching Sherrod Brown reruns of this,  Illegal Immigration and Rising Inflation, or vote for change.  I'm not a career politician.  I'm an outsider, businessman, and endorsed by President Trump.  I'm Bernie Marino, and I approve this message to give Ohio a break from Sherrod Brown and your TV, too.",['politici*'],1,81,0.012345679,"50 years in office, 18 campaigns, and 0 private sector experience.

While in DC, Ohio lost 200,000 manufacturing jobs, suffers under generationally high debt and inflation, and allowed an invasion of illegals.

It’s time to change the channel and cancel the Sherrod Brown show.",[],0,44,0.0,0.96776074,0.14535806,0.004801905,0.18005979,elite,0.99216765,0.16986741,0.04167686,0.98114437,elite,1,81,44.1,33.09,43.97,20.23,10.13,18.52,83.95,58.02,45.68,16.05,11.11,6.17,2.47,1.23,1.23,0,4.94,8.64,4.94,2.47,12.35,9.88,1.23,7.41,1.23,13.58,6.17,1.23,7.41,2.47,0,4.94,18.52,0,7.41,0,1.23,1.23,1.23,0,4.94,0,4.94,2.47,2.47,1.23,0,1.23,0,0,0,0,11.11,3.7,1.23,0,0,0,1.23,7.41,0,0,0,1.23,6.17,4.94,0,1.23,6.17,2.47,0,3.7,1.23,0,1.23,1.23,0,0,0,0,0,0,0,2.47,0,0,0,0,1.23,0,0,0,6.17,11.11,1.23,2.47,1.23,7.41,0,0,4.94,0,8.64,2.47,0,0,0,0,0,24.69,7.41,7.41,2.47,0,6.17,1.23,0
2024/10/31,Mike Rogers,DByjEEsuw6d,Republican,Michigan,"Well, first of all, tell them thank you for his service.  That is a difficult job on a good day.  So the first thing we're going to do when President Trump is elected and I go into the Senate is we're going to do remain in Mexico right away.  Has to happen.  We're going to end sanctuary cities.  Right. So we're going to make it less interesting for them to do it.  We are going to make sure that the folks that are here, we find them and spin them around and send them home.  They are overwhelming communities, illegal immigrants.  So we need to empower the Customs and Border Protection officers and agents to do their jobs.  And they can do it.  If we empower them on the first day, you'll be surprised at the turnaround that happens on the southern border.  Yeah, this is a great question. And by the way, you're going to find here that there's more common sense in this diner than all the committee rooms back in Washington.  We're going to we're going to we're going to enforce Title nine.  It is absolutely ridiculous that women are losing scholarships to biological males, that they have to put up with biological males in their locker rooms.  And unfortunately, my opponent voted and was the lead author of the bill to do that.  Not representative of Michigan. We're going to end that. I'll protect your daughter, my daughter, my wife and all of our daughters.  Michigan against this guy.  Well, they outspent us early, but we did something. We did it the old fashioned way. We have a ground game that is the best in the United States. We think we've just last week, eighty eight thousand doors. We have touched over three million voters with phone calls and door knocks. And that was all happening under the radar. They were on TV saying all kinds of nasty things, calling us everything but by our Christian name.  And I'll tell you the good news. People weren't buying it. They were believing that the issues were more important than all the nastiness.  And what we found is four months of nasty and lying ads doesn't make up for four years of bad policy.  And so we find this. There we go.  I'm a huge fan of school choice.  Listen, if you think about 57% of our high school seniors last year couldn't read at  the sixth grade level, 80% of our students in Michigan are reading below grade level.  If we don't have school choice, we're going to lock these kids into a future of poverty  and we're going to have to change that.  So I'm a big believer.  School choice will give us the competition, get schools back going.  And by the way, get all the other nonsense out of schools and get reading, writing, and  arithmetic back.  Well, that's fantastic.  right now. Just give us an update. We're feeling great. If you hear the excitement in this room,  we're seeing that all across the state. We just had a poll this morning, has us up by  two points. First time we've been in the league.",[],0,530,0.0,"BREAKING: I just joined Pete Hegseth and a group of fired up Michiganders at Four Corners’ Diner in Romeo! 

Let me tell you, there is more common sense in this diner than there is all of the committee rooms in Washington, DC combined!",[],0,43,0.0,0.62570846,0.7386773,0.046106827,0.38706467,centr,0.062567815,0.24276964,0.0012042726,0.0060587768,none,1,530,33.78,99,59.42,25.08,11.28,13.02,93.96,71.51,59.06,18.87,12.64,1.51,6.98,1.32,0.19,2.64,6.23,17.55,6.42,3.02,13.4,11.7,3.96,6.42,0.94,21.51,5.28,6.04,10.19,8.11,0.75,1.51,21.7,2.08,7.17,2.64,0.75,0.57,1.13,0.19,2.45,0,4.72,2.45,2.08,1.89,0.75,0.94,0.19,0,0,0,17.36,2.08,0.19,0.19,0,0.19,1.51,15.09,0.94,0,0.94,0.75,2.08,1.51,0.57,0.38,4.72,0.38,0.75,3.02,0.57,0.19,0.19,0,0,0,0,0,0,0.19,0,1.32,0,0.75,0.57,0,0,0,0.57,0.38,7.55,11.7,0.75,1.13,8.68,0.19,0.38,0.57,3.77,2.83,7.36,7.17,0.38,0,0.38,0,0,18.87,8.87,4.72,0,0,4.91,0.38,0
2024/10/31,Bob Casey,DBykayYI-S_,Democratic,Pennsylvania,"Between my opponent and me?  You're knocking on doors, you're making phone calls, you're making contributions, you're going to events, you're engaging your neighbors to continue to fight for these values, to continue to make sure that people know that we're on their side against these powerful forces and to work like hell to get the vote out.  So will you join me in working night and day to get out the vote for our entire ticket?  I need your help in this race.  We're going to win together.  God bless you.  All that's left is what you all are doing every day.  Look, we've got a lot at stake in this race. The choice has never been clearer.",[],0,119,0.0,"If we work like hell, we’ll win this race — together.

Let’s leave it all on the field.

bobcasey.com/vote",[],0,19,0.0,0.009465922,0.9489359,0.0071097827,0.0134254815,centr,0.0035500776,0.087647535,0.0024386493,0.0024850045,none,1,119,41.7,99,52.67,59.8,13.22,10.92,92.44,71.43,57.14,22.69,15.97,3.36,3.36,8.4,0,0.84,6.72,16.81,3.36,0,18.49,12.61,1.68,3.36,0.84,24.37,2.52,5.88,10.92,6.72,2.52,1.68,25.21,3.36,5.88,1.68,2.52,0.84,0,0,0.84,0,6.72,4.2,1.68,0,0,0,0,0,0,0.84,18.49,5.04,1.68,1.68,0.84,0,0.84,14.29,0,0,0,0,2.52,1.68,0,0.84,5.88,0,0.84,1.68,0,3.36,0,0,0,0,0,0,0,0,0,0.84,0,2.52,0,0,0,0.84,0,0,11.76,10.92,2.52,0.84,7.56,0.84,0,0,5.04,1.68,9.24,5.88,0,0,0,0,0,20.17,5.88,5.04,1.68,0,7.56,0,0
2024/10/31,Kari Lake,DBy8pxavAm1,Republican,Arizona,"The symptoms of this border problem are so massive and they fall into every other aspect.  When it comes to safety, we obviously have people coming in who are known criminals.  I want to topple the cartels.  I don't want to even have people know what the word fentanyl means in the future.  You're a woman.  You know Donald Trump very well.  I believe his policies are actually very pro-woman.  When you look at just wanting to make sure that we have secure streets.  He wants to protect girls' sports.  My goodness, how many of us competed at some point in athletics?  I'm glad I didn't have to compete against men in athletics because that's just not a level playing field.  I think the issue they try to drive a wedge between us is on abortion.  President Trump is not going to pass a national abortion ban.  What I do believe he is going to do is work hard, and I want to help shepherd this as well,  to put forth policy that does support women.  I want to make sure that no woman is forced to make a decision like that based on just sheer economics,  saying I can't afford to take care of a baby.",[],0,207,0.0,"The election is just days away and here in Arizona republican @karilake is running for senate. However, this wasn’t just a conversation about this wonderful state we live in, this was about issues the whole country faces. As well as what issues @realdonaldtrump wants to solve FOR WOMEN! 
?
These long format interviews are where you actually get to know the candidate as well as how smart they are. Kari is a very smart, strong, passionate, rational, hardworking American that wants better for this state and this country. ????",[],0,89,0.0,0.017969761,0.20889142,0.17075968,0.0036081502,none,0.0040258835,0.8819127,0.073353834,0.006232795,centr,1,207,41.71,60.18,44.75,73.14,13.8,15.46,91.3,72.95,56.04,16.43,11.59,5.31,1.93,1.45,1.45,0.97,4.83,12.08,5.31,0,14.49,9.66,6.76,3.38,2.9,24.64,3.86,1.93,5.31,2.42,1.93,1.93,23.19,0.97,14.01,4.35,2.42,3.86,0,0.97,2.9,0,5.31,4.35,0.97,0.97,0.48,0,0,0,0,0,14.01,2.9,1.45,0,0,0.48,0.97,11.11,0.48,0,2.42,1.93,0.48,0.48,0,0,1.93,0.97,0,0.48,0.48,0,1.93,1.93,0.48,0,0,0.48,0.97,0,0,0,2.9,0.48,0.97,0,0,0,1.45,0,7.25,10.14,2.42,3.38,5.31,0.48,0,0.48,1.45,1.45,8.21,4.83,0,0,0,0,0,13.53,6.76,2.42,0.48,0,3.38,0.48,0
2024/10/31,Mike Rogers,DBy-D_EPvd2,Republican,Michigan,"Hey, Mike Rogers here. We're at the Warren Tech Center where we lost a thousand jobs.  I'm going to challenge Alyssa Slotkin. Come here. Meet with the families of these thousand workers who lost their jobs because of a government EV mandate.  This is the time for change.  We're going to get these jobs back.  We're going to put Michigan back on the map.  We're going to build things in Michigan again.",[],0,72,0.0,"1,000 jobs at the Warren Tech Center — GONE! And it’s all thanks to Slotkin’s EV mandates. 

I’m calling on @ElissaSlotkin to come talk to the families who have had their livelihoods stripped away because she prioritized radical California values over Michigan workers.",[],0,43,0.0,0.53131974,0.73078936,0.03291727,0.10552614,centr,0.9916978,0.78265554,0.1936938,0.98960716,centr,1,72,73.36,99,68.87,20.23,8,15.28,87.5,61.11,51.39,16.67,11.11,1.39,6.94,0,0,1.39,5.56,16.67,8.33,2.78,15.28,8.33,5.56,1.39,0,22.22,2.78,2.78,12.5,8.33,1.39,2.78,16.67,0,2.78,0,2.78,0,0,0,0,0,5.56,2.78,2.78,0,0,0,0,0,0,0,15.28,2.78,0,0,0,0,1.39,12.5,1.39,0,0,0,4.17,2.78,0,1.39,5.56,0,0,5.56,0,0,0,0,0,0,0,0,0,0,0,0,0,1.39,0,0,0,0,0,0,13.89,13.89,0,2.78,12.5,0,0,0,4.17,2.78,8.33,11.11,1.39,1.39,0,0,0,20.83,12.5,1.39,0,0,6.94,0,0
2024/10/31,Dave McCormick,DBzBPq1O0mq,Republican,Pennsylvania,"All right, we're at Philadelphia today with the great Senator Tim Scott.  We're talking about school choice.  So glad to have you here, Senator.  This is the thing I think we can do here in Pennsylvania and America with the change of...",[],0,42,0.0,"Honored to have Senator @votetimscott with us in Philly today for a roundtable on how important school choice is for our communities. 

Senator Scott is a champion for school choice, and we need it in PA to provide a better future for our kids.",[],0,44,0.0,0.0054083075,0.0046733553,0.0030123605,0.0028179449,none,0.0027521073,0.11813864,0.0075188964,0.0014592417,none,1,42,35.59,98.75,39.59,88.66,10.5,14.29,88.1,71.43,61.9,16.67,11.9,2.38,7.14,2.38,0,0,4.76,11.9,7.14,0,16.67,14.29,9.52,4.76,0,19.05,4.76,2.38,11.9,7.14,0,4.76,21.43,2.38,9.52,4.76,2.38,2.38,0,0,0,0,4.76,4.76,0,2.38,2.38,0,0,0,0,0,11.9,2.38,0,0,0,0,2.38,9.52,0,0,0,0,4.76,4.76,0,0,2.38,0,0,2.38,0,0,0,0,0,0,0,0,0,0,0,0,0,0,0,0,0,0,0,0,16.67,7.14,0,0,7.14,0,0,0,4.76,0,11.9,0,0,0,0,0,0,23.81,14.29,4.76,0,0,4.76,0,0
2024/10/31,Tammy Baldwin,DBzDsJmRSAZ,Democratic,Wisconsin,Early voting is happening right now.  or to let Eric Hovde take us backwards.  And together we will win!  So make your plan.  Bring your friends.  that together we will fight.  to embrace our state motto forward.  and get out there and vote.  We have the choice.  Say it with me.  Early voting.,[],0,53,0.0,"Wisconsin—

I know that together, we will fight, and in 5 days, we will win.

Thank you, Madison! ??",[],0,19,0.0,0.40581876,0.22143991,0.0021571035,0.004560387,none,0.0027640145,0.03768183,0.0024398328,0.0034342518,none,1,53,9.37,99,79.41,49.04,4.82,13.21,92.45,71.7,50.94,18.87,15.09,1.89,9.43,3.77,0,0,3.77,9.43,1.89,0,7.55,7.55,7.55,9.43,0,24.53,3.77,0,20.75,16.98,3.77,0,20.75,0,9.43,3.77,1.89,0,1.89,0,1.89,0,5.66,3.77,1.89,0,0,0,0,0,0,0,20.75,5.66,0,0,1.89,0,1.89,15.09,0,1.89,0,0,5.66,5.66,0,0,0,0,0,0,0,0,0,0,0,0,0,0,0,0,0,0,0,3.77,0,0,0,1.89,0,0,18.87,9.43,0,1.89,7.55,0,0,0,5.66,0,3.77,5.66,0,0,0,0,0,20.75,18.87,0,0,1.89,0,0,0
2024/10/31,Mike Rogers,DBzHF20vSMb,Republican,Michigan,"their income.  Hi, Mike Rogers here at Warren Truck Assembly Plant.  2,500 jobs got laid off right here.  Challenge my opponent, Alyssa Schlockman.  Come and talk to these families.  and maybe even their future because of your EV mandates.  It's dangerous. It doesn't have to be this way.  Listen, markets, not mandates.  Let Americans, let Michiganders choose the kind of car that they want to drive  and the kind of car they want to buy, and let these companies build those cars.  We can make a difference.",[],0,87,0.0,"At the Chrysler Warren Truck Assembly Plant. 2,500 jobs — GONE! 

Elissa Slotkin needs to come and give these folks an answer as to why she values EV mandates more than she does Michiganders’ livelihoods.",[],0,35,0.0,0.9601286,0.42810336,0.020051943,0.3851016,elite,0.99219936,0.8024139,0.0649802,0.8114222,elite,1,87,41.08,53.79,16,36.68,7.91,16.09,86.21,56.32,42.53,16.09,8.05,1.15,1.15,1.15,0,4.6,8.05,13.79,3.45,1.15,10.34,4.6,4.6,5.75,2.3,17.24,1.15,0,3.45,2.3,1.15,0,14.94,0,12.64,1.15,2.3,3.45,1.15,0,4.6,0,3.45,2.3,1.15,0,0,0,0,0,0,0,10.34,2.3,0,1.15,0,0,2.3,8.05,1.15,0,0,0,6.9,2.3,0,4.6,5.75,0,0,3.45,3.45,0,0,0,0,0,0,0,0,0,0,0,2.3,2.3,2.3,0,0,0,1.15,0,10.34,8.05,1.15,3.45,4.6,0,1.15,0,1.15,1.15,4.6,1.15,0,0,0,0,0,22.99,12.64,8.05,0,0,2.3,0,0
2024/10/31,Colin Allred,DBzlUodAZLV,Democratic,Texas,"that we've done our job, that every newspaper in this state has endorsed me,  that we had a debate where I kind of dragged them across the stage a little bit.  Every day, I'm living into my faith.  My faith in God.  My fellow Texans.  My faith in my fellow man.  We had a pretty good rally the other night, 30,000 folks were there.",[],0,64,0.0,Houston is ready to send Ted Cruz back to Cancun!,[],0,10,0.0,0.004367123,0.0514807,0.0020341228,0.0031519842,none,0.14350882,0.001060895,0.0052742492,0.016552836,none,1,64,22.41,58.66,99,69.4,10.67,4.69,92.19,67.19,59.38,26.56,20.31,12.5,6.25,0,0,1.56,6.25,28.13,7.81,1.56,7.81,10.94,4.69,0,0,14.06,4.69,7.81,9.38,9.38,0,0,23.44,3.13,6.25,0,0,0,4.69,0,1.56,0,3.13,3.13,0,1.56,1.56,0,0,0,0,0,14.06,3.13,1.56,0,0,0,1.56,10.94,1.56,0,0,1.56,0,0,0,0,7.81,0,0,1.56,0,6.25,1.56,0,0,0,0,0,0,0,0,0,0,0,0,0,0,0,0,0,6.25,14.06,0,1.56,12.5,0,0,0,3.13,9.38,3.13,0,0,0,0,0,0,20.31,9.38,7.81,0,0,3.13,0,0
2024/11/1,Dave McCormick,DBzvH46twrB,Republican,Pennsylvania,"my case, it's a choice between change that I represent and the status quo, which Senator Casey  represents. I'm running against a guy who's been in elected office for 30 years, a career politician,  a very famous political family, and someone who really hasn't been a leader in the Senate at a  time where Pennsylvania and America needs leaders and a guy who's voted 98.6 percent of the time  with Joe Biden and Kamala Harris for all these things, the wide open border, the reckless  spending, the assault on fossil fuels that have really hurt Pennsylvania. So most Pennsylvanians  think the country is going in the wrong direction and it's the result of these bad decisions and  bad leadership.",['politici*'],1,119,0.008403361,"Bob Casey represents the status quo. 

Our movement represents change.

Great to have you in Philadelphia, @BretBaier!",[],0,17,0.0,0.98913914,0.7173414,0.095982306,0.98661417,elite,0.034155015,0.0064939833,0.0031868462,0.002026958,none,1,119,71.06,55.09,64.51,1,39.67,19.33,89.92,67.23,52.1,12.61,5.04,2.52,0,0,0,0,7.56,19.33,13.45,1.68,10.08,8.4,4.2,6.72,0.84,15.97,7.56,4.2,10.92,0.84,0.84,10.08,22.69,0.84,11.76,2.52,1.68,0.84,0.84,1.68,2.52,0,5.88,0.84,5.04,2.52,0,2.52,0,0,0,0,10.92,1.68,0,0,0.84,0.84,0,8.4,0.84,0,0,1.68,5.04,5.04,0,0,5.04,0,0,4.2,0.84,0,0.84,0,0,0,0,0,0,0,0,0.84,0,0,0,0,0,0,0.84,0,6.72,10.92,0,1.68,8.4,0,0,0.84,3.36,2.52,7.56,0.84,0,0,0,0,0,15.13,3.36,6.72,0,0,5.04,0,0
2024/11/1,Eric Hovde,DBz3SxgpwzI,Republican,Wisconsin,"I'm running for the Senate because I love our country, but sometimes I don't recognize it  anymore. What is right has become wrong and what is wrong has become right. Politicians like Tammy  Baldwin have led us down the wrong path. It doesn't have to be this way. We can lower the  cost of food and medicine, close our border, and stop the flow of deadly drugs. Let's work together  to restore the American dream and give our children a brighter future. I'm Eric Hovde,  and I approve this message, and I'm asking for your vote.",['politici*'],1,96,0.010416667,"NEW ?? AD: Career politicians like Tammy Baldwin have led our country down a dangerous path.

It doesn’t have to be this way. 

I’m asking for your vote because it’s time for change.",['politici*'],1,33,0.03030303,0.94322413,0.63331646,0.011454043,0.10258051,elite,0.9745704,0.2186472,0.020693034,0.020982726,elite,1,96,13.27,75.49,68.87,20.23,13.71,16.67,94.79,69.79,54.17,19.79,13.54,6.25,6.25,1.04,0,0,6.25,11.46,6.25,0,8.33,13.54,2.08,8.33,2.08,21.88,7.29,1.04,13.54,9.38,0,4.17,21.88,0,8.33,1.04,2.08,1.04,1.04,0,1.04,0,6.25,3.13,3.13,1.04,1.04,0,0,0,0,0,18.75,9.38,2.08,0,0,3.13,2.08,8.33,2.08,0,0,0,4.17,3.13,1.04,0,3.13,0,0,2.08,1.04,0,4.17,2.08,0,0,0,0,0,1.04,1.04,0,0,0,2.08,0,0,0,0,0,10.42,10.42,0,2.08,7.29,1.04,0,0,4.17,1.04,13.54,1.04,0,0,0,0,0,18.75,7.29,5.21,0,0,6.25,0,0
2024/11/1,Colin Allred,DBz449Kvmw0,Democratic,Texas,"Here in Texas, we have an all-of-the-above energy approach where we're number one in oil and gas.  We're number one in solar. We're number one in wind.  We're investing in the energy sources of the future like hydrogen, too.  So I want to make sure, as your senator, that we continue to invest in an all-of-the-above approach  that grows our energy jobs here in Texas, not takes any away.  Hey everybody, here in Houston County, going around and looking at some of the fields here,  talking about how important this is for our overall energy economy.",[],0,96,0.0,"Texas energy workers help make up the backbone of our economy. In the Senate, I’ll make sure that we continue to invest in an all-the-above energy approach that creates Texas jobs and grows our economy.",[],0,35,0.0,0.003554385,0.010472411,0.004264203,0.0025141505,none,0.0021772834,0.8376272,0.02624262,0.008046478,centr,1,96,65.07,98.75,85.54,34.94,16,16.67,83.33,71.88,58.33,14.58,10.42,1.04,8.33,1.04,0,0,4.17,16.67,5.21,3.13,19.79,6.25,10.42,4.17,1.04,13.54,2.08,7.29,9.38,8.33,0,1.04,15.63,1.04,6.25,1.04,2.08,1.04,1.04,0,1.04,0,1.04,1.04,0,0,0,0,0,0,0,0,12.5,2.08,0,0,0,0,2.08,10.42,0,0,0,0,1.04,1.04,0,0,4.17,0,0,3.13,3.13,0,0,0,0,0,0,0,0,0,0,0,1.04,1.04,0,0,0,0,0,0,7.29,22.92,2.08,3.13,16.67,1.04,0,0,2.08,0,7.29,4.17,1.04,1.04,0,0,0,25,6.25,8.33,0,0,4.17,6.25,0
2024/11/1,Elissa Slotkin,DB0Cbk3g7jT,Democratic,Michigan,"Yeah, I mean, I think we're seeing amazing energy, first and foremost.  I mean, it's hard to deny between our absentee voting rates, our early voting rates, particularly in the city of Detroit.  We just are setting records for something that's relatively new for us.  But there's a lot of people who just avoid politics altogether.  They can't stand it. And so they they don't, you know, watch the programs and tune in and all that kind of stuff.  And they're still making their decisions.  So that's why you've got to be out pounding the pavement and talking about issues that people care about.  Which is what we're trying to do all day, every day.",[],0,115,0.0,"4 days and a wakeup is an eternity. We’re pounding the pavement and talking to voters about the issues they care about. 

Join us: https://www.mobilize.us/2024mivictory/",[],0,25,0.0,0.0044364408,0.48047373,0.0058096615,0.002531983,none,0.0042638006,0.120143436,0.002224771,0.0023187394,none,1,115,3.8,95.64,51.02,61.25,12.78,14.78,92.17,78.26,60,23.48,14.78,2.61,5.22,1.74,0,4.35,8.7,13.04,3.48,0.87,11.3,12.17,9.57,7.83,1.74,22.61,4.35,7.83,7.83,5.22,0.87,1.74,27.83,2.61,13.04,4.35,1.74,1.74,2.61,0,3.48,0,2.61,2.61,0,0.87,0.87,0,0,0,0,0,16.52,1.74,0.87,0,0,0,0.87,13.91,0,0,0,0,2.61,2.61,0,0,0.87,0,0,0.87,0,0,0,0,0,0,0,0,0,0,0,0,0,0.87,0.87,0,0,0,0.87,0,7.83,9.57,0.87,0,6.09,1.74,0.87,0.87,3.48,0.87,9.57,0,0.87,0,0.87,0,0,24.35,7.83,7.83,0,0,8.7,0,0
2024/11/1,Ted Cruz,DB0Kh5hgdFN,Republican,Texas,"Well, listen, they're coming after me with everything they've got.  Chuck Schumer has been explicit.  I am his number one target in the country.  As you noted, Schumer and George Soros, they're spending over $100 million trying to take me out.  We've seen a dozen polls in the last month that show this is a one-point race or a two-point race or a three-point race.  There was a poll a couple of days ago that showed it tied.  And so I need help.  I want to encourage every one of your viewers, please come to TedCruz.org, TedCruz.org.  Contribute, give $10, $25, $50, $100, whatever you can,  because that's how we're standing up to the over $100 million from Schumer and Soros.  It's patriots across Texas and across the country going to TedCruz.org.  And I'll tell you, Laura, it's made even worse by the fact that Mitch McConnell has a $400 million super PAC,  and he spends zero in Texas.  He doesn't want strong conservatives who will stand up to the swamp,  which means the only help I get is...  Is from patriots across the country going to TedCruz.org.  not a penny and by the way in twenty eighteen the last time i read it  that was the most expensive senate race in u s history i was out spent three to  one i want to know less than three points  and mitch mcconnell spent zero  the swamp cannot stand principal conservatives who stand up  for their constituents and not for the swamp  which means you're going to ted crews dot org is is the only  reinforcements we get we need it were five days away let me say if you're in  texas  it's still early voting if you have an early voted yet  vote tomorrow and if not come out on election day we need everyone in texas  to stand up  and and fight to keep texas texas",[],0,318,0.0,"Chuck Schumer and George Soros are spending over $100 million to take me out.

I need patriots to go to tedcruz.org to help me fight back and Keep Texas, Texas.",[],0,30,0.0,0.98799616,0.08578802,0.1086746,0.56551456,elite,0.9375579,0.040631782,0.24495788,0.15336502,elite,1,322,55.92,58.55,62.51,43.34,23,12.42,85.71,70.5,56.52,15.53,10.25,3.42,1.55,2.48,0.93,1.24,5.28,15.22,7.14,6.52,13.98,9.32,2.48,6.83,1.55,20.5,2.48,7.14,4.04,2.8,0.31,0.93,24.22,2.17,8.39,1.24,0.93,3.11,1.86,0,3.73,0,2.8,2.17,0.62,0,0,0,0,0,0,0,12.42,3.73,1.86,0.31,0.31,0.62,0.62,7.76,0,0,0,0.93,2.48,2.48,0,0,3.42,0,0,1.55,1.86,0,0,0,0,0,0,0,0,0,0,0.93,0.93,1.24,0,0,0,0,0,0,6.52,11.8,0.31,0.93,10.25,1.24,0.31,0,4.35,4.66,7.45,2.8,0.31,0.31,0,0,0,18.01,5.9,4.97,0,0,4.04,3.11,0
2024/11/1,Dave McCormick,DB1DaJtuGhg,Republican,Pennsylvania,"Yeah, it sure is and I'm excited about it. You know, I wrestled  In college and I always knew if I get in the third period within a point or two  I'd have a real good shot of winning because the third period is about mental toughness. It's about heart  It's about staying on offense and going through the through the through the buzzer and that's what I'm gonna do",[],0,70,0.0,"When I wrestled, I knew I could win if I got to the third period because that’s when your heart and mental toughness counts the most. 

We are in the third period.",[],0,32,0.0,0.00877706,0.0049557206,0.0026028487,0.0021061392,none,0.005075414,0.0068479436,0.0025725975,0.0021190676,none,1,70,31.66,6.16,86.85,84.26,23.33,15.71,91.43,81.43,68.57,18.57,10,8.57,0,1.43,0,0,8.57,15.71,10,4.29,18.57,15.71,7.14,10,0,22.86,7.14,4.29,1.43,0,1.43,0,27.14,1.43,11.43,2.86,1.43,1.43,2.86,1.43,2.86,0,4.29,4.29,0,2.86,2.86,0,0,0,0,0,1.43,0,0,0,0,0,0,1.43,0,0,0,0,0,0,0,0,1.43,0,0,1.43,0,0,1.43,0,0,0,0,0,0,0,0,0,0,1.43,0,0,0,1.43,0,0,8.57,7.14,0,1.43,5.71,0,0,0,4.29,1.43,10,2.86,2.86,1.43,1.43,0,0,14.29,2.86,2.86,0,0,8.57,0,0
2024/11/1,Bob Casey,DB1INfzP5Af,Democratic,Pennsylvania,"We'll be getting out the vote this weekend.  You'll be knocking on doors, making calls, sending texts,  and doing so much to make sure folks know about the election on Tuesday  and make their plans to return their mail-in ballots or vote in person.  And thank you for your hard work to come.  and for candidates up and down the ballot.  Across Pennsylvania, thousands of you  Together, we'll win this race.  Thank you to everyone who has volunteered for our campaign.  Hi everybody, Bob Casey here.  Election Day is just four days away.  We're heading into the final weekend of GOTV.",[],0,101,0.0,"Thousands of volunteers will be out across Pennsylvania over the next four days, knocking on doors and making calls to get out the vote. 

Thank you all for your hard work — we’re in this fight to the finish together.",[],0,40,0.0,0.005150074,0.95227623,0.011763666,0.0113806,centr,0.003569644,0.97435105,0.022963217,0.016759226,centr,1,101,61.03,99,88.55,67.03,11.22,17.82,93.07,69.31,55.45,15.84,11.88,0,3.96,4.95,0,1.98,3.96,12.87,3.96,1.98,18.81,8.91,3.96,6.93,0,19.8,1.98,4.95,11.88,4.95,3.96,2.97,18.81,1.98,4.95,1.98,1.98,0,0.99,0,0.99,0,4.95,3.96,0.99,0,0,0,0,0,0,0,22.77,5.94,2.97,2.97,0,0,3.96,16.83,0.99,0,0,0,7.92,7.92,0,0,3.96,1.98,0,1.98,0,0,0,0,0,0,0,0,0,0,0,0,0,0.99,0,0,0,0.99,0,0,5.94,14.85,1.98,3.96,11.88,0,0,0,5.94,0,2.97,6.93,0,0,0,0,0,19.8,8.91,5.94,0,0,3.96,0.99,0
2024/11/1,Colin Allred,DB1cFGRxjMG,Democratic,Texas,"We're going to beat Ted Cruz.  And so here's what we got to do, Texas.  Gotta make sure we send tech crews packing.  Because I never forgot.  And when we do, it won't be a win for me or for a party.  It'll be a win for our state.  God bless you.  And may God bless the great state of Texas.  We all have to make our voice heard.  So thank you so much. I wish you health, happiness, and life.  Never forgot the folks who gave me a chance.  For all the families who are looking for a senator who's looking out for them,  I will never abandon you when you need me most.  And I hope that we can have a chance here in our state to have a senator who will represent all 30 million of us,  who appreciates and understands what has made our state great,  and will build on that instead of one who I think has been mostly about himself.  With Yahweh's help and God's grace.  My time in Congress, I've been the exact opposite of Ted Cruz.  I will protect your fundamental rights.",[],0,190,0.0,"When Texans show up, they show out! Together we are going to make history.",[],0,14,0.0,0.1949305,0.99075526,0.15464373,0.09232457,centr,0.006261052,0.9656394,0.008840208,0.04183306,centr,1,190,7.82,96.45,11.77,98.18,11.18,10.53,92.11,75.26,63.16,22.11,18.95,5.79,5.79,3.16,0.53,0.53,3.16,13.68,5.79,1.58,10.53,12.63,6.84,7.89,2.11,23.16,3.68,3.68,11.58,7.89,1.05,2.63,24.21,3.16,10.53,1.58,1.58,2.11,3.16,0,1.58,1.05,7.89,7.37,0.53,1.58,1.58,0,0,0,0,0,19.47,5.26,2.11,2.11,0,0,0.53,14.21,1.05,0,0,0.53,2.11,1.58,0,0.53,4.21,0.53,0,0.53,0,3.16,0.53,0.53,0,0,0,0,0,0,0,2.11,1.05,0.53,0,0,0,1.05,0.53,1.05,5.79,5.26,2.11,0,2.11,1.58,0.53,0,3.16,4.21,4.21,8.42,0.53,0.53,0,0,0,17.37,8.95,4.21,0,0,4.21,0,0
2024/11/1,Ruben Gallego,DB1kKcry-ZK,Democratic,Arizona,"We are fighting to protect our democracy, our freedoms, and our future.  Cast that vote now!  Fight for a better future.  Arizonans are already voting.  Because if we do that, if we do that together, if we fight together, we can defeat Carrie Lake.  Go tell your friends, your family, and your neighbors to do the same.  But we need to push a little more, work a little harder, and run through that finish line.  So here's what we're going to do. Vote. And vote now.  Drop off your ballot or vote in person.",[],0,94,0.0,4 days left to fight for our future. Cast that vote now!,[],0,12,0.0,0.0031156319,0.95243764,0.014903003,0.009931307,centr,0.001998926,0.17066556,0.0044188336,0.003296354,none,1,94,9.26,99,49.75,9.87,8.55,12.77,95.74,68.09,57.45,20.21,14.89,0,10.64,4.26,0,0,5.32,17.02,4.26,0,8.51,9.57,5.32,11.7,0,15.96,6.38,3.19,20.21,15.96,3.19,1.06,20.21,0,9.57,0,1.06,2.13,4.26,0,6.38,0,5.32,2.13,3.19,0,0,0,0,0,0,0,23.4,4.26,0,0,3.19,0,1.06,19.15,1.06,1.06,0,0,7.45,7.45,0,0,2.13,0,1.06,1.06,0,0,0,0,0,0,0,0,0,0,0,1.06,0,0,0,0,0,0,1.06,0,8.51,6.38,0,4.26,3.19,0,0,0,6.38,1.06,7.45,4.26,0,0,0,0,0,23.4,10.64,9.57,0,1.06,2.13,0,0
2024/11/1,Mike Rogers,DB1rowdv5zN,Republican,Michigan,"I love that. That's a better rap.  And so we don't know how widespread it is.  We're just getting these initial calls.  But you start thinking, well, none of that's good.  Every stolen vote is a nick in a citizen's vote, and we don't think that's appropriate.  I don't know. Here's the here's the other bad news. It is a lot more expensive the way they're doing it.  So you get a lot more expense. They some cases are saying it may be multiple days before we know the result of the election.  That just hardly seems. And you have these folks who are coming in saying filling out affidavits to get into the election system.  I mean, obviously, the whole goal should have been, you know, easier to vote, harder to cheat.  I'm not sure that's where we're at in voting across America today. I need to fix this.  Oh, absolutely. In fact, my opponent voted to make it easier so you could be a non-citizen and get to vote in an election, which is just crazy.  And this is the exact example why you want proof of citizenship in some way, shape or form in these elections, because, again, we've been overwashed.  Fourteen million illegal aliens into the country. We don't know who they are.  And here's the crazy thing, Laura. We've seen other reports. People are reporting in like, hey, there's these people showing up that that aren't speaking English.  They can't prove who they are. They're being told to fill out what they're calling a provisional or an affidavit to get a provisional ballot to vote.  Well, here it is. Listen, to me, the choices are very clear.  If you want to create jobs in Michigan or you want to destroy jobs,  if you want lower prices for groceries and gasoline or higher prices, you want higher housing prices,  you want EB mandates in Michigan so the government picks your car and puts you out of work while they're doing it,  then you vote Democrat.  If you want a better way forward and you want cheaper rates,  a country that is actually prosperous for everybody going forward,  you're going to want Mike Rogers in the United States Senate,  and you can find us at rogersforsenate.com.",[],0,379,0.0,I joined Laura Ingraham last night to discuss the state of the race here in Michigan. You can watch the segment and join our movement to Get America Back on Track by visiting RogersForSenate.com!,[],0,34,0.0,0.49231103,0.34466684,0.020147955,0.3728251,none,0.0047402345,0.010634043,0.0022053702,0.0034370143,none,1,380,15.88,92.11,40.84,39.38,12.67,14.47,91.32,77.37,59.47,18.95,11.84,1.84,2.37,4.74,0,2.11,7.11,14.21,6.58,0.53,10.79,13.16,6.05,6.84,2.11,24.21,6.32,4.47,5.79,2.37,1.32,2.11,25.79,0.79,13.16,3.42,1.32,3.68,3.16,1.05,3.42,0,3.95,2.37,1.05,1.32,0.53,0.26,0,0,0,0,13.95,2.11,0,0,0.26,0.26,1.58,11.32,0.26,0,0,0,5.79,5.53,0,0.26,3.42,0.26,0.26,1.32,1.58,0,0.26,0,0,0,0,0,0,0.26,0,0.26,2.37,1.58,0,0.26,0,0.26,0,0.26,8.42,10.53,0.26,1.05,8.68,0.53,0.26,0,2.11,2.11,10.53,1.05,0.79,0.26,0.26,0.26,0,22.37,8.16,7.37,0,0,6.58,0.26,0
2024/11/1,Ted Cruz,DB1psM8JanN,Republican,Texas,"You know, it doesn't. There's been bad blood between them from the beginning,  but there's a big difference. Look, look, Joe is senile now. He's a puppet. He's not aware of  what's going on. Kamala is a true believer. She is a zealot. I served with Kamala every day she  was in the Senate from the day she got elected, and she has always been hard left 100% of the  time. Her voting record is to the left of Bernie Sanders and to the left of Elizabeth Warren. Now,  I serve with Bernie and Elizabeth. There ain't much room to their left, and yet she managed to  get there. She is a hardcore ideologue, so everything you don't like about the Biden  administration, if Kamala is president, God forbid, it gets worse because she is a true believer.",[],0,138,0.0,"I served with Kamala Harris, and her voting record was to the left of Bernie Sanders and Elizabeth Warren.

She is an extreme leftist, and she is far too radical for our country.",[],0,33,0.0,0.9374756,0.007840017,0.004638252,0.49109536,elite,0.979194,0.045524977,0.032018516,0.9875628,elite,1,138,32.73,65.68,25.51,3.88,11.5,11.59,88.41,73.91,60.14,14.49,11.59,1.45,0,1.45,7.25,1.45,2.9,12.32,9.42,0.72,12.32,13.77,7.25,5.8,2.9,21.74,5.07,3.62,3.62,0,0,3.62,29.71,2.17,10.14,2.9,0.72,0.72,1.45,0,3.62,0,2.17,0,2.17,0,0,0,0,0,0,0,13.77,2.9,0,0,1.45,1.45,0,10.87,0,0,5.8,1.45,2.9,2.9,0,0,2.17,0,0.72,0.72,0,0.72,0,0,0,0,0,0,0,0,0,0,0,2.17,0,0,0,0,0,0,7.97,11.59,2.17,0.72,7.97,1.45,0,0.72,5.8,3.62,13.77,0.72,0,0,0,0,0,23.19,8.7,7.97,0,0,5.8,0.72,0
2024/11/1,Dave McCormick,DB1_7_cSEDQ,Republican,Pennsylvania,"Instead, we added 12,000 new jobs.  But underneath the surface, it's much worse.  We had a loss of 28,000 private sector jobs, 46,000.  And excessive regulation is bad for our economy.  Bob Casey is not part of the problem.  He is the problem.  He doesn't know how to fix this economy.  I do.  I know what it's like to create jobs.  I did so as a CEO leading free markets where we created hundreds of jobs in Pennsylvania, in Pittsburgh.  And I'll do it again as Pennsylvania's next senator.  The new jobs report just came out.  It's bad news for America and bad news for our great Commonwealth of Pennsylvania.  We thought we had added 100,000 new jobs.  manufacturing jobs. We added 40,000 new jobs, but they were government jobs, of course,  under the failed policies of Biden, Harris, and Casey, the excessive spending that led to creation  of inflation.",[],0,150,0.0,Kamala Harris and Bob Casey are failing hard-working Pennsylvanians.,[],0,9,0.0,0.9801137,0.022414414,0.010713667,0.29077905,elite,0.9784198,0.89866114,0.021375708,0.35768807,elite,1,150,51.7,74.29,44.33,29.19,9.38,19.33,90.67,67.33,50.67,14.67,10,2.67,5.33,0,1.33,0.67,4.67,9.33,5.33,4,14,9.33,4,6,1.33,16,8.67,5.33,12,5.33,3.33,4,25.33,0,9.33,2.67,1.33,0,0,1.33,3.33,0,7.33,4,3.33,2,0,2,0,0,0,0,9.33,1.33,0,0,0,0,1.33,8,0,0,0,1.33,1.33,1.33,0,0,11.33,0,0,8.67,2.67,0,0,0,0,0,0,0,0,0,0,0,0,0,0,1.33,0,0,0.67,2,4,6,0,0.67,5.33,0,0,0,4,6.67,4.67,0.67,0,0,0,0,0,24.67,10.67,10,0,0,4,0,0
2024/11/1,Colin Allred,DB2G0RJS9F-,Democratic,Texas,"unfortunately, these names to what we've seen in the data,  I do think is driving home even more for Texans.  I actually got an email this morning from another Texas woman telling me her story and just wanting to, I think, have someone to share it with and also offering to use her story in any way to make sure it doesn't happen to anyone else.  I just came back from the Rio Grande Valley where folks were talking about what happened to Jocely.  And the fear is very real, talking to people about how they are afraid of getting pregnant in Texas.  They're afraid of their children getting pregnant in Texas.  And this is something that is incredibly real right now.  These stories and now putting.  What is happening here?  We've seen that our maternal mortality rate has gone up by 56% over the last couple of years.  But we haven't had these individual stories.  Can you imagine?  Can you imagine?  As a husband, I can't imagine taking my wife to three different emergency rooms and begging someone to treat her.  Or in Jocely's case, to lie there for an hour, you know, praying that she would be able to make it home to see her daughter.  This is outrageous.  And every Texan who I think hears about it is outraged by it.  This is something that is very, very real.  And this is an issue in this campaign because this is Ted Cruz's life's work.  He has worked his entire career to get to this point with warnings, I will say, from experts saying that if you put these bans in place, this is what will happen.  They were forewarned.  And now we're seeing the unfortunately predictable outcome of these policies.  And there has to be accountability.  And in our system, that accountability is elections.",[],0,307,0.0,"This abortion ban is Ted Cruz’s life’s work. And because of it, Texas families are mourning the loss of their loved ones. It doesn’t have to be this way, and I will do all in my power to restore reproductive freedom and end this ban.",[],0,45,0.0,0.0047611524,0.5969391,0.022447955,0.0023738511,centr,0.5118463,0.27703395,0.279079,0.0059023444,none,1,307,15.46,84.71,26.49,3.53,13.35,16.94,92.83,75.9,60.91,21.5,10.1,2.93,1.95,1.3,2.28,1.3,11.4,14.01,2.93,0.65,14.01,11.4,7.49,5.54,0.98,22.15,3.26,3.26,5.54,3.26,1.3,1.3,24.76,0.33,12.7,2.61,1.63,1.63,2.61,2.61,2.61,0,2.28,0,2.28,1.3,0,1.3,0.98,0.33,0,0,17.92,5.21,0,0,0,0.33,3.58,11.73,2.28,0,2.93,0.98,0.98,0.65,0,0.33,2.61,0,0.98,0.98,0.33,0.33,0.98,0.65,0,0,0,0,0.65,0,0.33,0.65,0.33,1.63,0,0,0,0,0.33,0,6.19,10.75,0.98,1.63,6.51,1.3,0.33,0,2.28,3.58,8.47,2.93,0,0,0,0,0,15.64,6.51,4.56,0.98,0,3.26,0.33,0
2024/11/2,Eric Hovde,DB2W82vqBlS,Republican,Wisconsin,"But we can't do it without you.  The left, they have the media, they have big tech, they got public employee unions on their side.  If you go grab five, ten of them, get them out and get them voting.  We will take this country back.  We will restore our beautiful country.  With your help, not only you going out and voting,  Are you ready to take our country back?  but grabbing your friends, grabbing your neighbors, grabbing your colleagues,  grabbing the people you go fishing or hunting with or do social activities or watch Packer games with.  And with your help.  But we have you.",[],0,106,0.0,"Wisconsin, it’s up to you.

Make your plan to VOTE and let’s finish the job on Tuesday. ????",[],0,18,0.0,0.3728456,0.06620816,0.0020226864,0.04595771,none,0.0052464306,0.027416188,0.0018210652,0.0034663556,none,1,106,9.37,99,74.21,64.84,11.78,16.04,95.28,78.3,58.49,24.53,22.64,0,5.66,10.38,0,6.6,1.89,13.21,2.83,1.89,9.43,8.49,1.89,9.43,1.89,24.53,4.72,2.83,11.32,11.32,0,0,12.26,0,9.43,0,0,0.94,3.77,0,9.43,0,2.83,2.83,0,0,0,0,0,0,0,0,33.96,1.89,1.89,0,0,0,0,28.3,0,0.94,0,0,2.83,1.89,0,0.94,4.72,0.94,0.94,2.83,0,0,4.72,0,0,0,0,0,0,0,0,0,0,9.43,0,0,0,0,0,0,18.87,16.98,0.94,2.83,10.38,0.94,0,4.72,0,0,1.89,4.72,0,0,0,0,0,18.87,7.55,9.43,0.94,0,0.94,0,0
2024/11/2,Dave McCormick,DB2X3eFNaHY,Republican,Pennsylvania,"Well, listen, I think the race has closed dramatically.  It's a tie by any estimate.  And I have the momentum.  And the reason is people are focused on a choice between change that I represent and the status quo.  Bob Casey's been in elected office for 30 years.  He's the guy who is not led.  He ducks when the bullets start flying.  And he's voted 98.6 percent of the time with this liberal agenda of Biden and Harris.  He's voted for reckless spending that's driven up skyrocketing prices.  He's voted for sanctuary cities.  He's voted for males competing in women's sports.  He's out of touch with Pennsylvania.  And I'm the candidate that's going to bring about change as a business guy, a seven-generation Pennsylvania,  someone who went to West Point and served in combat in Iraq.  And that's the way the race is framed.  And I'll say, I'll just give you a sense of this.  Someone said to me the other day, so are you running for the Casey seat?  And I said, this isn't the Casey seat.  This isn't an entitlement because his father was governor.  Senator Casey's got to earn this seat every day, every election.  He hasn't done that.  He's failed the people of Pennsylvania.  And I think that's the reason the race is closed.  They see it.",[],0,221,0.0,"Bob Casey is a weak, career politician who votes 98% of the time with the disastrous Biden-Harris agenda. 

It’s time for a change. 

Great to be on with @LauraIngraham!",['politici*'],1,29,0.034482759,0.9793553,0.7946301,0.069660194,0.9735824,elite,0.9926422,0.012219172,0.024535097,0.25597036,elite,1,221,41.32,64.14,36.99,20.23,9.61,13.12,87.78,70.14,56.11,17.65,10.86,4.07,0,0.9,4.52,0.45,6.79,17.65,9.95,1.36,12.22,13.12,2.26,6.79,1.81,23.08,2.26,4.07,4.98,0.45,1.36,3.62,27.15,0.9,9.05,2.71,2.71,0,1.81,0,2.26,0,1.81,0.9,0.9,0,0,0,0,0,0,0,14.03,2.26,0,0,0,0,1.36,11.31,0.45,0,0.45,6.33,4.98,4.98,0,0,2.71,0.45,0,1.36,1.36,0,0,0,0,0,0,0,0,0,0,0,0,0.9,0,0,0,0.45,0.45,0,6.33,10.41,0.9,2.26,5.88,0.45,0.45,0.9,3.62,6.33,10.86,1.81,0,0,0,0,0,24.43,10.41,3.62,0.45,0,9.5,0.45,0
2024/11/2,Colin Allred,DB2cAJYJFfK,Democratic,Texas,"There is nothing reasonable about these women's deaths.  This is Ted Cruz's fault.  This is his abortion ban.  He made it his life's work to put Texas women in these life-threatening situations.  And he praised Texas abortion law, calling it perfectly reasonable.",[],0,42,0.0,"Nevaeh and Josseli should still be alive. But doctors can’t do their jobs in Texas because of Ted Cruz’s abortion ban. 

We must restore reproductive freedom in Texas.",[],0,28,0.0,0.94921255,0.014426623,0.17224288,0.012681214,elite,0.35571072,0.05482955,0.116620086,0.0052670217,none,1,42,7.34,93.83,1,3.2,8.4,23.81,80.95,57.14,47.62,23.81,9.52,0,0,0,9.52,0,14.29,14.29,0,0,7.14,7.14,7.14,2.38,2.38,11.9,4.76,0,9.52,0,7.14,2.38,21.43,2.38,11.9,4.76,7.14,0,0,2.38,0,0,11.9,4.76,7.14,0,0,0,0,0,0,0,16.67,2.38,2.38,0,0,0,2.38,14.29,0,0,4.76,9.52,0,0,0,0,2.38,0,0,2.38,0,0,9.52,7.14,0,0,0,0,4.76,0,2.38,0,0,0,0,0,0,0,2.38,0,2.38,7.14,0,2.38,4.76,0,0,0,0,2.38,7.14,0,0,0,0,0,0,23.81,11.9,2.38,0,0,7.14,2.38,0
2024/11/2,Kari Lake,DB2dePUv9NT,Republican,Arizona,"It's just a garbage bag.  But there's going to be people who don't vote for me, and I still want them to know I'm going to go to Washington, D.C., and work hard to represent you.  We're doing great. We are in the final days of this incredible campaign. We're in the most  liberal part of Arizona, Pima County. And guess what? I just listened to that segment, Jesse,  and I'm offended. I live, I happen to live with three Latinos, my husband and children,  who are Latino, and they are firmly behind President Trump. I'm here in one of our districts,  which has the biggest Latino population. And guess what? They don't find it racist to want  to be able to afford to put food on the table. And they don't find it racist. And they don't  consider themselves Nazis because they want to have a secure border. And they actually want to  know who's coming into our country. Arizona and Tucson, Arizona, where I am right now,  is the first major city where all of the fentanyl is hitting before it comes into the rest of this  country and is taking out a young generation. We were just at two voting centers in the past  couple of hours. One of the first people that came up to me was a mother who is a,  a Mexican immigrant. She came here and she's a legal immigrant. She's fed up with what's  happening. She's tired of not being able to afford clothing for her kids, groceries for her  family. She's tired of the open border. And she just said to me, I'm voting for you and Trump.  And I'm a registered Democrat. The Democrats are sick of the Democrat Party because the Democrat  Party has been taken over by, I don't know who, but they're not representing the hardworking  middle class and working class people.  But yeah, you can see where.  I think the continued difficulty with this economy where people can't afford anything.  You know, our kids that we're getting closer and closer to, you know, we just had Halloween and you can't afford a Halloween costume for your kids.  We're getting closer to the fall and things are just getting more expensive.  But when Joe Biden, our president, I guess he's our president.  I mean, I don't know who's running the country, Jesse.  I'm not sure anybody does.  But when he came out and called people who want to vote for President Trump garbage, I think that resonated with people.  It really resonated with people.  And my opponent, Ruben Gallego, has called the people who have voted for President Trump the worst people in the world and dumb.  And when you start calling people names like that, you know, listen, there's going to be people who don't vote for me in this election.  Our poll numbers look great.  We're winning this election.  Yeah, a garbage bag, the cheapest costume you could ever put on.  And, you know, and this is why people are reaching out and saying, we're voting for you and Trump.  Doesn't matter if you're a Democrat, Republican.  This is the America First movement.  Go to Carrie Lake dot com and help us out.  We could use the help and we got to bring down this radical leftist we're running against.",[],0,555,0.0,"?? WATCH: Kari Lake’s Full Interview With Jesse Watters on Fox News ???? 

Help FUEL Kari’s fight! ??
Visit: KariLake.com/Donate",[],0,20,0.0,0.51938426,0.9734794,0.14752875,0.57746524,centr,0.009638972,0.007329815,0.0026710809,0.003552958,none,1,556,21.07,94.39,58.08,12.67,12.93,15.11,90.83,74.46,58.81,19.42,14.93,4.14,3.42,2.34,1.8,1.62,4.5,12.05,6.12,1.26,12.41,12.05,4.32,7.55,2.34,22.66,5.22,3.24,8.09,4.86,0.9,2.34,22.48,0.36,9.53,3.06,0.72,1.8,1.44,0.36,2.52,0,3.6,1.44,2.16,1.08,0,1.08,0,0.54,0,0,18.71,2.52,0.36,0,0.18,0.54,0.72,15.47,0.9,0,1.62,0.54,5.58,4.5,1.44,0,1.44,0.36,0,0.54,0.54,0,1.44,0.72,0.36,0,0,0.18,0,0.36,0,0,0.9,1.08,0,0,0.36,0.18,0.18,0,9.35,10.79,0.36,2.7,7.91,0.36,0.36,0.18,2.52,2.52,10.07,1.08,0.36,0,0.36,0,0,21.58,7.73,7.01,0.36,0,6.47,0,0
2024/11/2,Bob Casey,DB2oORzApOs,Democratic,Pennsylvania,"They constantly want to repeal it.  No question about it. And Lawrence, it extends beyond that.  The Republicans, like my opponent, always say that positive things about some aspects of the affordable care.  Yet.",[],0,34,0.0,"There's no doubt about it: Republicans, like my opponent, would repeal the Affordable Care Act and rip away health care from working families across Pennsylvania.",[],0,25,0.0,0.7332124,0.0015384905,0.0064397897,0.004953873,elite,0.95437175,0.87228376,0.5997887,0.017084077,elite,1,34,29.85,24.36,26.78,66.58,6.8,26.47,88.24,79.41,64.71,23.53,5.88,2.94,0,0,0,2.94,17.65,20.59,5.88,0,17.65,0,17.65,2.94,2.94,8.82,5.88,2.94,0,0,0,0,17.65,5.88,8.82,2.94,0,5.88,5.88,0,0,0,2.94,2.94,0,0,0,0,0,0,0,0,11.76,8.82,2.94,0,0,0,5.88,2.94,0,0,0,0,2.94,2.94,0,0,2.94,0,0,0,2.94,0,0,0,0,0,0,0,0,0,0,0,2.94,0,0,0,0,0,0,0,5.88,5.88,0,0,5.88,0,0,0,8.82,0,0,0,0,0,0,0,0,23.53,14.71,8.82,0,0,0,0,0
2024/11/2,Colin Allred,DB2r5RPij2H,Democratic,Texas,"in the Senate to talk about their experiences.  He didn't even show up.  Well, as I've said before, he might not want to hear from Texas women talking about this and telling their stories and these families that have been destroyed.  And Lawrence, as you and I have talked about before, when Texas women have come to his committee,  That's right. And this is the law that also is the product of his life's work.  Except for this one thing.  And now he doesn't want to talk about it.  He did succeed at putting extremists on the courts, backing in our state legislative races the most extreme candidates, calling for celebrating and leading this movement.  He spent his entire time in the Senate doing basically nothing.  He's accomplished almost nothing in his time in the Senate,  except getting attention for himself.  by this abortion ban, but he's going to on November 5th.",[],0,152,0.0,"Families have been destroyed by Ted Cruz’s abortion ban. But he doesn’t want to talk about it.

He’s going to hear Texans loud and clear on November 5. Join our team to beat him: allred4tx.us/donate",[],0,35,0.0,0.9899109,0.23079002,0.193644,0.027733902,elite,0.9464029,0.4815421,0.092223085,0.021142954,elite,1,152,27.77,77.01,1.85,29.06,13.82,19.08,92.76,74.34,64.47,19.08,11.84,1.32,0.66,0.66,7.89,1.32,7.24,17.11,4.61,1.32,19.74,9.87,7.24,9.21,3.29,18.42,3.29,2.63,8.55,1.97,3.29,3.95,19.74,1.32,5.92,0,0,1.32,1.32,0,3.29,0,4.61,2.63,1.97,0.66,0.66,0,0,0,0,0,18.42,5.26,0,0,0,0,4.61,13.16,0.66,0,1.32,7.89,3.95,3.95,0,0,3.95,0.66,0,2.63,0.66,0,0.66,0.66,0,0,0,0,0.66,0,0,0,1.32,0.66,0,0,0,0.66,0,0,7.24,7.89,0.66,1.97,4.61,0.66,0.66,0,4.61,4.61,4.61,1.97,0,0,0,0,0,17.76,7.24,5.92,0,0,4.61,0,0
2024/11/2,Dave McCormick,DB356aOuNlR,Republican,Pennsylvania,"make America great again.  on the track to excellent  All right, we're here in Happy Valley today for the game of the season, Penn State and Ohio State.  And I'm joined by my good friend Clay Travis, who's been an incredible, great leader for our country.  And I'm so glad to have you here, Clay.  We got a big turnout thanks to you.  We had a hell of a tailgate going, and we're going to beat Ohio State.",[],0,78,0.0,"AWESOME Saturday here in Happy Valley with @claytravisoutkick and a bunch of great Pennsylvanians ????

#WeArePennState",[],0,16,0.0,0.008259699,0.017225018,0.0016989534,0.0033376222,none,0.008284947,0.09141927,0.0016631917,0.0070698885,none,1,78,61.17,98.75,23.3,99,13,7.69,80.77,67.95,52.56,14.1,14.1,3.85,6.41,2.56,0,0,0,12.82,8.97,0,14.1,10.26,5.13,6.41,0,17.95,8.97,2.56,11.54,8.97,1.28,1.28,16.67,1.28,1.28,0,1.28,0,0,0,0,0,12.82,11.54,0,5.13,5.13,0,0,0,0,1.28,15.38,1.28,1.28,1.28,0,0,1.28,12.82,0,1.28,0,0,0,0,0,0,3.85,1.28,0,1.28,0,1.28,0,0,0,0,0,0,0,0,0,0,0,1.28,0,0,0,0,0,0,15.38,6.41,0,1.28,5.13,0,0,0,3.85,3.85,7.69,3.85,0,0,0,0,0,21.79,7.69,7.69,0,0,6.41,0,0
2024/11/2,Kari Lake,DB4NNSlyNOt,Republican,Arizona,"Did you already go in and vote?  what we want for our country and what we want for our communities, and that's how we vote.  This is very similar to when Joe Biden went on one of the big radio shows and said,  you're not black if you don't vote for Biden.  and that's what i believe this is this election's about coming together as americans i'm so  Well, Ruben Gallego, I'm going to tell the media this,  he actually had the gall to tell a conservative.  We don't need Joe Biden to tell us how to vote.  We don't need Joe Biden to tell us if we're black or white.  We don't need Ruben Gallagher to tell us if we're Latino or.  Latina that she's not a Latina because she she's a conservative  Democrats, Democrats.  I've been told.  Come on, we are individuals. We decide who we vote for.  We take into account what experiences we've lived and we take into account...  As men and women.  Women.  Specifically.  are white, we know who we are. We're Americans.  thankful for your vote. I promise you that I'm going to go to Washington, D.C.,  and I'm going to make you proud.",[],0,200,0.0,COUNTRY OVER PARTY!,[],0,3,0.0,0.96038187,0.32345393,0.009320674,0.3612627,elite,0.009070583,0.007692771,0.0014779064,0.006215072,none,1,201,3.04,99,19.76,42.34,10.58,12.44,89.55,76.12,60.2,26.37,20.4,3.48,10.95,2.99,1.99,0,5.97,8.96,2.99,0.5,11.94,12.94,4.98,8.96,2.99,26.37,3.98,1,12.94,11.94,0.5,0.5,25.87,0,10.95,2.49,1.99,2.49,2.49,1,3.98,0,1.49,1.49,0,1,1,0,0,0,0,0,23.88,3.98,0,0,0,0,3.48,19.4,0,0,2.49,1,6.97,5.47,1.49,0,1,0,0,1,1,0,0.5,0,0,0,0,0,0,0,0,1.49,1,1,0,0,0,0,1,0,5.97,6.97,0,2.49,4.48,1.99,0,0,1,4.98,10.45,2.99,0,0,0,0,0,25.87,10.95,4.98,0.5,0,9.45,0,0
2024/11/2,Elissa Slotkin,DB4Rm_-P2x5,Democratic,Michigan,"I'm fourth generation, my grandpa strike, my dad struck, my like, you know, which one's your dad?  um and the example you all have set a whole new generation of young people  Here is Dan. Oh my gosh, that's amazing.  We invented that.  And as Michiganders, we understand that the unions are inextricably linked to the building  of the middle class in the United States.  And when we think about where we are now.  How old are you? I'm 19. Oh my god, you're a badass. I love that. They're gonna remember this the rest of their life and tell their grandkids about like being on the line, you know, continue that tradition. I was on a picket line with my dad. I don't know about you guys, but a lot of people who are like...  Of course. You guys, I mean, you guys have me, I have you.  I know you got our backs.  And we basically kicked off my campaign in 2018 in the parking lot of your hall.  I was there.  I filmed a commercial this last time on a scissor lift.  We're always, we did trunk or treat.  We've spent a lot of our lives in that parking lot.  If you want that key to the middle class, that middle class that we invented in Michigan,  we invented the idea where you could work at an auto plant and afford the car you were making.  That was a radical concept at the time.  It's like it is become this symbol of like, do you get to be in the middle class or not?  Right. Like that's it's not complicated for people to understand.  No. When when you guys need us, we're going to we're going to be here.  That's what we do. Thank you. I appreciate you guys.  And people ask me, well, okay, you know, why are you so pro-labor?  I say, well, first of all, I come from a district that is one of the most unionized districts in the country.  So I see it and breathe it every day.  How's it going? How's the morale up here?",[],0,354,0.0,"Michiganders know that unions and the middle class are fundamentally linked. 

Take a look back at some of our favorite moments from this campaign with our labor friends.",[],0,28,0.0,0.017767655,0.63911504,0.003568189,0.003838826,centr,0.0031334474,0.70897764,0.015329822,0.0034123913,centr,1,354,17.64,98.44,85.75,45.75,9.83,9.6,92.94,74.01,62.99,24.86,18.08,6.5,4.52,5.93,0,0.85,6.78,18.36,7.34,1.41,12.43,11.02,6.5,5.08,1.13,18.64,3.67,3.95,10.73,6.78,1.13,2.82,24.86,1.41,9.89,5.08,1.41,0.85,0.85,0.56,2.26,0.28,2.82,1.98,0.28,1.13,0.85,0,0,0,0,0.28,18.64,2.26,0.56,0.28,0,0,1.13,15.82,1.41,0,0,2.54,2.54,1.41,0,1.13,1.98,0.28,0,0.85,0.56,0.28,0.56,0,0,0,0,0,0,0,0,0.28,0.28,0.56,0,0,0,0,0,0.85,10.45,6.5,0,1.13,5.65,0.28,0,0,4.24,2.82,7.06,1.69,1.41,0.28,0.28,0.85,0,23.16,9.04,7.34,1.69,0,4.8,0.28,0
2024/11/2,Eric Hovde,DB4ZJ-pMvgB,Republican,Wisconsin,"state all over. We've been up in Superior all the way down the western part of the state. Now we're  down in the southeast part of state and heading up to Green Bay later today and tomorrow. So hey folks.  November 5th. Remember, get out and vote. Donald Trump all the way down the line and definitely  vote yes on the referendum. It's so important because only U.S. citizens should vote in our  elections. Thank you, everyone. Let's go take back America. Let's win this thing.",['referend*'],1,86,0.011627907,"Checking in from the trail in Elkhorn with Rep. Steil.

Working hard to earn everyone’s support ahead of Tuesday. ????",[],0,20,0.0,0.0026897308,0.31294855,0.0037488565,0.006285019,none,0.008881683,0.008486021,0.0022534537,0.0025870304,none,1,86,70.9,97.83,99,87.73,7.82,17.44,91.86,72.09,54.65,11.63,6.98,0,5.81,1.16,0,0,4.65,15.12,8.14,1.16,16.28,8.14,5.81,8.14,0,15.12,8.14,6.98,9.3,5.81,1.16,2.33,25.58,5.81,6.98,1.16,1.16,1.16,0,1.16,2.33,1.16,4.65,4.65,0,0,0,0,0,0,0,0,12.79,2.33,1.16,1.16,0,0,2.33,10.47,1.16,0,0,0,8.14,8.14,0,0,0,0,0,0,0,0,0,0,0,0,0,0,0,0,0,0,0,2.33,0,0,0,1.16,0,0,10.47,22.09,0,2.33,20.93,1.16,0,0,5.81,3.49,6.98,2.33,2.33,1.16,1.16,0,0,23.26,15.12,2.33,0,0,5.81,0,0
2024/11/2,Bob Casey,DB4ak_1I0UG,Democratic,Pennsylvania,"My opponent said on the record, just...  The provision that allows young people to stay.  will be another vote.  Mr. McCormick  You're damn right they are.  policy until the age of 26.  that he doesn't agree with and doesn't support.  They're coming after the Affordable Care Act again.  It was just yesterday.  Are they really going to do this again?  I am not going to allow him to do that.  I am going to defeat him in this election to stop him from doing that.  Destroy and repeal the Affordable Care Act.  their parents' health care.",[],0,96,0.0,"David McCormick said it himself, he wants to take away health insurance for millions of young people, under 26 years old. In the Senate, he would be another vote to destroy the Affordable Care Act.

I’m not going to let him do that.",[],0,43,0.0,0.8774177,0.015341545,0.008433537,0.002790047,elite,0.95613265,0.3540161,0.2746281,0.0038806666,elite,1,96,16.96,64.67,20.31,69.4,7.38,11.46,91.67,71.88,60.42,20.83,12.5,3.13,0,1.04,4.17,4.17,8.33,14.58,5.21,1.04,13.54,14.58,5.21,4.17,3.13,25,3.13,1.04,6.25,1.04,0,5.21,23.96,0,5.21,0,2.08,0,0,1.04,2.08,0,6.25,4.17,1.04,0,0,0,0,0,0,1.04,20.83,9.38,4.17,1.04,0,0,1.04,12.5,1.04,0,0,5.21,2.08,2.08,0,0,2.08,0,0,0,2.08,0,1.04,1.04,0,0,0,0,0,0,0,0,0,0,0,0,0,0,0,0,4.17,3.13,0,1.04,3.13,0,0,0,8.33,3.13,8.33,7.29,1.04,0,1.04,0,0,22.92,15.63,1.04,1.04,0,5.21,0,0
2024/11/2,Kari Lake,DB4hQEKtApq,Republican,Arizona,"We're going to take a long, hard look at the FCC licenses that these people have.  We give them those licenses and they lie to us.  And we're tired of you guys lying to us.  So we're looking forward to giving those FCC licenses to people who are going to be honest with the American people.  which is reforming the fake news into real, honest press.  Is that okay?  And then I'm going to work on my pet project.  We're tired of the fake news.  The days of the fake news are numbered.  We're going to get some real journalists once again.  So I'm looking forward to that, and I'm looking forward to turning Arizona around  and making it strong and safe and affordable again.",[],0,125,0.0,This will be fun! ??,[],0,5,0.0,0.9843748,0.0843988,0.011851065,0.047315367,elite,0.005964395,0.003498942,0.0028072575,0.003661577,none,1,125,30.74,98.83,20.6,11.97,11.36,13.6,94.4,75.2,55.2,19.2,12.8,3.2,6.4,0.8,0,1.6,6.4,12.8,5.6,0.8,14.4,11.2,4.8,8,0,23.2,9.6,4,8.8,7.2,0.8,0.8,16.8,0,3.2,0,0.8,0,0,1.6,0.8,0,7.2,3.2,4,1.6,0,1.6,0,0,0,0,21.6,8,0,0,0,4,2.4,13.6,0.8,0,0,0.8,1.6,0.8,0.8,0,4.8,0,0.8,3.2,0.8,0,1.6,1.6,0,0,0,0,0,0,0,0,0,1.6,0,0,1.6,0,0.8,0,11.2,9.6,0.8,0.8,4.8,3.2,0,0.8,4,0,10.4,6.4,0.8,0,0.8,0,0,17.6,8,2.4,0.8,0,6.4,0,0
2024/11/2,Eric Hovde,DB4sQLRKXuo,Republican,Wisconsin,"in politics.  Yeah. Well, what did our founding fathers want?  They wanted citizen legislators.  They wanted people who had real-life skills to go serve for a term or two  and return back to their communities.  They did not want a political class.  Oh, God. The first thing I signed was the term limit pledge.  First of all, I'm 60, so by the time I'm getting into my 70s, the last thing I want to be doing,  I want to be sitting with my grandkids and having fun.  So, look, for me, it would be a term two at the most.  Oh, yeah, she's been there for 38 years.",[],0,108,0.0,"My promise to you: I will not serve more than two terms if you elect me to the US Senate.

Tammy Baldwin has lost touch with Wisconsin because she’s been in politics for 38 years and Washington for 26 of them. That’s far too long.",[],0,45,0.0,0.018395795,0.69695634,0.0023023754,0.0047562183,centr,0.6543112,0.057647496,0.0057888106,0.053877275,none,1,108,38.62,51.1,33.29,48.44,9.82,10.19,97.22,76.85,60.19,17.59,13.89,7.41,0.93,0,0.93,3.7,3.7,16.67,7.41,6.48,12.04,12.96,3.7,4.63,0.93,22.22,4.63,7.41,7.41,3.7,1.85,1.85,22.22,0.93,8.33,0,0,6.48,0.93,0,1.85,0,1.85,1.85,0,0.93,0.93,0,0,0,0,0,12.04,0.93,0,0,0,0,0,11.11,1.85,0,0.93,0.93,3.7,3.7,0,0,3.7,0.93,0,1.85,0,0.93,0,0,0,0,0,0,0,0,0,0,5.56,0.93,0,0,0,0,0,0,6.48,7.41,0.93,1.85,6.48,0.93,0,0,5.56,6.48,2.78,0,3.7,0,1.85,1.85,0,24.07,9.26,10.19,0.93,0,2.78,0.93,0
2024/11/3,Ted Cruz,DB48u16ACAh,Republican,Texas,"to take pictures, but also importantly,  Well, we just finished our rally in Killeen.  We're now headed out to the bus.  At every event, we invite the folks who come out to come to the bus.  We're in Parker County now in Weatherford getting ready to do yet another rally.  It is incredible everywhere we go.  People are energized.  We're five days away.  We're going to keep Texas, Texas.  We're in Hamilton, Texas right now. It's Halloween. We've got kids out here trick-or-treating on the street.  It's a beautiful thing. We're going to stop in to a soda fountain right now.  Well, we're in the middle of our 53 stop bus tour.  We're in Killeen today, heading to a big rally.  So stick with us and you're going to see the excitement that we're seeing every part of the state to keep Texas, Texas.  Getting ready to do Laura Ingraham and then Newsmax.  to sign the bus and that lets folks who come to our rally come with us.  So all 53 stops all over the bus tour they come sign the bus.  That's what we're doing right now.",[],0,189,0.0,"A day on the campaign trail ?? 

Let’s Keep Texas, Texas.",[],0,11,0.0,0.0048153754,0.5191698,0.0026107286,0.005617266,centr,0.008016232,0.005164391,0.0018673908,0.0044702324,none,1,189,48.87,99,88.95,77.5,9.45,11.11,80.95,68.78,57.14,17.46,12.7,0,10.58,0.53,0,0.53,4.76,13.23,6.88,1.59,16.93,11.11,7.94,4.23,0,21.16,2.12,4.76,11.11,10.58,0.53,0,20.11,2.65,2.12,0,0,0.53,0.53,0,1.59,0,3.7,3.7,0,0.53,0.53,0,0,0,0,0,15.34,0.53,0.53,0,0,0,0,14.81,1.06,0,0,0,0,0,0,0,0,0,0,0,0,0,0.53,0,0,0,0,0,0,0.53,0,0,0,2.12,0,0,0,0,0,0,14.81,13.76,0,4.23,12.7,1.06,0,0,6.88,0.53,12.17,5.82,0,0,0,0,0,24.34,10.58,4.76,0,0,7.94,1.06,0
2024/11/3,Colin Allred,DB5BVpliTkG,Democratic,Texas,"And she passed away.  And so the stakes just get higher and higher.  Texas is a state that believes in freedom.  And this is not it.  And by beating Ted Cruz, we'll make Roe v. Wade the law of the land again.  We'll trust Texas women.  And we'll make these stories something of the past.  We've had this data telling us that we've had a 56% increase in our maternal mortality rate.  But now we are starting to hear the stories of the women who have died in childbirth or because they were denied care during miscarriages here in Texas.  Two women in particular, Jocely Barnica and Neviah Crane.  Jocely was a young mother who had to wait 40 hours to get care because the law was requiring her doctors not to treat her.  Neviah Crane was 18 years old and was at her baby shower, went to three emergency rooms, was turned away from the first two.  The third one accepted her, but she was an organ failure already.",[],0,170,0.0,"The only way we can restore reproductive freedom and make these heartbreaking stories something of the past is by beating Ted Cruz.

Join the team to make it happen: allred4tx.us/donate",[],0,30,0.0,0.0043097334,0.37710455,0.14286466,0.0029172418,none,0.0045894347,0.13633268,0.02114671,0.0033415232,none,1,170,39.7,96.27,26.78,46.94,12.14,13.53,87.65,70.59,55.88,14.12,10,0,4.71,0,3.53,0.59,4.12,17.06,7.65,5.29,10.59,11.18,3.53,8.24,1.18,20,4.71,5.88,8.82,5.88,0.59,2.35,24.12,0,7.06,0.59,2.35,0,1.18,0,3.53,0,2.94,2.35,0.59,0,0,0,0,0,0,0,17.06,3.53,1.18,0,0,0,1.76,13.53,1.76,0,6.47,0,0,0,0,0,1.76,0,1.18,0.59,0,0,3.53,1.18,0,0,0,0,0,0,2.35,2.35,0,1.76,0,0,0,0,0,0,5.29,8.24,0,1.18,6.47,0,0.59,0,6.47,11.18,2.94,1.76,0,0,0,0,0,14.71,8.24,2.94,0,0,2.94,0.59,0
2024/11/3,Dave McCormick,DB6hOdSuPSi,Republican,Pennsylvania,"Are you running for the Bob Casey seat?  And I said, that's not the Bob Casey seat.  That's not an entitlement.  He doesn't get to have that seat because his name's Casey.  He's got to earn that seat every single day.  He's got to earn it every election.  Somebody came up to me the other day and they said,",[],0,59,0.0,Bob Casey has to earn his seat every day — and he has failed.,[],0,14,0.0,0.0071199564,0.0051783808,0.0022974517,0.0027347603,none,0.14266604,0.010301113,0.0019308664,0.0015057321,none,1,59,17.64,40.06,7.47,,8.43,8.47,81.36,76.27,61.02,23.73,13.56,3.39,0,1.69,6.78,1.69,10.17,22.03,6.78,1.69,10.17,11.86,0,5.08,5.08,23.73,3.39,8.47,5.08,0,3.39,1.69,28.81,3.39,8.47,0,1.69,0,1.69,0,5.08,0,0,0,0,0,0,0,0,0,0,0,15.25,3.39,0,0,0,0,3.39,11.86,0,0,0,6.78,1.69,1.69,0,0,3.39,0,0,3.39,0,0,0,0,0,0,0,0,0,0,0,0,0,8.47,0,0,0,3.39,0,0,6.78,5.08,0,3.39,1.69,0,0,0,3.39,5.08,10.17,0,0,0,0,0,0,23.73,8.47,3.39,1.69,0,10.17,0,0
2024/11/3,Mike Rogers,DB6nVT3P4Uj,Republican,Michigan,Congresswoman Slotkin is focused on letting men into girls sports.  I'm focused on teaching kids how to read.  I'm Mike Rogers and I approve this message.  I'm a dad.  I'll keep fighting to fix our schools for all our kids.,[],0,40,0.0,"Congresswoman Slotkin is focused on a woke agenda that puts biological males in our daughters’ locker rooms. 

I’m focused on real issues, like improving the literacy rates in our state so that we can better set our children up for success. 

I’m a dad, and in the Senate I’ll fight for your kids just like I would my own.",[],0,59,0.0,0.0018471235,0.59685177,0.036407497,0.003537343,centr,0.8792692,0.94719875,0.14924404,0.63856095,centr,1,40,39.7,89.5,45.52,20.23,8,25,87.5,55,47.5,20,17.5,12.5,5,0,0,0,2.5,10,2.5,0,15,12.5,2.5,2.5,0,20,0,2.5,15,10,0,5,17.5,2.5,2.5,2.5,2.5,0,0,0,0,0,5,2.5,2.5,0,0,0,0,0,0,0,25,7.5,0,0,2.5,0,2.5,17.5,7.5,0,2.5,5,2.5,2.5,0,0,10,2.5,0,7.5,0,0,0,0,0,0,0,0,0,0,0,0,0,0,0,0,0,0,0,0,2.5,7.5,5,0,2.5,0,0,0,0,0,10,2.5,0,0,0,0,0,22.5,12.5,0,0,0,10,0,0
2024/11/3,Dave McCormick,DB6sm96u5dJ,Republican,Pennsylvania,"And look at the guy I'm running against.  is available for all our kids.  He was born with a political spoon in his mouth.  me look at the guy running against i've tried to run eight top  but very respectful campaign.  the son of a very famous governor.  And when the bullets start flying, Bob Casey ducks.  This is not a guy who's been a leader.  It's time for change.  You are absolutely right.  It is time for change.  but he was a honest respectful hard-hitting critique  30 years, 18 years in the Senate.  He's been in elected office for 30 years.  Dina and I have lived the American dream,  but we want to make sure that that American dream...",[],0,120,0.0,It’s time for a change.,[],0,5,0.0,0.95291114,0.053595237,0.006599165,0.012500925,elite,0.0026829534,0.014270009,0.002888526,0.002280399,none,1,120,57.21,69.2,63.35,72.45,9.23,14.17,93.33,71.67,54.17,14.17,10,3.33,1.67,0.83,3.33,0,4.17,14.17,9.17,3.33,12.5,11.67,3.33,5.83,0.83,20.83,5.83,4.17,10.83,2.5,1.67,7.5,26.67,0.83,8.33,0,1.67,0.83,0,0.83,5,0,3.33,3.33,0,0,0,0,0,0,0,0,15,3.33,1.67,1.67,0,0.83,0,11.67,2.5,0,0,6.67,5.83,4.17,1.67,0,1.67,0,0,1.67,0,0,1.67,0,0,0,0,0,0,0,0,0,0.83,0,0,0,0,0,0,0,11.67,10.83,3.33,3.33,4.17,1.67,0,0,8.33,6.67,6.67,1.67,0.83,0,0.83,0,0,20,12.5,2.5,0,0,4.17,0.83,0
2024/11/3,Kari Lake,DB63PUdyUWF,Republican,Arizona,"Hey there, Arizona. We're at church this morning, and we are all ready for Election Day.  Everyone's getting out to vote. If you haven't already done so, get out on Tuesday.  We are fighting for our state and our country.  And beautiful babies just like Cameron.  Everything's on the ballot, and we need you to get out and vote.  And we love you, and we're going to save our country.  God bless you.",[],0,73,0.0,"After church, I had the joy of meeting a lovely young mom and her newborn, Cameron. 

The sermon was such a powerful reminder of what we’re fighting for! I’m asking every believer to make their voice heard and VOTE on Tuesday. ?? 

Together, we will save our country! ????",[],0,49,0.0,0.0022205978,0.92204106,0.033759505,0.012308383,centr,0.0015489432,0.5765671,0.00948046,0.0041242265,centr,1,73,12.85,99,37.99,93.52,8.11,17.81,95.89,73.97,63.01,21.92,17.81,0,12.33,5.48,0,0,4.11,8.22,1.37,0,16.44,8.22,5.48,12.33,1.37,15.07,2.74,2.74,15.07,13.7,0,1.37,20.55,4.11,4.11,0,0,1.37,1.37,0,2.74,0,8.22,6.85,1.37,1.37,1.37,0,0,0,0,0,30.14,6.85,0,2.74,1.37,0,1.37,21.92,1.37,0,0,0,5.48,5.48,0,0,5.48,0,0,0,0,5.48,0,0,0,0,0,0,0,0,0,1.37,0,4.11,0,0,0,0,1.37,0,20.55,8.22,0,0,8.22,0,0,0,6.85,2.74,5.48,2.74,1.37,1.37,0,0,0,26.03,12.33,6.85,0,0,6.85,0,0
2024/11/3,Colin Allred,DB7HAX3hl92,Democratic,Texas,"Border security is going to have to be bipartisan, and working on this in a bipartisan way.  If you actually want to get something done, you have to roll up your sleeves and work  together.  It was a serious attempt, and Ted Cruz, when he had the opportunity, said, we don't need  a border bill.  And he took it down.  And he did it because he'd rather run on the issue than solve it.  And what does that actually mean?  It means that you think you're more important than Texas.  Cruz when he had the opportunity said we don't need a border bill.  What did Ted Cruz do when he took down the border bill that we had earlier this year?  It was $20 billion for technology to catch fentanyl, for 1,000 new Border Patrol agents,  for policy changes to the asylum system to make it so that more folks would be denied asylum at the initial stage,  and then also making it easier for us to process them faster to get through this backlog that we have.  That's actual border security.  It's not something that's a symbol trying to target a certain community.",[],0,194,0.0,"Talk vs. action. Texans deserve a Senator who will take action to solve the border crisis, not play political games. Ted Cruz will never be part of a solution. I will.",[],0,31,0.0,0.9780216,0.011683325,0.009303062,0.011094127,elite,0.9697297,0.6153063,0.029298661,0.03312891,elite,1,194,16.55,93.73,10.94,76.25,16.17,14.43,88.66,74.74,59.79,20.62,8.76,0,2.58,2.58,3.09,0.52,11.86,13.4,6.19,1.55,12.37,12.37,4.64,8.76,1.55,22.16,6.7,2.06,7.22,4.12,2.58,0.52,25.26,0,11.34,2.06,2.06,2.58,2.06,1.03,2.06,0,3.61,3.61,0,0,0,0,0,0,0,0,13.4,3.09,2.06,0,0,0,1.03,10.31,0.52,0,0,3.09,1.55,1.03,0,0.52,2.06,0,0,2.06,0,0,0.52,0.52,0.52,0,0,0.52,0,0,0,3.09,0.52,2.58,0,0,0,1.03,1.03,0,4.12,7.73,0,2.06,5.67,0,0,0,5.15,7.22,4.64,3.09,0,0,0,0,0,15.46,5.15,5.15,1.03,0,3.61,0.52,0
2024/11/3,Sherrod Brown,DB7L3ukOyFT,Democratic,Ohio,"Well, we have the best ground operation we've ever seen in this state, in part because of what you just said, Reverend Sharpton, that we passed with 57 percent of the vote.  No last November constitutional amendment on abortion rights.  My opponent said I'm 100 percent pro-life. He wants an abortion ban.  No exceptions, no rape, no incest exceptions, no exceptions for health of the woman.  And so we make that contrast. And it's clear that that Bernie Marino thinks he knows better.  But I think the voters know better. And we're reminding voters every day of the differences.  Another one is I I spent my whole career fighting for dignity of work, as you know, Reverend Sharpton.  And my opponent stiffed as he's a luxury car dealer. He stiffed his workers out of four hundred thousand dollars and overtime pay and then shredded the records that the judge ordered him to turn over.  So even though the billionaires are all over this race, even though my opponent.  Is worth one hundred million dollars and has spent several million in this race.  I rely on small contributors and with our grassroots organization funded by these last dollars, I'm going door to door, going to union halls, doing all the things we're doing all over the state that that's what's going to win.  And that's what's going to make the difference.",[],0,230,0.0,"We’re going to win because of our grassroots supporters and volunteers. 

Join us on the doors ?? link in bio.",[],0,20,0.0,0.9180774,0.745291,0.8597387,0.013169249,elite,0.004946775,0.9756349,0.01464527,0.017527802,none,1,230,32.34,45.21,35.59,25.87,14.38,20.43,88.26,68.7,56.09,18.26,10.43,3.91,3.04,0.87,2.61,0,7.83,22.17,5.65,4.78,11.74,7.83,3.91,7.83,2.17,16.09,2.61,10.43,7.83,3.48,2.17,2.17,24.35,4.35,9.13,2.17,1.3,0.43,0,0,4.78,0.43,3.91,2.17,1.74,0,0,0,0,0,0,0,10.87,3.04,0.43,0,0.87,0.87,0.87,7.83,0.43,0,0.43,2.61,0.87,0.43,0,0.43,6.96,0,0,2.61,3.91,0.87,2.17,1.3,0,0,0,0,1.74,0,0,0,0.43,0,0,0,0,0.43,0,0,7.39,5.65,0,1.3,3.91,0.43,0,0,3.04,3.91,7.39,3.48,0.87,0,0,0.87,0,17.83,6.96,5.65,0,0,4.78,0.43,0
2024/11/3,Colin Allred,DB7UlN4pOta,Democratic,Texas,dangerous to be pregnant in Texas  This is on the policies that he's pursued for decades.  He's called for and celebrated this law.  He said it was perfectly reasonable.  And this is what it looks like.,[],0,36,0.0,"The news of the deaths of Josseli Barnica and Nevaeh Crain confirms that Ted Cruz’s abortion ban is dangerous and deadly. I will do everything I can to restore reproductive freedom, and that starts with beating Ted Cruz.",[],0,38,0.0,0.016046448,0.0019487351,0.0023764907,0.0037267862,none,0.19747423,0.010176015,0.016966395,0.0019288165,none,1,36,10.19,92.24,1,64,9,22.22,94.44,86.11,66.67,27.78,8.33,0,0,0,8.33,0,19.44,13.89,2.78,0,16.67,16.67,2.78,5.56,0,27.78,5.56,2.78,8.33,2.78,5.56,2.78,27.78,0,5.56,2.78,2.78,0,0,2.78,0,0,8.33,5.56,2.78,2.78,2.78,0,0,0,0,0,19.44,8.33,0,0,0,0,5.56,11.11,2.78,0,0,8.33,0,0,0,0,2.78,2.78,0,0,0,0,2.78,2.78,0,0,0,0,2.78,0,0,0,0,0,0,0,0,0,2.78,0,2.78,8.33,0,2.78,2.78,2.78,0,0,2.78,11.11,13.89,0,0,0,0,0,0,16.67,11.11,0,0,0,5.56,0,0
2024/11/3,Mike Rogers,DB7UqOLvD2h,Republican,Michigan,"Hey, thank you. Rogers for Senate dot com. Still need some help.  They can't afford groceries.  Oh, and by the way, that pink slip goes through the end of the year.  So, you know, happy Thanksgiving and Merry Christmas to a whole bunch of families.  We're going to be struggling here coming up in the state.  That's made a huge, huge difference for us.  Well, this may be the most dishonest moment in politics, certainly I've seen in my career.  She voted for the EV mandate about maybe seven weeks ago now on the floor of the United States  House of Representatives and then came back and said, I don't support EV mandates.  You see what the impact of these are.  By the way, 5,000 auto dealers around the country wrote an open letter to the president  saying these are EV mandates and they're killing our business.  So the only people that don't believe that they're EV mandates are the people who are  voting for them.  It is having a tremendous negative impact on our working families here.  And listen, we have to add to mandates.  Markets work.  Mandates don't.  People don't want to buy them.  They do want to buy hybrids.  Why did we skip past hybrids?  Toyota and Honda are building hybrids and people are buying them like crazy and they  didn't invest billions of U.S. government dollars to do it.  700 just announced last week at Ford.  And Ford lost almost $4 billion on just EV sales unit alone.  And so it is having a tremendous negative impact on the auto industry here.  And in fact, impacting real families trying to put food on their table.  So not only did they just get pink slip.  Well, our internal polls show that we've closed that gap.  There was a public poll over the weekend that had us tied at 49-49.  Our internal numbers show us tied the last several polls.  So I can't speak to the Fox News poll, but our polling show tells a very different story.  And our ground game is a massive part of that.  Best ground game in the country today.  Last week alone, 88,000 doors.  Wow.  And it's unbelievable.  And so that energy, you can feel that energy when we're out there.  And we get a lot of people, this is important,  they go up to the door and they'll say,  yeah, I'm going to vote for Donald Trump.  I'm voting for Mike Rogers.  Hey, would you like a sign?  Would you like to fill out a little survey on that?  They say, nope, I'm not telling anybody.  So we march on down the street and it's happening over and over and over again.  I think there's under polling happening here.  We sense it in our ground game.  That's why I think we're going to win on Tuesday.  Yeah, well, the momentum is clearly on our side.  I'd rather be us than them right now with the momentum change we've seen in the last few weeks.  And why EVs are so, you know, when the rest of the country catches a cold on EV debates, we get pneumonia here in Michigan.  2,400 layoffs at Stellantis, 1,000 at General Motors.",['dishonest*'],1,536,0.001865672,"Radical EV mandates, the rising cost of gas and groceries, the wide-open southern border — it’s all on the ballot. 

This is the most consequential election of our lifetime, and we HAVE to Get America Back on Track! ????",[],0,39,0.0,0.98459584,0.12036267,0.009633511,0.022902625,elite,0.9504316,0.55961007,0.059701886,0.98793554,elite,1,536,37.12,90.2,49.83,33.24,10.94,13.25,89.93,70.34,55.04,14.93,10.45,1.87,4.29,1.31,0.19,2.61,4.48,13.43,7.09,1.87,13.06,9.89,8.02,6.34,1.87,18.84,5.6,4.48,7.65,5.04,0.93,1.68,20.34,0.37,8.21,1.31,1.68,1.87,0.93,0.56,2.05,0,3.17,1.87,0.93,0.75,0.37,0,0,0,0,0,14.74,3.36,0.56,0.19,0.19,0.19,2.61,10.45,0.56,0,0.19,0,3.73,3.73,0,0,3.36,0.75,0,1.31,1.49,0.19,0.75,0.19,0.19,0,0,0,0,0.37,0.19,0.56,0.37,1.31,0,0.19,0,0.19,0,0,8.21,12.31,0.19,1.87,8.58,1.49,0.19,0.56,4.48,3.54,7.28,1.87,1.12,0.37,0.37,0.19,0.19,20.71,8.96,6.16,0.56,0,4.66,0.37,0
2024/11/4,Bernie Moreno,DB7xwlptnyD,Republican,Ohio,"Well, he voted with Harris and Biden 100 percent of the time when it actually mattered and against President Trump 100 percent of the time when it mattered.  Look, Ohio's done with career politicians. This guy's been around for 50 years.  He was a Russian studies major at Yale, elected office his whole life, has run 18 campaigns, has never worked in the private sector.  I've been a business guy my whole life, Sean. We've got the momentum. We've got the wind at our back.  We're working really hard. We've campaigned all over the state of Ohio.  Look, your viewers can see his voting record. It's abysmal. It would be bad if we're Massachusetts or California with a senator or that kind of voting record.  Ohio absolutely deserves better. We want people who love this country and who love the people in this country and don't treat them like garbage,  which is what Sherrod Brown has done for 30 years while he's been in Washington, D.C., Sean.",['politici*'],1,167,0.005988024,"Sherrod Brown votes with Kamala Harris nearly 100% of the time and has helped usher in her radical agenda. On Tuesday, we will retire Sherrod after a 50-year career in politics.",[],0,31,0.0,0.95094466,0.8856739,0.0161604,0.43223155,elite,0.9859941,0.0064377734,0.018070705,0.8310057,elite,1,168,24.66,93.83,7.34,47.3,12,17.26,86.9,64.29,50.6,16.67,10.71,1.19,4.17,0.6,2.98,0.6,5.95,11.9,5.95,2.98,10.12,13.1,4.76,5.95,1.19,19.64,4.76,4.17,9.52,4.17,1.79,3.57,27.38,1.19,9.52,0,0,2.38,2.98,1.79,2.98,0,2.98,2.38,0.6,1.79,1.19,0.6,0,0,0,0,17.86,2.98,0,0,0,0.6,0,12.5,0,0,0,4.17,5.95,5.36,0.6,0,4.17,0,0,4.17,0.6,0,0,0,0,0,0,0,0,0,0,0,0.6,1.19,0,0,0,0,0,0,10.71,10.12,1.19,1.19,5.36,2.98,0,0.6,4.76,7.14,5.95,0,0.6,0,0.6,0,0,22.02,9.52,5.95,0,0,6.55,0,0
2024/11/4,Mike Rogers,DB7yxGCO8hz,Republican,Michigan,"You know, Sean, listen, I think this race is going to be about compassion.  Last week, they announced 700 layoffs at Ford.  We've already had 2,400 layoffs at Stellantis, 1,000 at General Motors.  The rest of the country gets a cold in automotive manufacturing.  We get pneumonia.  This is killing our communities financially.  And, listen, we talk to people who are going to the food pantry the last two and three days of the month to feed their family, and they're both working.  This is a vote for change in Washington, D.C.  They've disrupted our automobile industry.  We're down 20,000 manufacturing jobs since Biden and Harris took office.  My opponent has voted 100 percent of the time with them.  We have to change if these folks are going to get their lives back and be able to afford eggs and bacon and gasoline and their rent at the end of the month.",[],0,152,0.0,"There’s no denying that the EV Mandates have devastated Michigan’s auto industry, or that the rising cost of gas & groceries is forcing hard-working parents to rely on the food pantry at the end of the month to feed their kids. 

Elissa Slotkin rubber stamped the agenda that caused both of those crises. I’ll take an axe to it. 

That’s the choice you’re making on Tuesday — and I hope to have your vote! ????",[],0,75,0.0,0.9714125,0.8424999,0.105556466,0.04941455,elite,0.9959,0.20152181,0.08741134,0.53625584,elite,1,153,67.81,98.21,32.94,20.23,12.75,15.03,89.54,62.09,49.67,14.38,11.76,1.31,4.58,0.65,0,4.58,2.61,15.03,6.54,4.58,14.38,9.15,1.31,6.54,0,18.95,1.31,5.88,8.5,6.54,1.31,0.65,20.26,0,5.23,1.31,1.96,0,0.65,0,1.31,0,1.31,0.65,0.65,0,0,0,0,0,0,0,15.69,1.96,0.65,0,0.65,0,0.65,13.07,1.31,0,0,0,1.96,1.31,0,0.65,7.19,0,0.65,5.23,1.31,0,4.58,0.65,0.65,0,0,0,0,2.61,0.65,1.31,0,2.61,0,0,0,0,0,0,7.19,5.88,1.31,0,3.92,0,1.31,0.65,7.84,3.92,6.54,5.23,0,0,0,0,0,18.95,8.5,7.84,0,0,2.61,0,0
2024/11/4,Dave McCormick,DB70-iANlN9,Republican,Pennsylvania,"I'm not doing this because I want to stay in Washington.  I'm doing this because I want to change Washington.  So I'm as lucky as can be.  The only person more surprised by my success is my dad,  who is definitely surprised.  And Dina lived the American dream.  So we want to make sure that's available for our kids.  So that's why I'm a political outsider.  That's why I have turmoil into myself.  I've already said, if you elect me, I'm going to get out after two terms.",[],0,88,0.0,"Tonight in my hometown of Bloomsburg, I shared that I’m not running for Senate so I can stay in Washington — I’m running for Senate so I can CHANGE it.",[],0,30,0.0,0.002692869,0.29350212,0.008796924,0.0024146237,none,0.003701864,0.011465829,0.002365863,0.0026729717,none,1,88,1.18,10.07,79.84,55.62,9.78,15.91,94.32,78.41,65.91,25,19.32,14.77,2.27,1.14,0,0,5.68,13.64,3.41,1.14,13.64,18.18,7.95,11.36,1.14,28.41,4.55,2.27,7.95,4.55,1.14,2.27,34.09,2.27,17.05,0,5.68,4.55,1.14,1.14,3.41,0,4.55,2.27,0,2.27,0,0,0,0,0,0,10.23,1.14,0,0,0,0,1.14,9.09,3.41,0,0,1.14,3.41,2.27,1.14,0,0,0,0,0,0,0,1.14,0,0,0,0,0,0,0,0,0,3.41,1.14,0,0,0,1.14,1.14,2.27,6.82,10.23,4.55,0,5.68,0,0,0,3.41,4.55,12.5,4.55,0,0,0,0,0,23.86,10.23,3.41,0,0,10.23,0,0
2024/11/4,Kari Lake,DB7X-wSycqh,Republican,Arizona,"appreciate that. Take some blessing in that, that God put you there for that moment.  I don't know about you guys. I wake up at three in the morning, oftentimes worried about the world.  And I try to take that fear and turn it into faith and know that God's got this. God's got this.  He really does.  Because we are the ones to help save this country.  I really believe that.  So that's kind of what I've learned.  Amen.  And I don't know how this whole thing ends.  All I know is that as long as we're with God, as long as we have Jesus, we're all going to be fine.  Yeah.  Amen.  campaigning now I feel like for three and a half years. You know I started when  I decided as a citizen to step in and to politics thinking that that was okay  only to realize that the machine doesn't really want just citizens to step  forward. But I have learned so much in the process of the last three and a half  years. I've learned that when when life deals you a blow you got to get back up  and you got to keep going.  I think all of us feel that way, and I've learned that this is such a beautiful state  where we are so much more together than we are divided.  If you watch the media, you think we're 50-50 at each other's throats.  That's not what I see on the ground in Arizona.  I see people of faith.  I see people who love one another, who are really concerned about our state.  And the one thing that I've learned, because it's one thing when you have difficulty.  So I've been praying a lot to find joy in it all and to find blessing in it all.  And I'm just happy that I'm here for this moment.  And, you know, you kind of keep fighting through it and you go, God, why so much difficulty in our lives?  When you're dealt a blow, when you're dealt difficulty,  and learn from the challenge.  I think it is in 1 James where, you know,  I've learned to actually appreciate all of the challenge.  You know, if you think about how difficult this world is, why did God put us here at this moment?  meant and um",[],0,391,0.0,"Christians, this is our moment. God put us here, at this time, for a reason. ?? 

As we face the challenges ahead, let’s remember the words of James 1:2-5: 

“Consider it pure joy, my brothers and sisters, whenever you face trials of many kinds, because you know that the testing of your faith produces perseverance. Let perseverance finish its work so that you may be mature and complete, not lacking anything. If any of you lacks wisdom, you should ask God, who gives generously to all without finding fault, and it will be given to you.”

This election, we must stand together in faith, knowing that good will conquer evil. 

Let’s show up on Tuesday with strength, conviction & hope for a brighter future. Our voices matter—let’s make them heard. 

I love you all so much. I would be honored to have your vote on Tuesday. ??",[],0,147,0.0,0.26956078,0.32078645,0.008359995,0.0025302952,none,0.0017084187,0.4965201,0.0057057478,0.004284783,none,1,391,9.3,82.71,95.75,47.38,12.22,11.51,96.68,81.07,63.17,23.53,13.81,5.88,2.81,4.35,0.26,0,9.72,16.88,4.6,1.79,12.53,8.7,8.18,9.72,1.02,21.99,5.12,6.39,5.12,3.32,0.77,1.02,29.41,2.05,15.35,8.18,1.53,0.51,2.05,1.53,1.53,0,5.63,3.58,1.79,2.05,1.28,0.51,0.51,0,0,0,13.55,3.84,0.77,0,0.26,0,0,9.21,0,0,0,0.51,1.28,1.02,0,0.26,4.35,0,0,0.77,0,3.58,0.77,0,0,0,0,0,0,0,0,0,0.26,1.79,0,0,0,0,0.26,0,11,10.49,0.26,1.79,6.91,1.02,0,0.51,4.09,5.12,6.65,1.02,0.77,0,0.51,0.26,0,18.41,7.42,4.6,0.51,0,5.63,0.26,0
2024/11/4,Kari Lake,DB72RrUghhK,Republican,Arizona,"Congressman that no one's ever heard of.  And he's used that to his benefit because no one has heard of his name.  He is to the left of the squad.  He's to the left of AOC.  He's to the left of Bernie.  But if you look at his record, his voting record, he's voted 100 percent in line with Biden and Kamala.  He actually co-sponsored the George Floyd legislation, which during the summer of 2020, when our cities were burning and riots were taking place.  And all of his votes on Israel have been dismal.  He was in support of making sure that Iran had access to $6 billion, which ended up  supporting him and the ActBlue scheme supporting him.  and try to convince Arizonans.  nationwide and gotten rid of  He wanted to get rid of the filibuster to pass that legislation, which would have defunded the police.  qualified immunity.  He's managed to reinvent himself.  He's voted to have federal dollars support sanctuary cities.  He's voted against.  Now, my opponent is absolutely radical.  He's the most radical leftist.  closing the border. He's an open borders every single vote.  With all of this money from George Soros and leftist billionaires from across the country.  that he's some moderate.  financing the October 7th attack in Israel.",[],0,214,0.0,"Ruben Gallego is the most radical congressman no one's ever heard of

?He’s voted 100% in line with Biden & Kamala
?He's voted to have federal dollars support sanctuary cities.
?He's voted against closing the border.
?He co-sponsored legislation to defund the police nationwide & get rid of qualified immunity
?He voted FOR the Iran Deal & AGAINST Israel's Iron Dome

Gallego is truly extreme.",[],0,65,0.0,0.99046725,0.026108736,0.04412902,0.9838774,elite,0.9886718,0.028155532,0.05838226,0.98589665,elite,1,215,59.2,85.99,1,20.23,9.77,19.53,86.05,68.84,56.28,16.74,11.63,0.47,0.47,0.47,10.23,0,5.12,16.74,6.51,3.26,15.81,10.23,2.33,5.58,0.93,20.47,3.26,5.12,3.26,0.93,0.93,1.4,23.72,3.72,6.98,0.47,0.93,1.4,0.47,0.93,2.79,0,3.72,1.86,1.86,0.47,0,0.47,0,0,0.47,0,15.35,2.33,1.4,0,0.47,0,0,12.09,0,0.47,0,10.23,6.05,6.05,0,0,2.33,0,0,0.93,1.4,0,0.47,0.47,0,0,0,0,0,0,0,0,0.47,1.4,0,0,0,0.47,0,0,5.58,11.16,1.4,0.93,7.91,0.47,0.93,0,3.26,6.98,6.51,0,0.47,0,0.47,0,0,19.53,10.23,3.26,0,0,5.12,0.93,0
2024/11/4,Kari Lake,DB8EGA8vc8i,Republican,Arizona,"There comes a point when we have to say to the American people.  to win the Senate seat. I know other candidates are as well.  And we have voting centers here.  If there's a big line and you have a little extra time, I always say if you live in a Republican area, you can drive to a Democrat part of town and vote there.  You'll probably be in and out in a matter of minutes.  And you can go to any voting center you want.  But we have to show up on Tuesday and vote like our life depends on it because it does.  If it continues raining like this, we might need to put a couple of garbage bags on us to keep us dry here in Arizona.  You know, they can call us all the names they want.  We love this country.  We love it dearly.  That's why moms and dads and grandparents.  I was at a church today, a Christian church.  It was standing room only, and we had about 200 people outside in an overfill lot watching.  We have Arab Americans.  We have Muslim Americans.  We have Jewish Americans.  We have moms and dads and Gen Z and Gen X and boomers who are all coming out to vote to save this country.  The beautiful thing about the struggles we've experienced in the past few years is I believe it has actually brought Americans together.  Kathy Hochul and Joe Biden and Mark Cuban, they can say what they want about us, but we love this country.  We're much more united than we are divided, and we're seeing a huge effort to come together and save this republic.  This is amazing.  Tuesday is the day we save our country or we let her go, and I don't believe we're going to let her go.  And it's going to be up to us, though.  You know, Donald Trump's an incredible man.  He's a friend.  He's working harder than anybody in this country.  I'm working as hard as humanly possible.  It's up to you guys now.  We need you to go out and vote.  And if you haven't already voted, we're having huge numbers, by the way, in early voting here in Arizona.  But we need a huge turnout on Tuesday.",[],0,383,0.0,"Kathy Hochul calls us ""un-American.""

Joe Biden calls us ""garbage.""

Kamala Harris calls us ""Nazis.""

Ruben Gallego says we're ""dumb"" & ""the worst people in the world.""

They can call us all the names they want. We love this country dearly.

Tuesday, we're going to take it back.",[],0,48,0.0,0.011229731,0.90146005,0.021449242,0.020382497,centr,0.3922987,0.273187,0.01037471,0.019635217,none,1,383,22.25,99,64.08,56.94,11.61,14.1,92.43,74.67,59.79,19.32,14.36,1.57,7.57,2.87,1.04,1.04,4.96,10.97,5.74,0.26,13.32,10.97,5.22,9.66,0.52,20.63,5.48,4.7,11.75,10.18,1.04,0.52,21.15,0.78,10.18,1.31,0.78,2.61,2.87,0.26,3.66,0,2.87,2.61,0.26,1.04,1.04,0,0,0,0,0,20.89,2.09,0,0,0,0,1.04,17.23,1.31,0.26,1.04,1.83,4.7,3.39,1.31,0,2.35,0,0.26,0.78,0,1.31,0.26,0,0,0,0,0,0,0,0,1.83,0.78,0,0,0.26,0,0.26,0.78,0,13.32,12.79,0.26,2.61,10.7,0.78,0,0.52,3.92,2.09,7.57,2.61,0,0,0,0,0,16.71,8.62,3.92,0,0,4.18,0,0
2024/11/4,Kari Lake,DB8EUh_t5Ei,Republican,Arizona,"We're at ground zero for, frankly, all of the main issues right now.  We're at ground zero when it comes to the border crisis.  And the border crisis plays into the economy as well, because when you allow upwards of 20 million people in illegally, of course, we have to compete for services, housing.  That's why in Arizona, three of our main, our biggest cities, Mesa, Tucson and Phoenix, are dealing with the fastest increase in rent prices because all these millions of people pouring in need a place to stay.  And now we're competing. It's basic supply and demand. It means the rent prices go up and everything goes up.  And not to mention our jobs, our job advantage goes down because all of a sudden we're competing with people who will come here and work for next to nothing.  Because our federal government, thanks to you and I and our tax dollars, are paying to set these people up who come here illegally.  They're paying for the monthly expenses for these people coming here illegally.  And that's why we're seeing huge voter turnout.  The American people understand what's going on.  They understand that millions have poured in.  There's no way to stop that unless we get President Trump in the White House.  And we're really at a critical point in our country, the most important election in the history of this country.  And I believe the American people understand now what's at stake.  And I'm inspired by what I'm seeing on the ground.  We were in Tucson, Stella, a couple of days ago.  We've got a headquarters down there.  It's the most liberal part of our state.  We had people running up to us at voting centers.  Democrats, several of them saying, I'm a Democrat.  First time in my life I voted all Republican.  I can't believe what's happened to the Democrat Party.  We want that Trump economy back.  We want you to go to D.C. and represent us.  We're seeing all kinds of changes and shifts in this electorate.  And we're just praying that everything goes smoothly on Tuesday.",[],0,352,0.0,"Arizona has been hit hard by Biden/Harris & Gallego's two biggest crises': the open border & record inflation.

The people understand there's no way to stop this unless we get President Trump in the White House & Kari Lake in the Senate.

The people are motivated.

We're at a critical point in our country, & I'm inspired by what I'm seeing on the ground here in Arizona.",[],0,67,0.0,0.6150409,0.9412498,0.08956643,0.9141369,centr,0.12235026,0.99103206,0.045385335,0.38567504,centr,1,353,50.39,97.99,82.32,27.75,12.17,19.26,93.48,73.65,57.79,17.56,11.61,2.27,7.08,0.85,0,0.85,5.95,15.86,5.95,2.27,16.43,8.22,5.1,6.8,1.13,17.85,5.1,6.52,11.61,7.37,1.42,3.97,22.66,3.4,7.93,1.98,2.27,1.13,0,1.13,1.42,0,3.4,1.98,1.42,0.28,0.28,0,0,0,0,0,14.73,1.42,0.28,0.28,0,0,0.85,12.18,0,0,0,0,4.25,3.68,0.57,0,6.23,0.57,0.57,1.7,3.12,0.28,0,0,0,0,0,0,0,0,0,1.7,0.57,0.57,0,0,0,0.28,0.57,0.28,8.78,13.88,0,3.4,11.05,1.13,0,0,4.25,2.27,8.78,1.42,0,0,0,0,0,20.11,8.5,5.38,0,0,6.23,0,0
2024/11/4,Kari Lake,DB8E9zOsD1P,Republican,Arizona,"You would think somebody with that background would want to secure the border so that they don't have to deal with.  This is a radical man. We've seen his background. He's lied about his background.  We're finding out now that his dad wasn't just a low-level drug dealer.  His dad was actually a convicted felon, Mexican drug trafficker.  stranded with no help.  for housing that we frankly don't have enough for American citizens.  for other families. Unfortunately, he's done just the opposite. And we know that he walked  out on his wife, served her divorce papers just days before Christmas and days before she gave  birth to their child. This is the kind of character of the man, Ruben Gallego, and he's far too left  for Arizona. And so we got to get the word out. I encourage you to go to CarrieLake.com and find  out more about where I stand on the issues, which are America first. I'm in line with President  Trump. We got to secure that border on day one. It's affecting so many different levels from  obviously our safety.  And on my opponent's own district in CD3.  with millions of people.  He's voted to send federal dollars to sanctuary cities.  He is forgiving the people who've poured across, the millions, Ben, who've poured across.  to our economics. I mean, we're competing now, Ben.  And he's the one who wrote that nasty letter to FEMA demanding.  He's actually voted to have biological men take part in women's sports.  I mean, this is.  There are literally people dying on the streets.  And you mentioned he's too radical for Arizona. He's too radical for America.  He has voted 100 percent of the time with Kamala Harris and Joe Biden's agenda, which has been absolutely disastrous.  Every single open borders piece of legislation that came in front of him.  homeless population.  asylum and voting rights, and he voted against the SAVE Act.  I've got a daughter. I don't want a man changing in the bathroom, in the locker room with my daughter, in the shower.  This is absurd stuff that the people are not for.  and use it to settle people who've poured into our country illegally.  leaving Americans now who are suffering in North Carolina and Tennessee.  the same kind of struggle.  cultural things that are so important if you're a mom or dad out there.  to our sovereignty.  that they take FEMA dollars.  because he doesn't really care about his district, nor does he care about Arizona.  of Phoenix, downtown Phoenix.  He has the fastest growing...",[],0,428,0.0,"We have to secure that border because it's affecting us on so many different levels, from our safety to our sovereignty to our economy.

Take housing. We're competing with millions of people Ruben Gallego let into America when we didn't have enough housing for citizens to begin with.

Look at Ruben's district in downtown Phoenix. He has the fastest-growing homeless population. People are dying on the streets because he doesn't care about his district, nor does he care about Arizona.",[],0,80,0.0,0.99033105,0.40989006,0.06951296,0.98812604,elite,0.9876486,0.79582906,0.08789102,0.95576394,elite,1,429,41.64,93.8,15.76,33.23,9.53,19.35,87.41,69.46,55.48,17.48,12.35,2.1,2.56,0.93,5.59,0.7,5.13,14.92,5.59,1.63,14.92,9.09,6.06,5.36,1.86,17.48,5.36,3.96,7.23,5.13,0.23,2.1,22.38,0.93,8.86,1.4,0.93,0.93,1.63,1.63,3.26,0,2.8,1.86,0.93,0.47,0,0.47,0,0,0,0,18.88,2.56,1.17,0,0,0.47,0.7,15.62,2.1,0,1.63,6.76,3.5,3.03,0.47,0,2.1,0.23,0.7,0.23,0.7,0.23,0.7,0.47,0,0,0,0,0,0,0.23,0,0.47,1.4,1.17,0.23,0,0,0.93,0,6.99,9.79,0,1.17,8.39,0.23,0,0,2.8,4.66,8.16,0,0.23,0,0.23,0,0,21.68,11.19,4.2,0,0,6.06,0.23,0
2024/11/4,Kari Lake,DB8oo-PJINy,Republican,Arizona,"Vote for your family, vote for our economy, vote for our country.  We value Tucson. We value Pima County. We know that Pima County is suffering right now under terrible leadership.  This trip to Pima County marks the last stops of her.  Oh, I love it.  Thank you.  She just asked me what I would change about my campaign.  I think zero.  Zero.  She answered it for me.  I don't know what I could change. We've worked hard. We've left it all on the playing field.  I think we've spent more time in Pima County than almost any other county other than Maricopa County.  I think we've run an incredibly positive campaign.  We've talked about the issues.  We've told people what we want to do.  We want to secure the border.  We want to fund our police.  We want to make education world class so that you get to choose where you send your kiddos  to school.  We want to make sure that we're ending endless wars and bringing up peace and prosperity,  not war and poverty.  And I ask everybody to get out and vote.  Vote for yourself.  We're not giving up on any part of our country.  I'm going to go to the U.S. Senate and fight for Arizona,  but we're not giving up on blue cities and blue states.  And I thank you guys for being here today.  So no change.  We've got a lifelong Democrat voting Republican.  We get this every day, several times a day.  Then, we'll campaign.",[],0,253,0.0,"?? THIS is what fair & honest journalism looks like ??

I never could have imagined 12news capable of something like this…

I am impressed with the young journalist that worked on this project.

She did an incredible job and her future in news is BRIGHT! Well done, Bianca! ??",[],0,50,0.0,0.011206601,0.4411974,0.0027587216,0.0046149134,none,0.007296213,0.038151484,0.0018259275,0.0017867676,none,1,253,24.43,98.93,64.44,20.23,8.16,10.28,91.3,71.94,54.55,23.32,18.58,5.14,9.49,2.77,1.19,0,4.74,12.65,3.16,0.79,13.04,7.11,3.95,5.53,1.98,20.16,4.35,3.56,14.62,9.88,1.19,4.35,25.3,1.58,12.25,2.77,1.58,2.77,1.19,0.4,3.56,0,3.95,1.98,1.98,1.19,0.4,0.79,0,0,0,0,21.74,5.14,0.79,0.79,0.4,0,2.77,15.42,0.4,0,1.19,0.4,5.14,5.14,0,0,3.56,0.4,0,1.58,1.58,0,0,0,0,0,0,0,0,0,0,0,1.98,1.58,0.4,0,0,0,0.4,0,10.28,8.3,0.79,1.19,5.53,0.79,0,0.4,5.93,5.14,3.16,1.98,0.4,0,0,0.4,0,20.95,13.04,2.77,0,0,5.14,0,0
2024/11/4,Dave McCormick,DB86UQJOsxp,Republican,Pennsylvania,"This is a race between change in the status quo.  In the case of me, seventh generation Pennsylvanian, someone who was born and raised here, someone who played sports here, went to West Point, 82nd Airborne Division, successful business guy and a political outsider.  Against Bob Casey, who is a 30 year elected politician, has been really a weak senator and votes 98.6 percent of the time with Biden and Harris.  And he'll be a sure vote if Harris wins. And that message is resonating.  And all the polling across the board has the race tied.  A poll came out yesterday and I'm in the lead, but I've got to close strong and the voter turnout is going to decide who wins the election and will likely decide who's the president as well.",['politici*'],1,133,0.007518797,"Bob Casey is a career politician who has voted 98% of the time with the liberal Biden-Harris agenda. 

He is the status quo. 

Our movement represents change. 

Great to be on with @foxandfriends!",['politici*'],1,33,0.03030303,0.31573367,0.5689434,0.005039641,0.1018003,centr,0.9858905,0.07374697,0.06808134,0.91481733,none,1,133,67.62,62.36,65.4,78.21,19,18.05,86.47,66.17,53.38,9.77,6.77,2.26,0,0,0.75,0,3.01,15.04,12.03,3.01,10.53,10.53,3.01,9.77,0,16.54,6.77,3.01,10.53,0,3.01,8.27,24.06,0.75,9.02,1.5,1.5,0,3.01,0.75,3.01,0,5.26,4.51,0.75,0,0,0,0,0,0,0,9.77,0.75,0,0,0,0,0.75,9.02,0,0,0,1.5,6.77,6.77,0,0,2.26,1.5,0,0.75,0.75,0,0.75,0.75,0,0,0,0,0,0,0,0,0,0.75,0,0,0,0.75,0,0,6.02,9.77,0,2.26,7.52,0,0,0,4.51,6.02,6.02,3.01,0,0,0,0,0,15.79,6.02,6.77,0,0,3.01,0,0
2024/11/4,Kari Lake,DB88NN9O9Q_,Republican,Arizona,"So I can tell you exactly who he's going to be looking after, and it's not going to be the good people of State 48.  And so that's why we've got to stop him and get the word out on who he is.  I can tell you exactly what he's going to do because we've seen it for 10 years.  You know, he.  So his priority is going to be his wife's lobbying firm.  And this is exactly what he is.  And he's lied about it every step of the way.  His ads make him look like a cross between Mr. Rogers and G.I. Joe.  He doesn't even live here most of the time.  He rents out his home and he's...  that have caused war.  listed on several federal documents that his main residence is Washington, D.C.  is unconscionable.  not the people of Arizona.  When he walked out on his nine months pregnant wife, he ran off with a D.C. lobbyist.  It has terrible judgment.  You know, we know, Ben, that we have terrorists coming across our Arizona border right now.  We've got terrorists inside.  came directly from her and her firm.  38 pieces of legislation that he shepherded through Congress.  Anybody who's going to push and vote for Iran to have access to $6 billion to fund terrorism in Israel.  and to actually cast votes that have killed people.  our country as we speak.  But we know the fact is he's more like Nancy Pelosi with the beard, and we cannot allow him to be our senator here in Arizona.",[],0,261,0.0,"I can tell you what Ruben Gallego would do in the Senate. The same thing we've seen from him in Congress over the last decade

Self-dealing & corruption

This is a guy who walked out on his nine-month pregnant wife to run off with a DC lobbyist. He proceeded to co-sponsor or vote on 38 pieces of legislation supported by his wife

Ruben's priority is enriching himself & his wife's lobbying firm, not the people of Arizona",['corrupt*'],1,77,0.012987013,0.99610436,0.08666952,0.95339286,0.14577752,elite,0.99308264,0.032936353,0.98385644,0.028239595,elite,1,264,16.96,99,1,4.99,10.15,12.88,89.39,71.97,60.23,22.35,17.05,1.14,4.17,1.52,9.09,0,5.3,12.5,3.41,2.27,14.77,12.12,4.17,7.2,1.52,22.73,2.65,3.41,6.82,4.92,0,1.89,18.18,0.38,7.58,1.52,1.89,1.14,0.38,1.52,1.52,0,2.65,0.38,2.27,0.76,0.38,0.38,0,0,0,0,22.73,3.79,0,0.38,0.38,0,1.52,18.94,1.14,0,1.52,8.71,4.17,4.17,0,0,1.89,0,0.76,0.38,0.76,0,1.52,0.38,0,0,0,0,0.38,0,0.38,0,0,1.14,0,0,0,0,0,0,10.98,9.47,0.38,2.65,6.06,1.14,0,0,2.65,3.79,7.95,3.79,0,0,0,0,0,20.45,12.12,3.03,0,0,4.92,0.38,0
2024/11/4,Elissa Slotkin,DB8-Y09PB3X,Democratic,Michigan,"Do not give an inch to pretenders who wrap themselves in the flag,  but spit in the face of freedoms it represents.  We are the damn United States of America.  We lead.  I have watched her know people, understand people, help people.  For Michiganders, the truth still matters.  She's got the skills to get things done.  Character still matters. Facts still matter.  I want to make more things in America so that we're in control of our own economic security.  I want to protect our kids from the things that are truly harming them.  I believe in our democracy and in our country.  We are healthier and we have stronger and more durable ideas when we have healthy, respectful debate.  But that is not what we have right now.  Alyssa don't play.  We've held hundreds of community meetings, meet and greets, canvases.  You heard me out.  You gave me new perspective and ultimately made me a better candidate and a better person  for understanding what I need to fight for.  We launched this campaign in February of 2023, and my goal from the beginning was to make it a home for everyone, whether you're a Democrat, Republican, or Independent.  So thank you to every single person who volunteered, who donated, who knocked doors, and came out  to support our campaign.  I'm grateful to every single Michigander, and I will do everything in my power to be  the principled leader that you deserve.  Alyssa Slotkin is going to serve us well as our next U.S. Senator, Alyssa Slotkin.  My focus is on protecting and expanding the middle class.  Job creation, bringing down the truly insane costs of housing,  education, child care, health care, and prescription drugs.",['truth*'],1,285,0.003508772,"616 days ago, we launched this campaign. 1 day left to go. Let’s win this!",[],0,15,0.0,0.036470357,0.9474222,0.006668859,0.016110105,centr,0.0030984313,0.032362547,0.0025098932,0.002972984,none,1,285,36.67,96.04,38.36,83.47,12.39,21.75,94.39,68.77,55.09,19.65,14.74,4.56,5.61,1.75,0.7,0.7,4.91,12.63,5.26,1.4,12.28,7.37,3.86,6.67,1.05,16.84,5.26,3.16,13.68,7.37,2.11,4.56,20,1.4,10.18,2.11,1.75,1.4,0.35,0.7,2.46,0,6.67,5.26,1.05,0.35,0.35,0,0,0,0,0.35,21.4,6.67,2.46,1.05,0.35,0.7,1.4,14.39,1.4,0,0.7,0,4.21,4.21,0,0,4.56,0.35,0.7,2.46,1.05,0,2.46,1.75,0,0.35,0,0,0,0,0,0.35,0.7,0.7,0,0,0,0.35,1.05,0.35,8.77,8.07,0.7,1.4,5.61,0.35,0.35,0,2.46,3.51,4.91,1.4,0,0,0,0,0,18.25,8.77,7.37,0,0,2.11,0,0
2024/11/4,Ted Cruz,DB9JS3JRgCx,Republican,Texas,"And Kamala Harris's voting record is virtually identical to my opponent, Colin Allred.  Colin Allred is Kamala Harris.  They are both hard left, open border, anti-Israel radicals who are desperately trying to cover up their record.  They're hiding in Joe Biden's basement together.  And they're counting on millions and millions of dollars from George Soros to try to convince the American people their voting record is different than it was.  By the way, Kamala's message in Pennsylvania, she actually meant it.  You ought to ask yourself, why didn't she pick Josh Shapiro as her VP?  And the answer is, in today's Democrat Party, they could not stomach a candidate who was Jewish.  Shapiro might well have won the state of Pennsylvania for her.  But the pro-Hamas wing of the Democrat Party could not imagine, could not tolerate such a thing.",[],0,140,0.0,"Colin Allred is Kamala Harris.

They are both hard-left, open-border, and anti-Israel radicals.

They are both getting millions of dollars from George Soros to run ads covering up their records.

Get the truth about Colin Allred at crazy-colin.com",['truth*'],1,38,0.026315789,0.99220955,0.081687,0.10254176,0.99385554,right,0.989678,0.028395584,0.057178877,0.9878803,right,1,140,48.23,61.28,8.95,53.43,14,22.14,79.29,65,53.57,12.86,10.71,0.71,0,1.43,2.86,4.29,2.14,12.14,5.71,1.43,12.86,12.14,2.86,5,2.86,20,3.57,3.57,4.29,2.14,2.14,0,25.71,0,16.43,3.57,0.71,4.29,0.71,1.43,5.71,0,3.57,2.86,0.71,0.71,0,0.71,0,0,0,0,15.71,4.29,0,0,0,0,2.14,11.43,0,0,2.86,0,5,3.57,1.43,0,3.57,1.43,0.71,0,0.71,0.71,0.71,0,0,0,0,0,0,0,0,0.71,0,0,0,0,0,0.71,0.71,0,2.86,8.57,0,0.71,6.43,0.71,0,0.71,0.71,3.57,6.43,0.71,0,0,0,0,0,20,6.43,6.43,0.71,0,5,1.43,0
2024/11/4,Colin Allred,DB9LJ1OAepL,Democratic,Texas,"If my wife is denied care for 40 hours, which is what happened to Jocely Barnigan.  Well, I just want to say, you know, my wife and I have had two boys here in Dallas in the last five years.  And, you know, I cannot imagine.  That's how Jocely died.  In Nevaeh's case, she was an 18-year-old who had to go from her baby shower to three different emergency rooms.  The first two turned her away.  The third one, she was in organ failure.  And so they finally accepted her.  And it was too late to save her life.  We've seen that our maternal mortality rate has skyrocketed here.  But we haven't had these stories.  And so this is now an issue that we have to address.  And I'm so thankful for these OBGYNs who have come forward, for all these Texas women who have come forward.  They have made this something that cannot be ignored.  And when I'm in the Senate, we'll make sure that we go back to the same standard that we had for the last 50 years under Roe.  And that will be one that will trust Texas women and trust Texas doctors.  And I just can't even take myself to that point of imagining how we would have felt or how I would feel.  for 40 hours while infection set in,  because a politician like Ted Cruz thought he knew better than her or her doctor.",['politici*'],1,241,0.004149378,"Texas women shouldn’t have to be in organ failure to get the life-saving care they need. This abortion ban is dangerous and Ted Cruz is responsible. When I’m in the Senate, we’ll codify Roe and restore reproductive freedom.",[],0,38,0.0,0.011648793,0.68350893,0.026548898,0.0015530688,centr,0.47340378,0.5252273,0.62074786,0.00553077,centr,1,241,5.42,75.37,73.48,52.26,13.39,11.2,92.12,76.76,63.07,21.58,14.11,4.15,3.32,0.83,3.73,0.83,7.47,17.01,3.73,4.98,10.37,13.28,6.64,8.71,1.66,22.41,2.9,5.81,7.05,4.98,0.83,1.24,25.31,0.41,12.03,4.56,2.07,2.49,1.66,0,4.98,0,2.07,2.07,0,0.41,0.41,0,0,0,0,0,15.77,2.49,0.41,0,0,0,0.83,12.86,1.66,0,5.39,0.83,0.83,0.83,0,0,1.66,0,0.83,0.83,0,0,2.07,1.24,0.41,0,0,0,0,0,0.83,2.07,0.41,0.83,0,0,0,0,0.41,0,10.37,10.37,1.24,2.07,7.47,0.41,0,0.83,4.56,7.47,4.98,2.9,0,0,0,0,0,16.18,7.47,4.56,0,0,3.32,0.83,0
2024/11/4,Dave McCormick,DB9Mmetuw1O,Republican,Pennsylvania,"82nd Airborne Division, combat tour in Iraq, came back to Pennsylvania and was a business guy for 25 years and ran a company here in Pennsylvania.  They created hundreds of jobs. So it's an outsider versus a career politician and change versus status quo.  And I think as people lock in on that.  And the contrast is with me, a guy who's a seventh generation Pennsylvanian.  And he's voted 98% of the time with Biden-Harris.  So this liberal agenda, the sanctuary cities, the reckless spending, the...  The polls have started to move in my direction because people want change.  18 years in the Senate, career politician.  He's been weak.  Every time the bullets start flying, he ducks.  Listen, I'm excited about it.  What's happened?  I wrestled at West Point.  I was the co-captain of the team.  Ranger school.  in my race couldn't be more clear.  Boys competing in women's sports.  Bob Casey's voted for all those.  It's the choice between change that I'll offer versus the status quo of Bob Casey.  This guy is a 30-year elected official.  is that voters have really started to zero in on the choice.  And the choice...  someone who worked baling hay and trimming Christmas trees as a kid during the summers,  went to West Point.",['politici*'],1,212,0.004716981,"The status quo has failed our commonwealth.?

Let’s make a change.?

Great to have @RobAstorino here in Pittsburgh!",[],0,18,0.0,0.966224,0.8652299,0.046189297,0.95571667,elite,0.010871171,0.019328652,0.0016873472,0.0017554555,none,1,212,83.39,48.46,76.88,15,8.83,17.92,86.79,62.74,50.94,11.79,6.6,3.77,0,0,1.42,0.47,5.19,17.45,10.85,3.77,14.62,8.49,2.36,6.13,0.47,16.51,3.77,3.77,6.6,0.47,1.42,5.19,22.64,0.94,8.02,1.89,1.89,0.94,0.47,0.47,2.36,0,2.36,0.94,1.42,0.47,0.47,0,0,0,0,0,9.43,0.94,0.47,0,0,0,0,8.02,0,0,0.47,3.3,3.77,3.77,0,0,4.72,0.47,0,3.3,0.94,0.47,0.47,0.47,0,0,0,0,0,0,0,0,0.47,0,0,0,0,0,0.47,0.47,7.08,10.38,0.47,2.36,7.55,0,0.47,0,6.6,6.13,4.72,0.47,0,0,0,0,0,25,12.74,4.72,0.47,0,5.19,1.89,0
2024/11/4,Bob Casey,DB9Od7vi3z8,Democratic,Pennsylvania,"consequential election of our lifetimes. Please get out and vote.  Make sure you've got a plan to vote and you know exactly where you're going to go and how to do it.  Go to BobCasey.com slash vote.  Go to BobCasey.com slash vote.  Thanks, everybody.",[],0,44,0.0,"My opponent is threatening to rip away health care for people under 26.

There is so much at stake for young people in this election — please, join me and @jackuno and get out the vote: bobcasey.com/vote",[],0,37,0.0,0.0038055698,0.021160098,0.002691526,0.0031541083,none,0.03312302,0.93122864,0.647382,0.0037060552,centr,1,46,60.52,99,92.58,53.96,7.67,15.22,86.96,60.87,43.48,13.04,8.7,0,2.17,6.52,0,0,4.35,4.35,2.17,0,15.22,6.52,4.35,6.52,0,26.09,0,0,6.52,2.17,2.17,2.17,19.57,2.17,10.87,6.52,4.35,0,0,2.17,0,0,2.17,2.17,0,0,0,0,0,0,0,0,15.22,4.35,4.35,4.35,0,0,2.17,10.87,0,0,0,0,10.87,10.87,0,0,0,0,0,0,0,0,0,0,0,0,0,0,0,0,0,0,0,4.35,0,0,0,0,2.17,0,15.22,15.22,4.35,6.52,10.87,0,0,0,2.17,2.17,2.17,10.87,0,0,0,0,0,23.91,17.39,2.17,0,0,4.35,0,0
2024/11/4,Ruben Gallego,DB9a9iByB7F,Democratic,Arizona,"Anything should be possible.  I wanted more for my kids so they can chase their dreams, have any job,  future they want.  I slept on the floor so my sisters could have the beds.  ?Quieres ir para afuera?  We didn't have much.  just like every parent.  and I approve this message.  If you're willing to put in the work,  I'm Ruben Gallego.",[],0,62,0.0,"In Arizona, if you are willing to put in the work, anything should be possible.",[],0,15,0.0,0.001849408,0.71074945,0.1215513,0.004719798,centr,0.0025516127,0.038962286,0.00260401,0.0022185906,none,1,62,7.58,59.25,17.19,,7.75,12.9,88.71,72.58,59.68,20.97,17.74,9.68,1.61,1.61,0,4.84,3.23,17.74,4.84,0,8.06,14.52,4.84,6.45,1.61,24.19,6.45,4.84,8.06,4.84,1.61,1.61,25.81,1.61,16.13,0,0,8.06,6.45,0,3.23,0,0,0,0,0,0,0,0,0,0,0,16.13,1.61,0,0,0,0,1.61,14.52,6.45,0,1.61,0,0,0,0,0,4.84,0,1.61,3.23,0,0,1.61,0,0,0,0,0,0,0,0,0,3.23,0,3.23,0,0,0,0,0,6.45,6.45,0,3.23,3.23,0,0,0,1.61,6.45,4.84,1.61,0,0,0,0,0,24.19,11.29,4.84,3.23,0,4.84,0,0
2024/11/4,Colin Allred,DB9d61BCDJa,Democratic,Texas,"Just since that last election where he won by two points, what has he done?  Well, he's gone to Cancun when the lights went out.  He's tried to overturn an American presidential election.  He was the architect in the Senate of that attempt.  And he hid in a supply closet when the mob came while I was ready to fight the mob.  And he's responsible for this abortion ban that we have here in Texas.  And just earlier this year, he took down the toughest border security bill in a generation  in a state that we would have benefited more from it than any other state in the country.  He's earned it.  And we're going to beat him.  And when we do, I think it's going to surprise a lot of folks around the country.  And that's OK.  I'm used to surprising people with my elections.  Nobody thought I'd win in 2018 either.  And the Texans, I think, is a place where things can happen quickly.  And we've arrived at the, I think, appropriate decision that we're time to turn the page  on Ted Cruz.",[],0,185,0.0,Ted Cruz’s team is Ted Cruz. My team is Texas.,[],0,10,0.0,0.96248066,0.0062048635,0.0089864265,0.023769904,elite,0.0069571976,0.0027713384,0.002103618,0.0058437074,none,1,185,33.55,83.39,55.76,35.56,12.33,12.97,92.43,72.43,61.62,20,12.43,3.78,3.24,0,5.41,0,7.57,16.76,9.19,1.08,14.59,11.35,5.95,8.11,0.54,20,3.78,2.16,8.65,3.24,2.16,3.24,24.32,0.54,8.11,2.7,1.62,1.62,0.54,0,1.62,0,4.32,2.16,1.08,1.08,0,0,0,0,0,0,12.43,0.54,0,0,0.54,0,0,10.81,0.54,0,0,5.41,3.24,2.7,0.54,0,2.16,0,0.54,1.62,0,0,0.54,0.54,0,0,0,0,0.54,0,0,0,0,1.08,0,0,0,2.16,1.08,0,6.49,14.05,1.08,2.7,9.19,1.08,0,0,5.95,8.11,6.49,3.24,0.54,0,0.54,0,0,18.38,7.57,4.32,0.54,0,5.95,0,0
2024/11/4,Bob Casey,DB9eXO_tcGT,Democratic,Pennsylvania,"Hey everybody, Bob Casey here in Philly today.  We're here with the chairman of the Democratic National Committee, Jamie Harrison.  Mr. Chairman, thanks for being here in Philly and in Pennsylvania.  Look, so much is on the line.  Voting rights, women's rights, workers' rights, on the line here in Pennsylvania.  We've got to get your vote.  We've got to have you go out and vote.  Make a plan to vote.  Thanks very much for your support.  Mr. Chairman, thank you.  Thank you.  Go vote!",[],0,84,0.0,.@harrisonjaime is right. We must vote to keep PA blue to protect the rights of all Pennsylvanians.,[],0,17,0.0,0.005189765,0.6058246,0.033340953,0.0023027577,centr,0.0041422113,0.9819666,0.034172,0.02191285,centr,1,84,78.95,99,64.98,95.71,7,14.29,90.48,67.86,48.81,10.71,9.52,0,3.57,5.95,0,0,1.19,10.71,5.95,0,16.67,7.14,7.14,3.57,0,22.62,4.76,2.38,14.29,3.57,1.19,8.33,9.52,1.19,2.38,1.19,1.19,0,0,0,0,0,5.95,5.95,0,0,0,0,0,0,0,0,26.19,9.52,5.95,7.14,0,0,5.95,19.05,0,0,1.19,2.38,7.14,7.14,0,0,5.95,0,0,5.95,0,0,0,0,0,0,0,0,0,0,0,0,0,3.57,0,0,0,0,0,0,16.67,16.67,1.19,2.38,15.48,1.19,0,0,1.19,2.38,3.57,1.19,1.19,1.19,0,0,0,32.14,15.48,9.52,0,1.19,5.95,0,0
2024/11/4,Kari Lake,DB9h1hKuaZX,Republican,Arizona,"I love you, Arizona.  But it wouldn't be a special night if you weren't with us there.  Join us at 6 p.m. as we rally around President Trump, our incredible movement for the Senate, and the entire AZGOP ticket.  I can't wait to see you there.  Sixty years ago, Arizona's favorite son, Barry Goldwater, kicked off his run for president in Prescott at the Courthouse Square.  He started an incredible tradition for our Arizona Republican Party, where seemingly every meaningful moment takes us right back to that Yavapai County Courthouse.  As we head into the most important election of our lifetimes, we will be returning to those famous steps.  And I'm excited to announce that I will be joined by Charlie Kirk, Abe Hamadeh, Congressman Andy Biggs, and Prescott's own Congressman Eli Crane.  We will be celebrating making America great again and making Arizona grand again.",[],0,146,0.0,"?? YOU’RE INVITED! ???? 

We have a rally TONIGHT in Prescott, AZ at the County Courthouse Square — this will be a HISTORIC event. Don’t miss out! 

For more information visit:
http://KariLake.com/events 

I hope to see you there! ??",[],0,39,0.0,0.003542286,0.08365841,0.0027721846,0.004265209,none,0.012665724,0.0033679053,0.0026769394,0.0041917036,none,1,147,42.52,96.36,61.49,99,14.7,23.81,80.95,63.95,48.98,15.65,12.93,2.72,6.8,2.04,1.36,0,2.72,10.88,4.08,1.36,12.24,7.48,4.76,5.44,2.04,13.61,8.84,3.4,15.65,10.2,1.36,5.44,16.33,0.68,6.12,1.36,1.36,1.36,1.36,0,2.72,0,10.2,9.52,0.68,2.04,2.04,0,0,0,0,0,14.29,2.04,0,0,0,0,0,12.24,0.68,0,0,2.04,4.76,4.76,0,0,2.72,1.36,0,1.36,0,0,0.68,0,0,0,0,0,0,0,0,0,0,0.68,0,0,0,0,0,0,6.12,9.52,0,3.4,6.12,0.68,0,0,6.12,3.4,2.04,2.04,0,0,0,0,0,19.05,7.48,7.48,0,0,4.08,0,0
2024/11/4,Dave McCormick,DB9oaBwS_lF,Republican,Pennsylvania,"Someone who's a seventh generation Pennsylvanian.  Someone who grew up wrestling and playing football in towns like Chickalimmie and Chickshinney.  North Schuylkill and Sealands Grove.  My opponent was born with a political spoon in his mouth.  run a company in Pittsburgh that created hundreds of jobs.  It's the choice between an outsider.  Someone who went to West Point, co-captain of the wrestling team,  Ranger School, 82nd Airborne Division, Iraq.",[],0,69,0.0,"I’m a political outsider who will challenge the status quo in Washington. 

Bob Casey is a career politician who was born with a political spoon in his mouth. 

Let’s choose change tomorrow.",['politici*'],1,32,0.03125,0.014904669,0.37202787,0.009240392,0.031530097,none,0.5111106,0.007573255,0.00306556,0.0056520533,none,1,69,89.52,93.24,65.33,41.62,9.86,36.23,75.36,56.52,46.38,14.49,7.25,1.45,0,0,1.45,0,7.25,15.94,8.7,4.35,14.49,4.35,0,4.35,0,11.59,4.35,2.9,4.35,1.45,1.45,1.45,15.94,0,7.25,1.45,0,0,4.35,0,1.45,0,1.45,1.45,0,0,0,0,0,0,0,0,15.94,1.45,1.45,0,0,0,0,14.49,0,0,0,1.45,1.45,1.45,0,0,7.25,2.9,0,4.35,0,0,1.45,0,0,0,0,0,0,0,0,0,0,0,0,0,0,0,0,1.45,1.45,14.49,0,2.9,11.59,0,0,0,2.9,7.25,2.9,0,0,0,0,0,0,20.29,10.14,5.8,0,0,2.9,1.45,0
2024/11/4,Ted Cruz,DB9p1SVyuaQ,Republican,Texas,"We need to turn out in big numbers.  Come out tomorrow if you haven't voted yet.  Vote for Donald Trump.  Vote for me.  And vote for Republicans up and down the ticket.  Look, Texas is under assault.  The radical left, they want to take our state.  Chuck Schumer has named me the number one target in the entire country.  Well, I got a message for you, Chuck.  Come and take it.  You can't have Texas.  We're going to show up in big, big numbers.  So tomorrow on election day, come out and vote and bring somebody else with you.  Bring your brother.  Bring your son.  Bring your next door neighbor.  Bring your co-worker.  Bring anybody you can.  We need to show up in big numbers.  We need to fight.  Keep Texas, Texas.  Election day is tomorrow.  After an interminable two-year campaign,  all the ads, all the attacks, all the noise,  it's all going to be over tomorrow.  Here in Texas.",[],0,160,0.0,"Tomorrow, patriotic Texans are going to vote to Keep Texas, Texas, and defend our way of life from the radical left’s assault.

Get out and vote!",[],0,26,0.0,0.8194713,0.16112895,0.0062280414,0.65612453,elite,0.7967456,0.8935119,0.03741493,0.97594327,elite,1,160,76.86,98.52,89.39,8.55,6.67,15,90,72.5,51.25,13.75,11.25,1.88,3.13,5.63,0,0.63,2.5,11.88,5.63,0.63,16.88,6.25,3.13,5,1.25,20.63,5,10,7.5,4.38,0,3.13,18.75,2.5,7.5,0,0,4.38,2.5,0,2.5,0,3.75,1.25,2.5,0,0,0,0,0,0,0,20.63,6.88,0,0,1.88,0,0.63,13.13,1.25,0,0,1.25,6.25,6.25,0,0,1.25,0,0.63,0.63,0,0,0,0,0,0,0,0,0,0,0,1.88,0.63,1.88,0,0,0,0,0,0,18.13,20,0.63,6.25,13.13,1.88,0.63,0,5.63,1.25,4.38,5,0,0,0,0,0,25.63,15,6.88,0,0,2.5,1.25,0
2024/11/4,Dave McCormick,DB9u5zrSLdT,Republican,Pennsylvania,"that represents Senator Bob Casey, a 30-year career politician.  He was born with a political spoon in his mouth.  Now, my mom's from Punxsutawney, so I can say I call him Punxsutawney Bob.  18 years, you never see Bob Casey, except six months before the election.  Then he gets through the election, he wins, he goes back in his home.  And your choice is for a guy that's a seven-generation Pennsylvanian,  born in Washington County.  I grew up in Bloomsburg.  I failed hay.  I trimmed Christmas trees.  I was a busboy at the McGee Hotel.  I had a paper route.  I played football.  I wrestled, and wrestling got me to West Point.  And West Point changed my life.  I went to Ranger School, 82nd Airborne Division, Combat Corps in Iraq.  change or the status quo.  and came back to Pittsburgh and helped run a company that created hundreds of jobs.  I have lived the American dream.  My wife's lived the American dream.  We know how lucky we are, and we want to make sure that American dream is available for every one of our kids.  is between strength, that guy you saw waving his fist saying,  fight, fight, fight, against the weakness of Biden.  Harris and Casey.  The choice is between",['politici*'],1,211,0.004739336,"On Tuesday, Pennsylvania has a clear choice: change or the status quo.",[],0,12,0.0,0.108796634,0.022963079,0.0018827782,0.007140642,none,0.0045287455,0.00647857,0.0020244005,0.0029665993,none,1,211,66.61,65.22,71.97,20.23,9.17,16.11,84.83,62.09,48.34,16.59,14.22,7.11,1.9,1.42,3.79,0,2.37,15.17,7.11,3.32,11.37,5.21,1.9,5.21,0.47,15.64,2.37,3.32,9.48,3.79,1.42,4.27,16.11,0.95,5.69,1.9,1.42,0.95,0.47,0,1.42,0,4.74,2.37,2.37,0,0,0,0,0,0,0,14.22,3.32,0.47,0,1.42,0,1.42,9.95,1.9,0,0.95,4.74,4.27,2.84,1.42,0,4.27,0.95,0.47,2.37,0,0.47,1.42,0,0,0,0,0,0,0,0,0,0.47,0.95,0,0,0,0,0.47,0.47,6.16,12.32,0.95,2.37,8.06,0.95,0,0,5.21,7.11,5.21,0.95,0,0,0,0,0,20.85,10.43,8.06,0,0,1.42,0.95,0
2024/11/4,Colin Allred,DB913i7v3EW,Democratic,Texas,"Because I never forgot where I came from.  We run to help our neighbors.  We gotta make sure we send Ted Cruz packing.  Never forgot the folks who gave me a chance.  All right, let's do it, Texas.  But Ted Cruz has been all about himself for too long.  12 years is long enough.  We're going to beat Ted Cruz.  I believe in a very different Texas than Ted Cruz does.  And when we do, it won't be a win for me or for a party.  It'll be a win for our state.  Y'all ready?  In my Texas, we don't run to Cancun when the lights go out.",[],0,108,0.0,One day left. Let’s leave it all on the field.,[],0,10,0.0,0.4810841,0.94885737,0.06756854,0.08334744,centr,0.0073328232,0.009419047,0.0020754603,0.0020386814,none,1,108,14.43,87.35,89.39,87.54,8.31,5.56,86.11,73.15,60.19,19.44,16.67,5.56,8.33,0.93,0.93,0,2.78,12.04,6.48,0.93,12.04,12.04,7.41,6.48,3.7,21.3,4.63,5.56,12.96,11.11,1.85,0,25,3.7,8.33,0.93,0.93,0,1.85,0,3.7,1.85,4.63,4.63,0,0,0,0,0,0,0,0,15.74,2.78,0.93,0,0,0,0,12.96,0.93,0,0,0.93,0,0,0,0,1.85,0.93,0.93,0,0,0,0,0,0,0,0,0,0,0,0,0.93,0,0,0,0.93,0,1.85,0,0,7.41,12.04,1.85,3.7,6.48,0.93,0,0,5.56,4.63,5.56,6.48,0.93,0.93,0,0,0,21.3,11.11,3.7,0.93,0,5.56,0,0
